Index,Time,imu_state.data.temperature_c,ins.imu.heater_pid.output,ins.imu.heater_pid.integral
0,0.000000,0,-0.25,43.875
1,0.005278,0,-0.25,43.875
2,0.010293,0,-0.25,43.875
3,0.015273,0,-0.25,43.875
4,0.020439,0,-0.25,43.875
5,0.035922,0,-0.25,43.875
6,0.038254,0,-0.25,43.875
7,0.041301,0,-0.25,43.875
8,0.047028,0,-0.25,43.875
9,0.051927,0,-0.25,43.875
10,0.057062,0,-0.25,43.875
11,0.060877,0,-0.25,43.875
12,0.067126,0,-0.25,43.875
13,0.072498,0,-0.25,43.875
14,0.076049,0,-0.25,43.875
15,0.080958,0,-0.25,43.875
16,0.086328,0,-0.25,43.875
17,0.091237,0,-0.25,43.875
18,0.096129,0,-0.25,43.875
19,0.102077,0,-0.25,43.875
20,0.106970,0,-0.25,43.875
21,0.113845,0,-0.25,43.875
22,0.116199,0,-0.25,43.875
23,0.121394,0,-0.25,43.875
24,0.126287,0,-0.25,43.875
25,0.131411,0,-0.25,43.875
26,0.136559,0,-0.25,43.875
27,0.141468,0,-0.25,43.875
28,0.146868,0,-0.25,43.875
29,0.150946,0,-0.25,43.875
30,0.156066,0,-0.25,43.875
31,0.161234,0,-0.25,43.875
32,0.166139,0,-0.25,43.875
33,0.171511,0,-0.25,43.875
34,0.176406,0,-0.25,43.875
35,0.181327,0,-0.25,43.875
36,0.186730,0,-0.25,43.875
37,0.191626,0,-0.25,43.875
38,0.196761,0,-0.25,43.875
39,0.202445,0,-0.25,43.875
40,0.205994,0,-0.25,43.875
41,0.211205,0,-0.25,43.875
42,0.216355,0,-0.25,43.875
43,0.221264,0,-0.25,43.875
44,0.226635,0,-0.25,43.875
45,0.231533,0,-0.25,43.875
46,0.236438,0,-0.25,43.875
47,0.241838,0,-0.25,43.875
48,0.246743,0,-0.25,43.875
49,0.251858,0,-0.25,43.875
50,0.256221,0,-0.25,43.875
51,0.261130,0,-0.25,43.875
52,0.266521,0,-0.25,43.875
53,0.272339,45.375,-0.25,43.875
54,0.275887,45.375,-0.25,43.875
55,0.281392,45.375,-0.25,43.875
56,0.286284,45.375,-0.25,43.875
57,0.291693,45.375,-0.25,43.875
58,0.296586,45.375,-0.25,43.875
59,0.301495,45.375,-0.25,43.875
60,0.307439,45.375,-0.25,43.875
61,0.310991,45.375,-0.25,43.875
62,0.316109,45.375,-0.25,43.875
63,0.321304,45.375,-0.25,43.875
64,0.326210,45.375,-0.25,43.875
65,0.331578,45.375,-0.25,43.875
66,0.336471,45.375,-0.25,43.875
67,0.341380,45.375,-0.25,43.875
68,0.346798,45.375,-0.25,43.875
69,0.351693,45.375,-0.25,43.875
70,0.356804,45.375,-0.25,43.875
71,0.361165,45.375,-0.25,43.875
72,0.366054,45.375,-0.25,43.875
73,0.371198,45.375,-0.25,43.875
74,0.376347,45.375,-0.25,43.875
75,0.381256,45.375,-0.25,43.875
76,0.386628,45.375,-0.25,43.875
77,0.391523,45.375,-0.25,43.875
78,0.396428,45.375,-0.25,43.875
79,0.401837,45.375,-0.25,43.875
80,0.406742,45.375,-0.25,43.875
81,0.411878,45.375,-0.25,43.875
82,0.417034,45.375,-0.25,43.875
83,0.421182,45.375,-0.25,43.875
84,0.426563,45.375,-0.25,43.875
85,0.431462,45.375,-0.25,43.875
86,0.436367,45.375,-0.25,43.875
87,0.441810,45.375,-0.25,43.875
88,0.446701,45.375,-0.25,43.875
89,0.452061,45.375,-0.25,43.875
90,0.456956,45.375,-0.25,43.875
91,0.461889,45.375,-0.25,43.875
92,0.465934,45.375,-0.25,43.875
93,0.470833,49.375,-0.25,43.875
94,0.477302,49.375,-0.25,43.875
95,0.481640,49.375,-0.25,43.875
96,0.486536,49.375,-0.25,43.875
97,0.491921,49.375,-0.25,43.875
98,0.496817,49.375,-0.25,43.875
99,0.501749,49.375,-0.25,43.875
100,0.507191,49.375,-0.25,43.875
101,0.512082,49.375,-0.25,43.875
102,0.517469,49.375,-0.25,43.875
103,0.521022,49.375,-0.25,43.875
104,0.525927,49.375,-0.25,43.875
105,0.531885,49.375,-0.25,43.875
106,0.536781,49.375,-0.25,43.875
107,0.542173,49.375,-0.25,43.875
108,0.547062,49.375,-0.25,43.875
109,0.552204,49.375,-0.25,43.875
110,0.556014,49.375,-0.25,43.875
111,0.560923,49.375,-0.25,43.875
112,0.566040,49.375,-0.25,43.875
113,0.571248,49.375,-0.25,43.875
114,0.576153,49.375,-0.25,43.875
115,0.581526,49.375,-0.25,43.875
116,0.586421,49.375,-0.25,43.875
117,0.591354,49.375,-0.25,43.875
118,0.597275,49.375,-0.25,43.875
119,0.600840,49.375,-0.25,43.875
120,0.605976,49.375,-0.25,43.875
121,0.611151,49.375,-0.25,43.875
122,0.616039,49.375,-0.25,43.875
123,0.621418,49.375,-0.25,43.875
124,0.626324,49.375,-0.25,43.875
125,0.631439,49.375,-0.25,43.875
126,0.636604,49.375,-0.25,43.875
127,0.641513,49.375,-0.25,43.875
128,0.647192,49.375,-0.25,43.875
129,0.651002,49.375,-0.25,43.875
130,0.655908,49.375,-0.25,43.875
131,0.661025,49.375,-0.25,43.875
132,0.666180,49.375,-0.25,43.875
133,0.671073,49.375,-0.25,43.875
134,0.676505,49.375,-0.25,43.875
135,0.681401,49.375,-0.25,43.875
136,0.686498,49.375,-0.25,43.875
137,0.691680,49.375,-0.25,43.875
138,0.696585,49.375,-0.25,43.875
139,0.701982,49.375,-0.25,43.875
140,0.706065,49.375,-0.25,43.875
141,0.710974,49.375,-0.25,43.875
142,0.716426,49.375,-0.25,43.875
143,0.721322,49.375,-0.25,43.875
144,0.726437,49.375,-0.25,43.875
145,0.731591,49.375,-0.25,43.875
146,0.736497,49.375,-0.25,43.875
147,0.741922,49.375,-0.25,43.875
148,0.746828,49.375,-0.25,43.875
149,0.751956,49.375,-0.25,43.875
150,0.756292,49.375,-0.25,43.875
151,0.761201,49.375,-0.25,43.875
152,0.766325,49.375,-0.25,43.875
153,0.771477,49.375,-0.25,43.875
154,0.776382,49.375,-0.25,43.875
155,0.781754,49.375,-0.25,43.875
156,0.786647,49.375,-0.25,43.875
157,0.791556,49.375,-0.25,43.875
158,0.797004,49.375,-0.25,43.875
159,0.801913,49.375,-0.25,43.875
160,0.807362,49.375,-0.25,43.875
161,0.811398,49.375,-0.25,43.875
162,0.816304,49.375,-0.25,43.875
163,0.821227,49.375,-0.25,43.875
164,0.826625,49.375,-0.25,43.875
165,0.831520,49.375,-0.25,43.875
166,0.836631,49.375,-0.25,43.875
167,0.841814,49.375,-0.25,43.875
168,0.846720,49.375,-0.25,43.875
169,0.851845,49.375,-0.25,43.875
170,0.857000,49.375,-0.25,43.875
171,0.861909,49.375,-0.25,43.875
172,0.866239,49.375,-0.25,43.875
173,0.871391,49.375,-0.25,43.875
174,0.876296,49.375,-0.25,43.875
175,0.881766,49.375,-0.25,43.875
176,0.886659,49.375,-0.25,43.875
177,0.891780,49.375,-0.25,43.875
178,0.896963,49.375,-0.25,43.875
179,0.901872,49.375,-0.25,43.875
180,0.907248,49.375,-0.25,43.875
181,0.912156,49.375,-0.25,43.875
182,0.916272,49.375,-0.25,43.875
183,0.921688,49.375,-0.25,43.875
184,0.926580,49.375,-0.25,43.875
185,0.931706,49.375,-0.25,43.875
186,0.937237,49.375,-0.25,43.875
187,0.942145,49.375,-0.25,43.875
188,0.947034,49.375,-0.25,43.875
189,0.951091,49.375,-0.25,43.875
190,0.955986,49.375,-0.25,43.875
191,0.960895,49.375,-0.25,43.875
192,0.966847,49.375,-0.25,43.875
193,0.971745,49.375,-0.25,43.875
194,0.977103,49.375,-0.25,43.875
195,0.982001,49.375,-0.25,43.875
196,0.987156,49.375,-0.25,43.875
197,0.990983,49.375,-0.25,43.875
198,0.995888,49.375,-0.25,43.875
199,1.001027,49.375,-0.25,43.875
200,1.006183,49.375,-0.25,43.875
201,1.011075,49.375,-0.25,43.875
202,1.017017,49.375,-0.25,43.875
203,1.021915,49.375,-0.25,43.875
204,1.027305,49.375,-0.25,43.875
205,1.030869,49.375,-0.25,43.875
206,1.037314,49.375,-0.25,43.875
207,1.041166,49.375,-0.25,43.875
208,1.046055,49.375,-0.25,43.875
209,1.051150,49.375,-0.25,43.875
210,1.056302,49.375,-0.25,43.875
211,1.061211,49.375,-0.25,43.875
212,1.066583,49.375,-0.25,43.875
213,1.071478,49.375,-0.25,43.875
214,1.076407,49.375,-0.25,43.875
215,1.082307,49.375,-0.25,43.875
216,1.085869,49.375,-0.25,43.875
217,1.092341,49.375,-0.25,43.875
218,1.096162,49.375,-0.25,43.875
219,1.101053,49.375,-0.25,43.875
220,1.106424,49.375,-0.25,43.875
221,1.115935,49.375,-0.25,43.875
222,1.118364,49.375,-0.25,43.875
223,1.122275,49.375,-0.25,43.875
224,1.127196,49.375,-0.25,43.875
225,1.131289,49.375,-0.25,43.875
226,1.136701,49.375,-0.25,43.875
227,1.141596,49.375,-0.25,43.875
228,1.147029,49.375,-0.25,43.875
229,1.151927,49.375,-0.25,43.875
230,1.156858,49.375,-0.25,43.875
231,1.162299,49.375,-0.25,43.875
232,1.167191,49.375,-0.25,43.875
233,1.172312,49.375,-0.25,43.875
234,1.176133,49.375,-0.25,43.875
235,1.181587,49.375,-0.25,43.875
236,1.186693,49.375,-0.25,43.875
237,1.191876,49.375,-0.25,43.875
238,1.196781,49.375,-0.25,43.875
239,1.202160,49.375,-0.25,43.875
240,1.207049,49.375,-0.25,43.875
241,1.211958,49.375,-0.25,43.875
242,1.216001,49.375,-0.25,43.875
243,1.222244,49.375,-0.25,43.875
244,1.226078,49.375,-0.25,43.875
245,1.231264,49.375,-0.25,43.875
246,1.236730,49.375,-0.25,43.875
247,1.242120,49.375,-0.25,43.875
248,1.247009,49.375,-0.25,43.875
249,1.251918,49.375,-0.25,43.875
250,1.255987,49.375,-0.25,43.875
251,1.262229,49.375,-0.25,43.875
252,1.267343,49.375,-0.25,43.875
253,1.271171,49.375,-0.25,43.875
254,1.276059,49.375,-0.25,43.875
255,1.281180,49.375,-0.25,43.875
256,1.286332,49.375,-0.25,43.875
257,1.291736,49.375,-0.25,43.875
258,1.297183,49.375,-0.25,43.875
259,1.302075,49.375,-0.25,43.875
260,1.307182,49.375,-0.25,43.875
261,1.311015,49.375,-0.25,43.875
262,1.317264,49.375,-0.25,43.875
263,1.321043,49.375,-0.25,43.875
264,1.326193,49.375,-0.25,43.875
265,1.331085,49.375,-0.25,43.875
266,1.336451,49.375,-0.25,43.875
267,1.341350,49.375,-0.25,43.875
268,1.347025,49.375,-0.25,43.875
269,1.352197,49.375,-0.25,43.875
270,1.357086,49.375,-0.25,43.875
271,1.362471,49.375,-0.25,43.875
272,1.366023,49.375,-0.25,43.875
273,1.372490,49.375,-0.25,43.875
274,1.376314,49.375,-0.25,43.875
275,1.381209,49.375,-0.25,43.875
276,1.386324,49.375,-0.25,43.875
277,1.391479,49.375,-0.25,43.875
278,1.396880,49.375,-0.25,43.875
279,1.402263,49.375,-0.25,43.875
280,1.407168,49.375,-0.25,43.875
281,1.412297,49.375,-0.25,43.875
282,1.416105,49.375,-0.25,43.875
283,1.421013,49.375,-0.25,43.875
284,1.426134,49.375,-0.25,43.875
285,1.431292,49.375,-0.25,43.875
286,1.436198,49.375,-0.25,43.875
287,1.441615,49.375,-0.25,43.875
288,1.447013,49.375,-0.25,43.875
289,1.452159,49.375,-0.25,43.875
290,1.455969,49.375,-0.25,43.875
291,1.462221,49.375,-0.25,43.875
292,1.466245,49.375,-0.25,43.875
293,1.471153,49.375,-0.25,43.875
294,1.476066,49.375,-0.25,43.875
295,1.481486,49.375,-0.25,43.875
296,1.486378,49.375,-0.25,43.875
297,1.491786,49.375,-0.25,43.875
298,1.496679,49.375,-0.25,43.875
299,1.502181,49.375,-0.25,43.875
300,1.506196,49.375,-0.25,43.875
301,1.511089,49.375,-0.25,43.875
302,1.515994,49.375,-0.25,43.875
303,1.521446,49.375,-0.25,43.875
304,1.526339,49.375,-0.25,43.875
305,1.531477,49.375,-0.25,43.875
306,1.536630,49.375,-0.25,43.875
307,1.541538,49.375,-0.25,43.875
308,1.546939,49.375,-0.25,43.875
309,1.552375,49.375,-0.25,43.875
310,1.556166,49.375,-0.25,43.875
311,1.561330,49.375,-0.25,43.875
312,1.566235,49.375,-0.25,43.875
313,1.571607,49.375,-0.25,43.875
314,1.576500,49.375,-0.25,43.875
315,1.581408,49.375,-0.25,43.875
316,1.586835,49.375,-0.25,43.875
317,1.591743,49.375,-0.25,43.875
318,1.596858,49.375,-0.25,43.875
319,1.602016,49.375,-0.25,43.875
320,1.607446,49.375,-0.25,43.875
321,1.611224,49.375,-0.25,43.875
322,1.616376,49.375,-0.25,43.875
323,1.621285,49.375,-0.25,43.875
324,1.626656,49.375,-0.25,43.875
325,1.631552,49.375,-0.25,43.875
326,1.636457,49.375,-0.25,43.875
327,1.641858,49.375,-0.25,43.875
328,1.646763,49.375,-0.25,43.875
329,1.651881,49.375,-0.25,43.875
330,1.657037,49.375,-0.25,43.875
331,1.662466,49.375,-0.25,43.875
332,1.666251,49.375,-0.25,43.875
333,1.671402,49.375,-0.25,43.875
334,1.676308,49.375,-0.25,43.875
335,1.681680,49.375,-0.25,43.875
336,1.686573,49.375,-0.25,43.875
337,1.691705,49.375,-0.25,43.875
338,1.696872,49.375,-0.25,43.875
339,1.701781,49.375,-0.25,43.875
340,1.707134,49.375,-0.25,43.875
341,1.712026,49.375,-0.25,43.875
342,1.716931,49.375,-0.25,43.875
343,1.722870,49.375,-0.25,43.875
344,1.726435,49.375,-0.25,43.875
345,1.731330,49.375,-0.25,43.875
346,1.736760,49.375,-0.25,43.875
347,1.741655,49.375,-0.25,43.875
348,1.746791,49.375,-0.25,43.875
349,1.751949,48.75,-0.25,43.875
350,1.756854,48.75,-0.25,43.875
351,1.762233,48.75,-0.25,43.875
352,1.767138,48.75,-0.25,43.875
353,1.772031,48.75,-0.25,43.875
354,1.776075,48.75,-0.25,43.875
355,1.781521,48.75,-0.25,43.875
356,1.786651,48.75,-0.25,43.875
357,1.791809,48.75,-0.25,43.875
358,1.796715,48.75,-0.25,43.875
359,1.802087,48.75,-0.25,43.875
360,1.806983,48.75,-0.25,43.875
361,1.811916,48.75,-0.25,43.875
362,1.817357,48.75,-0.25,43.875
363,1.822252,48.75,-0.25,43.875
364,1.827687,48.75,-0.25,43.875
365,1.831724,48.75,-0.25,43.875
366,1.836617,48.75,-0.25,43.875
367,1.841550,48.75,-0.25,43.875
368,1.846966,48.75,-0.25,43.875
369,1.851875,48.75,-0.25,43.875
370,1.857011,48.75,-0.25,43.875
371,1.862176,48.75,-0.25,43.875
372,1.867065,48.75,-0.25,43.875
373,1.872209,48.75,-0.25,43.875
374,1.876064,48.75,-0.25,43.875
375,1.881532,48.75,-0.25,43.875
376,1.886690,48.75,-0.25,43.875
377,1.891849,48.75,-0.25,43.875
378,1.896753,48.75,-0.25,43.875
379,1.902132,48.75,-0.25,43.875
380,1.907021,48.75,-0.25,43.875
381,1.911955,48.75,-0.25,43.875
382,1.915999,48.75,-0.25,43.875
383,1.922242,48.75,-0.25,43.875
384,1.927331,48.75,-0.25,43.875
385,1.931183,48.75,-0.25,43.875
386,1.936631,48.75,-0.25,43.875
387,1.942012,48.75,-0.25,43.875
388,1.946907,48.75,-0.25,43.875
389,1.951840,48.75,-0.25,43.875
390,1.957514,48.75,-0.25,43.875
391,1.961069,48.75,-0.25,43.875
392,1.965974,48.75,-0.25,43.875
393,1.971446,48.75,-0.25,43.875
394,1.976339,48.75,-0.25,43.875
395,1.981478,48.75,-0.25,43.875
396,1.987200,48.75,-0.25,43.875
397,1.992092,48.75,-0.25,43.875
398,1.996141,48.75,-0.25,43.875
399,2.001034,48.75,-0.25,43.875
400,2.005939,48.75,-0.25,43.875
401,2.011382,48.75,-0.25,43.875
402,2.016274,48.75,-0.25,43.875
403,2.021657,48.75,-0.25,43.875
404,2.026553,48.75,-0.25,43.875
405,2.031461,48.75,-0.25,43.875
406,2.037428,48.75,-0.25,43.875
407,2.040994,48.75,-0.25,43.875
408,2.047437,48.75,-0.25,43.875
409,2.051290,48.75,-0.25,43.875
410,2.056183,48.75,-0.25,43.875
411,2.061278,48.75,-0.25,43.875
412,2.066452,48.75,-0.25,43.875
413,2.071360,48.75,-0.25,43.875
414,2.076732,48.75,-0.25,43.875
415,2.081630,48.75,-0.25,43.875
416,2.086560,48.75,-0.25,43.875
417,2.092499,48.75,-0.25,43.875
418,2.096050,48.75,-0.25,43.875
419,2.101185,48.75,-0.25,43.875
420,2.106337,48.75,-0.25,43.875
421,2.114890,48.75,-0.25,43.875
422,2.119116,48.75,-0.25,43.875
423,2.121582,48.75,-0.25,43.875
424,2.126478,48.75,-0.25,43.875
425,2.131385,48.75,-0.25,43.875
426,2.136846,48.75,-0.25,43.875
427,2.142313,48.75,-0.25,43.875
428,2.147230,48.75,-0.25,43.875
429,2.151265,48.75,-0.25,43.875
430,2.156171,48.75,-0.25,43.875
431,2.161062,48.75,-0.25,43.875
432,2.166492,48.75,-0.25,43.875
433,2.171387,48.75,-0.25,43.875
434,2.176523,48.75,-0.25,43.875
435,2.181681,48.75,-0.25,43.875
436,2.186586,48.75,-0.25,43.875
437,2.191983,48.75,-0.25,43.875
438,2.196066,48.75,-0.25,43.875
439,2.200975,48.75,-0.25,43.875
440,2.206427,48.75,-0.25,43.875
441,2.211322,48.75,-0.25,43.875
442,2.216441,48.75,-0.25,43.875
443,2.221592,48.75,-0.25,43.875
444,2.226498,48.75,-0.25,43.875
445,2.231870,48.75,-0.25,43.875
446,2.236764,48.75,-0.25,43.875
447,2.241673,48.75,-0.25,43.875
448,2.247637,48.75,-0.25,43.875
449,2.251209,48.75,-0.25,43.875
450,2.256097,48.75,-0.25,43.875
451,2.261530,48.75,-0.25,43.875
452,2.266422,48.75,-0.25,43.875
453,2.271805,48.75,-0.25,43.875
454,2.276700,48.75,-0.25,43.875
455,2.281609,48.75,-0.25,43.875
456,2.287055,48.75,-0.25,43.875
457,2.291964,48.75,-0.25,43.875
458,2.296030,48.75,-0.25,43.875
459,2.301465,48.75,-0.25,43.875
460,2.306358,48.75,-0.25,43.875
461,2.311741,48.75,-0.25,43.875
462,2.316634,48.75,-0.25,43.875
463,2.321781,48.75,-0.25,43.875
464,2.326933,48.75,-0.25,43.875
465,2.331842,48.75,-0.25,43.875
466,2.337195,48.75,-0.25,43.875
467,2.342087,48.75,-0.25,43.875
468,2.346992,48.75,-0.25,43.875
469,2.351060,48.75,-0.25,43.875
470,2.356502,48.75,-0.25,43.875
471,2.361638,48.75,-0.25,43.875
472,2.366843,48.75,-0.25,43.875
473,2.371751,48.75,-0.25,43.875
474,2.377130,48.75,-0.25,43.875
475,2.382021,48.75,-0.25,43.875
476,2.386927,48.75,-0.25,43.875
477,2.392368,48.75,-0.25,43.875
478,2.397260,48.75,-0.25,43.875
479,2.401421,48.75,-0.25,43.875
480,2.406818,48.75,-0.25,43.875
481,2.411726,48.75,-0.25,43.875
482,2.416862,48.75,-0.25,43.875
483,2.422020,48.75,-0.25,43.875
484,2.426926,48.75,-0.25,43.875
485,2.432368,48.75,-0.25,43.875
486,2.437260,48.75,-0.25,43.875
487,2.442392,48.75,-0.25,43.875
488,2.446213,48.75,-0.25,43.875
489,2.451666,48.75,-0.25,43.875
490,2.456798,48.75,-0.25,43.875
491,2.461956,48.75,-0.25,43.875
492,2.466861,48.75,-0.25,43.875
493,2.472240,48.75,-0.25,43.875
494,2.477145,48.75,-0.25,43.875
495,2.482037,48.75,-0.25,43.875
496,2.486081,48.75,-0.25,43.875
497,2.490980,48.75,-0.25,43.875
498,2.497416,48.75,-0.25,43.875
499,2.501265,48.75,-0.25,43.875
500,2.506158,48.75,-0.25,43.875
501,2.511277,48.75,-0.25,43.875
502,2.516980,48.75,-0.25,43.875
503,2.521889,48.75,-0.25,43.875
504,2.527264,48.75,-0.25,43.875
505,2.532173,48.75,-0.25,43.875
506,2.537061,48.75,-0.25,43.875
507,2.541137,48.75,-0.25,43.875
508,2.546026,48.75,-0.25,43.875
509,2.552483,48.75,-0.25,43.875
510,2.556311,48.75,-0.25,43.875
511,2.561231,48.75,-0.25,43.875
512,2.567124,48.75,-0.25,43.875
513,2.572016,48.75,-0.25,43.875
514,2.577156,48.75,-0.25,43.875
515,2.580970,48.75,-0.25,43.875
516,2.587219,48.75,-0.25,43.875
517,2.592590,48.75,-0.25,43.875
518,2.596155,48.75,-0.25,43.875
519,2.601047,48.75,-0.25,43.875
520,2.606420,48.75,-0.25,43.875
521,2.611329,48.75,-0.25,43.875
522,2.616787,48.75,-0.25,43.875
523,2.622248,48.75,-0.25,43.875
524,2.627140,48.75,-0.25,43.875
525,2.632526,48.75,-0.25,43.875
526,2.636077,48.75,-0.25,43.875
527,2.640986,48.75,-0.25,43.875
528,2.646444,48.75,-0.25,43.875
529,2.651339,48.75,-0.25,43.875
530,2.656454,48.75,-0.25,43.875
531,2.661608,48.75,-0.25,43.875
532,2.666514,48.75,-0.25,43.875
533,2.671910,48.75,-0.25,43.875
534,2.675993,48.75,-0.25,43.875
535,2.682264,48.75,-0.25,43.875
536,2.686291,48.75,-0.25,43.875
537,2.691201,48.75,-0.25,43.875
538,2.696089,48.75,-0.25,43.875
539,2.701521,48.75,-0.25,43.875
540,2.706414,48.75,-0.25,43.875
541,2.711796,48.75,-0.25,43.875
542,2.716692,48.75,-0.25,43.875
543,2.721600,48.75,-0.25,43.875
544,2.727539,48.75,-0.25,43.875
545,2.731094,48.75,-0.25,43.875
546,2.736235,48.75,-0.25,43.875
547,2.741404,48.75,-0.25,43.875
548,2.746310,48.75,-0.25,43.875
549,2.751682,48.75,-0.25,43.875
550,2.756575,48.75,-0.25,43.875
551,2.761694,48.75,-0.25,43.875
552,2.766849,48.75,-0.25,43.875
553,2.771757,48.75,-0.25,43.875
554,2.777105,48.75,-0.25,43.875
555,2.781190,48.75,-0.25,43.875
556,2.786079,48.75,-0.25,43.875
557,2.791526,48.75,-0.25,43.875
558,2.796419,48.75,-0.25,43.875
559,2.801554,48.75,-0.25,43.875
560,2.806709,48.75,-0.25,43.875
561,2.811618,48.75,-0.25,43.875
562,2.816990,48.75,-0.25,43.875
563,2.821888,48.75,-0.25,43.875
564,2.826819,48.75,-0.25,43.875
565,2.832260,48.75,-0.25,43.875
566,2.836378,48.75,-0.25,43.875
567,2.841540,48.75,-0.25,43.875
568,2.846695,48.75,-0.25,43.875
569,2.851603,48.75,-0.25,43.875
570,2.856704,48.75,-0.25,43.875
571,2.861887,48.75,-0.25,43.875
572,2.866792,48.75,-0.25,43.875
573,2.872235,48.75,-0.25,43.875
574,2.877126,48.75,-0.25,43.875
575,2.882233,48.75,-0.25,43.875
576,2.886580,48.75,-0.25,43.875
577,2.891479,48.75,-0.25,43.875
578,2.896589,48.75,-0.25,43.875
579,2.901772,48.75,-0.25,43.875
580,2.906677,48.75,-0.25,43.875
581,2.912100,48.75,-0.25,43.875
582,2.917005,48.75,-0.25,43.875
583,2.922144,48.75,-0.25,43.875
584,2.925998,48.75,-0.25,43.875
585,2.932250,48.75,-0.25,43.875
586,2.935977,48.75,-0.25,43.875
587,2.941930,48.75,-0.25,43.875
588,2.946822,48.75,-0.25,43.875
589,2.951938,48.75,-0.25,43.875
590,2.957094,48.75,-0.25,43.875
591,2.962002,48.75,-0.25,43.875
592,2.967356,48.75,-0.25,43.875
593,2.972264,48.75,-0.25,43.875
594,2.977156,48.75,-0.25,43.875
595,2.981303,48.75,-0.25,43.875
596,2.986423,48.75,-0.25,43.875
597,2.991824,48.75,-0.25,43.875
598,2.997256,48.75,-0.25,43.875
599,3.002152,48.75,-0.25,43.875
600,3.007269,48.75,-0.25,43.875
601,3.011077,48.75,-0.25,43.875
602,3.015983,48.75,-0.25,43.875
603,3.021379,48.75,-0.25,43.875
604,3.026284,46.875,-0.25,43.875
605,3.031402,46.875,-0.25,43.875
606,3.036564,46.875,-0.25,43.875
607,3.041473,46.875,-0.25,43.875
608,3.047377,46.875,-0.25,43.875
609,3.050942,46.875,-0.25,43.875
610,3.057407,46.875,-0.25,43.875
611,3.061239,46.875,-0.25,43.875
612,3.066131,46.875,-0.25,43.875
613,3.071048,46.875,-0.25,43.875
614,3.076477,46.875,-0.25,43.875
615,3.081372,46.875,-0.25,43.875
616,3.086498,46.875,-0.25,43.875
617,3.091666,46.875,-0.25,43.875
618,3.096571,46.875,-0.25,43.875
619,3.102254,46.875,-0.25,43.875
620,3.106058,46.875,-0.25,43.875
621,3.117402,46.875,-0.25,43.875
622,3.119713,46.875,-0.25,43.875
623,3.123565,46.875,-0.25,43.875
624,3.128458,46.875,-0.25,43.875
625,3.133847,46.875,-0.25,43.875
626,3.137414,46.875,-0.25,43.875
627,3.143674,46.875,-0.25,43.875
628,3.147720,46.875,-0.25,43.875
629,3.152620,46.875,-0.25,43.875
630,3.158047,46.875,-0.25,43.875
631,3.163479,46.875,-0.25,43.875
632,3.168372,46.875,-0.25,43.875
633,3.173461,46.875,-0.25,43.875
634,3.178641,46.875,-0.25,43.875
635,3.183549,46.875,-0.25,43.875
636,3.188921,46.875,-0.25,43.875
637,3.192493,46.875,-0.25,43.875
638,3.197385,46.875,-0.25,43.875
639,3.202848,46.875,-0.25,43.875
640,3.207752,46.875,-0.25,43.875
641,3.213693,46.875,-0.25,43.875
642,3.218586,46.875,-0.25,43.875
643,3.223495,46.875,-0.25,43.875
644,3.227566,46.875,-0.25,43.875
645,3.232466,46.875,-0.25,43.875
646,3.237371,46.875,-0.25,43.875
647,3.242812,46.875,-0.25,43.875
648,3.247717,46.875,-0.25,43.875
649,3.253103,46.875,-0.25,43.875
650,3.257998,46.875,-0.25,43.875
651,3.262906,46.875,-0.25,43.875
652,3.268895,46.875,-0.25,43.875
653,3.272467,46.875,-0.25,43.875
654,3.277562,46.875,-0.25,43.875
655,3.282736,46.875,-0.25,43.875
656,3.287642,46.875,-0.25,43.875
657,3.293014,46.875,-0.25,43.875
658,3.297909,46.875,-0.25,43.875
659,3.303051,46.875,-0.25,43.875
660,3.308206,46.875,-0.25,43.875
661,3.313098,46.875,-0.25,43.875
662,3.318461,46.875,-0.25,43.875
663,3.322543,46.875,-0.25,43.875
664,3.327436,46.875,-0.25,43.875
665,3.332885,46.875,-0.25,43.875
666,3.337791,46.875,-0.25,43.875
667,3.342985,46.875,-0.25,43.875
668,3.348158,46.875,-0.25,43.875
669,3.353049,46.875,-0.25,43.875
670,3.358404,46.875,-0.25,43.875
671,3.363313,46.875,-0.25,43.875
672,3.368205,46.875,-0.25,43.875
673,3.374146,46.875,-0.25,43.875
674,3.377707,46.875,-0.25,43.875
675,3.382603,46.875,-0.25,43.875
676,3.388037,46.875,-0.25,43.875
677,3.392946,46.875,-0.25,43.875
678,3.398339,46.875,-0.25,43.875
679,3.403248,46.875,-0.25,43.875
680,3.408140,46.875,-0.25,43.875
681,3.413602,46.875,-0.25,43.875
682,3.418494,46.875,-0.25,43.875
683,3.423633,46.875,-0.25,43.875
684,3.427962,46.875,-0.25,43.875
685,3.432858,46.875,-0.25,43.875
686,3.438225,46.875,-0.25,43.875
687,3.443133,46.875,-0.25,43.875
688,3.448046,46.875,-0.25,43.875
689,3.453487,46.875,-0.25,43.875
690,3.458380,46.875,-0.25,43.875
691,3.463497,46.875,-0.25,43.875
692,3.468649,46.875,-0.25,43.875
693,3.473557,46.875,-0.25,43.875
694,3.477631,46.875,-0.25,43.875
695,3.483094,46.875,-0.25,43.875
696,3.487999,46.875,-0.25,43.875
697,3.493123,46.875,-0.25,43.875
698,3.498278,46.875,-0.25,43.875
699,3.503187,46.875,-0.25,43.875
700,3.508555,46.875,-0.25,43.875
701,3.513454,46.875,-0.25,43.875
702,3.518359,46.875,-0.25,43.875
703,3.522410,46.875,-0.25,43.875
704,3.528643,46.875,-0.25,43.875
705,3.532729,46.875,-0.25,43.875
706,3.538159,46.875,-0.25,43.875
707,3.543050,46.875,-0.25,43.875
708,3.548172,46.875,-0.25,43.875
709,3.553324,46.875,-0.25,43.875
710,3.558230,46.875,-0.25,43.875
711,3.563604,46.875,-0.25,43.875
712,3.568498,46.875,-0.25,43.875
713,3.573405,46.875,-0.25,43.875
714,3.577431,46.875,-0.25,43.875
715,3.582330,46.875,-0.25,43.875
716,3.587797,46.875,-0.25,43.875
717,3.593237,46.875,-0.25,43.875
718,3.598129,46.875,-0.25,43.875
719,3.603249,46.875,-0.25,43.875
720,3.608398,46.875,-0.25,43.875
721,3.613307,46.875,-0.25,43.875
722,3.618678,46.875,-0.25,43.875
723,3.623574,46.875,-0.25,43.875
724,3.628479,46.875,-0.25,43.875
725,3.632552,46.875,-0.25,43.875
726,3.637447,46.875,-0.25,43.875
727,3.642878,46.875,-0.25,43.875
728,3.648311,46.875,-0.25,43.875
729,3.653206,46.875,-0.25,43.875
730,3.658299,46.875,-0.25,43.875
731,3.663472,46.875,-0.25,43.875
732,3.668377,46.875,-0.25,43.875
733,3.672409,46.875,-0.25,43.875
734,3.678641,46.875,-0.25,43.875
735,3.682417,46.875,-0.25,43.875
736,3.687594,46.875,-0.25,43.875
737,3.692502,46.875,-0.25,43.875
738,3.697899,46.875,-0.25,43.875
739,3.703375,46.875,-0.25,43.875
740,3.708461,46.875,-0.25,43.875
741,3.713642,46.875,-0.25,43.875
742,3.718547,46.875,-0.25,43.875
743,3.723922,46.875,-0.25,43.875
744,3.727490,46.875,-0.25,43.875
745,3.732386,46.875,-0.25,43.875
746,3.737828,46.875,-0.25,43.875
747,3.742735,46.875,-0.25,43.875
748,3.747872,46.875,-0.25,43.875
749,3.753602,46.875,-0.25,43.875
750,3.758495,46.875,-0.25,43.875
751,3.763883,46.875,-0.25,43.875
752,3.767451,46.875,-0.25,43.875
753,3.772347,46.875,-0.25,43.875
754,3.777776,46.875,-0.25,43.875
755,3.782672,46.875,-0.25,43.875
756,3.787804,46.875,-0.25,43.875
757,3.792966,46.875,-0.25,43.875
758,3.797871,46.875,-0.25,43.875
759,3.803250,46.875,-0.25,43.875
760,3.807367,46.875,-0.25,43.875
761,3.813830,46.875,-0.25,43.875
762,3.817658,46.875,-0.25,43.875
763,3.822554,46.875,-0.25,43.875
764,3.827643,46.875,-0.25,43.875
765,3.832829,46.875,-0.25,43.875
766,3.837734,46.875,-0.25,43.875
767,3.843103,46.875,-0.25,43.875
768,3.847998,46.875,-0.25,43.875
769,3.852907,46.875,-0.25,43.875
770,3.858846,46.875,-0.25,43.875
771,3.862416,46.875,-0.25,43.875
772,3.867528,46.875,-0.25,43.875
773,3.872687,46.875,-0.25,43.875
774,3.877592,46.875,-0.25,43.875
775,3.882964,46.875,-0.25,43.875
776,3.887859,46.875,-0.25,43.875
777,3.892767,46.875,-0.25,43.875
778,3.898208,46.875,-0.25,43.875
779,3.903099,46.875,-0.25,43.875
780,3.908486,46.875,-0.25,43.875
781,3.912611,46.875,-0.25,43.875
782,3.917503,46.875,-0.25,43.875
783,3.922935,46.875,-0.25,43.875
784,3.927841,46.875,-0.25,43.875
785,3.932961,46.875,-0.25,43.875
786,3.938133,46.875,-0.25,43.875
787,3.943025,46.875,-0.25,43.875
788,3.948379,46.875,-0.25,43.875
789,3.953288,46.875,-0.25,43.875
790,3.958180,46.875,-0.25,43.875
791,3.964121,46.875,-0.25,43.875
792,3.967682,46.875,-0.25,43.875
793,3.972810,46.875,-0.25,43.875
794,3.977977,46.875,-0.25,43.875
795,3.982885,46.875,-0.25,43.875
796,3.988010,46.875,-0.25,43.875
797,3.993172,46.875,-0.25,43.875
798,3.998061,46.875,-0.25,43.875
799,4.003449,46.875,-0.25,43.875
800,4.008563,46.875,-0.25,43.875
801,4.013496,46.875,-0.25,43.875
802,4.017812,46.875,-0.25,43.875
803,4.022969,46.875,-0.25,43.875
804,4.027875,46.875,-0.25,43.875
805,4.032976,46.875,-0.25,43.875
806,4.038159,46.875,-0.25,43.875
807,4.043051,46.875,-0.25,43.875
808,4.048481,46.875,-0.25,43.875
809,4.053377,46.875,-0.25,43.875
810,4.058472,46.875,-0.25,43.875
811,4.062326,46.875,-0.25,43.875
812,4.068558,46.875,-0.25,43.875
813,4.072911,46.875,-0.25,43.875
814,4.078066,46.875,-0.25,43.875
815,4.082975,46.875,-0.25,43.875
816,4.088329,46.875,-0.25,43.875
817,4.093237,46.875,-0.25,43.875
818,4.098130,46.875,-0.25,43.875
819,4.103566,46.875,-0.25,43.875
820,4.108458,46.875,-0.25,43.875
821,4.118437,46.875,-0.25,43.875
822,4.120755,46.875,-0.25,43.875
823,4.124608,46.875,-0.25,43.875
824,4.128731,46.875,-0.25,43.875
825,4.133627,46.875,-0.25,43.875
826,4.139078,46.875,-0.25,43.875
827,4.143987,46.875,-0.25,43.875
828,4.149104,46.875,-0.25,43.875
829,4.154259,46.875,-0.25,43.875
830,4.159165,46.875,-0.25,43.875
831,4.164540,46.875,-0.25,43.875
832,4.169435,46.875,-0.25,43.875
833,4.174368,46.875,-0.25,43.875
834,4.180292,46.875,-0.25,43.875
835,4.183854,46.875,-0.25,43.875
836,4.188769,46.875,-0.25,43.875
837,4.194197,46.875,-0.25,43.875
838,4.199085,46.875,-0.25,43.875
839,4.204206,46.875,-0.25,43.875
840,4.209358,46.875,-0.25,43.875
841,4.214267,46.875,-0.25,43.875
842,4.219639,46.875,-0.25,43.875
843,4.224535,46.875,-0.25,43.875
844,4.229463,46.875,-0.25,43.875
845,4.233510,46.875,-0.25,43.875
846,4.238927,46.875,-0.25,43.875
847,4.244063,46.875,-0.25,43.875
848,4.249219,46.875,-0.25,43.875
849,4.254127,46.875,-0.25,43.875
850,4.259474,46.875,-0.25,43.875
851,4.264372,46.875,-0.25,43.875
852,4.269277,46.875,-0.25,43.875
853,4.274718,46.875,-0.25,43.875
854,4.279611,46.875,-0.25,43.875
855,4.285050,46.875,-0.25,43.875
856,4.289086,46.875,-0.25,43.875
857,4.293984,46.875,-0.25,43.875
858,4.298890,46.875,-0.25,43.875
859,4.304345,46.875,-0.25,43.875
860,4.309237,45,-0.25,43.875
861,4.314333,45,-0.25,43.875
862,4.319506,45,-0.25,43.875
863,4.324413,45,-0.25,43.875
864,4.329787,45,-0.25,43.875
865,4.335201,45,-0.25,43.875
866,4.338763,45,-0.25,43.875
867,4.344280,45,-0.25,43.875
868,4.349172,45,-0.25,43.875
869,4.354290,45,-0.25,43.875
870,4.359442,45,-0.25,43.875
871,4.364350,45,-0.25,43.875
872,4.369767,45,-0.25,43.875
873,4.374663,45,-0.240281254,38.875
874,4.378467,45,-0.240281254,38.875
875,4.383638,45,-0.240281254,38.875
876,4.388543,45,-0.240281254,38.875
877,4.393943,45,-0.240281254,38.875
878,4.399370,45,-0.240281254,38.875
879,4.404459,45,-0.240281254,38.875
880,4.409661,45,-0.240281254,38.875
881,4.414568,45,-0.240281254,38.875
882,4.419941,45,-0.240281254,38.875
883,4.423513,45,-0.240281254,38.875
884,4.428405,45,-0.240281254,38.875
885,4.433822,45,-0.240281254,38.875
886,4.438727,45,-0.240281254,38.875
887,4.444088,45,-0.240281254,38.875
888,4.449553,45,-0.240281254,38.875
889,4.454693,45,-0.240281254,38.875
890,4.458529,45,-0.240281254,38.875
891,4.463424,45,-0.240281254,38.875
892,4.468513,45,-0.240281254,38.875
893,4.473718,45,-0.241531253,33.875
894,4.478623,45,-0.241531253,33.875
895,4.483999,45,-0.241531253,33.875
896,4.488894,45,-0.241531253,33.875
897,4.493828,45,-0.241531253,33.875
898,4.499766,45,-0.241531253,33.875
899,4.504665,45,-0.241531253,33.875
900,4.508461,45,-0.241531253,33.875
901,4.513629,45,-0.241531253,33.875
902,4.518534,45,-0.241531253,33.875
903,4.523909,45,-0.241531253,33.875
904,4.528805,45,-0.241531253,33.875
905,4.533714,45,-0.241531253,33.875
906,4.539153,45,-0.241531253,33.875
907,4.544045,45,-0.241531253,33.875
908,4.549485,45,-0.241531253,33.875
909,4.553522,45,-0.241531253,33.875
910,4.558417,45,-0.241531253,33.875
911,4.564889,45,-0.241531253,33.875
912,4.568728,45,-0.241531253,33.875
913,4.573623,45,-0.242781252,28.875
914,4.578712,45,-0.242781252,28.875
915,4.583891,45,-0.242781252,28.875
916,4.588797,45,-0.242781252,28.875
917,4.594153,45,-0.242781252,28.875
918,4.599042,45,-0.242781252,28.875
919,4.604191,45,-0.242781252,28.875
920,4.608513,45,-0.242781252,28.875
921,4.613411,45,-0.242781252,28.875
922,4.618794,45,-0.242781252,28.875
923,4.623692,45,-0.242781252,28.875
924,4.628597,45,-0.242781252,28.875
925,4.634019,45,-0.242781252,28.875
926,4.638924,45,-0.242781252,28.875
927,4.644044,45,-0.242781252,28.875
928,4.649200,45,-0.242781252,28.875
929,4.654092,45,-0.242781252,28.875
930,4.659456,45,-0.242781252,28.875
931,4.663579,45,-0.242781252,28.875
932,4.668472,45,-0.242781252,28.875
933,4.673907,45,-0.24403125,23.875
934,4.678812,45,-0.24403125,23.875
935,4.683929,45,-0.24403125,23.875
936,4.689086,45,-0.24403125,23.875
937,4.693994,45,-0.24403125,23.875
938,4.699348,45,-0.24403125,23.875
939,4.704256,45,-0.24403125,23.875
940,4.709176,45,-0.24403125,23.875
941,4.715114,45,-0.24403125,23.875
942,4.718676,45,-0.24403125,23.875
943,4.723800,45,-0.24403125,23.875
944,4.728971,45,-0.24403125,23.875
945,4.733880,45,-0.24403125,23.875
946,4.739233,45,-0.24403125,23.875
947,4.744141,45,-0.24403125,23.875
948,4.749029,45,-0.24403125,23.875
949,4.754470,45,-0.24403125,23.875
950,4.759363,45,-0.24403125,23.875
951,4.764479,45,-0.24403125,23.875
952,4.768806,45,-0.24403125,23.875
953,4.773703,45,-0.245281249,18.875
954,4.779062,45,-0.245281249,18.875
955,4.783960,45,-0.245281249,18.875
956,4.789096,45,-0.245281249,18.875
957,4.794254,45,-0.245281249,18.875
958,4.799159,45,-0.245281249,18.875
959,4.804534,45,-0.245281249,18.875
960,4.809430,45,-0.245281249,18.875
961,4.814338,45,-0.245281249,18.875
962,4.820286,45,-0.245281249,18.875
963,4.823848,45,-0.245281249,18.875
964,4.828959,45,-0.245281249,18.875
965,4.834155,45,-0.245281249,18.875
966,4.839044,45,-0.245281249,18.875
967,4.844401,45,-0.245281249,18.875
968,4.849307,45,-0.245281249,18.875
969,4.854203,45,-0.245281249,18.875
970,4.859639,45,-0.245281249,18.875
971,4.864535,45,-0.245281249,18.875
972,4.869967,45,-0.245281249,18.875
973,4.874050,45,-0.246531248,13.875
974,4.878955,45,-0.246531248,13.875
975,4.884410,45,-0.246531248,13.875
976,4.889303,45,-0.246531248,13.875
977,4.894689,45,-0.246531248,13.875
978,4.899582,45,-0.246531248,13.875
979,4.904701,45,-0.246531248,13.875
980,4.908530,45,-0.246531248,13.875
981,4.913425,45,-0.246531248,13.875
982,4.918538,45,-0.246531248,13.875
983,4.924261,45,-0.246531248,13.875
984,4.929153,45,-0.246531248,13.875
985,4.934570,45,-0.246531248,13.875
986,4.939463,45,-0.246531248,13.875
987,4.944587,45,-0.246531248,13.875
988,4.948414,45,-0.246531248,13.875
989,4.954649,45,-0.246531248,13.875
990,4.958406,45,-0.246531248,13.875
991,4.963580,45,-0.246531248,13.875
992,4.968485,45,-0.246531248,13.875
993,4.973885,45,-0.247781247,8.875
994,4.979311,45,-0.247781247,8.875
995,4.984231,45,-0.247781247,8.875
996,4.989630,45,-0.247781247,8.875
997,4.994526,45,-0.247781247,8.875
998,4.999908,45,-0.247781247,8.875
999,5.003480,45,-0.247781247,8.875
1000,5.008372,45,-0.247781247,8.875
1001,5.013860,45,-0.247781247,8.875
1002,5.018765,45,-0.247781247,8.875
1003,5.023858,45,-0.247781247,8.875
1004,5.029274,45,-0.247781247,8.875
1005,5.033386,45,-0.247781247,8.875
1006,5.038521,45,-0.247781247,8.875
1007,5.043676,45,-0.247781247,8.875
1008,5.048581,45,-0.247781247,8.875
1009,5.054007,45,-0.247781247,8.875
1010,5.058913,45,-0.247781247,8.875
1011,5.064298,45,-0.247781247,8.875
1012,5.069203,45,-0.247781247,8.875
1013,5.074095,45,-0.249031246,3.875
1014,5.079510,45,-0.249031246,3.875
1015,5.083586,45,-0.249031246,3.875
1016,5.088507,45,-0.249031246,3.875
1017,5.093931,45,-0.249031246,3.875
1018,5.098837,45,-0.249031246,3.875
1019,5.103953,45,-0.249031246,3.875
1020,5.109126,45,-0.249031246,3.875
1021,5.119030,45,-0.249031246,3.875
1022,5.121352,45,-0.249031246,3.875
1023,5.125198,45,-0.249031246,3.875
1024,5.130086,45,-0.249031246,3.875
1025,5.135455,45,-0.249031246,3.875
1026,5.139007,45,-0.249031246,3.875
1027,5.144422,45,-0.249031246,3.875
1028,5.149832,45,-0.249031246,3.875
1029,5.154740,45,-0.249031246,3.875
1030,5.159853,45,-0.249031246,3.875
1031,5.165009,45,-0.249031246,3.875
1032,5.169915,45,-0.249031246,3.875
1033,5.175271,45,-0.25,0
1034,5.180180,45,-0.25,0
1035,5.185310,45,-0.25,0
1036,5.189129,45,-0.25,0
1037,5.194021,45,-0.25,0
1038,5.199689,45,-0.25,0
1039,5.204844,45,-0.25,0
1040,5.209749,45,-0.25,0
1041,5.215131,45,-0.25,0
1042,5.220020,45,-0.25,0
1043,5.225140,45,-0.25,0
1044,5.228951,45,-0.25,0
1045,5.235204,45,-0.25,0
1046,5.240573,45,-0.25,0
1047,5.244138,45,-0.25,0
1048,5.249027,45,-0.25,0
1049,5.254964,45,-0.25,0
1050,5.259859,45,-0.25,0
1051,5.265276,45,-0.25,0
1052,5.270185,45,-0.25,0
1053,5.275290,45,-0.25,0
1054,5.279093,45,-0.25,0
1055,5.284001,45,-0.25,0
1056,5.289125,45,-0.25,0
1057,5.294274,45,-0.25,0
1058,5.299180,45,-0.25,0
1059,5.304600,45,-0.25,0
1060,5.310088,45,-0.25,0
1061,5.315489,45,-0.25,0
1062,5.319041,45,-0.25,0
1063,5.323950,45,-0.25,0
1064,5.329407,45,-0.25,0
1065,5.334303,45,-0.25,0
1066,5.339686,45,-0.25,0
1067,5.344582,45,-0.25,0
1068,5.349773,45,-0.25,0
1069,5.354928,45,-0.25,0
1070,5.359834,45,-0.25,0
1071,5.365512,45,-0.25,0
1072,5.369340,45,-0.25,0
1073,5.374236,45,-0.25,0
1074,5.379356,45,-0.25,0
1075,5.384530,45,-0.25,0
1076,5.389434,45,-0.25,0
1077,5.394810,45,-0.25,0
1078,5.399704,45,-0.25,0
1079,5.404612,45,-0.25,0
1080,5.410035,45,-0.25,0
1081,5.414108,45,-0.25,0
1082,5.419239,45,-0.25,0
1083,5.424390,45,-0.25,0
1084,5.429296,45,-0.25,0
1085,5.434670,45,-0.25,0
1086,5.439563,45,-0.25,0
1087,5.444471,45,-0.25,0
1088,5.449873,45,-0.25,0
1089,5.454781,45,-0.25,0
1090,5.459896,45,-0.25,0
1091,5.465576,45,-0.25,0
1092,5.469144,45,-0.25,0
1093,5.474265,45,-0.25,0
1094,5.479414,45,-0.25,0
1095,5.484322,45,-0.25,0
1096,5.489694,45,-0.25,0
1097,5.494590,45,-0.25,0
1098,5.499715,45,-0.25,0
1099,5.504887,45,-0.25,0
1100,5.509792,45,-0.25,0
1101,5.515174,45,-0.25,0
1102,5.519294,45,-0.25,0
1103,5.524190,45,-0.25,0
1104,5.529611,45,-0.25,0
1105,5.534506,45,-0.25,0
1106,5.539642,45,-0.25,0
1107,5.544797,45,-0.25,0
1108,5.549702,45,-0.25,0
1109,5.555053,45,-0.25,0
1110,5.559948,45,-0.25,0
1111,5.564857,45,-0.25,0
1112,5.570795,45,-0.25,0
1113,5.574363,45,-0.25,0
1114,5.579479,45,-0.25,0
1115,5.584633,43.125,-0.25,0
1116,5.589538,43.125,-0.25,0
1117,5.594963,43.125,-0.25,0
1118,5.599869,43.125,-0.25,0
1119,5.605254,43.125,-0.25,0
1120,5.610163,43.125,-0.25,0
1121,5.615051,43.125,-0.25,0
1122,5.619095,43.125,-0.25,0
1123,5.623994,43.125,-0.25,0
1124,5.629426,43.125,-0.25,0
1125,5.634838,43.125,-0.25,0
1126,5.639743,43.125,-0.25,0
1127,5.644836,43.125,-0.25,0
1128,5.650016,43.125,-0.25,0
1129,5.654925,43.125,-0.25,0
1130,5.660281,43.125,-0.25,0
1131,5.665187,43.125,-0.25,0
1132,5.670100,43.125,-0.25,0
1133,5.674126,43.125,-0.157031253,0
1134,5.679014,43.125,-0.157031253,-3.125
1135,5.684492,43.125,-0.157031253,-3.125
1136,5.689937,43.125,-0.157031253,-3.125
1137,5.694845,43.125,-0.157031253,-3.125
1138,5.699960,43.125,-0.157031253,-3.125
1139,5.705131,43.125,-0.157031253,-3.125
1140,5.710020,43.125,-0.157031253,-3.125
1141,5.715402,43.125,-0.157031253,-3.125
1142,5.718964,43.125,-0.157031253,-3.125
1143,5.725203,43.125,-0.157031253,-3.125
1144,5.729250,43.125,-0.157031253,-3.125
1145,5.734159,43.125,-0.157031253,-3.125
1146,5.739570,43.125,-0.157031253,-3.125
1147,5.745008,43.125,-0.157031253,-3.125
1148,5.749914,43.125,-0.157031253,-3.125
1149,5.755033,43.125,-0.157031253,-3.125
1150,5.760193,43.125,-0.157031253,-3.125
1151,5.765082,43.125,-0.157031253,-3.125
1152,5.770470,43.125,-0.157031253,-3.125
1153,5.774019,43.125,-0.157031253,-3.125
1154,5.780271,43.125,-0.157812506,-6.25
1155,5.784325,43.125,-0.157812506,-6.25
1156,5.789230,43.125,-0.157812506,-6.25
1157,5.794715,43.125,-0.157812506,-6.25
1158,5.800180,43.125,-0.157812506,-6.25
1159,5.805068,43.125,-0.157812506,-6.25
1160,5.810192,43.125,-0.157812506,-6.25
1161,5.813994,43.125,-0.157812506,-6.25
1162,5.820247,43.125,-0.157812506,-6.25
1163,5.824275,43.125,-0.157812506,-6.25
1164,5.829180,43.125,-0.157812506,-6.25
1165,5.834072,43.125,-0.157812506,-6.25
1166,5.839512,43.125,-0.157812506,-6.25
1167,5.844407,43.125,-0.157812506,-6.25
1168,5.849543,43.125,-0.157812506,-6.25
1169,5.855266,43.125,-0.157812506,-6.25
1170,5.860161,43.125,-0.157812506,-6.25
1171,5.865529,43.125,-0.157812506,-6.25
1172,5.869081,43.125,-0.157812506,-6.25
1173,5.873990,43.125,-0.157812506,-6.25
1174,5.879359,43.125,-0.158593744,-9.375
1175,5.884268,43.125,-0.158593744,-9.375
1176,5.889160,43.125,-0.158593744,-9.375
1177,5.894586,43.125,-0.158593744,-9.375
1178,5.899479,43.125,-0.158593744,-9.375
1179,5.904617,43.125,-0.158593744,-9.375
1180,5.910343,43.125,-0.158593744,-9.375
1181,5.915235,43.125,-0.158593744,-9.375
1182,5.919284,43.125,-0.158593744,-9.375
1183,5.924192,43.125,-0.158593744,-9.375
1184,5.929081,43.125,-0.158593744,-9.375
1185,5.934521,43.125,-0.158593744,-9.375
1186,5.939414,43.125,-0.158593744,-9.375
1187,5.944495,43.125,-0.158593744,-9.375
1188,5.949944,43.125,-0.158593744,-9.375
1189,5.954852,43.125,-0.158593744,-9.375
1190,5.959942,43.125,-0.158593744,-9.375
1191,5.965138,43.125,-0.158593744,-9.375
1192,5.969207,43.125,-0.158593744,-9.375
1193,5.974336,43.125,-0.158593744,-9.375
1194,5.979485,43.125,-0.159374997,-12.5
1195,5.984392,43.125,-0.159374997,-12.5
1196,5.989492,43.125,-0.159374997,-12.5
1197,5.994648,43.125,-0.159374997,-12.5
1198,5.999553,43.125,-0.159374997,-12.5
1199,6.004979,43.125,-0.159374997,-12.5
1200,6.009885,43.125,-0.159374997,-12.5
1201,6.015269,43.125,-0.159374997,-12.5
1202,6.020178,43.125,-0.159374997,-12.5
1203,6.025066,43.125,-0.159374997,-12.5
1204,6.029117,43.125,-0.159374997,-12.5
1205,6.034552,43.125,-0.159374997,-12.5
1206,6.039456,43.125,-0.159374997,-12.5
1207,6.045139,43.125,-0.159374997,-12.5
1208,6.050028,43.125,-0.159374997,-12.5
1209,6.054936,43.125,-0.159374997,-12.5
1210,6.059012,43.125,-0.159374997,-12.5
1211,6.065254,43.125,-0.159374997,-12.5
1212,6.070422,43.125,-0.159374997,-12.5
1213,6.074243,43.125,-0.159374997,-12.5
1214,6.079135,43.125,-0.16015625,-15.625
1215,6.085075,43.125,-0.16015625,-15.625
1216,6.089971,43.125,-0.16015625,-15.625
1217,6.094879,43.125,-0.16015625,-15.625
1218,6.100347,43.125,-0.16015625,-15.625
1219,6.105240,43.125,-0.16015625,-15.625
1220,6.110365,43.125,-0.16015625,-15.625
1221,6.120257,43.125,-0.16015625,-15.625
1222,6.122686,43.125,-0.16015625,-15.625
1223,6.126562,43.125,-0.16015625,-15.625
1224,6.131970,43.125,-0.16015625,-15.625
1225,6.135538,43.125,-0.16015625,-15.625
1226,6.140967,43.125,-0.16015625,-15.625
1227,6.145872,43.125,-0.16015625,-15.625
1228,6.150962,43.125,-0.16015625,-15.625
1229,6.156160,43.125,-0.16015625,-15.625
1230,6.161052,43.125,-0.16015625,-15.625
1231,6.166404,43.125,-0.16015625,-15.625
1232,6.171313,43.125,-0.16015625,-15.625
1233,6.176230,43.125,-0.160937503,-18.75
1234,6.181645,43.125,-0.160937503,-18.75
1235,6.185785,43.125,-0.160937503,-18.75
1236,6.190706,43.125,-0.160937503,-18.75
1237,6.196129,43.125,-0.160937503,-18.75
1238,6.201021,43.125,-0.160937503,-18.75
1239,6.206150,43.125,-0.160937503,-18.75
1240,6.211322,43.125,-0.160937503,-18.75
1241,6.216228,43.125,-0.160937503,-18.75
1242,6.221596,43.125,-0.160937503,-18.75
1243,6.226490,43.125,-0.160937503,-18.75
1244,6.231397,43.125,-0.160937503,-18.75
1245,6.235425,43.125,-0.160937503,-18.75
1246,6.240842,43.125,-0.160937503,-18.75
1247,6.245736,43.125,-0.160937503,-18.75
1248,6.251207,43.125,-0.160937503,-18.75
1249,6.256095,43.125,-0.160937503,-18.75
1250,6.261217,43.125,-0.160937503,-18.75
1251,6.266391,43.125,-0.160937503,-18.75
1252,6.271300,43.125,-0.160937503,-18.75
1253,6.275326,43.125,-0.161718756,-21.875
1254,6.281562,43.125,-0.161718756,-21.875
1255,6.286682,43.125,-0.161718756,-21.875
1256,6.290514,43.125,-0.161718756,-21.875
1257,6.295406,43.125,-0.161718756,-21.875
1258,6.300537,43.125,-0.161718756,-21.875
1259,6.306270,43.125,-0.161718756,-21.875
1260,6.311165,43.125,-0.161718756,-21.875
1261,6.316626,43.125,-0.161718756,-21.875
1262,6.321522,43.125,-0.161718756,-21.875
1263,6.326643,43.125,-0.161718756,-21.875
1264,6.330474,43.125,-0.161718756,-21.875
1265,6.335367,43.125,-0.161718756,-21.875
1266,6.340753,43.125,-0.161718756,-21.875
1267,6.345646,43.125,-0.161718756,-21.875
1268,6.350578,43.125,-0.161718756,-21.875
1269,6.356570,43.125,-0.161718756,-21.875
1270,6.361469,43.125,-0.161718756,-21.875
1271,6.366851,43.125,-0.161718756,-21.875
1272,6.370421,43.125,-0.161718756,-21.875
1273,6.375314,43.125,-0.162499994,-25
1274,6.380747,43.125,-0.162499994,-25
1275,6.385640,43.125,-0.162499994,-25
1276,6.390775,43.125,-0.162499994,-25
1277,6.395931,43.125,-0.162499994,-25
1278,6.400839,43.125,-0.162499994,-25
1279,6.406242,43.125,-0.162499994,-25
1280,6.410338,43.125,-0.162499994,-25
1281,6.416595,43.125,-0.162499994,-25
1282,6.420635,43.125,-0.162499994,-25
1283,6.425528,43.125,-0.162499994,-25
1284,6.430435,43.125,-0.162499994,-25
1285,6.435852,43.125,-0.162499994,-25
1286,6.440760,43.125,-0.162499994,-25
1287,6.445874,43.125,-0.162499994,-25
1288,6.451033,43.125,-0.162499994,-25
1289,6.455939,43.125,-0.162499994,-25
1290,6.461367,43.125,-0.162499994,-25
1291,6.465484,43.125,-0.162499994,-25
1292,6.470379,43.125,-0.162499994,-25
1293,6.475804,43.125,-0.163281247,-28.125
1294,6.480699,43.125,-0.163281247,-28.125
1295,6.485835,43.125,-0.163281247,-28.125
1296,6.490994,43.125,-0.163281247,-28.125
1297,6.495899,43.125,-0.163281247,-28.125
1298,6.501278,43.125,-0.163281247,-28.125
1299,6.506183,43.125,-0.163281247,-28.125
1300,6.511074,43.125,-0.163281247,-28.125
1301,6.517013,43.125,-0.163281247,-28.125
1302,6.520585,43.125,-0.163281247,-28.125
1303,6.525722,43.125,-0.163281247,-28.125
1304,6.530879,43.125,-0.163281247,-28.125
1305,6.535785,43.125,-0.163281247,-28.125
1306,6.541188,43.125,-0.163281247,-28.125
1307,6.546077,43.125,-0.163281247,-28.125
1308,6.550986,43.125,-0.163281247,-28.125
1309,6.556450,43.125,-0.163281247,-28.125
1310,6.561346,43.125,-0.163281247,-28.125
1311,6.566460,43.125,-0.163281247,-28.125
1312,6.570836,43.125,-0.163281247,-28.125
1313,6.575730,43.125,-0.1640625,-31.25
1314,6.581123,43.125,-0.1640625,-31.25
1315,6.586012,43.125,-0.1640625,-31.25
1316,6.590921,43.125,-0.1640625,-31.25
1317,6.596361,43.125,-0.1640625,-31.25
1318,6.601257,43.125,-0.1640625,-31.25
1319,6.606371,43.125,-0.1640625,-31.25
1320,6.611526,43.125,-0.1640625,-31.25
1321,6.616431,43.125,-0.1640625,-31.25
1322,6.621828,43.125,-0.1640625,-31.25
1323,6.625911,43.125,-0.1640625,-31.25
1324,6.630819,43.125,-0.1640625,-31.25
1325,6.636322,43.125,-0.1640625,-31.25
1326,6.641217,43.125,-0.1640625,-31.25
1327,6.646335,43.125,-0.1640625,-31.25
1328,6.651487,43.125,-0.1640625,-31.25
1329,6.656391,43.125,-0.1640625,-31.25
1330,6.661764,43.125,-0.1640625,-31.25
1331,6.665333,43.125,-0.1640625,-31.25
1332,6.671568,43.125,-0.1640625,-31.25
1333,6.675636,43.125,-0.164843753,-34.375
1334,6.681081,43.125,-0.164843753,-34.375
1335,6.685987,43.125,-0.164843753,-34.375
1336,6.691449,43.125,-0.164843753,-34.375
1337,6.696342,43.125,-0.164843753,-34.375
1338,6.701455,43.125,-0.164843753,-34.375
1339,6.705306,43.125,-0.164843753,-34.375
1340,6.711541,43.125,-0.164843753,-34.375
1341,6.715587,43.125,-0.164843753,-34.375
1342,6.720483,43.125,-0.164843753,-34.375
1343,6.725387,43.125,-0.164843753,-34.375
1344,6.731311,43.125,-0.164843753,-34.375
1345,6.736217,43.125,-0.164843753,-34.375
1346,6.741610,43.125,-0.164843753,-34.375
1347,6.746503,43.125,-0.164843753,-34.375
1348,6.751411,43.125,-0.164843753,-34.375
1349,6.755436,43.125,-0.164843753,-34.375
1350,6.760335,43.125,-0.164843753,-34.375
1351,6.766785,43.125,-0.164843753,-34.375
1352,6.770616,43.125,-0.164843753,-34.375
1353,6.775509,43.125,-0.165625006,-37.5
1354,6.781202,43.125,-0.165625006,-37.5
1355,6.786354,43.125,-0.165625006,-37.5
1356,6.791263,43.125,-0.165625006,-37.5
1357,6.796659,43.125,-0.165625006,-37.5
1358,6.801555,43.125,-0.165625006,-37.5
1359,6.806460,43.125,-0.165625006,-37.5
1360,6.810482,43.125,-0.165625006,-37.5
1361,6.815377,43.125,-0.165625006,-37.5
1362,6.820286,43.125,-0.165625006,-37.5
1363,6.825716,43.125,-0.165625006,-37.5
1364,6.831124,43.125,-0.165625006,-37.5
1365,6.836495,43.125,-0.165625006,-37.5
1366,6.841393,43.125,-0.165625006,-37.5
1367,6.846298,43.125,-0.165625006,-37.5
1368,6.850353,43.125,-0.165625006,-37.5
1369,6.855258,43.125,-0.165625006,-37.5
1370,6.860392,41.5,-0.165625006,-37.5
1371,6.865550,41.5,-0.165625006,-37.5
1372,6.870458,41.5,-0.165625006,-37.5
1373,6.875830,41.5,-0.0847500041,-39
1374,6.880728,41.5,-0.0847500041,-39
1375,6.886198,41.5,-0.0847500041,-39
1376,6.891628,41.5,-0.0847500041,-39
1377,6.896520,41.5,-0.0847500041,-39
1378,6.901903,41.5,-0.0847500041,-39
1379,6.905471,41.5,-0.0847500041,-39
1380,6.910367,41.5,-0.0847500041,-39
1381,6.915776,41.5,-0.0847500041,-39
1382,6.920672,41.5,-0.0847500041,-39
1383,6.925577,41.5,-0.0847500041,-39
1384,6.931021,41.5,-0.0847500041,-39
1385,6.936480,41.5,-0.0847500041,-39
1386,6.941592,41.5,-0.0847500041,-39
1387,6.945444,41.5,-0.0847500041,-39
1388,6.950340,41.5,-0.0847500041,-39
1389,6.955457,41.5,-0.0847500041,-39
1390,6.960613,41.5,-0.0847500041,-39
1391,6.965518,41.5,-0.0847500041,-39
1392,6.970889,41.5,-0.0847500041,-39
1393,6.975785,41.5,-0.0851249993,-40.5
1394,6.980693,41.5,-0.0851249993,-40.5
1395,6.986657,41.5,-0.0851249993,-40.5
1396,6.991555,41.5,-0.0851249993,-40.5
1397,6.996691,41.5,-0.0851249993,-40.5
1398,7.000522,41.5,-0.0851249993,-40.5
1399,7.005414,41.5,-0.0851249993,-40.5
1400,7.010528,41.5,-0.0851249993,-40.5
1401,7.015707,41.5,-0.0851249993,-40.5
1402,7.020616,41.5,-0.0851249993,-40.5
1403,7.025988,41.5,-0.0851249993,-40.5
1404,7.030887,41.5,-0.0851249993,-40.5
1405,7.035793,41.5,-0.0851249993,-40.5
1406,7.041781,41.5,-0.0851249993,-40.5
1407,7.045349,41.5,-0.0851249993,-40.5
1408,7.050470,41.5,-0.0851249993,-40.5
1409,7.055619,41.5,-0.0851249993,-40.5
1410,7.060527,41.5,-0.0851249993,-40.5
1411,7.065924,41.5,-0.0851249993,-40.5
1412,7.071038,41.5,-0.0851249993,-40.5
1413,7.075944,41.5,-0.0855000019,-42
1414,7.081355,41.5,-0.0855000019,-42
1415,7.086261,41.5,-0.0855000019,-42
1416,7.091156,41.5,-0.0855000019,-42
1417,7.097080,41.5,-0.0855000019,-42
1418,7.100651,41.5,-0.0855000019,-42
1419,7.105784,41.5,-0.0855000019,-42
1420,7.110946,41.5,-0.0855000019,-42
1421,7.120833,41.5,-0.0855000019,-42
1422,7.123184,41.5,-0.0855000019,-42
1423,7.126989,41.5,-0.0855000019,-42
1424,7.131899,41.5,-0.0855000019,-42
1425,7.136991,41.5,-0.0855000019,-42
1426,7.140834,41.5,-0.0855000019,-42
1427,7.147575,41.5,-0.0855000019,-42
1428,7.151385,41.5,-0.0855000019,-42
1429,7.156534,41.5,-0.0855000019,-42
1430,7.161442,41.5,-0.0855000019,-42
1431,7.166814,41.5,-0.0855000019,-42
1432,7.171712,41.5,-0.0855000019,-42
1433,7.176617,41.5,-0.0858750045,-43.5
1434,7.182064,41.5,-0.0858750045,-43.5
1435,7.186970,41.5,-0.0858750045,-43.5
1436,7.192089,41.5,-0.0858750045,-43.5
1437,7.195901,41.5,-0.0858750045,-43.5
1438,7.201372,41.5,-0.0858750045,-43.5
1439,7.206750,41.5,-0.0858750045,-43.5
1440,7.211649,41.5,-0.0858750045,-43.5
1441,7.216554,41.5,-0.0858750045,-43.5
1442,7.222000,41.5,-0.0858750045,-43.5
1443,7.226905,41.5,-0.0858750045,-43.5
1444,7.232001,41.5,-0.0858750045,-43.5
1445,7.235840,41.5,-0.0858750045,-43.5
1446,7.240748,41.5,-0.0858750045,-43.5
1447,7.246116,41.5,-0.0858750045,-43.5
1448,7.251564,41.5,-0.0858750045,-43.5
1449,7.256494,41.5,-0.0858750045,-43.5
1450,7.261913,41.5,-0.0858750045,-43.5
1451,7.266819,41.5,-0.0858750045,-43.5
1452,7.271936,41.5,-0.0858750045,-43.5
1453,7.275764,41.5,-0.0862500072,-45
1454,7.282001,41.5,-0.0862500072,-45
1455,7.287353,41.5,-0.0862500072,-45
1456,7.290918,41.5,-0.0862500072,-45
1457,7.295810,41.5,-0.0862500072,-45
1458,7.301763,41.5,-0.0862500072,-45
1459,7.306656,41.5,-0.0862500072,-45
1460,7.312043,41.5,-0.0862500072,-45
1461,7.316939,41.5,-0.0862500072,-45
1462,7.322083,41.5,-0.0862500072,-45
1463,7.325917,41.5,-0.0862500072,-45
1464,7.330826,41.5,-0.0862500072,-45
1465,7.335942,41.5,-0.0862500072,-45
1466,7.341102,41.5,-0.0862500072,-45
1467,7.346006,41.5,-0.0862500072,-45
1468,7.351385,41.5,-0.0862500072,-45
1469,7.356830,41.5,-0.0862500072,-45
1470,7.361738,41.5,-0.0862500072,-45
1471,7.365802,41.5,-0.0862500072,-45
1472,7.372041,41.5,-0.0862500072,-45
1473,7.375829,41.5,-0.0866250023,-46.5
1474,7.380987,41.5,-0.0866250023,-46.5
1475,7.385893,41.5,-0.0866250023,-46.5
1476,7.391271,41.5,-0.0866250023,-46.5
1477,7.396177,41.5,-0.0866250023,-46.5
1478,7.401068,41.5,-0.0866250023,-46.5
1479,7.407007,41.5,-0.0866250023,-46.5
1480,7.411902,41.5,-0.0866250023,-46.5
1481,7.417294,41.5,-0.0866250023,-46.5
1482,7.420859,41.5,-0.0866250023,-46.5
1483,7.425750,41.5,-0.0866250023,-46.5
1484,7.431142,41.5,-0.0866250023,-46.5
1485,7.436031,41.5,-0.0866250023,-46.5
1486,7.441165,41.5,-0.0866250023,-46.5
1487,7.446366,41.5,-0.0866250023,-46.5
1488,7.451276,41.5,-0.0866250023,-46.5
1489,7.456647,41.5,-0.0866250023,-46.5
1490,7.462122,41.5,-0.0866250023,-46.5
1491,7.467036,41.5,-0.0866250023,-46.5
1492,7.471071,41.5,-0.0866250023,-46.5
1493,7.475967,41.5,-0.0870000049,-48
1494,7.480875,41.5,-0.0870000049,-48
1495,7.486330,41.5,-0.0870000049,-48
1496,7.491225,41.5,-0.0870000049,-48
1497,7.496343,41.5,-0.0870000049,-48
1498,7.501495,41.5,-0.0870000049,-48
1499,7.506398,41.5,-0.0870000049,-48
1500,7.511772,41.5,-0.0870000049,-48
1501,7.515879,41.5,-0.0870000049,-48
1502,7.520788,41.5,-0.0870000049,-48
1503,7.526240,41.5,-0.0870000049,-48
1504,7.531136,41.5,-0.0870000049,-48
1505,7.536253,41.5,-0.0870000049,-48
1506,7.541455,41.5,-0.0870000049,-48
1507,7.546360,41.5,-0.0870000049,-48
1508,7.551732,41.5,-0.0870000049,-48
1509,7.556625,41.5,-0.0870000049,-48
1510,7.561719,41.5,-0.0870000049,-48
1511,7.566073,41.5,-0.0870000049,-48
1512,7.570972,41.5,-0.0870000049,-48
1513,7.576361,41.5,-0.0873750001,-49.5
1514,7.581270,41.5,-0.0873750001,-49.5
1515,7.586163,41.5,-0.0873750001,-49.5
1516,7.591601,41.5,-0.0873750001,-49.5
1517,7.596494,41.5,-0.0873750001,-49.5
1518,7.601630,41.5,-0.0873750001,-49.5
1519,7.606785,41.5,-0.0873750001,-49.5
1520,7.611694,41.5,-0.0873750001,-49.5
1521,7.616793,41.5,-0.0873750001,-49.5
1522,7.621951,41.5,-0.0873750001,-49.5
1523,7.626077,41.5,-0.0873750001,-49.5
1524,7.631478,41.5,-0.0873750001,-49.5
1525,7.636374,41.5,-0.0873750001,-49.5
1526,7.641307,41.5,-0.0873750001,-49.5
1527,7.646723,41.5,-0.0873750001,-49.5
1528,7.651618,41.5,-0.0873750001,-49.5
1529,7.656754,41.5,-0.0873750001,-49.5
1530,7.661912,41.5,-0.0873750001,-49.5
1531,7.666818,41.5,-0.0873750001,-49.5
1532,7.670864,41.5,-0.0873750001,-49.5
1533,7.675758,41.5,-0.0873750001,-49.5
1534,7.682502,41.5,-0.0877500027,-51
1535,7.686563,41.5,-0.0877500027,-51
1536,7.691462,41.5,-0.0877500027,-51
1537,7.696392,41.5,-0.0877500027,-51
1538,7.701837,41.5,-0.0877500027,-51
1539,7.706742,41.5,-0.0877500027,-51
1540,7.711877,41.5,-0.0877500027,-51
1541,7.717033,41.5,-0.0877500027,-51
1542,7.721942,41.5,-0.0877500027,-51
1543,7.727296,41.5,-0.0877500027,-51
1544,7.730861,41.5,-0.0877500027,-51
1545,7.735752,41.5,-0.0877500027,-51
1546,7.741705,41.5,-0.0877500027,-51
1547,7.746601,41.5,-0.0877500027,-51
1548,7.751718,41.5,-0.0877500027,-51
1549,7.756869,41.5,-0.0877500027,-51
1550,7.761777,41.5,-0.0877500027,-51
1551,7.765823,41.5,-0.0877500027,-51
1552,7.772062,41.5,-0.0877500027,-51
1553,7.777193,41.5,-0.0881250054,-52.5
1554,7.781001,41.5,-0.0881250054,-52.5
1555,7.785907,41.5,-0.0881250054,-52.5
1556,7.790803,41.5,-0.0881250054,-52.5
1557,7.796754,41.5,-0.0881250054,-52.5
1558,7.801653,41.5,-0.0881250054,-52.5
1559,7.807035,41.5,-0.0881250054,-52.5
1560,7.811934,41.5,-0.0881250054,-52.5
1561,7.817072,41.5,-0.0881250054,-52.5
1562,7.820887,41.5,-0.0881250054,-52.5
1563,7.825793,41.5,-0.0881250054,-52.5
1564,7.831188,41.5,-0.0881250054,-52.5
1565,7.836077,41.5,-0.0881250054,-52.5
1566,7.841227,41.5,-0.0881250054,-52.5
1567,7.846398,41.5,-0.0881250054,-52.5
1568,7.851824,41.5,-0.0881250054,-52.5
1569,7.857187,41.5,-0.0881250054,-52.5
1570,7.860751,41.5,-0.0881250054,-52.5
1571,7.866984,41.5,-0.0881250054,-52.5
1572,7.871028,41.5,-0.0881250054,-52.5
1573,7.875923,41.5,-0.0881250054,-52.5
1574,7.880832,41.5,-0.0885000005,-54
1575,7.886286,41.5,-0.0885000005,-54
1576,7.891182,41.5,-0.0885000005,-54
1577,7.896296,41.5,-0.0885000005,-54
1578,7.902002,41.5,-0.0885000005,-54
1579,7.906908,41.5,-0.0885000005,-54
1580,7.910953,41.5,-0.0885000005,-54
1581,7.915848,41.5,-0.0885000005,-54
1582,7.920756,41.5,-0.0885000005,-54
1583,7.926222,41.5,-0.0885000005,-54
1584,7.931117,41.5,-0.0885000005,-54
1585,7.936235,41.5,-0.0885000005,-54
1586,7.941387,41.5,-0.0885000005,-54
1587,7.946292,41.5,-0.0885000005,-54
1588,7.951689,41.5,-0.0885000005,-54
1589,7.955813,41.5,-0.0885000005,-54
1590,7.962280,41.5,-0.0885000005,-54
1591,7.966088,41.5,-0.0885000005,-54
1592,7.970997,41.5,-0.0885000005,-54
1593,7.976368,41.5,-0.0888750032,-55.5
1594,7.981277,41.5,-0.0888750032,-55.5
1595,7.986169,41.5,-0.0888750032,-55.5
1596,7.991608,41.5,-0.0888750032,-55.5
1597,7.996501,41.5,-0.0888750032,-55.5
1598,8.001612,41.5,-0.0888750032,-55.5
1599,8.006792,41.5,-0.0888750032,-55.5
1600,8.010870,41.5,-0.0888750032,-55.5
1601,8.016253,41.5,-0.0888750032,-55.5
1602,8.021162,41.5,-0.0888750032,-55.5
1603,8.026051,41.5,-0.0888750032,-55.5
1604,8.031469,41.5,-0.0888750032,-55.5
1605,8.036362,41.5,-0.0888750032,-55.5
1606,8.041497,41.5,-0.0888750032,-55.5
1607,8.046652,41.5,-0.0888750032,-55.5
1608,8.051561,41.5,-0.0888750032,-55.5
1609,8.056933,41.5,-0.0888750032,-55.5
1610,8.061831,41.5,-0.0888750032,-55.5
1611,8.066957,41.5,-0.0888750032,-55.5
1612,8.071306,41.5,-0.0888750032,-55.5
1613,8.076212,41.5,-0.0888750032,-55.5
1614,8.081339,41.5,-0.0892500058,-57
1615,8.086731,41.5,-0.0892500058,-57
1616,8.091639,41.5,-0.0892500058,-57
1617,8.096747,41.5,-0.0892500058,-57
1618,8.101954,41.5,-0.0892500058,-57
1619,8.106860,41.5,-0.0892500058,-57
1620,8.112239,41.5,-0.0892500058,-57
1621,8.122248,41.5,-0.0892500058,-57
1622,8.124674,41.5,-0.0892500058,-57
1623,8.128557,41.5,-0.0892500058,-57
1624,8.133456,41.5,-0.0892500058,-57
1625,8.138373,40,-0.0892500058,-57
1626,8.142426,40,-0.0892500058,-57
1627,8.147331,40,-0.0892500058,-57
1628,8.152227,40,-0.0892500058,-57
1629,8.157678,40,-0.0892500058,-57
1630,8.162574,40,-0.0892500058,-57
1631,8.167709,40,-0.0892500058,-57
1632,8.172868,40,-0.0892500058,-57
1633,8.178341,40,-0.0142500009,-57
1634,8.183721,40,-0.0142500009,-57
1635,8.187287,40,-0.0142500009,-57
1636,8.193523,40,-0.0142500009,-57
1637,8.197594,40,-0.0142500009,-57
1638,8.202490,40,-0.0142500009,-57
1639,8.207419,40,-0.0142500009,-57
1640,8.212837,40,-0.0142500009,-57
1641,8.217742,40,-0.0142500009,-57
1642,8.222858,40,-0.0142500009,-57
1643,8.228634,40,-0.0142500009,-57
1644,8.233530,40,-0.0142500009,-57
1645,8.237594,40,-0.0142500009,-57
1646,8.242493,40,-0.0142500009,-57
1647,8.247615,40,-0.0142500009,-57
1648,8.252790,40,-0.0142500009,-57
1649,8.257695,40,-0.0142500009,-57
1650,8.263067,40,-0.0142500009,-57
1651,8.267962,40,-0.0142500009,-57
1652,8.272871,40,-0.0142500009,-57
1653,8.278809,40,-0.0142500009,-57
1654,8.282380,40,-0.0142500009,-57
1655,8.287272,40,-0.0142500009,-57
1656,8.292724,40,-0.0142500009,-57
1657,8.297617,40,-0.0142500009,-57
1658,8.302731,40,-0.0142500009,-57
1659,8.307910,40,-0.0142500009,-57
1660,8.312819,40,-0.0142500009,-57
1661,8.318198,40,-0.0142500009,-57
1662,8.323090,40,-0.0142500009,-57
1663,8.327995,40,-0.0142500009,-57
1664,8.333933,40,-0.0142500009,-57
1665,8.337499,40,-0.0142500009,-57
1666,8.342615,40,-0.0142500009,-57
1667,8.347771,40,-0.0142500009,-57
1668,8.352679,40,-0.0142500009,-57
1669,8.358052,40,-0.0142500009,-57
1670,8.362951,40,-0.0142500009,-57
1671,8.367856,40,-0.0142500009,-57
1672,8.373296,40,-0.0142500009,-57
1673,8.378189,40,-0.0142500009,-57
1674,8.383574,40,-0.0142500009,-57
1675,8.387698,40,-0.0142500009,-57
1676,8.392594,40,-0.0142500009,-57
1677,8.398023,40,-0.0142500009,-57
1678,8.402932,40,-0.0142500009,-57
1679,8.408049,40,-0.0142500009,-57
1680,8.413229,40,-0.0142500009,-57
1681,8.418134,40,-0.0142500009,-57
1682,8.423509,40,-0.0142500009,-57
1683,8.428405,40,-0.0142500009,-57
1684,8.433847,40,-0.0142500009,-57
1685,8.437883,40,-0.0142500009,-57
1686,8.442782,40,-0.0142500009,-57
1687,8.447687,40,-0.0142500009,-57
1688,8.453141,40,-0.0142500009,-57
1689,8.458030,40,-0.0142500009,-57
1690,8.463130,40,-0.0142500009,-57
1691,8.468303,40,-0.0142500009,-57
1692,8.473212,40,-0.0142500009,-57
1693,8.478584,40,-0.0142500009,-57
1694,8.483480,40,-0.0142500009,-57
1695,8.487615,40,-0.0142500009,-57
1696,8.493033,40,-0.0142500009,-57
1697,8.497939,40,-0.0142500009,-57
1698,8.503058,40,-0.0142500009,-57
1699,8.508214,40,-0.0142500009,-57
1700,8.513123,40,-0.0142500009,-57
1701,8.518494,40,-0.0142500009,-57
1702,8.523393,40,-0.0142500009,-57
1703,8.528298,40,-0.0142500009,-57
1704,8.532349,40,-0.0142500009,-57
1705,8.537255,40,-0.0142500009,-57
1706,8.542382,40,-0.0142500009,-57
1707,8.548100,40,-0.0142500009,-57
1708,8.553007,40,-0.0142500009,-57
1709,8.558362,40,-0.0142500009,-57
1710,8.563271,40,-0.0142500009,-57
1711,8.568387,40,-0.0142500009,-57
1712,8.572220,40,-0.0142500009,-57
1713,8.578452,40,-0.0142500009,-57
1714,8.583828,40,-0.0142500009,-57
1715,8.587396,40,-0.0142500009,-57
1716,8.592291,40,-0.0142500009,-57
1717,8.597700,40,-0.0142500009,-57
1718,8.603136,40,-0.0142500009,-57
1719,8.608050,40,-0.0142500009,-57
1720,8.613485,40,-0.0142500009,-57
1721,8.618377,40,-0.0142500009,-57
1722,8.623516,40,-0.0142500009,-57
1723,8.627345,40,-0.0142500009,-57
1724,8.632240,40,-0.0142500009,-57
1725,8.637361,40,-0.0142500009,-57
1726,8.642513,40,-0.0142500009,-57
1727,8.647417,40,-0.0142500009,-57
1728,8.652843,40,-0.0142500009,-57
1729,8.658291,40,-0.0142500009,-57
1730,8.663724,40,-0.0142500009,-57
1731,8.667290,40,-0.0142500009,-57
1732,8.673525,40,-0.0142500009,-57
1733,8.677572,40,-0.0142500009,-57
1734,8.682472,40,-0.0142500009,-57
1735,8.687376,40,-0.0142500009,-57
1736,8.692818,40,-0.0142500009,-57
1737,8.697723,40,-0.0142500009,-57
1738,8.702862,40,-0.0142500009,-57
1739,8.708018,40,-0.0142500009,-57
1740,8.713491,40,-0.0142500009,-57
1741,8.717547,40,-0.0142500009,-57
1742,8.722447,40,-0.0142500009,-57
1743,8.727352,40,-0.0142500009,-57
1744,8.732816,40,-0.0142500009,-57
1745,8.737708,40,-0.0142500009,-57
1746,8.743095,40,-0.0142500009,-57
1747,8.747990,40,-0.0142500009,-57
1748,8.752923,40,-0.0142500009,-57
1749,8.758364,40,-0.0142500009,-57
1750,8.762444,40,-0.0142500009,-57
1751,8.767576,40,-0.0142500009,-57
1752,8.772728,40,-0.0142500009,-57
1753,8.777633,40,-0.0142500009,-57
1754,8.783005,40,-0.0142500009,-57
1755,8.787901,40,-0.0142500009,-57
1756,8.792834,40,-0.0142500009,-57
1757,8.798275,40,-0.0142500009,-57
1758,8.803170,40,-0.0142500009,-57
1759,8.808084,40,-0.0142500009,-57
1760,8.813986,40,-0.0142500009,-57
1761,8.817555,40,-0.0142500009,-57
1762,8.822451,40,-0.0142500009,-57
1763,8.827860,40,-0.0142500009,-57
1764,8.832768,40,-0.0142500009,-57
1765,8.838136,40,-0.0142500009,-57
1766,8.843028,40,-0.0142500009,-57
1767,8.847958,40,-0.0142500009,-57
1768,8.853398,40,-0.0142500009,-57
1769,8.858291,40,-0.0142500009,-57
1770,8.863412,40,-0.0142500009,-57
1771,8.867734,40,-0.0142500009,-57
1772,8.872634,40,-0.0142500009,-57
1773,8.878015,40,-0.0142500009,-57
1774,8.882914,40,-0.0142500009,-57
1775,8.887845,40,-0.0142500009,-57
1776,8.893335,40,-0.0142500009,-57
1777,8.898227,40,-0.0142500009,-57
1778,8.903362,40,-0.0142500009,-57
1779,8.908521,40,-0.0142500009,-57
1780,8.913429,40,-0.0142500009,-57
1781,8.918810,40,-0.0142500009,-57
1782,8.922909,40,-0.0142500009,-57
1783,8.927815,40,-0.0142500009,-57
1784,8.933270,40,-0.0142500009,-57
1785,8.938163,40,-0.0142500009,-57
1786,8.943283,40,-0.0142500009,-57
1787,8.948432,40,-0.0142500009,-57
1788,8.953341,40,-0.0142500009,-57
1789,8.958640,40,-0.0142500009,-57
1790,8.962468,40,-0.0142500009,-57
1791,8.967361,40,-0.0142500009,-57
1792,8.972479,40,-0.0142500009,-57
1793,8.978165,40,-0.0142500009,-57
1794,8.983057,40,-0.0142500009,-57
1795,8.988442,40,-0.0142500009,-57
1796,8.993341,40,-0.0142500009,-57
1797,8.998258,40,-0.0142500009,-57
1798,9.002268,40,-0.0142500009,-57
1799,9.008501,40,-0.0142500009,-57
1800,9.012292,40,-0.0142500009,-57
1801,9.017444,40,-0.0142500009,-57
1802,9.022352,40,-0.0142500009,-57
1803,9.027724,40,-0.0142500009,-57
1804,9.033181,40,-0.0142500009,-57
1805,9.038315,40,-0.0142500009,-57
1806,9.043467,40,-0.0142500009,-57
1807,9.048372,40,-0.0142500009,-57
1808,9.053747,40,-0.0142500009,-57
1809,9.057313,40,-0.0142500009,-57
1810,9.062209,40,-0.0142500009,-57
1811,9.067640,40,-0.0142500009,-57
1812,9.072536,40,-0.0142500009,-57
1813,9.077647,40,-0.0142500009,-57
1814,9.083359,40,-0.0142500009,-57
1815,9.088264,40,-0.0142500009,-57
1816,9.092313,40,-0.0142500009,-57
1817,9.097219,40,-0.0142500009,-57
1818,9.103670,40,-0.0142500009,-57
1819,9.107758,40,-0.0142500009,-57
1820,9.112655,40,-0.0142500009,-57
1821,9.122358,40,-0.0142500009,-57
1822,9.124664,40,-0.0142500009,-57
1823,9.128518,40,-0.0142500009,-57
1824,9.133437,40,-0.0142500009,-57
1825,9.137542,40,-0.0142500009,-57
1826,9.142988,40,-0.0142500009,-57
1827,9.147894,40,-0.0142500009,-57
1828,9.153268,40,-0.0142500009,-57
1829,9.158173,40,-0.0142500009,-57
1830,9.163065,40,-0.0142500009,-57
1831,9.168480,40,-0.0142500009,-57
1832,9.173376,40,-0.0142500009,-57
1833,9.178484,40,-0.0142500009,-57
1834,9.182340,40,-0.0142500009,-57
1835,9.188572,40,-0.0142500009,-57
1836,9.192355,40,-0.0142500009,-57
1837,9.198058,40,-0.0142500009,-57
1838,9.202966,40,-0.0142500009,-57
1839,9.208405,40,-0.0142500009,-57
1840,9.213300,40,-0.0142500009,-57
1841,9.218669,40,-0.0142500009,-57
1842,9.223565,40,-0.0142500009,-57
1843,9.228494,40,-0.0142500009,-57
1844,9.232542,40,-0.0142500009,-57
1845,9.237438,40,-0.0142500009,-57
1846,9.242346,40,-0.0142500009,-57
1847,9.248281,40,-0.0142500009,-57
1848,9.253190,40,-0.0142500009,-57
1849,9.258555,40,-0.0142500009,-57
1850,9.263451,40,-0.0142500009,-57
1851,9.268356,40,-0.0142500009,-57
1852,9.272385,40,-0.0142500009,-57
1853,9.277290,40,-0.0142500009,-57
1854,9.283755,40,-0.0142500009,-57
1855,9.287583,40,-0.0142500009,-57
1856,9.292480,40,-0.0142500009,-57
1857,9.297593,40,-0.0142500009,-57
1858,9.303315,40,-0.0142500009,-57
1859,9.308208,40,-0.0142500009,-57
1860,9.313624,40,-0.0142500009,-57
1861,9.318517,40,-0.0142500009,-57
1862,9.323616,40,-0.0142500009,-57
1863,9.327469,40,-0.0142500009,-57
1864,9.332365,40,-0.0142500009,-57
1865,9.337479,40,-0.0142500009,-57
1866,9.342637,40,-0.0142500009,-57
1867,9.347542,40,-0.0142500009,-57
1868,9.352939,40,-0.0142500009,-57
1869,9.357834,40,-0.0142500009,-57
1870,9.363322,40,-0.0142500009,-57
1871,9.367369,40,-0.0142500009,-57
1872,9.373605,40,-0.0142500009,-57
1873,9.378740,40,-0.0142500009,-57
1874,9.382568,40,-0.0142500009,-57
1875,9.387461,40,-0.0142500009,-57
1876,9.392850,40,-0.0142500009,-57
1877,9.397744,40,-0.0142500009,-57
1878,9.402652,40,-0.0142500009,-57
1879,9.408099,40,-0.0142500009,-57
1880,9.413521,38.75,-0.0142500009,-57
1881,9.418898,38.75,-0.0142500009,-57
1882,9.422469,38.75,-0.0142500009,-57
1883,9.427362,38.75,-0.0142500009,-57
1884,9.432746,38.75,-0.0142500009,-57
1885,9.437639,38.75,-0.0142500009,-57
1886,9.442547,38.75,-0.0142500009,-57
1887,9.447988,38.75,-0.0142500009,-57
1888,9.452897,38.75,-0.0142500009,-57
1889,9.457814,38.75,-0.0142500009,-57
1890,9.463243,38.75,-0.0142500009,-57
1891,9.467362,38.75,-0.0142500009,-57
1892,9.472478,38.75,-0.0142500009,-57
1893,9.477629,38.75,0.0485625006,-57
1894,9.482537,38.75,0.0485625006,-55.75
1895,9.487963,38.75,0.0485625006,-55.75
1896,9.492872,38.75,0.0485625006,-55.75
1897,9.497996,38.75,0.0485625006,-55.75
1898,9.503202,38.75,0.0485625006,-55.75
1899,9.508091,38.75,0.0485625006,-55.75
1900,9.513482,38.75,0.0485625006,-55.75
1901,9.517539,38.75,0.0485625006,-55.75
1902,9.522436,38.75,0.0485625006,-55.75
1903,9.527884,38.75,0.0485625006,-55.75
1904,9.532793,38.75,0.0485625006,-55.75
1905,9.537907,38.75,0.0485625006,-55.75
1906,9.543066,38.75,0.0485625006,-55.75
1907,9.547972,38.75,0.0485625006,-55.75
1908,9.553413,38.75,0.0485625006,-55.75
1909,9.558305,38.75,0.0485625006,-55.75
1910,9.563432,38.75,0.0485625006,-55.75
1911,9.569117,38.75,0.0485625006,-55.75
1912,9.572681,38.75,0.0485625006,-55.75
1913,9.578040,38.75,0.0488750003,-54.5
1914,9.582939,38.75,0.0488750003,-54.5
1915,9.588076,38.75,0.0488750003,-54.5
1916,9.593282,38.75,0.0488750003,-54.5
1917,9.598188,38.75,0.0488750003,-54.5
1918,9.603562,38.75,0.0488750003,-54.5
1919,9.608458,38.75,0.0488750003,-54.5
1920,9.613367,38.75,0.0488750003,-54.5
1921,9.617439,38.75,0.0488750003,-54.5
1922,9.622833,38.75,0.0488750003,-54.5
1923,9.627962,38.75,0.0488750003,-54.5
1924,9.633137,38.75,0.0488750003,-54.5
1925,9.638026,38.75,0.0488750003,-54.5
1926,9.643405,38.75,0.0488750003,-54.5
1927,9.648311,38.75,0.0488750003,-54.5
1928,9.653230,38.75,0.0488750003,-54.5
1929,9.658643,38.75,0.0488750003,-54.5
1930,9.663538,38.75,0.0488750003,-54.5
1931,9.668921,38.75,0.0488750003,-54.5
1932,9.672493,38.75,0.0488750003,-54.5
1933,9.677385,38.75,0.0488750003,-54.5
1934,9.683344,38.75,0.0491875,-53.25
1935,9.688250,38.75,0.0491875,-53.25
1936,9.693377,38.75,0.0491875,-53.25
1937,9.698527,38.75,0.0491875,-53.25
1938,9.703434,38.75,0.0491875,-53.25
1939,9.708807,38.75,0.0491875,-53.25
1940,9.712378,38.75,0.0491875,-53.25
1941,9.717270,38.75,0.0491875,-53.25
1942,9.722725,38.75,0.0491875,-53.25
1943,9.727617,38.75,0.0491875,-53.25
1944,9.733056,38.75,0.0491875,-53.25
1945,9.738464,38.75,0.0491875,-53.25
1946,9.743359,38.75,0.0491875,-53.25
1947,9.748742,38.75,0.0491875,-53.25
1948,9.752311,38.75,0.0491875,-53.25
1949,9.758568,38.75,0.0491875,-53.25
1950,9.762615,38.75,0.0491875,-53.25
1951,9.767508,38.75,0.0491875,-53.25
1952,9.772415,38.75,0.0491875,-53.25
1953,9.777835,38.75,0.0494999997,-53.25
1954,9.782742,38.75,0.0494999997,-52
1955,9.788163,38.75,0.0494999997,-52
1956,9.793588,38.75,0.0494999997,-52
1957,9.798481,38.75,0.0494999997,-52
1958,9.803619,38.75,0.0494999997,-52
1959,9.807447,38.75,0.0494999997,-52
1960,9.812343,38.75,0.0494999997,-52
1961,9.817436,38.75,0.0494999997,-52
1962,9.822615,38.75,0.0494999997,-52
1963,9.827521,38.75,0.0494999997,-52
1964,9.832892,38.75,0.0494999997,-52
1965,9.837788,38.75,0.0494999997,-52
1966,9.842696,38.75,0.0494999997,-52
1967,9.848685,38.75,0.0494999997,-52
1968,9.853583,38.75,0.0494999997,-52
1969,9.858703,38.75,0.0494999997,-52
1970,9.862546,38.75,0.0494999997,-52
1971,9.867439,38.75,0.0494999997,-52
1972,9.872530,38.75,0.0494999997,-52
1973,9.877711,38.75,0.0494999997,-52
1974,9.882619,38.75,0.0498124994,-50.75
1975,9.887992,38.75,0.0498124994,-50.75
1976,9.892891,38.75,0.0498124994,-50.75
1977,9.897796,38.75,0.0498124994,-50.75
1978,9.903809,38.75,0.0498124994,-50.75
1979,9.907377,38.75,0.0498124994,-50.75
1980,9.912505,38.75,0.0498124994,-50.75
1981,9.917672,38.75,0.0498124994,-50.75
1982,9.922580,38.75,0.0498124994,-50.75
1983,9.927680,38.75,0.0498124994,-50.75
1984,9.932864,38.75,0.0498124994,-50.75
1985,9.937769,38.75,0.0498124994,-50.75
1986,9.943147,38.75,0.0498124994,-50.75
1987,9.948036,38.75,0.0498124994,-50.75
1988,9.953742,38.75,0.0498124994,-50.75
1989,9.957581,38.75,0.0498124994,-50.75
1990,9.962478,38.75,0.0498124994,-50.75
1991,9.967600,38.75,0.0498124994,-50.75
1992,9.972749,38.75,0.0498124994,-50.75
1993,9.977654,38.75,0.0498124994,-50.75
1994,9.983027,38.75,0.0501249991,-49.5
1995,9.987922,38.75,0.0501249991,-49.5
1996,9.992831,38.75,0.0501249991,-49.5
1997,9.998321,38.75,0.0501249991,-49.5
1998,10.002442,38.75,0.0501249991,-49.5
1999,10.007552,38.75,0.0501249991,-49.5
2000,10.012735,38.75,0.0501249991,-49.5
2001,10.017640,38.75,0.0501249991,-49.5
2002,10.023012,38.75,0.0501249991,-49.5
2003,10.027908,38.75,0.0501249991,-49.5
2004,10.032817,38.75,0.0501249991,-49.5
2005,10.038257,38.75,0.0501249991,-49.5
2006,10.043152,38.75,0.0501249991,-49.5
2007,10.048269,38.75,0.0501249991,-49.5
2008,10.053443,38.75,0.0501249991,-49.5
2009,10.057538,38.75,0.0501249991,-49.5
2010,10.062973,38.75,0.0501249991,-49.5
2011,10.067868,38.75,0.0501249991,-49.5
2012,10.072776,38.75,0.0501249991,-49.5
2013,10.078218,38.75,0.0504374988,-49.5
2014,10.083113,38.75,0.0504374988,-48.25
2015,10.088231,38.75,0.0504374988,-48.25
2016,10.093379,38.75,0.0504374988,-48.25
2017,10.098284,38.75,0.0504374988,-48.25
2018,10.103657,38.75,0.0504374988,-48.25
2019,10.107716,38.75,0.0504374988,-48.25
2020,10.112613,38.75,0.0504374988,-48.25
2021,10.124195,38.75,0.0504374988,-48.25
2022,10.126416,38.75,0.0504374988,-48.25
2023,10.130322,38.75,0.0504374988,-48.25
2024,10.134406,38.75,0.0504374988,-48.25
2025,10.139301,38.75,0.0504374988,-48.25
2026,10.144210,38.75,0.0504374988,-48.25
2027,10.149631,38.75,0.0504374988,-48.25
2028,10.154527,38.75,0.0504374988,-48.25
2029,10.159662,38.75,0.0504374988,-48.25
2030,10.165346,38.75,0.0504374988,-48.25
2031,10.170255,38.75,0.0504374988,-48.25
2032,10.175673,38.75,0.0504374988,-48.25
2033,10.179239,38.75,0.0507499985,-47
2034,10.185687,38.75,0.0507499985,-47
2035,10.189513,38.75,0.0507499985,-47
2036,10.194409,38.75,0.0507499985,-47
2037,10.199534,38.75,0.0507499985,-47
2038,10.204703,38.75,0.0507499985,-47
2039,10.209608,38.75,0.0507499985,-47
2040,10.214984,38.75,0.0507499985,-47
2041,10.220438,38.75,0.0507499985,-47
2042,10.225563,38.75,0.0507499985,-47
2043,10.229399,38.75,0.0507499985,-47
2044,10.234295,38.75,0.0507499985,-47
2045,10.239415,38.75,0.0507499985,-47
2046,10.244589,38.75,0.0507499985,-47
2047,10.249494,38.75,0.0507499985,-47
2048,10.254622,38.75,0.0507499985,-47
2049,10.259777,38.75,0.0507499985,-47
2050,10.264685,38.75,0.0507499985,-47
2051,10.270058,38.75,0.0507499985,-47
2052,10.275509,38.75,0.0507499985,-47
2053,10.280416,38.75,0.0510624982,-45.75
2054,10.284457,38.75,0.0510624982,-45.75
2055,10.289352,38.75,0.0510624982,-45.75
2056,10.294472,38.75,0.0510624982,-45.75
2057,10.299638,38.75,0.0510624982,-45.75
2058,10.304546,38.75,0.0510624982,-45.75
2059,10.309918,38.75,0.0510624982,-45.75
2060,10.314817,38.75,0.0510624982,-45.75
2061,10.319722,38.75,0.0510624982,-45.75
2062,10.325711,38.75,0.0510624982,-45.75
2063,10.329279,38.75,0.0510624982,-45.75
2064,10.334400,38.75,0.0510624982,-45.75
2065,10.339549,38.75,0.0510624982,-45.75
2066,10.344457,38.75,0.0510624982,-45.75
2067,10.349883,38.75,0.0510624982,-45.75
2068,10.354791,38.75,0.0510624982,-45.75
2069,10.359895,38.75,0.0510624982,-45.75
2070,10.365046,38.75,0.0510624982,-45.75
2071,10.369952,38.75,0.0510624982,-45.75
2072,10.375359,38.75,0.0510624982,-45.75
2073,10.379475,38.75,0.0513750017,-44.5
2074,10.384371,38.75,0.0513750017,-44.5
2075,10.389795,38.75,0.0513750017,-44.5
2076,10.394691,38.75,0.0513750017,-44.5
2077,10.399802,38.75,0.0513750017,-44.5
2078,10.405006,38.75,0.0513750017,-44.5
2079,10.409912,38.75,0.0513750017,-44.5
2080,10.415357,38.75,0.0513750017,-44.5
2081,10.420253,38.75,0.0513750017,-44.5
2082,10.425378,38.75,0.0513750017,-44.5
2083,10.429226,38.75,0.0513750017,-44.5
2084,10.434651,38.75,0.0513750017,-44.5
2085,10.440034,38.75,0.0513750017,-44.5
2086,10.444933,38.75,0.0513750017,-44.5
2087,10.449839,38.75,0.0513750017,-44.5
2088,10.455329,38.75,0.0513750017,-44.5
2089,10.460224,38.75,0.0513750017,-44.5
2090,10.465338,38.75,0.0513750017,-44.5
2091,10.470494,38.75,0.0513750017,-44.5
2092,10.475398,38.75,0.0513750017,-44.5
2093,10.479448,38.75,0.0516875014,-43.25
2094,10.484347,38.75,0.0516875014,-43.25
2095,10.489253,38.75,0.0516875014,-43.25
2096,10.495269,38.75,0.0516875014,-43.25
2097,10.500177,38.75,0.0516875014,-43.25
2098,10.505303,38.75,0.0516875014,-43.25
2099,10.510455,38.75,0.0516875014,-43.25
2100,10.515360,38.75,0.0516875014,-43.25
2101,10.520731,38.75,0.0516875014,-43.25
2102,10.524300,38.75,0.0516875014,-43.25
2103,10.529193,38.75,0.0516875014,-43.25
2104,10.534579,38.75,0.0516875014,-43.25
2105,10.539476,38.75,0.0516875014,-43.25
2106,10.544383,38.75,0.0516875014,-43.25
2107,10.550321,38.75,0.0516875014,-43.25
2108,10.555227,38.75,0.0516875014,-43.25
2109,10.560355,38.75,0.0516875014,-43.25
2110,10.565500,38.75,0.0516875014,-43.25
2111,10.570408,38.75,0.0516875014,-43.25
2112,10.575781,38.75,0.0516875014,-43.25
2113,10.579346,38.75,0.0520000011,-42
2114,10.584242,38.75,0.0520000011,-42
2115,10.589674,38.75,0.0520000011,-42
2116,10.594569,38.75,0.0520000011,-42
2117,10.599705,38.75,0.0520000011,-42
2118,10.605430,38.75,0.0520000011,-42
2119,10.610326,38.75,0.0520000011,-42
2120,10.614372,38.75,0.0520000011,-42
2121,10.619277,38.75,0.0520000011,-42
2122,10.625728,38.75,0.0520000011,-42
2123,10.629556,38.75,0.0520000011,-42
2124,10.634452,38.75,0.0520000011,-42
2125,10.639566,38.75,0.0520000011,-42
2126,10.644721,38.75,0.0520000011,-42
2127,10.649626,38.75,0.0520000011,-42
2128,10.655001,38.75,0.0520000011,-42
2129,10.660456,38.75,0.0520000011,-42
2130,10.665564,38.75,0.0520000011,-42
2131,10.669392,38.75,0.0520000011,-42
2132,10.674288,38.75,0.0520000011,-42
2133,10.679673,38.75,0.0523125008,-40.75
2134,10.684570,38.75,0.0523125008,-40.75
2135,10.689710,38.375,0.0523125008,-40.75
2136,10.694865,38.375,0.0523125008,-40.75
2137,10.699770,38.375,0.0523125008,-40.75
2138,10.705152,38.375,0.0523125008,-40.75
2139,10.709248,38.375,0.0523125008,-40.75
2140,10.715508,38.375,0.0523125008,-40.75
2141,10.719569,38.375,0.0523125008,-40.75
2142,10.724468,38.375,0.0523125008,-40.75
2143,10.729374,38.375,0.0523125008,-40.75
2144,10.734803,38.375,0.0523125008,-40.75
2145,10.739695,38.375,0.0523125008,-40.75
2146,10.744834,38.375,0.0523125008,-40.75
2147,10.749990,38.375,0.0523125008,-40.75
2148,10.754899,38.375,0.0523125008,-40.75
2149,10.760849,38.375,0.0523125008,-40.75
2150,10.764416,38.375,0.0523125008,-40.75
2151,10.769333,38.375,0.0523125008,-40.75
2152,10.774739,38.375,0.0523125008,-40.75
2153,10.779631,38.375,0.0714687556,-39.125
2154,10.784770,38.375,0.0714687556,-39.125
2155,10.789925,38.375,0.0714687556,-39.125
2156,10.794834,38.375,0.0714687556,-39.125
2157,10.800216,38.375,0.0714687556,-39.125
2158,10.805105,38.375,0.0714687556,-39.125
2159,10.810009,38.375,0.0714687556,-39.125
2160,10.815973,38.375,0.0714687556,-39.125
2161,10.819539,38.375,0.0714687556,-39.125
2162,10.824655,38.375,0.0714687556,-39.125
2163,10.829811,38.375,0.0714687556,-39.125
2164,10.834719,38.375,0.0714687556,-39.125
2165,10.840165,38.375,0.0714687556,-39.125
2166,10.845053,38.375,0.0714687556,-39.125
2167,10.850432,38.375,0.0714687556,-39.125
2168,10.855338,38.375,0.0714687556,-39.125
2169,10.860234,38.375,0.0714687556,-39.125
2170,10.864281,38.375,0.0714687556,-39.125
2171,10.870517,38.375,0.0714687556,-39.125
2172,10.874646,38.375,0.0714687556,-39.125
2173,10.880088,38.375,0.071875006,-37.5
2174,10.884997,38.375,0.071875006,-37.5
2175,10.890090,38.375,0.071875006,-37.5
2176,10.895272,38.375,0.071875006,-37.5
2177,10.900181,38.375,0.071875006,-37.5
2178,10.905550,38.375,0.071875006,-37.5
2179,10.910449,38.375,0.071875006,-37.5
2180,10.915354,38.375,0.071875006,-37.5
2181,10.919429,38.375,0.071875006,-37.5
2182,10.924888,38.375,0.071875006,-37.5
2183,10.930034,38.375,0.071875006,-37.5
2184,10.935205,38.375,0.071875006,-37.5
2185,10.940094,38.375,0.071875006,-37.5
2186,10.945461,38.375,0.071875006,-37.5
2187,10.950360,38.375,0.071875006,-37.5
2188,10.955265,38.375,0.071875006,-37.5
2189,10.959365,38.375,0.071875006,-37.5
2190,10.964274,38.375,0.071875006,-37.5
2191,10.970786,38.375,0.071875006,-37.5
2192,10.974614,38.375,0.071875006,-37.5
2193,10.979507,38.375,0.0722812563,-35.875
2194,10.985207,38.375,0.0722812563,-35.875
2195,10.990358,38.375,0.0722812563,-35.875
2196,10.995264,38.375,0.0722812563,-35.875
2197,11.000635,38.375,0.0722812563,-35.875
2198,11.004201,38.375,0.0722812563,-35.875
2199,11.010645,38.375,0.0722812563,-35.875
2200,11.014475,38.375,0.0722812563,-35.875
2201,11.019367,38.375,0.0722812563,-35.875
2202,11.024291,38.375,0.0722812563,-35.875
2203,11.029691,38.375,0.0722812563,-35.875
2204,11.034587,38.375,0.0722812563,-35.875
2205,11.039698,38.375,0.0722812563,-35.875
2206,11.045448,38.375,0.0722812563,-35.875
2207,11.050344,38.375,0.0722812563,-35.875
2208,11.054436,38.375,0.0722812563,-35.875
2209,11.059332,38.375,0.0722812563,-35.875
2210,11.064240,38.375,0.0722812563,-35.875
2211,11.069677,38.375,0.0722812563,-35.875
2212,11.074573,38.375,0.0722812563,-35.875
2213,11.079709,38.375,0.0726875067,-34.25
2214,11.084864,38.375,0.0726875067,-34.25
2215,11.089769,38.375,0.0726875067,-34.25
2216,11.095723,38.375,0.0726875067,-34.25
2217,11.099292,38.375,0.0726875067,-34.25
2218,11.104216,38.375,0.0726875067,-34.25
2219,11.109613,38.375,0.0726875067,-34.25
2220,11.114509,38.375,0.0726875067,-34.25
2221,11.124540,38.375,0.0726875067,-34.25
2222,11.126854,38.375,0.0726875067,-34.25
2223,11.130731,38.375,0.0726875067,-34.25
2224,11.135624,38.375,0.0726875067,-34.25
2225,11.140532,38.375,0.0726875067,-34.25
2226,11.144574,38.375,0.0726875067,-34.25
2227,11.149470,38.375,0.0726875067,-34.25
2228,11.154922,38.375,0.0726875067,-34.25
2229,11.160616,38.375,0.0726875067,-34.25
2230,11.165509,38.375,0.0726875067,-34.25
2231,11.170416,38.375,0.0726875067,-34.25
2232,11.175834,38.375,0.0726875067,-34.25
2233,11.180742,38.375,0.073093757,-32.625
2234,11.184534,38.375,0.073093757,-32.625
2235,11.189707,38.375,0.073093757,-32.625
2236,11.194615,38.375,0.073093757,-32.625
2237,11.199988,38.375,0.073093757,-32.625
2238,11.204886,38.375,0.073093757,-32.625
2239,11.209792,38.375,0.073093757,-32.625
2240,11.215755,38.375,0.073093757,-32.625
2241,11.220655,38.375,0.073093757,-32.625
2242,11.225789,38.375,0.073093757,-32.625
2243,11.229617,38.375,0.073093757,-32.625
2244,11.234513,38.375,0.073093757,-32.625
2245,11.239899,38.375,0.073093757,-32.625
2246,11.244797,38.375,0.073093757,-32.625
2247,11.249702,38.375,0.073093757,-32.625
2248,11.255165,38.375,0.073093757,-32.625
2249,11.260053,38.375,0.073093757,-32.625
2250,11.265499,38.375,0.073093757,-32.625
2251,11.269536,38.375,0.073093757,-32.625
2252,11.275775,38.375,0.073093757,-32.625
2253,11.280911,38.375,0.0735000074,-31
2254,11.284742,38.375,0.0735000074,-31
2255,11.289635,38.375,0.0735000074,-31
2256,11.294751,38.375,0.0735000074,-31
2257,11.299931,38.375,0.0735000074,-31
2258,11.304839,38.375,0.0735000074,-31
2259,11.310221,38.375,0.0735000074,-31
2260,11.315619,38.375,0.0735000074,-31
2261,11.320516,38.375,0.0735000074,-31
2262,11.324585,38.375,0.0735000074,-31
2263,11.329481,38.375,0.0735000074,-31
2264,11.335937,38.375,0.0735000074,-31
2265,11.339766,38.375,0.0735000074,-31
2266,11.344662,38.375,0.0735000074,-31
2267,11.350047,38.375,0.0735000074,-31
2268,11.354946,38.375,0.0735000074,-31
2269,11.359876,38.375,0.0735000074,-31
2270,11.365317,38.375,0.0735000074,-31
2271,11.370212,38.375,0.0735000074,-31
2272,11.374547,38.375,0.0735000074,-31
2273,11.379702,38.375,0.0739062577,-29.375
2274,11.384610,38.375,0.0739062577,-29.375
2275,11.389983,38.375,0.0739062577,-29.375
2276,11.394881,38.375,0.0739062577,-29.375
2277,11.399786,38.375,0.0739062577,-29.375
2278,11.405252,38.375,0.0739062577,-29.375
2279,11.410147,38.375,0.0739062577,-29.375
2280,11.415261,38.375,0.0739062577,-29.375
2281,11.420416,38.375,0.0739062577,-29.375
2282,11.425322,38.375,0.0739062577,-29.375
2283,11.430694,38.375,0.0739062577,-29.375
2284,11.434818,38.375,0.0739062577,-29.375
2285,11.439713,38.375,0.0739062577,-29.375
2286,11.445213,38.375,0.0739062577,-29.375
2287,11.450101,38.375,0.0739062577,-29.375
2288,11.455201,38.375,0.0739062577,-29.375
2289,11.460377,38.375,0.0739062577,-29.375
2290,11.465282,38.375,0.0739062577,-29.375
2291,11.470655,38.375,0.0739062577,-29.375
2292,11.475547,38.375,0.0739062577,-29.375
2293,11.480456,38.375,0.0743125007,-27.75
2294,11.485857,38.375,0.0743125007,-27.75
2295,11.489976,38.375,0.0743125007,-27.75
2296,11.495104,38.375,0.0743125007,-27.75
2297,11.500263,38.375,0.0743125007,-27.75
2298,11.505169,38.375,0.0743125007,-27.75
2299,11.510588,38.375,0.0743125007,-27.75
2300,11.515481,38.375,0.0743125007,-27.75
2301,11.520578,38.375,0.0743125007,-27.75
2302,11.525757,38.375,0.0743125007,-27.75
2303,11.530665,38.375,0.0743125007,-27.75
2304,11.534712,38.375,0.0743125007,-27.75
2305,11.539605,38.375,0.0743125007,-27.75
2306,11.544538,38.375,0.0743125007,-27.75
2307,11.550479,38.375,0.0743125007,-27.75
2308,11.555375,38.375,0.0743125007,-27.75
2309,11.560760,38.375,0.0743125007,-27.75
2310,11.565653,38.375,0.0743125007,-27.75
2311,11.570585,38.375,0.0743125007,-27.75
2312,11.574608,38.375,0.0743125007,-27.75
2313,11.579501,38.375,0.074718751,-27.75
2314,11.585960,38.375,0.074718751,-26.125
2315,11.589789,38.375,0.074718751,-26.125
2316,11.594685,38.375,0.074718751,-26.125
2317,11.600384,38.375,0.074718751,-26.125
2318,11.605554,38.375,0.074718751,-26.125
2319,11.610462,38.375,0.074718751,-26.125
2320,11.615834,38.375,0.074718751,-26.125
2321,11.620732,38.375,0.074718751,-26.125
2322,11.625637,38.375,0.074718751,-26.125
2323,11.629682,38.375,0.074718751,-26.125
2324,11.634578,38.375,0.074718751,-26.125
2325,11.639483,38.375,0.074718751,-26.125
2326,11.644924,38.375,0.074718751,-26.125
2327,11.649830,38.375,0.074718751,-26.125
2328,11.654923,38.375,0.074718751,-26.125
2329,11.660701,38.375,0.074718751,-26.125
2330,11.665593,38.375,0.074718751,-26.125
2331,11.669657,38.375,0.074718751,-26.125
2332,11.674553,38.375,0.074718751,-26.125
2333,11.679483,38.375,0.074718751,-26.125
2334,11.684910,38.375,0.0751250014,-24.5
2335,11.689816,38.375,0.0751250014,-24.5
2336,11.694908,38.375,0.0751250014,-24.5
2337,11.700088,38.375,0.0751250014,-24.5
2338,11.704997,38.375,0.0751250014,-24.5
2339,11.710379,38.375,0.0751250014,-24.5
2340,11.714493,38.375,0.0751250014,-24.5
2341,11.720728,38.375,0.0751250014,-24.5
2342,11.724792,38.375,0.0751250014,-24.5
2343,11.729688,38.375,0.0751250014,-24.5
2344,11.734818,38.375,0.0751250014,-24.5
2345,11.739974,38.375,0.0751250014,-24.5
2346,11.744882,38.375,0.0751250014,-24.5
2347,11.750239,38.375,0.0751250014,-24.5
2348,11.755144,38.375,0.0751250014,-24.5
2349,11.760033,38.375,0.0751250014,-24.5
2350,11.765979,38.375,0.0751250014,-24.5
2351,11.769547,38.375,0.0751250014,-24.5
2352,11.775783,38.375,0.0751250014,-24.5
2353,11.779841,38.375,0.0755312517,-22.875
2354,11.784739,38.375,0.0755312517,-22.875
2355,11.789868,38.375,0.0755312517,-22.875
2356,11.795023,38.375,0.0755312517,-22.875
2357,11.799929,38.375,0.0755312517,-22.875
2358,11.805285,38.375,0.0755312517,-22.875
2359,11.810194,38.375,0.0755312517,-22.875
2360,11.815661,38.375,0.0755312517,-22.875
2361,11.819727,38.375,0.0755312517,-22.875
2362,11.824624,38.375,0.0755312517,-22.875
2363,11.829528,38.375,0.0755312517,-22.875
2364,11.834969,38.375,0.0755312517,-22.875
2365,11.839875,38.375,0.0755312517,-22.875
2366,11.845246,38.375,0.0755312517,-22.875
2367,11.850154,38.375,0.0755312517,-22.875
2368,11.855043,38.375,0.0755312517,-22.875
2369,11.860486,38.375,0.0755312517,-22.875
2370,11.865886,38.375,0.0755312517,-22.875
2371,11.869664,38.375,0.0755312517,-22.875
2372,11.874819,38.375,0.0755312517,-22.875
2373,11.879724,38.375,0.0759375021,-22.875
2374,11.885170,38.375,0.0759375021,-21.25
2375,11.890058,38.375,0.0759375021,-21.25
2376,11.895169,38.375,0.0759375021,-21.25
2377,11.900346,38.375,0.0759375021,-21.25
2378,11.905251,38.375,0.0759375021,-21.25
2379,11.910622,38.375,0.0759375021,-21.25
2380,11.916031,38.375,0.0759375021,-21.25
2381,11.919599,38.375,0.0759375021,-21.25
2382,11.925021,38.375,0.0759375021,-21.25
2383,11.929928,38.375,0.0759375021,-21.25
2384,11.935044,38.375,0.0759375021,-21.25
2385,11.940206,38.375,0.0759375021,-21.25
2386,11.945095,38.375,0.0759375021,-21.25
2387,11.950458,38.375,0.0759375021,-21.25
2388,11.955354,38.375,0.0759375021,-21.25
2389,11.960262,38.375,0.0759375021,-21.25
2390,11.965833,39.625,0.0759375021,-21.25
2391,11.969957,39.625,0.0759375021,-21.25
2392,11.974866,39.625,0.0759375021,-21.25
2393,11.980319,39.625,0.0135312509,-20.875
2394,11.985211,39.625,0.0135312509,-20.875
2395,11.990594,39.625,0.0135312509,-20.875
2396,11.995490,39.625,0.0135312509,-20.875
2397,12.000398,39.625,0.0135312509,-20.875
2398,12.005825,39.625,0.0135312509,-20.875
2399,12.010733,39.625,0.0135312509,-20.875
2400,12.015870,39.625,0.0135312509,-20.875
2401,12.020209,39.625,0.0135312509,-20.875
2402,12.025098,39.625,0.0135312509,-20.875
2403,12.030480,39.625,0.0135312509,-20.875
2404,12.035375,39.625,0.0135312509,-20.875
2405,12.040284,39.625,0.0135312509,-20.875
2406,12.045724,39.625,0.0135312509,-20.875
2407,12.050620,39.625,0.0135312509,-20.875
2408,12.056002,39.625,0.0135312509,-20.875
2409,12.059571,39.625,0.0135312509,-20.875
2410,12.064467,39.625,0.0135312509,-20.875
2411,12.070428,39.625,0.0135312509,-20.875
2412,12.075333,39.625,0.0135312509,-20.875
2413,12.080458,39.625,0.0136250006,-20.5
2414,12.085608,39.625,0.0136250006,-20.5
2415,12.090516,39.625,0.0136250006,-20.5
2416,12.094562,39.625,0.0136250006,-20.5
2417,12.099458,39.625,0.0136250006,-20.5
2418,12.105901,39.625,0.0136250006,-20.5
2419,12.109753,39.625,0.0136250006,-20.5
2420,12.114649,39.625,0.0136250006,-20.5
2421,12.126005,39.625,0.0136250006,-20.5
2422,12.128327,39.625,0.0136250006,-20.5
2423,12.132182,39.625,0.0136250006,-20.5
2424,12.136295,39.625,0.0136250006,-20.5
2425,12.141190,39.625,0.0136250006,-20.5
2426,12.146614,39.625,0.0136250006,-20.5
2427,12.151509,39.625,0.0136250006,-20.5
2428,12.156621,39.625,0.0136250006,-20.5
2429,12.161804,39.625,0.0136250006,-20.5
2430,12.166709,39.625,0.0136250006,-20.5
2431,12.171858,39.625,0.0136250006,-20.5
2432,12.175922,39.625,0.0136250006,-20.5
2433,12.181389,39.625,0.0137187503,-20.125
2434,12.186525,39.625,0.0137187503,-20.125
2435,12.191680,39.625,0.0137187503,-20.125
2436,12.196585,39.625,0.0137187503,-20.125
2437,12.201710,39.625,0.0137187503,-20.125
2438,12.206866,39.625,0.0137187503,-20.125
2439,12.211774,39.625,0.0137187503,-20.125
2440,12.217153,39.625,0.0137187503,-20.125
2441,12.222045,39.625,0.0137187503,-20.125
2442,12.227459,39.625,0.0137187503,-20.125
2443,12.231520,39.625,0.0137187503,-20.125
2444,12.236415,39.625,0.0137187503,-20.125
2445,12.241325,39.625,0.0137187503,-20.125
2446,12.246754,39.625,0.0137187503,-20.125
2447,12.251649,39.625,0.0137187503,-20.125
2448,12.257032,39.625,0.0137187503,-20.125
2449,12.261930,39.625,0.0137187503,-20.125
2450,12.266836,39.625,0.0137187503,-20.125
2451,12.272276,39.625,0.0137187503,-20.125
2452,12.277169,39.625,0.0137187503,-20.125
2453,12.281528,39.625,0.013812501,-19.75
2454,12.286712,39.625,0.013812501,-19.75
2455,12.291621,39.625,0.013812501,-19.75
2456,12.296993,39.625,0.013812501,-19.75
2457,12.301891,39.625,0.013812501,-19.75
2458,12.307030,39.625,0.013812501,-19.75
2459,12.312189,39.625,0.013812501,-19.75
2460,12.317078,39.625,0.013812501,-19.75
2461,12.322465,39.625,0.013812501,-19.75
2462,12.326015,39.625,0.013812501,-19.75
2463,12.330923,39.625,0.013812501,-19.75
2464,12.336864,39.625,0.013812501,-19.75
2465,12.341761,39.625,0.013812501,-19.75
2466,12.346667,39.625,0.013812501,-19.75
2467,12.352122,39.625,0.013812501,-19.75
2468,12.357011,39.625,0.013812501,-19.75
2469,12.362383,39.625,0.013812501,-19.75
2470,12.365945,39.625,0.013812501,-19.75
2471,12.372209,39.625,0.013812501,-19.75
2472,12.376231,39.625,0.013812501,-19.75
2473,12.381139,39.625,0.0139062507,-19.375
2474,12.386801,39.625,0.0139062507,-19.375
2475,12.391984,39.625,0.0139062507,-19.375
2476,12.396890,39.625,0.0139062507,-19.375
2477,12.402307,39.625,0.0139062507,-19.375
2478,12.407199,39.625,0.0139062507,-19.375
2479,12.412571,39.625,0.0139062507,-19.375
2480,12.416136,39.625,0.0139062507,-19.375
2481,12.421028,39.625,0.0139062507,-19.375
2482,12.426489,39.625,0.0139062507,-19.375
2483,12.431384,39.625,0.0139062507,-19.375
2484,12.436767,39.625,0.0139062507,-19.375
2485,12.442222,39.625,0.0139062507,-19.375
2486,12.447334,39.625,0.0139062507,-19.375
2487,12.451187,39.625,0.0139062507,-19.375
2488,12.456075,39.625,0.0139062507,-19.375
2489,12.461465,39.625,0.0139062507,-19.375
2490,12.466358,39.625,0.0139062507,-19.375
2491,12.471479,39.625,0.0139062507,-19.375
2492,12.476632,39.625,0.0139062507,-19.375
2493,12.481541,39.625,0.0140000004,-19
2494,12.486912,39.625,0.0140000004,-19
2495,12.491811,39.625,0.0140000004,-19
2496,12.496717,39.625,0.0140000004,-19
2497,12.502680,39.625,0.0140000004,-19
2498,12.506248,39.625,0.0140000004,-19
2499,12.511365,39.625,0.0140000004,-19
2500,12.516518,39.625,0.0140000004,-19
2501,12.521425,39.625,0.0140000004,-19
2502,12.526852,39.625,0.0140000004,-19
2503,12.531760,39.625,0.0140000004,-19
2504,12.536894,39.625,0.0140000004,-19
2505,12.542043,39.625,0.0140000004,-19
2506,12.546949,39.625,0.0140000004,-19
2507,12.552352,39.625,0.0140000004,-19
2508,12.556444,39.625,0.0140000004,-19
2509,12.561340,39.625,0.0140000004,-19
2510,12.566765,39.625,0.0140000004,-19
2511,12.571660,39.625,0.0140000004,-19
2512,12.576795,39.625,0.0140000004,-19
2513,12.581954,39.625,0.0140937511,-18.625
2514,12.586859,39.625,0.0140937511,-18.625
2515,12.592238,39.625,0.0140937511,-18.625
2516,12.597143,39.625,0.0140937511,-18.625
2517,12.602035,39.625,0.0140937511,-18.625
2518,12.606103,39.625,0.0140937511,-18.625
2519,12.611548,39.625,0.0140937511,-18.625
2520,12.616657,39.625,0.0140937511,-18.625
2521,12.621839,39.625,0.0140937511,-18.625
2522,12.626744,39.625,0.0140937511,-18.625
2523,12.632124,39.625,0.0140937511,-18.625
2524,12.637012,39.625,0.0140937511,-18.625
2525,12.641921,39.625,0.0140937511,-18.625
2526,12.645965,39.625,0.0140937511,-18.625
2527,12.652208,39.625,0.0140937511,-18.625
2528,12.657321,39.625,0.0140937511,-18.625
2529,12.661647,39.625,0.0140937511,-18.625
2530,12.666542,39.625,0.0140937511,-18.625
2531,12.671681,39.625,0.0140937511,-18.625
2532,12.676836,39.625,0.0140937511,-18.625
2533,12.681743,39.625,0.0141874999,-18.25
2534,12.687091,39.625,0.0141874999,-18.25
2535,12.691990,39.625,0.0141874999,-18.25
2536,12.696919,39.625,0.0141874999,-18.25
2537,12.702360,39.625,0.0141874999,-18.25
2538,12.707253,39.625,0.0141874999,-18.25
2539,12.711369,39.625,0.0141874999,-18.25
2540,12.716773,39.625,0.0141874999,-18.25
2541,12.721669,39.625,0.0141874999,-18.25
2542,12.726804,39.625,0.0141874999,-18.25
2543,12.731963,39.625,0.0141874999,-18.25
2544,12.736868,39.625,0.0141874999,-18.25
2545,12.742247,39.625,0.0141874999,-18.25
2546,12.747152,39.625,0.0141874999,-18.25
2547,12.752044,39.625,0.0141874999,-18.25
2548,12.756088,39.625,0.0141874999,-18.25
2549,12.760987,39.625,0.0141874999,-18.25
2550,12.766690,39.625,0.0141874999,-18.25
2551,12.771848,39.625,0.0141874999,-18.25
2552,12.776753,39.625,0.0141874999,-18.25
2553,12.782132,39.625,0.0142812505,-17.875
2554,12.787021,39.625,0.0142812505,-17.875
2555,12.791931,39.625,0.0142812505,-17.875
2556,12.796024,39.625,0.0142812505,-17.875
2557,12.800923,39.625,0.0142812505,-17.875
2558,12.806290,39.625,0.0142812505,-17.875
2559,12.811459,39.625,0.0142812505,-17.875
2560,12.816860,39.625,0.0142812505,-17.875
2561,12.822307,39.625,0.0142812505,-17.875
2562,12.827200,39.625,0.0142812505,-17.875
2563,12.832331,39.625,0.0142812505,-17.875
2564,12.836152,39.625,0.0142812505,-17.875
2565,12.841044,39.625,0.0142812505,-17.875
2566,12.846181,39.625,0.0142812505,-17.875
2567,12.851345,39.625,0.0142812505,-17.875
2568,12.856250,39.625,0.0142812505,-17.875
2569,12.861622,39.625,0.0142812505,-17.875
2570,12.866515,39.625,0.0142812505,-17.875
2571,12.872192,39.625,0.0142812505,-17.875
2572,12.876021,39.625,0.0142812505,-17.875
2573,12.880930,39.625,0.0143750012,-17.5
2574,12.887380,39.625,0.0143750012,-17.5
2575,12.891205,39.625,0.0143750012,-17.5
2576,12.896093,39.625,0.0143750012,-17.5
2577,12.901188,39.625,0.0143750012,-17.5
2578,12.906366,39.625,0.0143750012,-17.5
2579,12.911275,39.625,0.0143750012,-17.5
2580,12.916646,39.625,0.0143750012,-17.5
2581,12.921545,39.625,0.0143750012,-17.5
2582,12.927005,39.625,0.0143750012,-17.5
2583,12.931070,39.625,0.0143750012,-17.5
2584,12.935965,39.625,0.0143750012,-17.5
2585,12.942408,39.625,0.0143750012,-17.5
2586,12.946275,39.625,0.0143750012,-17.5
2587,12.951171,39.625,0.0143750012,-17.5
2588,12.956291,39.625,0.0143750012,-17.5
2589,12.961443,39.625,0.0143750012,-17.5
2590,12.966348,39.625,0.0143750012,-17.5
2591,12.971720,39.625,0.0143750012,-17.5
2592,12.977132,39.625,0.0143750012,-17.5
2593,12.982049,39.625,0.01446875,-17.125
2594,12.986069,39.625,0.01446875,-17.125
2595,12.990968,39.625,0.01446875,-17.125
2596,12.997426,39.625,0.01446875,-17.125
2597,13.001253,39.625,0.01446875,-17.125
2598,13.006145,39.625,0.01446875,-17.125
2599,13.011238,39.625,0.01446875,-17.125
2600,13.016414,39.625,0.01446875,-17.125
2601,13.021323,39.625,0.01446875,-17.125
2602,13.026694,39.625,0.01446875,-17.125
2603,13.032168,39.625,0.01446875,-17.125
2604,13.037057,39.625,0.01446875,-17.125
2605,13.041124,39.625,0.01446875,-17.125
2606,13.046013,39.625,0.01446875,-17.125
2607,13.050922,39.625,0.01446875,-17.125
2608,13.056377,39.625,0.01446875,-17.125
2609,13.061272,39.625,0.01446875,-17.125
2610,13.066655,39.625,0.01446875,-17.125
2611,13.071551,39.625,0.01446875,-17.125
2612,13.076456,39.625,0.01446875,-17.125
2613,13.082379,39.625,0.0145625006,-16.75
2614,13.085941,39.625,0.0145625006,-16.75
2615,13.092389,39.625,0.0145625006,-16.75
2616,13.096235,39.625,0.0145625006,-16.75
2617,13.101129,39.625,0.0145625006,-16.75
2618,13.106247,39.625,0.0145625006,-16.75
2619,13.111427,39.625,0.0145625006,-16.75
2620,13.116332,39.625,0.0145625006,-16.75
2621,13.126183,39.625,0.0145625006,-16.75
2622,13.128490,39.625,0.0145625006,-16.75
2623,13.132350,39.625,0.0145625006,-16.75
2624,13.136488,39.625,0.0145625006,-16.75
2625,13.141383,39.625,0.0145625006,-16.75
2626,13.146807,39.625,0.0145625006,-16.75
2627,13.151702,39.625,0.0145625006,-16.75
2628,13.156839,39.625,0.0145625006,-16.75
2629,13.161997,39.625,0.0145625006,-16.75
2630,13.166902,39.625,0.0145625006,-16.75
2631,13.172345,39.625,0.0145625006,-16.75
2632,13.177237,39.625,0.0145625006,-16.75
2633,13.182370,39.625,0.0146562504,-16.375
2634,13.186740,39.625,0.0146562504,-16.375
2635,13.191639,39.625,0.0146562504,-16.375
2636,13.197022,39.625,0.0146562504,-16.375
2637,13.202142,39.625,0.0146562504,-16.375
2638,13.207031,39.625,0.0146562504,-16.375
2639,13.212403,39.625,0.0146562504,-16.375
2640,13.217309,39.625,0.0146562504,-16.375
2641,13.222233,39.625,0.0146562504,-16.375
2642,13.226265,39.625,0.0146562504,-16.375
2643,13.231174,39.625,0.0146562504,-16.375
2644,13.237628,39.625,0.0146562504,-16.375
2645,13.241468,40.75,0.0146562504,-16.375
2646,13.246923,40.75,0.0146562504,-16.375
2647,13.252303,40.75,0.0146562504,-16.375
2648,13.257209,40.75,0.0146562504,-16.375
2649,13.262131,40.75,0.0146562504,-16.375
2650,13.266151,40.75,0.0146562504,-16.375
2651,13.272387,40.75,0.0146562504,-16.375
2652,13.277522,40.75,0.0146562504,-16.375
2653,13.281354,40.75,-0.0417812504,-17.125
2654,13.286246,40.75,-0.0417812504,-17.125
2655,13.291366,40.75,-0.0417812504,-17.125
2656,13.296515,40.75,-0.0417812504,-17.125
2657,13.301919,40.75,-0.0417812504,-17.125
2658,13.307365,40.75,-0.0417812504,-17.125
2659,13.312261,40.75,-0.0417812504,-17.125
2660,13.317386,40.75,-0.0417812504,-17.125
2661,13.321214,40.75,-0.0417812504,-17.125
2662,13.326102,40.75,-0.0417812504,-17.125
2663,13.332570,40.75,-0.0417812504,-17.125
2664,13.336399,40.75,-0.0417812504,-17.125
2665,13.341294,40.75,-0.0417812504,-17.125
2666,13.346215,40.75,-0.0417812504,-17.125
2667,13.352120,40.75,-0.0417812504,-17.125
2668,13.357009,40.75,-0.0417812504,-17.125
2669,13.362426,40.75,-0.0417812504,-17.125
2670,13.367331,40.75,-0.0417812504,-17.125
2671,13.372435,40.75,-0.0417812504,-17.125
2672,13.376335,40.75,-0.0417812504,-17.125
2673,13.381230,40.75,-0.0419687517,-17.875
2674,13.386351,40.75,-0.0419687517,-17.875
2675,13.391502,40.75,-0.0419687517,-17.875
2676,13.396406,40.75,-0.0419687517,-17.875
2677,13.401838,40.75,-0.0419687517,-17.875
2678,13.407330,40.75,-0.0419687517,-17.875
2679,13.412714,40.75,-0.0419687517,-17.875
2680,13.416281,40.75,-0.0419687517,-17.875
2681,13.421176,40.75,-0.0419687517,-17.875
2682,13.426632,40.75,-0.0419687517,-17.875
2683,13.431528,40.75,-0.0419687517,-17.875
2684,13.436639,40.75,-0.0419687517,-17.875
2685,13.441823,40.75,-0.0419687517,-17.875
2686,13.446727,40.75,-0.0419687517,-17.875
2687,13.452100,40.75,-0.0419687517,-17.875
2688,13.456995,40.75,-0.0419687517,-17.875
2689,13.461903,40.75,-0.0419687517,-17.875
2690,13.466222,40.75,-0.0419687517,-17.875
2691,13.471420,40.75,-0.0419687517,-17.875
2692,13.476312,40.75,-0.0419687517,-17.875
2693,13.481246,40.75,-0.042156253,-17.875
2694,13.486661,40.75,-0.042156253,-18.625
2695,13.491556,40.75,-0.042156253,-18.625
2696,13.496668,40.75,-0.042156253,-18.625
2697,13.501851,40.75,-0.042156253,-18.625
2698,13.506756,40.75,-0.042156253,-18.625
2699,13.512135,40.75,-0.042156253,-18.625
2700,13.517536,40.75,-0.042156253,-18.625
2701,13.521092,40.75,-0.042156253,-18.625
2702,13.526547,40.75,-0.042156253,-18.625
2703,13.531443,40.75,-0.042156253,-18.625
2704,13.536825,40.75,-0.042156253,-18.625
2705,13.541723,40.75,-0.042156253,-18.625
2706,13.546629,40.75,-0.042156253,-18.625
2707,13.552075,40.75,-0.042156253,-18.625
2708,13.556981,40.75,-0.042156253,-18.625
2709,13.562101,40.75,-0.042156253,-18.625
2710,13.567778,40.75,-0.042156253,-18.625
2711,13.571348,40.75,-0.042156253,-18.625
2712,13.576736,40.75,-0.042156253,-18.625
2713,13.581632,40.75,-0.0423437506,-19.375
2714,13.586537,40.75,-0.0423437506,-19.375
2715,13.591986,40.75,-0.0423437506,-19.375
2716,13.596892,40.75,-0.0423437506,-19.375
2717,13.602266,40.75,-0.0423437506,-19.375
2718,13.607171,40.75,-0.0423437506,-19.375
2719,13.612063,40.75,-0.0423437506,-19.375
2720,13.617478,40.75,-0.0423437506,-19.375
2721,13.622374,40.75,-0.0423437506,-19.375
2722,13.627781,40.75,-0.0423437506,-19.375
2723,13.631864,40.75,-0.0423437506,-19.375
2724,13.636769,40.75,-0.0423437506,-19.375
2725,13.642225,40.75,-0.0423437506,-19.375
2726,13.647117,40.75,-0.0423437506,-19.375
2727,13.652504,40.75,-0.0423437506,-19.375
2728,13.657399,40.75,-0.0423437506,-19.375
2729,13.662307,40.75,-0.0423437506,-19.375
2730,13.666359,40.75,-0.0423437506,-19.375
2731,13.671267,40.75,-0.0423437506,-19.375
2732,13.676160,40.75,-0.0423437506,-19.375
2733,13.682115,40.75,-0.0425312519,-20.125
2734,13.687004,40.75,-0.0425312519,-20.125
2735,13.692150,40.75,-0.0425312519,-20.125
2736,13.697301,40.75,-0.0425312519,-20.125
2737,13.702209,40.75,-0.0425312519,-20.125
2738,13.707578,40.75,-0.0425312519,-20.125
2739,13.711150,40.75,-0.0425312519,-20.125
2740,13.717382,40.75,-0.0425312519,-20.125
2741,13.721429,40.75,-0.0425312519,-20.125
2742,13.726335,40.75,-0.0425312519,-20.125
2743,13.731756,40.75,-0.0425312519,-20.125
2744,13.737183,40.75,-0.0425312519,-20.125
2745,13.742074,40.75,-0.0425312519,-20.125
2746,13.747442,40.75,-0.0425312519,-20.125
2747,13.752338,40.75,-0.0425312519,-20.125
2748,13.757268,40.75,-0.0425312519,-20.125
2749,13.761318,40.75,-0.0425312519,-20.125
2750,13.766224,40.75,-0.0425312519,-20.125
2751,13.771342,40.75,-0.0425312519,-20.125
2752,13.776494,40.75,-0.0425312519,-20.125
2753,13.781401,40.75,-0.0427187532,-20.125
2754,13.786798,40.75,-0.0427187532,-20.875
2755,13.792229,40.75,-0.0427187532,-20.875
2756,13.797365,40.75,-0.0427187532,-20.875
2757,13.801193,40.75,-0.0427187532,-20.875
2758,13.807424,40.75,-0.0427187532,-20.875
2759,13.811471,40.75,-0.0427187532,-20.875
2760,13.816366,40.75,-0.0427187532,-20.875
2761,13.821275,40.75,-0.0427187532,-20.875
2762,13.826740,40.75,-0.0427187532,-20.875
2763,13.831635,40.75,-0.0427187532,-20.875
2764,13.836778,40.75,-0.0427187532,-20.875
2765,13.841930,40.75,-0.0427187532,-20.875
2766,13.847399,40.75,-0.0427187532,-20.875
2767,13.851188,40.75,-0.0427187532,-20.875
2768,13.856340,40.75,-0.0427187532,-20.875
2769,13.861249,40.75,-0.0427187532,-20.875
2770,13.866620,40.75,-0.0427187532,-20.875
2771,13.871516,40.75,-0.0427187532,-20.875
2772,13.876420,40.75,-0.0427187532,-20.875
2773,13.881829,40.75,-0.0429062508,-21.625
2774,13.886734,40.75,-0.0429062508,-21.625
2775,13.891870,40.75,-0.0429062508,-21.625
2776,13.896207,40.75,-0.0429062508,-21.625
2777,13.901099,40.75,-0.0429062508,-21.625
2778,13.906481,40.75,-0.0429062508,-21.625
2779,13.911379,40.75,-0.0429062508,-21.625
2780,13.916285,40.75,-0.0429062508,-21.625
2781,13.921753,40.75,-0.0429062508,-21.625
2782,13.926646,40.75,-0.0429062508,-21.625
2783,13.931781,40.75,-0.0429062508,-21.625
2784,13.936937,40.75,-0.0429062508,-21.625
2785,13.941845,40.75,-0.0429062508,-21.625
2786,13.947199,40.75,-0.0429062508,-21.625
2787,13.951322,40.75,-0.0429062508,-21.625
2788,13.956215,40.75,-0.0429062508,-21.625
2789,13.961664,40.75,-0.0429062508,-21.625
2790,13.966556,40.75,-0.0429062508,-21.625
2791,13.971939,40.75,-0.0429062508,-21.625
2792,13.976835,40.75,-0.0429062508,-21.625
2793,13.981742,40.75,-0.0430937521,-22.375
2794,13.987184,40.75,-0.0430937521,-22.375
2795,13.992075,40.75,-0.0430937521,-22.375
2796,13.997172,40.75,-0.0430937521,-22.375
2797,14.001519,40.75,-0.0430937521,-22.375
2798,14.006414,40.75,-0.0430937521,-22.375
2799,14.011800,40.75,-0.0430937521,-22.375
2800,14.016695,40.75,-0.0430937521,-22.375
2801,14.021603,40.75,-0.0430937521,-22.375
2802,14.027049,40.75,-0.0430937521,-22.375
2803,14.031959,40.75,-0.0430937521,-22.375
2804,14.037075,40.75,-0.0430937521,-22.375
2805,14.042259,40.75,-0.0430937521,-22.375
2806,14.047164,40.75,-0.0430937521,-22.375
2807,14.052536,40.75,-0.0430937521,-22.375
2808,14.056660,40.75,-0.0430937521,-22.375
2809,14.061556,40.75,-0.0430937521,-22.375
2810,14.066985,40.75,-0.0430937521,-22.375
2811,14.071894,40.75,-0.0430937521,-22.375
2812,14.077265,40.75,-0.0430937521,-22.375
2813,14.082174,40.75,-0.0432812497,-23.125
2814,14.087062,40.75,-0.0432812497,-23.125
2815,14.091188,40.75,-0.0432812497,-23.125
2816,14.097421,40.75,-0.0432812497,-23.125
2817,14.102559,40.75,-0.0432812497,-23.125
2818,14.106913,40.75,-0.0432812497,-23.125
2819,14.111811,40.75,-0.0432812497,-23.125
2820,14.117201,40.75,-0.0432812497,-23.125
2821,14.127052,40.75,-0.0432812497,-23.125
2822,14.129478,40.75,-0.0432812497,-23.125
2823,14.133376,40.75,-0.0432812497,-23.125
2824,14.138282,40.75,-0.0432812497,-23.125
2825,14.143177,40.75,-0.0432812497,-23.125
2826,14.147213,40.75,-0.0432812497,-23.125
2827,14.152121,40.75,-0.0432812497,-23.125
2828,14.157238,40.75,-0.0432812497,-23.125
2829,14.162991,40.75,-0.0432812497,-23.125
2830,14.167897,40.75,-0.0432812497,-23.125
2831,14.173276,40.75,-0.0432812497,-23.125
2832,14.178182,40.75,-0.0432812497,-23.125
2833,14.183313,40.75,-0.043468751,-23.875
2834,14.187134,40.75,-0.043468751,-23.875
2835,14.193370,40.75,-0.043468751,-23.875
2836,14.197146,40.75,-0.043468751,-23.875
2837,14.202305,40.75,-0.043468751,-23.875
2838,14.207211,40.75,-0.043468751,-23.875
2839,14.212604,40.75,-0.043468751,-23.875
2840,14.218308,40.75,-0.043468751,-23.875
2841,14.223203,40.75,-0.043468751,-23.875
2842,14.228604,40.75,-0.043468751,-23.875
2843,14.232176,40.75,-0.043468751,-23.875
2844,14.237064,40.75,-0.043468751,-23.875
2845,14.242512,40.75,-0.043468751,-23.875
2846,14.247404,40.75,-0.043468751,-23.875
2847,14.252790,40.75,-0.043468751,-23.875
2848,14.257686,40.75,-0.043468751,-23.875
2849,14.262618,40.75,-0.043468751,-23.875
2850,14.268557,40.75,-0.043468751,-23.875
2851,14.272129,40.75,-0.043468751,-23.875
2852,14.277243,40.75,-0.043468751,-23.875
2853,14.282399,40.75,-0.0436562523,-24.625
2854,14.287305,40.75,-0.0436562523,-24.625
2855,14.292676,40.75,-0.0436562523,-24.625
2856,14.297569,40.75,-0.0436562523,-24.625
2857,14.302477,40.75,-0.0436562523,-24.625
2858,14.307904,40.75,-0.0436562523,-24.625
2859,14.312812,40.75,-0.0436562523,-24.625
2860,14.317926,40.75,-0.0436562523,-24.625
2861,14.322262,40.75,-0.0436562523,-24.625
2862,14.327167,40.75,-0.0436562523,-24.625
2863,14.332561,40.75,-0.0436562523,-24.625
2864,14.337457,40.75,-0.0436562523,-24.625
2865,14.342596,40.75,-0.0436562523,-24.625
2866,14.347753,40.75,-0.0436562523,-24.625
2867,14.352661,40.75,-0.0436562523,-24.625
2868,14.358034,40.75,-0.0436562523,-24.625
2869,14.362934,40.75,-0.0436562523,-24.625
2870,14.367863,40.75,-0.0436562523,-24.625
2871,14.373801,40.75,-0.0436562523,-24.625
2872,14.377370,40.75,-0.0436562523,-24.625
2873,14.382265,40.75,-0.0438437536,-25.375
2874,14.387691,40.75,-0.0438437536,-25.375
2875,14.392587,40.75,-0.0438437536,-25.375
2876,14.397723,40.75,-0.0438437536,-25.375
2877,14.402882,40.75,-0.0438437536,-25.375
2878,14.407787,40.75,-0.0438437536,-25.375
2879,14.413165,40.75,-0.0438437536,-25.375
2880,14.418054,40.75,-0.0438437536,-25.375
2881,14.423203,40.75,-0.0438437536,-25.375
2882,14.427525,40.75,-0.0438437536,-25.375
2883,14.432423,40.75,-0.0438437536,-25.375
2884,14.437558,40.75,-0.0438437536,-25.375
2885,14.442717,40.75,-0.0438437536,-25.375
2886,14.447622,40.75,-0.0438437536,-25.375
2887,14.452994,40.75,-0.0438437536,-25.375
2888,14.457890,40.75,-0.0438437536,-25.375
2889,14.462822,40.75,-0.0438437536,-25.375
2890,14.468313,40.75,-0.0438437536,-25.375
2891,14.473209,40.75,-0.0438437536,-25.375
2892,14.477550,40.75,-0.0438437536,-25.375
2893,14.482703,40.75,-0.0440312512,-26.125
2894,14.487608,40.75,-0.0440312512,-26.125
2895,14.492980,40.75,-0.0440312512,-26.125
2896,14.497875,40.75,-0.0440312512,-26.125
2897,14.502784,40.75,-0.0440312512,-26.125
2898,14.508224,40.75,-0.0440312512,-26.125
2899,14.513119,40.75,-0.0440312512,-26.125
2900,14.518213,40.25,-0.0440312512,-26.125
2901,14.522067,40.25,-0.0440312512,-26.125
2902,14.528317,40.25,-0.0440312512,-26.125
2903,14.532371,40.25,-0.0440312512,-26.125
2904,14.537791,40.25,-0.0440312512,-26.125
2905,14.542977,40.25,-0.0440312512,-26.125
2906,14.548149,40.25,-0.0440312512,-26.125
2907,14.553041,40.25,-0.0440312512,-26.125
2908,14.558420,40.25,-0.0440312512,-26.125
2909,14.563329,40.25,-0.0440312512,-26.125
2910,14.568245,40.25,-0.0440312512,-26.125
2911,14.572268,40.25,-0.0440312512,-26.125
2912,14.577174,40.25,-0.0440312512,-26.125
2913,14.582066,40.25,-0.0440312512,-26.125
2914,14.587993,40.25,-0.01909375,-26.375
2915,14.592889,40.25,-0.01909375,-26.375
2916,14.598256,40.25,-0.01909375,-26.375
2917,14.603165,40.25,-0.01909375,-26.375
2918,14.608053,40.25,-0.01909375,-26.375
2919,14.613468,40.25,-0.01909375,-26.375
2920,14.618361,40.25,-0.01909375,-26.375
2921,14.623453,40.25,-0.01909375,-26.375
2922,14.627303,40.25,-0.01909375,-26.375
2923,14.632199,40.25,-0.01909375,-26.375
2924,14.638141,40.25,-0.01909375,-26.375
2925,14.643033,40.25,-0.01909375,-26.375
2926,14.647963,40.25,-0.01909375,-26.375
2927,14.653403,40.25,-0.01909375,-26.375
2928,14.658296,40.25,-0.01909375,-26.375
2929,14.663393,40.25,-0.01909375,-26.375
2930,14.667239,40.25,-0.01909375,-26.375
2931,14.672134,40.25,-0.01909375,-26.375
2932,14.678598,40.25,-0.01909375,-26.375
2933,14.682427,40.25,-0.0191562511,-26.625
2934,14.687832,40.25,-0.0191562511,-26.625
2935,14.693191,40.25,-0.0191562511,-26.625
2936,14.698079,40.25,-0.0191562511,-26.625
2937,14.702988,40.25,-0.0191562511,-26.625
2938,14.708453,40.25,-0.0191562511,-26.625
2939,14.713349,40.25,-0.0191562511,-26.625
2940,14.718463,40.25,-0.0191562511,-26.625
2941,14.722288,40.25,-0.0191562511,-26.625
2942,14.727180,40.25,-0.0191562511,-26.625
2943,14.732304,40.25,-0.0191562511,-26.625
2944,14.737452,40.25,-0.0191562511,-26.625
2945,14.742903,40.25,-0.0191562511,-26.625
2946,14.748353,40.25,-0.0191562511,-26.625
2947,14.753248,40.25,-0.0191562511,-26.625
2948,14.758377,40.25,-0.0191562511,-26.625
2949,14.762198,40.25,-0.0191562511,-26.625
2950,14.767086,40.25,-0.0191562511,-26.625
2951,14.772211,40.25,-0.0191562511,-26.625
2952,14.777363,40.25,-0.0191562511,-26.625
2953,14.782271,40.25,-0.0191562511,-26.625
2954,14.787688,40.25,-0.0192187503,-26.875
2955,14.792584,40.25,-0.0192187503,-26.875
2956,14.797705,40.25,-0.0192187503,-26.875
2957,14.803427,40.25,-0.0192187503,-26.875
2958,14.808319,40.25,-0.0192187503,-26.875
2959,14.812347,40.25,-0.0192187503,-26.875
2960,14.817253,40.25,-0.0192187503,-26.875
2961,14.822148,40.25,-0.0192187503,-26.875
2962,14.827634,40.25,-0.0192187503,-26.875
2963,14.832530,40.25,-0.0192187503,-26.875
2964,14.837641,40.25,-0.0192187503,-26.875
2965,14.842825,40.25,-0.0192187503,-26.875
2966,14.847730,40.25,-0.0192187503,-26.875
2967,14.853102,40.25,-0.0192187503,-26.875
2968,14.857997,40.25,-0.0192187503,-26.875
2969,14.862130,40.25,-0.0192187503,-26.875
2970,14.867525,40.25,-0.0192187503,-26.875
2971,14.872424,40.25,-0.0192187503,-26.875
2972,14.877354,40.25,-0.0192187503,-26.875
2973,14.882784,40.25,-0.0192812495,-27.125
2974,14.887676,40.25,-0.0192812495,-27.125
2975,14.892791,40.25,-0.0192812495,-27.125
2976,14.898021,40.25,-0.0192812495,-27.125
2977,14.902929,40.25,-0.0192812495,-27.125
2978,14.908054,40.25,-0.0192812495,-27.125
2979,14.913209,40.25,-0.0192812495,-27.125
2980,14.917294,40.25,-0.0192812495,-27.125
2981,14.922420,40.25,-0.0192812495,-27.125
2982,14.927572,40.25,-0.0192812495,-27.125
2983,14.932480,40.25,-0.0192812495,-27.125
2984,14.937906,40.25,-0.0192812495,-27.125
2985,14.942814,40.25,-0.0192812495,-27.125
2986,14.947940,40.25,-0.0192812495,-27.125
2987,14.953098,40.25,-0.0192812495,-27.125
2988,14.958003,40.25,-0.0192812495,-27.125
2989,14.963382,40.25,-0.0192812495,-27.125
2990,14.967457,40.25,-0.0192812495,-27.125
2991,14.972354,40.25,-0.0192812495,-27.125
2992,14.977974,40.25,-0.0192812495,-27.125
2993,14.982873,40.25,-0.0193437506,-27.375
2994,14.987998,40.25,-0.0193437506,-27.375
2995,14.993162,40.25,-0.0193437506,-27.375
2996,14.998051,40.25,-0.0193437506,-27.375
2997,15.003439,40.25,-0.0193437506,-27.375
2998,15.008335,40.25,-0.0193437506,-27.375
2999,15.013244,40.25,-0.0193437506,-27.375
3000,15.017291,40.25,-0.0193437506,-27.375
3001,15.022707,40.25,-0.0193437506,-27.375
3002,15.027624,40.25,-0.0193437506,-27.375
3003,15.033024,40.25,-0.0193437506,-27.375
3004,15.037929,40.25,-0.0193437506,-27.375
3005,15.043050,40.25,-0.0193437506,-27.375
3006,15.048205,40.25,-0.0193437506,-27.375
3007,15.053097,40.25,-0.0193437506,-27.375
3008,15.058460,40.25,-0.0193437506,-27.375
3009,15.063359,40.25,-0.0193437506,-27.375
3010,15.068264,40.25,-0.0193437506,-27.375
3011,15.072339,40.25,-0.0193437506,-27.375
3012,15.077773,40.25,-0.0193437506,-27.375
3013,15.082910,40.25,-0.0194062516,-27.625
3014,15.088065,40.25,-0.0194062516,-27.625
3015,15.092974,40.25,-0.0194062516,-27.625
3016,15.098353,40.25,-0.0194062516,-27.625
3017,15.103261,40.25,-0.0194062516,-27.625
3018,15.108154,40.25,-0.0194062516,-27.625
3019,15.112201,40.25,-0.0194062516,-27.625
3020,15.117090,40.25,-0.0194062516,-27.625
3021,15.128412,40.25,-0.0194062516,-27.625
3022,15.130730,40.25,-0.0194062516,-27.625
3023,15.134583,40.25,-0.0194062516,-27.625
3024,15.138702,40.25,-0.0194062516,-27.625
3025,15.143598,40.25,-0.0194062516,-27.625
3026,15.149052,40.25,-0.0194062516,-27.625
3027,15.153962,40.25,-0.0194062516,-27.625
3028,15.159054,40.25,-0.0194062516,-27.625
3029,15.164258,40.25,-0.0194062516,-27.625
3030,15.169164,40.25,-0.0194062516,-27.625
3031,15.174539,40.25,-0.0194062516,-27.625
3032,15.179434,40.25,-0.0194062516,-27.625
3033,15.184343,40.25,-0.0194687508,-27.875
3034,15.188680,40.25,-0.0194687508,-27.875
3035,15.193837,40.25,-0.0194687508,-27.875
3036,15.198742,40.25,-0.0194687508,-27.875
3037,15.203868,40.25,-0.0194687508,-27.875
3038,15.209024,40.25,-0.0194687508,-27.875
3039,15.213933,40.25,-0.0194687508,-27.875
3040,15.219286,40.25,-0.0194687508,-27.875
3041,15.224194,40.25,-0.0194687508,-27.875
3042,15.229082,40.25,-0.0194687508,-27.875
3043,15.234786,40.25,-0.0194687508,-27.875
3044,15.238354,40.25,-0.0194687508,-27.875
3045,15.244590,40.25,-0.0194687508,-27.875
3046,15.248933,40.25,-0.0194687508,-27.875
3047,15.254091,40.25,-0.0194687508,-27.875
3048,15.258996,40.25,-0.0194687508,-27.875
3049,15.264129,40.25,-0.0194687508,-27.875
3050,15.269278,40.25,-0.0194687508,-27.875
3051,15.274186,40.25,-0.0194687508,-27.875
3052,15.279558,40.25,-0.0194687508,-27.875
3053,15.284457,40.25,-0.01953125,-28.125
3054,15.289387,40.25,-0.01953125,-28.125
3055,15.293412,40.25,-0.01953125,-28.125
3056,15.298828,40.25,-0.01953125,-28.125
3057,15.303724,40.25,-0.01953125,-28.125
3058,15.309190,40.25,-0.01953125,-28.125
3059,15.314082,40.25,-0.01953125,-28.125
3060,15.319203,40.25,-0.01953125,-28.125
3061,15.324401,40.25,-0.01953125,-28.125
3062,15.329307,40.25,-0.01953125,-28.125
3063,15.334682,40.25,-0.01953125,-28.125
3064,15.339575,40.25,-0.01953125,-28.125
3065,15.344483,40.25,-0.01953125,-28.125
3066,15.348530,40.25,-0.01953125,-28.125
3067,15.353981,40.25,-0.01953125,-28.125
3068,15.359131,40.25,-0.01953125,-28.125
3069,15.364287,40.25,-0.01953125,-28.125
3070,15.369193,40.25,-0.01953125,-28.125
3071,15.374568,40.25,-0.01953125,-28.125
3072,15.379464,40.25,-0.01953125,-28.125
3073,15.384372,40.25,-0.0195937511,-28.375
3074,15.388422,40.25,-0.0195937511,-28.375
3075,15.394658,40.25,-0.0195937511,-28.375
3076,15.398446,40.25,-0.0195937511,-28.375
3077,15.403598,40.25,-0.0195937511,-28.375
3078,15.408503,40.25,-0.0195937511,-28.375
3079,15.414188,40.25,-0.0195937511,-28.375
3080,15.419337,40.25,-0.0195937511,-28.375
3081,15.424245,40.25,-0.0195937511,-28.375
3082,15.429617,40.25,-0.0195937511,-28.375
3083,15.434513,40.25,-0.0195937511,-28.375
3084,15.439417,40.25,-0.0195937511,-28.375
3085,15.443443,40.25,-0.0195937511,-28.375
3086,15.448339,40.25,-0.0195937511,-28.375
3087,15.454818,40.25,-0.0195937511,-28.375
3088,15.458645,40.25,-0.0195937511,-28.375
3089,15.463541,40.25,-0.0195937511,-28.375
3090,15.468657,40.25,-0.0195937511,-28.375
3091,15.474377,40.25,-0.0195937511,-28.375
3092,15.479269,40.25,-0.0195937511,-28.375
3093,15.484641,40.25,-0.0196562503,-28.625
3094,15.489534,40.25,-0.0196562503,-28.625
3095,15.494663,40.25,-0.0196562503,-28.625
3096,15.498506,40.25,-0.0196562503,-28.625
3097,15.503401,40.25,-0.0196562503,-28.625
3098,15.508516,40.25,-0.0196562503,-28.625
3099,15.513671,40.25,-0.0196562503,-28.625
3100,15.518576,40.25,-0.0196562503,-28.625
3101,15.523704,40.25,-0.0196562503,-28.625
3102,15.529426,40.25,-0.0196562503,-28.625
3103,15.534322,40.25,-0.0196562503,-28.625
3104,15.539715,40.25,-0.0196562503,-28.625
3105,15.544612,40.25,-0.0196562503,-28.625
3106,15.549727,40.25,-0.0196562503,-28.625
3107,15.553556,40.25,-0.0196562503,-28.625
3108,15.558448,40.25,-0.0196562503,-28.625
3109,15.563589,40.25,-0.0196562503,-28.625
3110,15.568744,40.25,-0.0196562503,-28.625
3111,15.573653,40.25,-0.0196562503,-28.625
3112,15.579000,40.25,-0.0196562503,-28.625
3113,15.584465,40.25,-0.0197187513,-28.875
3114,15.589578,40.25,-0.0197187513,-28.875
3115,15.593415,40.25,-0.0197187513,-28.875
3116,15.599647,40.25,-0.0197187513,-28.875
3117,15.603429,40.25,-0.0197187513,-28.875
3118,15.608581,40.25,-0.0197187513,-28.875
3119,15.613490,40.25,-0.0197187513,-28.875
3120,15.618915,40.25,-0.0197187513,-28.875
3121,15.623824,40.25,-0.0197187513,-28.875
3122,15.628948,40.25,-0.0197187513,-28.875
3123,15.634104,40.25,-0.0197187513,-28.875
3124,15.639579,40.25,-0.0197187513,-28.875
3125,15.644984,40.25,-0.0197187513,-28.875
3126,15.648553,40.25,-0.0197187513,-28.875
3127,15.653448,40.25,-0.0197187513,-28.875
3128,15.658861,40.25,-0.0197187513,-28.875
3129,15.663769,40.25,-0.0197187513,-28.875
3130,15.668884,40.25,-0.0197187513,-28.875
3131,15.674039,40.25,-0.0197187513,-28.875
3132,15.678945,40.25,-0.0197187513,-28.875
3133,15.684301,40.25,-0.0197812505,-29.125
3134,15.689207,40.25,-0.0197812505,-29.125
3135,15.694311,40.25,-0.0197812505,-29.125
3136,15.698661,40.25,-0.0197812505,-29.125
3137,15.703559,40.25,-0.0197812505,-29.125
3138,15.708942,40.25,-0.0197812505,-29.125
3139,15.713840,40.25,-0.0197812505,-29.125
3140,15.718745,40.25,-0.0197812505,-29.125
3141,15.724186,40.25,-0.0197812505,-29.125
3142,15.729074,40.25,-0.0197812505,-29.125
3143,15.734175,40.25,-0.0197812505,-29.125
3144,15.739376,40.25,-0.0197812505,-29.125
3145,15.744284,40.25,-0.0197812505,-29.125
3146,15.749678,40.25,-0.0197812505,-29.125
3147,15.753777,40.25,-0.0197812505,-29.125
3148,15.758670,40.25,-0.0197812505,-29.125
3149,15.764102,40.25,-0.0197812505,-29.125
3150,15.769007,40.25,-0.0197812505,-29.125
3151,15.774131,40.25,-0.0197812505,-29.125
3152,15.779286,40.25,-0.0197812505,-29.125
3153,15.784195,40.25,-0.0198437497,-29.375
3154,15.789564,40.25,-0.0198437497,-29.375
3155,15.794463,39.375,-0.0198437497,-29.375
3156,15.799368,39.375,-0.0198437497,-29.375
3157,15.803443,39.375,-0.0198437497,-29.375
3158,15.808877,39.375,-0.0198437497,-29.375
3159,15.813987,39.375,-0.0198437497,-29.375
3160,15.819173,39.375,-0.0198437497,-29.375
3161,15.824064,39.375,-0.0198437497,-29.375
3162,15.829428,39.375,-0.0198437497,-29.375
3163,15.834337,39.375,-0.0198437497,-29.375
3164,15.839253,39.375,-0.0198437497,-29.375
3165,15.844668,39.375,-0.0198437497,-29.375
3166,15.849561,39.375,-0.0198437497,-29.375
3167,15.854947,39.375,-0.0198437497,-29.375
3168,15.858516,39.375,-0.0198437497,-29.375
3169,15.863959,39.375,-0.0198437497,-29.375
3170,15.869415,39.375,-0.0198437497,-29.375
3171,15.874311,39.375,-0.0198437497,-29.375
3172,15.879428,39.375,-0.0198437497,-29.375
3173,15.884577,39.375,0.0240624994,-28.75
3174,15.889483,39.375,0.0240624994,-28.75
3175,15.894858,39.375,0.0240624994,-28.75
3176,15.898425,39.375,0.0240624994,-28.75
3177,15.904661,39.375,0.0240624994,-28.75
3178,15.908731,39.375,0.0240624994,-28.75
3179,15.913627,39.375,0.0240624994,-28.75
3180,15.919068,39.375,0.0240624994,-28.75
3181,15.924490,39.375,0.0240624994,-28.75
3182,15.929383,39.375,0.0240624994,-28.75
3183,15.934522,39.375,0.0240624994,-28.75
3184,15.938350,39.375,0.0240624994,-28.75
3185,15.944585,39.375,0.0240624994,-28.75
3186,15.949710,39.375,0.0240624994,-28.75
3187,15.953538,39.375,0.0240624994,-28.75
3188,15.958430,39.375,0.0240624994,-28.75
3189,15.963547,39.375,0.0240624994,-28.75
3190,15.968702,39.375,0.0240624994,-28.75
3191,15.974153,39.375,0.0240624994,-28.75
3192,15.979579,39.375,0.0240624994,-28.75
3193,15.984475,39.375,0.0242187493,-28.125
3194,15.989868,39.375,0.0242187493,-28.125
3195,15.993438,39.375,0.0242187493,-28.125
3196,15.998331,39.375,0.0242187493,-28.125
3197,16.003761,39.375,0.0242187493,-28.125
3198,16.008654,39.375,0.0242187493,-28.125
3199,16.013792,39.375,0.0242187493,-28.125
3200,16.018947,39.375,0.0242187493,-28.125
3201,16.023856,39.375,0.0242187493,-28.125
3202,16.029807,39.375,0.0242187493,-28.125
3203,16.033378,39.375,0.0242187493,-28.125
3204,16.039840,39.375,0.0242187493,-28.125
3205,16.043719,39.375,0.0242187493,-28.125
3206,16.048612,39.375,0.0242187493,-28.125
3207,16.054000,39.375,0.0242187493,-28.125
3208,16.058896,39.375,0.0242187493,-28.125
3209,16.063804,39.375,0.0242187493,-28.125
3210,16.069244,39.375,0.0242187493,-28.125
3211,16.074140,39.375,0.0242187493,-28.125
3212,16.079254,39.375,0.0242187493,-28.125
3213,16.083580,39.375,0.0243749991,-28.125
3214,16.088476,39.375,0.0243749991,-27.5
3215,16.093861,39.375,0.0243749991,-27.5
3216,16.098755,39.375,0.0243749991,-27.5
3217,16.103688,39.375,0.0243749991,-27.5
3218,16.109127,39.375,0.0243749991,-27.5
3219,16.114019,39.375,0.0243749991,-27.5
3220,16.119390,39.375,0.0243749991,-27.5
3221,16.129295,39.375,0.0243749991,-27.5
3222,16.131724,39.375,0.0243749991,-27.5
3223,16.135633,39.375,0.0243749991,-27.5
3224,16.139772,39.375,0.0243749991,-27.5
3225,16.144668,39.375,0.0243749991,-27.5
3226,16.150097,39.375,0.0243749991,-27.5
3227,16.155005,39.375,0.0243749991,-27.5
3228,16.160133,39.375,0.0243749991,-27.5
3229,16.165279,39.375,0.0243749991,-27.5
3230,16.170187,39.375,0.0243749991,-27.5
3231,16.175534,39.375,0.0243749991,-27.5
3232,16.180433,39.375,0.0243749991,-27.5
3233,16.185363,39.375,0.024531249,-26.875
3234,16.189412,39.375,0.024531249,-26.875
3235,16.194847,39.375,0.024531249,-26.875
3236,16.199752,39.375,0.024531249,-26.875
3237,16.205216,39.375,0.024531249,-26.875
3238,16.210105,39.375,0.024531249,-26.875
3239,16.215229,39.375,0.024531249,-26.875
3240,16.220381,39.375,0.024531249,-26.875
3241,16.225286,39.375,0.024531249,-26.875
3242,16.230658,39.375,0.024531249,-26.875
3243,16.235553,39.375,0.024531249,-26.875
3244,16.240462,39.375,0.024531249,-26.875
3245,16.244556,39.375,0.024531249,-26.875
3246,16.249997,39.375,0.024531249,-26.875
3247,16.255112,39.375,0.024531249,-26.875
3248,16.260547,39.375,0.024531249,-26.875
3249,16.265440,39.375,0.024531249,-26.875
3250,16.270547,39.375,0.024531249,-26.875
3251,16.274399,39.375,0.024531249,-26.875
3252,16.280634,39.375,0.024531249,-26.875
3253,16.284426,39.375,0.0246874988,-26.25
3254,16.289590,39.375,0.0246874988,-26.25
3255,16.294994,39.375,0.0246874988,-26.25
3256,16.300443,39.375,0.0246874988,-26.25
3257,16.305336,39.375,0.0246874988,-26.25
3258,16.310437,39.375,0.0246874988,-26.25
3259,16.315613,39.375,0.0246874988,-26.25
3260,16.320521,39.375,0.0246874988,-26.25
3261,16.325893,39.375,0.0246874988,-26.25
3262,16.329462,39.375,0.0246874988,-26.25
3263,16.334357,39.375,0.0246874988,-26.25
3264,16.339786,39.375,0.0246874988,-26.25
3265,16.344682,39.375,0.0246874988,-26.25
3266,16.349793,39.375,0.0246874988,-26.25
3267,16.355543,39.375,0.0246874988,-26.25
3268,16.360439,39.375,0.0246874988,-26.25
3269,16.364478,39.375,0.0246874988,-26.25
3270,16.369373,39.375,0.0246874988,-26.25
3271,16.374505,39.375,0.0246874988,-26.25
3272,16.379670,39.375,0.0246874988,-26.25
3273,16.384578,39.375,0.0248437487,-25.625
3274,16.389703,39.375,0.0248437487,-25.625
3275,16.394859,39.375,0.0248437487,-25.625
3276,16.399763,39.375,0.0248437487,-25.625
3277,16.405689,39.375,0.0248437487,-25.625
3278,16.410589,39.375,0.0248437487,-25.625
3279,16.415494,39.375,0.0248437487,-25.625
3280,16.419563,39.375,0.0248437487,-25.625
3281,16.424462,39.375,0.0248437487,-25.625
3282,16.429367,39.375,0.0248437487,-25.625
3283,16.434796,39.375,0.0248437487,-25.625
3284,16.439688,39.375,0.0248437487,-25.625
3285,16.444827,39.375,0.0248437487,-25.625
3286,16.449983,39.375,0.0248437487,-25.625
3287,16.454892,39.375,0.0248437487,-25.625
3288,16.460842,39.375,0.0248437487,-25.625
3289,16.464407,39.375,0.0248437487,-25.625
3290,16.469503,39.375,0.0248437487,-25.625
3291,16.474680,39.375,0.0248437487,-25.625
3292,16.479585,39.375,0.0248437487,-25.625
3293,16.484960,39.375,0.0250000004,-25
3294,16.489856,39.375,0.0250000004,-25
3295,16.494763,39.375,0.0250000004,-25
3296,16.500233,39.375,0.0250000004,-25
3297,16.505125,39.375,0.0250000004,-25
3298,16.510221,39.375,0.0250000004,-25
3299,16.515391,39.375,0.0250000004,-25
3300,16.519511,39.375,0.0250000004,-25
3301,16.524896,39.375,0.0250000004,-25
3302,16.529792,39.375,0.0250000004,-25
3303,16.534700,39.375,0.0250000004,-25
3304,16.540168,39.375,0.0250000004,-25
3305,16.545057,39.375,0.0250000004,-25
3306,16.550428,39.375,0.0250000004,-25
3307,16.555334,39.375,0.0250000004,-25
3308,16.560229,39.375,0.0250000004,-25
3309,16.565663,39.375,0.0250000004,-25
3310,16.569785,39.375,0.0250000004,-25
3311,16.574680,39.375,0.0250000004,-25
3312,16.580204,39.375,0.0250000004,-25
3313,16.585092,39.375,0.0251562502,-24.375
3314,16.590458,39.375,0.0251562502,-24.375
3315,16.595353,39.375,0.0251562502,-24.375
3316,16.600262,39.375,0.0251562502,-24.375
3317,16.605699,39.375,0.0251562502,-24.375
3318,16.610595,39.375,0.0251562502,-24.375
3319,16.615500,39.375,0.0251562502,-24.375
3320,16.619567,39.375,0.0251562502,-24.375
3321,16.625032,39.375,0.0251562502,-24.375
3322,16.629938,39.375,0.0251562502,-24.375
3323,16.635400,39.375,0.0251562502,-24.375
3324,16.640296,39.375,0.0251562502,-24.375
3325,16.645679,39.375,0.0251562502,-24.375
3326,16.650576,39.375,0.0251562502,-24.375
3327,16.655481,39.375,0.0251562502,-24.375
3328,16.659527,39.375,0.0251562502,-24.375
3329,16.664426,39.375,0.0251562502,-24.375
3330,16.669356,39.375,0.0251562502,-24.375
3331,16.675273,39.375,0.0251562502,-24.375
3332,16.680182,39.375,0.0251562502,-24.375
3333,16.685069,39.375,0.0253125001,-23.75
3334,16.690503,39.375,0.0253125001,-23.75
3335,16.695395,39.375,0.0253125001,-23.75
3336,16.700506,39.375,0.0253125001,-23.75
3337,16.704360,39.375,0.0253125001,-23.75
3338,16.710595,39.375,0.0253125001,-23.75
3339,16.715488,39.375,0.0253125001,-23.75
3340,16.719556,39.375,0.0253125001,-23.75
3341,16.725021,39.375,0.0253125001,-23.75
3342,16.730164,39.375,0.0253125001,-23.75
3343,16.735313,39.375,0.0253125001,-23.75
3344,16.740222,39.375,0.0253125001,-23.75
3345,16.745594,39.375,0.0253125001,-23.75
3346,16.750493,39.375,0.0253125001,-23.75
3347,16.755422,39.375,0.0253125001,-23.75
3348,16.759445,39.375,0.0253125001,-23.75
3349,16.764344,39.375,0.0253125001,-23.75
3350,16.770819,39.375,0.0253125001,-23.75
3351,16.775155,39.375,0.0253125001,-23.75
3352,16.780044,39.375,0.0253125001,-23.75
3353,16.785164,39.375,0.0254687499,-23.125
3354,16.790341,39.375,0.0254687499,-23.125
3355,16.795247,39.375,0.0254687499,-23.125
3356,16.800618,39.375,0.0254687499,-23.125
3357,16.805510,39.375,0.0254687499,-23.125
3358,16.810442,39.375,0.0254687499,-23.125
3359,16.814444,39.375,0.0254687499,-23.125
3360,16.819340,39.375,0.0254687499,-23.125
3361,16.825818,39.375,0.0254687499,-23.125
3362,16.830154,39.375,0.0254687499,-23.125
3363,16.835044,39.375,0.0254687499,-23.125
3364,16.840141,39.375,0.0254687499,-23.125
3365,16.845311,39.375,0.0254687499,-23.125
3366,16.850220,39.375,0.0254687499,-23.125
3367,16.855302,39.375,0.0254687499,-23.125
3368,16.860479,39.375,0.0254687499,-23.125
3369,16.865383,39.375,0.0254687499,-23.125
3370,16.870755,39.375,0.0254687499,-23.125
3371,16.874324,39.375,0.0254687499,-23.125
3372,16.880559,39.375,0.0254687499,-23.125
3373,16.884678,39.375,0.0256249998,-22.5
3374,16.890163,39.375,0.0256249998,-22.5
3375,16.895259,39.375,0.0256249998,-22.5
3376,16.900439,39.375,0.0256249998,-22.5
3377,16.905345,39.375,0.0256249998,-22.5
3378,16.910716,39.375,0.0256249998,-22.5
3379,16.915612,39.375,0.0256249998,-22.5
3380,16.920520,39.375,0.0256249998,-22.5
3381,16.924589,39.375,0.0256249998,-22.5
3382,16.929485,39.375,0.0256249998,-22.5
3383,16.934392,39.375,0.0256249998,-22.5
3384,16.940331,39.375,0.0256249998,-22.5
3385,16.945236,39.375,0.0256249998,-22.5
3386,16.950364,39.375,0.0256249998,-22.5
3387,16.955510,39.375,0.0256249998,-22.5
3388,16.960417,39.375,0.0256249998,-22.5
3389,16.965790,39.375,0.0256249998,-22.5
3390,16.969359,39.375,0.0256249998,-22.5
3391,16.975824,39.375,0.0256249998,-22.5
3392,16.979656,39.375,0.0256249998,-22.5
3393,16.984551,39.375,0.0257812496,-21.875
3394,16.990512,39.375,0.0257812496,-21.875
3395,16.995408,39.375,0.0257812496,-21.875
3396,17.000341,39.375,0.0257812496,-21.875
3397,17.004367,39.375,0.0257812496,-21.875
3398,17.010604,39.375,0.0257812496,-21.875
3399,17.015738,39.375,0.0257812496,-21.875
3400,17.019591,39.375,0.0257812496,-21.875
3401,17.024487,39.375,0.0257812496,-21.875
3402,17.029609,39.375,0.0257812496,-21.875
3403,17.034781,39.375,0.0257812496,-21.875
3404,17.039686,39.375,0.0257812496,-21.875
3405,17.045061,39.375,0.0257812496,-21.875
3406,17.050516,39.375,0.0257812496,-21.875
3407,17.055649,39.375,0.0257812496,-21.875
3408,17.059477,39.375,0.0257812496,-21.875
3409,17.064372,39.375,0.0257812496,-21.875
3410,17.070837,38.625,0.0257812496,-21.875
3411,17.074665,38.625,0.0257812496,-21.875
3412,17.079558,38.625,0.0257812496,-21.875
3413,17.084650,38.625,0.0636250004,-20.5
3414,17.089830,38.625,0.0636250004,-20.5
3415,17.094737,38.625,0.0636250004,-20.5
3416,17.100423,38.625,0.0636250004,-20.5
3417,17.105569,38.625,0.0636250004,-20.5
3418,17.110477,38.625,0.0636250004,-20.5
3419,17.115874,38.625,0.0636250004,-20.5
3420,17.119442,38.625,0.0636250004,-20.5
3421,17.130810,38.625,0.0636250004,-20.5
3422,17.133125,38.625,0.0636250004,-20.5
3423,17.136973,38.625,0.0636250004,-20.5
3424,17.141871,38.625,0.0636250004,-20.5
3425,17.146777,38.625,0.0636250004,-20.5
3426,17.150816,38.625,0.0636250004,-20.5
3427,17.156282,38.625,0.0636250004,-20.5
3428,17.161191,38.625,0.0636250004,-20.5
3429,17.166625,38.625,0.0636250004,-20.5
3430,17.171521,38.625,0.0636250004,-20.5
3431,17.176657,38.625,0.0636250004,-20.5
3432,17.181815,38.625,0.0636250004,-20.5
3433,17.186720,38.625,0.0639687479,-19.125
3434,17.192093,38.625,0.0639687479,-19.125
3435,17.196988,38.625,0.0639687479,-19.125
3436,17.201897,38.625,0.0639687479,-19.125
3437,17.205966,38.625,0.0639687479,-19.125
3438,17.211434,38.625,0.0639687479,-19.125
3439,17.216340,38.625,0.0639687479,-19.125
3440,17.221778,38.625,0.0639687479,-19.125
3441,17.226670,38.625,0.0639687479,-19.125
3442,17.231782,38.625,0.0639687479,-19.125
3443,17.236961,38.625,0.0639687479,-19.125
3444,17.241870,38.625,0.0639687479,-19.125
3445,17.247224,38.625,0.0639687479,-19.125
3446,17.250788,38.625,0.0639687479,-19.125
3447,17.257021,38.625,0.0639687479,-19.125
3448,17.261090,38.625,0.0639687479,-19.125
3449,17.266559,38.625,0.0639687479,-19.125
3450,17.271692,38.625,0.0639687479,-19.125
3451,17.275736,38.625,0.0639687479,-19.125
3452,17.281975,38.625,0.0639687479,-19.125
3453,17.287112,38.625,0.0643125027,-17.75
3454,17.290920,38.625,0.0643125027,-17.75
3455,17.295826,38.625,0.0643125027,-17.75
3456,17.300918,38.625,0.0643125027,-17.75
3457,17.306099,38.625,0.0643125027,-17.75
3458,17.311006,38.625,0.0643125027,-17.75
3459,17.316361,38.625,0.0643125027,-17.75
3460,17.321808,38.625,0.0643125027,-17.75
3461,17.326919,38.625,0.0643125027,-17.75
3462,17.330772,38.625,0.0643125027,-17.75
3463,17.337005,38.625,0.0643125027,-17.75
3464,17.340803,38.625,0.0643125027,-17.75
3465,17.345959,38.625,0.0643125027,-17.75
3466,17.350867,38.625,0.0643125027,-17.75
3467,17.356221,38.625,0.0643125027,-17.75
3468,17.361130,38.625,0.0643125027,-17.75
3469,17.366018,38.625,0.0643125027,-17.75
3470,17.371982,38.625,0.0643125027,-17.75
3471,17.376875,38.625,0.0643125027,-17.75
3472,17.382244,38.625,0.0643125027,-17.75
3473,17.385806,38.625,0.0646562502,-16.375
3474,17.392042,38.625,0.0646562502,-16.375
3475,17.396117,38.625,0.0646562502,-16.375
3476,17.401010,38.625,0.0646562502,-16.375
3477,17.405915,38.625,0.0646562502,-16.375
3478,17.411373,38.625,0.0646562502,-16.375
3479,17.416265,38.625,0.0646562502,-16.375
3480,17.421407,38.625,0.0646562502,-16.375
3481,17.427126,38.625,0.0646562502,-16.375
3482,17.432018,38.625,0.0646562502,-16.375
3483,17.435814,38.625,0.0646562502,-16.375
3484,17.440973,38.625,0.0646562502,-16.375
3485,17.445878,38.625,0.0646562502,-16.375
3486,17.451282,38.625,0.0646562502,-16.375
3487,17.456187,38.625,0.0646562502,-16.375
3488,17.461078,38.625,0.0646562502,-16.375
3489,17.466569,38.625,0.0646562502,-16.375
3490,17.471464,38.625,0.0646562502,-16.375
3491,17.477182,38.625,0.0646562502,-16.375
3492,17.480991,38.625,0.0646562502,-16.375
3493,17.485896,38.625,0.0649999976,-15
3494,17.490988,38.625,0.0649999976,-15
3495,17.496172,38.625,0.0649999976,-15
3496,17.501064,38.625,0.0649999976,-15
3497,17.506430,38.625,0.0649999976,-15
3498,17.511339,38.625,0.0649999976,-15
3499,17.516255,38.625,0.0649999976,-15
3500,17.521671,38.625,0.0649999976,-15
3501,17.526564,38.625,0.0649999976,-15
3502,17.531675,38.625,0.0649999976,-15
3503,17.536028,38.625,0.0649999976,-15
3504,17.540928,38.625,0.0649999976,-15
3505,17.546062,38.625,0.0649999976,-15
3506,17.551223,38.625,0.0649999976,-15
3507,17.556128,38.625,0.0649999976,-15
3508,17.561498,38.625,0.0649999976,-15
3509,17.566390,38.625,0.0649999976,-15
3510,17.571299,38.625,0.0649999976,-15
3511,17.576718,38.625,0.0649999976,-15
3512,17.581613,38.625,0.0649999976,-15
3513,17.587024,38.625,0.0653437525,-13.625
3514,17.591085,38.625,0.0653437525,-13.625
3515,17.595980,38.625,0.0653437525,-13.625
3516,17.600889,38.625,0.0653437525,-13.625
3517,17.606344,38.625,0.0653437525,-13.625
3518,17.611239,38.625,0.0653437525,-13.625
3519,17.616352,38.625,0.0653437525,-13.625
3520,17.621508,38.625,0.0653437525,-13.625
3521,17.626413,38.625,0.0653437525,-13.625
3522,17.631786,38.625,0.0653437525,-13.625
3523,17.637201,38.625,0.0653437525,-13.625
3524,17.640765,38.625,0.0653437525,-13.625
3525,17.646204,38.625,0.0653437525,-13.625
3526,17.651096,38.625,0.0653437525,-13.625
3527,17.656218,38.625,0.0653437525,-13.625
3528,17.661369,38.625,0.0653437525,-13.625
3529,17.666275,38.625,0.0653437525,-13.625
3530,17.671646,38.625,0.0653437525,-13.625
3531,17.676542,38.625,0.0653437525,-13.625
3532,17.681683,38.625,0.0653437525,-13.625
3533,17.686839,38.625,0.0656874999,-12.25
3534,17.690917,38.625,0.0656874999,-12.25
3535,17.696301,38.625,0.0656874999,-12.25
3536,17.701210,38.625,0.0656874999,-12.25
3537,17.706098,38.625,0.0656874999,-12.25
3538,17.711541,38.625,0.0656874999,-12.25
3539,17.716433,38.625,0.0656874999,-12.25
3540,17.721569,38.625,0.0656874999,-12.25
3541,17.726724,38.625,0.0656874999,-12.25
3542,17.731633,38.625,0.0656874999,-12.25
3543,17.737005,38.625,0.0656874999,-12.25
3544,17.741903,38.625,0.0656874999,-12.25
3545,17.746833,38.625,0.0656874999,-12.25
3546,17.750902,38.625,0.0656874999,-12.25
3547,17.756344,38.625,0.0656874999,-12.25
3548,17.761462,38.625,0.0656874999,-12.25
3549,17.766610,38.625,0.0656874999,-12.25
3550,17.771519,38.625,0.0656874999,-12.25
3551,17.776891,38.625,0.0656874999,-12.25
3552,17.781789,38.625,0.0656874999,-12.25
3553,17.786903,38.625,0.0660312548,-10.875
3554,17.790734,38.625,0.0660312548,-10.875
3555,17.796966,38.625,0.0660312548,-10.875
3556,17.802369,38.625,0.0660312548,-10.875
3557,17.806462,38.625,0.0660312548,-10.875
3558,17.811358,38.625,0.0660312548,-10.875
3559,17.816782,38.625,0.0660312548,-10.875
3560,17.821677,38.625,0.0660312548,-10.875
3561,17.826789,38.625,0.0660312548,-10.875
3562,17.831975,38.625,0.0660312548,-10.875
3563,17.836880,38.625,0.0660312548,-10.875
3564,17.842256,38.625,0.0660312548,-10.875
3565,17.845818,38.625,0.0660312548,-10.875
3566,17.852290,38.625,0.0660312548,-10.875
3567,17.856097,38.625,0.0660312548,-10.875
3568,17.861565,38.625,0.0660312548,-10.875
3569,17.866699,38.625,0.0660312548,-10.875
3570,17.871857,38.625,0.0660312548,-10.875
3571,17.876762,38.625,0.0660312548,-10.875
3572,17.882141,38.625,0.0660312548,-10.875
3573,17.887030,38.625,0.0663750023,-9.5
3574,17.891939,38.625,0.0663750023,-9.5
3575,17.895983,38.625,0.0663750023,-9.5
3576,17.900882,38.625,0.0663750023,-9.5
3577,17.905812,38.625,0.0663750023,-9.5
3578,17.911739,38.625,0.0663750023,-9.5
3579,17.916633,38.625,0.0663750023,-9.5
3580,17.922020,38.625,0.0663750023,-9.5
3581,17.926916,38.625,0.0663750023,-9.5
3582,17.931825,38.625,0.0663750023,-9.5
3583,17.935869,38.625,0.0663750023,-9.5
3584,17.940767,38.625,0.0663750023,-9.5
3585,17.947203,38.625,0.0663750023,-9.5
3586,17.951036,38.625,0.0663750023,-9.5
3587,17.955942,38.625,0.0663750023,-9.5
3588,17.960863,38.625,0.0663750023,-9.5
3589,17.966291,38.625,0.0663750023,-9.5
3590,17.971693,38.625,0.0663750023,-9.5
3591,17.976792,38.625,0.0663750023,-9.5
3592,17.980834,38.625,0.0663750023,-9.5
3593,17.985728,38.625,0.0667187497,-8.125
3594,17.992194,38.625,0.0667187497,-8.125
3595,17.995998,38.625,0.0667187497,-8.125
3596,18.000906,38.625,0.0667187497,-8.125
3597,18.006073,38.625,0.0667187497,-8.125
3598,18.011232,38.625,0.0667187497,-8.125
3599,18.016137,38.625,0.0667187497,-8.125
3600,18.021509,38.625,0.0667187497,-8.125
3601,18.026405,38.625,0.0667187497,-8.125
3602,18.031868,38.625,0.0667187497,-8.125
3603,18.035946,38.625,0.0667187497,-8.125
3604,18.040842,38.625,0.0667187497,-8.125
3605,18.045747,38.625,0.0667187497,-8.125
3606,18.051195,38.625,0.0667187497,-8.125
3607,18.056083,38.625,0.0667187497,-8.125
3608,18.061177,38.625,0.0667187497,-8.125
3609,18.066353,38.625,0.0667187497,-8.125
3610,18.071262,38.625,0.0667187497,-8.125
3611,18.076634,38.625,0.0667187497,-8.125
3612,18.080764,38.625,0.0667187497,-8.125
3613,18.087228,38.625,0.0670625046,-6.75
3614,18.091036,38.625,0.0670625046,-6.75
3615,18.095942,38.625,0.0670625046,-6.75
3616,18.101313,38.625,0.0670625046,-6.75
3617,18.106218,38.625,0.0670625046,-6.75
3618,18.111113,38.625,0.0670625046,-6.75
3619,18.116575,38.625,0.0670625046,-6.75
3620,18.121471,38.625,0.0670625046,-6.75
3621,18.131457,38.625,0.0670625046,-6.75
3622,18.133765,38.625,0.0670625046,-6.75
3623,18.137618,38.625,0.0670625046,-6.75
3624,18.141741,38.625,0.0670625046,-6.75
3625,18.146634,38.625,0.0670625046,-6.75
3626,18.152062,38.625,0.0670625046,-6.75
3627,18.156968,38.625,0.0670625046,-6.75
3628,18.162088,38.625,0.0670625046,-6.75
3629,18.167244,38.625,0.0670625046,-6.75
3630,18.172152,38.625,0.0670625046,-6.75
3631,18.177619,38.625,0.0670625046,-6.75
3632,18.182515,38.625,0.0670625046,-6.75
3633,18.187908,38.625,0.067406252,-5.375
3634,18.192019,38.625,0.067406252,-5.375
3635,18.196924,38.625,0.067406252,-5.375
3636,18.202377,38.625,0.067406252,-5.375
3637,18.207269,38.625,0.067406252,-5.375
3638,18.212387,38.625,0.067406252,-5.375
3639,18.217539,38.625,0.067406252,-5.375
3640,18.222447,38.625,0.067406252,-5.375
3641,18.227869,38.625,0.067406252,-5.375
3642,18.231440,38.625,0.067406252,-5.375
3643,18.237897,38.625,0.067406252,-5.375
3644,18.242267,38.625,0.067406252,-5.375
3645,18.247172,38.625,0.067406252,-5.375
3646,18.252566,38.625,0.067406252,-5.375
3647,18.257462,38.625,0.067406252,-5.375
3648,18.262370,38.625,0.067406252,-5.375
3649,18.267785,38.625,0.067406252,-5.375
3650,18.272681,38.625,0.067406252,-5.375
3651,18.277798,38.625,0.067406252,-5.375
3652,18.281623,38.625,0.067406252,-5.375
3653,18.286516,38.625,0.0677499995,-4
3654,18.291654,38.625,0.0677499995,-4
3655,18.297534,38.625,0.0677499995,-4
3656,18.302433,38.625,0.0677499995,-4
3657,18.307568,38.625,0.0677499995,-4
3658,18.311399,38.625,0.0677499995,-4
3659,18.317631,38.625,0.0677499995,-4
3660,18.323004,38.625,0.0677499995,-4
3661,18.326572,38.625,0.0677499995,-4
3662,18.331468,38.625,0.0677499995,-4
3663,18.336906,38.625,0.0677499995,-4
3664,18.341815,38.625,0.0677499995,-4
3665,18.346929,39.25,0.0677499995,-4
3666,18.352128,39.25,0.0677499995,-4
3667,18.357581,39.25,0.0677499995,-4
3668,18.361638,39.25,0.0677499995,-4
3669,18.366531,39.25,0.0677499995,-4
3670,18.371650,39.25,0.0677499995,-4
3671,18.376806,39.25,0.0677499995,-4
3672,18.381714,39.25,0.0677499995,-4
3673,18.387061,39.25,0.0366875008,-3.25
3674,18.391960,39.25,0.0366875008,-3.25
3675,18.396890,39.25,0.0366875008,-3.25
3676,18.402331,39.25,0.0366875008,-3.25
3677,18.407223,39.25,0.0366875008,-3.25
3678,18.412338,39.25,0.0366875008,-3.25
3679,18.416666,39.25,0.0366875008,-3.25
3680,18.421564,39.25,0.0366875008,-3.25
3681,18.426947,39.25,0.0366875008,-3.25
3682,18.431845,39.25,0.0366875008,-3.25
3683,18.436750,39.25,0.0366875008,-3.25
3684,18.442216,39.25,0.0366875008,-3.25
3685,18.447105,39.25,0.0366875008,-3.25
3686,18.452224,39.25,0.0366875008,-3.25
3687,18.457378,39.25,0.0366875008,-3.25
3688,18.462287,39.25,0.0366875008,-3.25
3689,18.467683,39.25,0.0366875008,-3.25
3690,18.471786,39.25,0.0366875008,-3.25
3691,18.476678,39.25,0.0366875008,-3.25
3692,18.482124,39.25,0.0366875008,-3.25
3693,18.487012,39.25,0.0368750021,-2.5
3694,18.492387,39.25,0.0368750021,-2.5
3695,18.497293,39.25,0.0368750021,-2.5
3696,18.502188,39.25,0.0368750021,-2.5
3697,18.507625,39.25,0.0368750021,-2.5
3698,18.512521,39.25,0.0368750021,-2.5
3699,18.517903,39.25,0.0368750021,-2.5
3700,18.522014,39.25,0.0368750021,-2.5
3701,18.526919,39.25,0.0368750021,-2.5
3702,18.532372,39.25,0.0368750021,-2.5
3703,18.537264,39.25,0.0368750021,-2.5
3704,18.542385,39.25,0.0368750021,-2.5
3705,18.547534,39.25,0.0368750021,-2.5
3706,18.552441,39.25,0.0368750021,-2.5
3707,18.557814,39.25,0.0368750021,-2.5
3708,18.561385,39.25,0.0368750021,-2.5
3709,18.567617,39.25,0.0368750021,-2.5
3710,18.571662,39.25,0.0368750021,-2.5
3711,18.576557,39.25,0.0368750021,-2.5
3712,18.582246,39.25,0.0368750021,-2.5
3713,18.587394,39.25,0.0370624997,-1.75
3714,18.592303,39.25,0.0370624997,-1.75
3715,18.597720,39.25,0.0370624997,-1.75
3716,18.602616,39.25,0.0370624997,-1.75
3717,18.607737,39.25,0.0370624997,-1.75
3718,18.611568,39.25,0.0370624997,-1.75
3719,18.616461,39.25,0.0370624997,-1.75
3720,18.621623,39.25,0.0370624997,-1.75
3721,18.626780,39.25,0.0370624997,-1.75
3722,18.632254,39.25,0.0370624997,-1.75
3723,18.637655,39.25,0.0370624997,-1.75
3724,18.642551,39.25,0.0370624997,-1.75
3725,18.647673,39.25,0.0370624997,-1.75
3726,18.651504,39.25,0.0370624997,-1.75
3727,18.656396,39.25,0.0370624997,-1.75
3728,18.661535,39.25,0.0370624997,-1.75
3729,18.666690,39.25,0.0370624997,-1.75
3730,18.671599,39.25,0.0370624997,-1.75
3731,18.677046,39.25,0.0370624997,-1.75
3732,18.682524,39.25,0.0370624997,-1.75
3733,18.687880,39.25,0.037250001,-1
3734,18.691452,39.25,0.037250001,-1
3735,18.697685,39.25,0.037250001,-1
3736,18.701754,39.25,0.037250001,-1
3737,18.706649,39.25,0.037250001,-1
3738,18.711558,39.25,0.037250001,-1
3739,18.716993,39.25,0.037250001,-1
3740,18.721902,39.25,0.037250001,-1
3741,18.727019,39.25,0.037250001,-1
3742,18.732698,39.25,0.037250001,-1
3743,18.737591,39.25,0.037250001,-1
3744,18.741654,39.25,0.037250001,-1
3745,18.746547,39.25,0.037250001,-1
3746,18.751455,39.25,0.037250001,-1
3747,18.756903,39.25,0.037250001,-1
3748,18.761813,39.25,0.037250001,-1
3749,18.767183,39.25,0.037250001,-1
3750,18.772075,39.25,0.037250001,-1
3751,18.776981,39.25,0.037250001,-1
3752,18.782420,39.25,0.037250001,-1
3753,18.787313,39.25,0.0374375023,-0.25
3754,18.792237,39.25,0.0374375023,-0.25
3755,18.798139,39.25,0.0374375023,-0.25
3756,18.801704,39.25,0.0374375023,-0.25
3757,18.806839,39.25,0.0374375023,-0.25
3758,18.811998,39.25,0.0374375023,-0.25
3759,18.816903,39.25,0.0374375023,-0.25
3760,18.822346,39.25,0.0374375023,-0.25
3761,18.827238,39.25,0.0374375023,-0.25
3762,18.832376,39.25,0.0374375023,-0.25
3763,18.837543,39.25,0.0374375023,-0.25
3764,18.842451,39.25,0.0374375023,-0.25
3765,18.846526,39.25,0.0374375023,-0.25
3766,18.851966,39.25,0.0374375023,-0.25
3767,18.856872,39.25,0.0374375023,-0.25
3768,18.862243,39.25,0.0374375023,-0.25
3769,18.867148,39.25,0.0374375023,-0.25
3770,18.872040,39.25,0.0374375023,-0.25
3771,18.877481,39.25,0.0374375023,-0.25
3772,18.882377,39.25,0.0374375023,-0.25
3773,18.887297,39.25,0.0376249999,0.5
3774,18.892719,39.25,0.0376249999,0.5
3775,18.897612,39.25,0.0376249999,0.5
3776,18.901950,39.25,0.0376249999,0.5
3777,18.907147,39.25,0.0376249999,0.5
3778,18.912039,39.25,0.0376249999,0.5
3779,18.917461,39.25,0.0376249999,0.5
3780,18.922360,39.25,0.0376249999,0.5
3781,18.927280,39.25,0.0376249999,0.5
3782,18.932705,39.25,0.0376249999,0.5
3783,18.937598,39.25,0.0376249999,0.5
3784,18.942728,39.25,0.0376249999,0.5
3785,18.946565,39.25,0.0376249999,0.5
3786,18.951460,39.25,0.0376249999,0.5
3787,18.956870,39.25,0.0376249999,0.5
3788,18.962301,39.25,0.0376249999,0.5
3789,18.967206,39.25,0.0376249999,0.5
3790,18.972666,39.25,0.0376249999,0.5
3791,18.977558,39.25,0.0376249999,0.5
3792,18.982698,39.25,0.0376249999,0.5
3793,18.986525,39.25,0.0378125012,1.25
3794,18.991420,39.25,0.0378125012,1.25
3795,18.996534,39.25,0.0378125012,1.25
3796,19.001693,39.25,0.0378125012,1.25
3797,19.006597,39.25,0.0378125012,1.25
3798,19.011970,39.25,0.0378125012,1.25
3799,19.017448,39.25,0.0378125012,1.25
3800,19.022344,39.25,0.0378125012,1.25
3801,19.027790,39.25,0.0378125012,1.25
3802,19.032686,39.25,0.0378125012,1.25
3803,19.037821,39.25,0.0378125012,1.25
3804,19.041653,39.25,0.0378125012,1.25
3805,19.046546,39.25,0.0378125012,1.25
3806,19.051659,39.25,0.0378125012,1.25
3807,19.056839,39.25,0.0378125012,1.25
3808,19.061747,39.25,0.0378125012,1.25
3809,19.067126,39.25,0.0378125012,1.25
3810,19.072549,39.25,0.0378125012,1.25
3811,19.077455,39.25,0.0378125012,1.25
3812,19.082844,39.25,0.0378125012,1.25
3813,19.086412,39.25,0.0380000025,2
3814,19.092647,39.25,0.0380000025,2
3815,19.096707,39.25,0.0380000025,2
3816,19.101602,39.25,0.0380000025,2
3817,19.106508,39.25,0.0380000025,2
3818,19.111949,39.25,0.0380000025,2
3819,19.116854,39.25,0.0380000025,2
3820,19.122303,39.25,0.0380000025,2
3821,19.132564,39.25,0.0380000025,2
3822,19.134785,39.25,0.0380000025,2
3823,19.138351,39.25,0.0380000025,2
3824,19.143454,39.25,0.0380000025,2
3825,19.148747,39.25,0.0380000025,2
3826,19.153643,39.25,0.0380000025,2
3827,19.158548,39.25,0.0380000025,2
3828,19.162591,39.25,0.0380000025,2
3829,19.168827,39.25,0.0380000025,2
3830,19.173953,39.25,0.0380000025,2
3831,19.177797,39.25,0.0380000025,2
3832,19.183248,39.25,0.0380000025,2
3833,19.188628,39.25,0.0381875001,2.75
3834,19.193527,39.25,0.0381875001,2.75
3835,19.198431,39.25,0.0381875001,2.75
3836,19.203856,39.25,0.0381875001,2.75
3837,19.208761,39.25,0.0381875001,2.75
3838,19.213894,39.25,0.0381875001,2.75
3839,19.217733,39.25,0.0381875001,2.75
3840,19.222628,39.25,0.0381875001,2.75
3841,19.227755,39.25,0.0381875001,2.75
3842,19.233542,39.25,0.0381875001,2.75
3843,19.238434,39.25,0.0381875001,2.75
3844,19.243856,39.25,0.0381875001,2.75
3845,19.248761,39.25,0.0381875001,2.75
3846,19.253869,39.25,0.0381875001,2.75
3847,19.257693,39.25,0.0381875001,2.75
3848,19.262589,39.25,0.0381875001,2.75
3849,19.267703,39.25,0.0381875001,2.75
3850,19.272861,39.25,0.0381875001,2.75
3851,19.277766,39.25,0.0381875001,2.75
3852,19.283144,39.25,0.0381875001,2.75
3853,19.288033,39.25,0.0383750014,3.5
3854,19.293729,39.25,0.0383750014,3.5
3855,19.297554,39.25,0.0383750014,3.5
3856,19.303790,39.25,0.0383750014,3.5
3857,19.307859,39.25,0.0383750014,3.5
3858,19.312974,39.25,0.0383750014,3.5
3859,19.317880,39.25,0.0383750014,3.5
3860,19.323266,39.25,0.0383750014,3.5
3861,19.328171,39.25,0.0383750014,3.5
3862,19.333265,39.25,0.0383750014,3.5
3863,19.338441,39.25,0.0383750014,3.5
3864,19.343350,39.25,0.0383750014,3.5
3865,19.348746,39.25,0.0383750014,3.5
3866,19.352831,39.25,0.0383750014,3.5
3867,19.357736,39.25,0.0383750014,3.5
3868,19.363190,39.25,0.0383750014,3.5
3869,19.368078,39.25,0.0383750014,3.5
3870,19.373204,39.25,0.0383750014,3.5
3871,19.378352,39.25,0.0383750014,3.5
3872,19.383261,39.25,0.0383750014,3.5
3873,19.388632,39.25,0.0385625027,4.25
3874,19.393528,39.25,0.0385625027,4.25
3875,19.398644,39.25,0.0385625027,4.25
3876,19.402973,39.25,0.0385625027,4.25
3877,19.407866,39.25,0.0385625027,4.25
3878,19.413236,39.25,0.0385625027,4.25
3879,19.418141,39.25,0.0385625027,4.25
3880,19.423032,39.25,0.0385625027,4.25
3881,19.428473,39.25,0.0385625027,4.25
3882,19.433369,39.25,0.0385625027,4.25
3883,19.438480,39.25,0.0385625027,4.25
3884,19.443635,39.25,0.0385625027,4.25
3885,19.448540,39.25,0.0385625027,4.25
3886,19.453990,39.25,0.0385625027,4.25
3887,19.458073,39.25,0.0385625027,4.25
3888,19.462982,39.25,0.0385625027,4.25
3889,19.468408,39.25,0.0385625027,4.25
3890,19.473304,39.25,0.0385625027,4.25
3891,19.478688,39.25,0.0385625027,4.25
3892,19.483584,39.25,0.0385625027,4.25
3893,19.488489,39.25,0.0387500003,5
3894,19.493940,39.25,0.0387500003,5
3895,19.498846,39.25,0.0387500003,5
3896,19.502637,39.25,0.0387500003,5
3897,19.508360,39.25,0.0387500003,5
3898,19.513255,39.25,0.0387500003,5
3899,19.518668,39.25,0.0387500003,5
3900,19.523564,39.25,0.0387500003,5
3901,19.528686,39.25,0.0387500003,5
3902,19.533841,39.25,0.0387500003,5
3903,19.538746,39.25,0.0387500003,5
3904,19.544096,39.25,0.0387500003,5
3905,19.547664,39.25,0.0387500003,5
3906,19.552561,39.25,0.0387500003,5
3907,19.558512,39.25,0.0387500003,5
3908,19.563411,39.25,0.0387500003,5
3909,19.568546,39.25,0.0387500003,5
3910,19.573701,39.25,0.0387500003,5
3911,19.578606,39.25,0.0387500003,5
3912,19.583982,39.25,0.0387500003,5
3913,19.587550,39.25,0.0389375016,5.75
3914,19.593787,39.25,0.0389375016,5.75
3915,19.597830,39.25,0.0389375016,5.75
3916,19.602728,39.25,0.0389375016,5.75
3917,19.608138,39.25,0.0389375016,5.75
3918,19.613564,39.25,0.0389375016,5.75
3919,19.618457,39.25,0.0389375016,5.75
3920,19.623595,40.5,0.0389375016,5.75
3921,19.628750,40.5,0.0389375016,5.75
3922,19.633659,40.5,0.0389375016,5.75
3923,19.639031,40.5,0.0389375016,5.75
3924,19.642602,40.5,0.0389375016,5.75
3925,19.648835,40.5,0.0389375016,5.75
3926,19.652879,40.5,0.0389375016,5.75
3927,19.657774,40.5,0.0389375016,5.75
3928,19.662683,40.5,0.0389375016,5.75
3929,19.668636,40.5,0.0389375016,5.75
3930,19.673535,40.5,0.0389375016,5.75
3931,19.678917,40.5,0.0389375016,5.75
3932,19.683815,40.5,0.0389375016,5.75
3933,19.688953,40.5,-0.0236875005,5.25
3934,19.692782,40.5,-0.0236875005,5.25
3935,19.697674,40.5,-0.0236875005,5.25
3936,19.703063,40.5,-0.0236875005,5.25
3937,19.707959,40.5,-0.0236875005,5.25
3938,19.712867,40.5,-0.0236875005,5.25
3939,19.718806,40.5,-0.0236875005,5.25
3940,19.723704,40.5,-0.0236875005,5.25
3941,19.728839,40.5,-0.0236875005,5.25
3942,19.732667,40.5,-0.0236875005,5.25
3943,19.737560,40.5,-0.0236875005,5.25
3944,19.742677,40.5,-0.0236875005,5.25
3945,19.747832,40.5,-0.0236875005,5.25
3946,19.752740,40.5,-0.0236875005,5.25
3947,19.758119,40.5,-0.0236875005,5.25
3948,19.763011,40.5,-0.0236875005,5.25
3949,19.767917,40.5,-0.0236875005,5.25
3950,19.773855,40.5,-0.0236875005,5.25
3951,19.778746,40.5,-0.0236875005,5.25
3952,19.783839,40.5,-0.0236875005,5.25
3953,19.787692,40.5,-0.0238125008,4.75
3954,19.792588,40.5,-0.0238125008,4.75
3955,19.797726,40.5,-0.0238125008,4.75
3956,19.802885,40.5,-0.0238125008,4.75
3957,19.807790,40.5,-0.0238125008,4.75
3958,19.813232,40.5,-0.0238125008,4.75
3959,19.818124,40.5,-0.0238125008,4.75
3960,19.823252,40.5,-0.0238125008,4.75
3961,19.827603,40.5,-0.0238125008,4.75
3962,19.833842,40.5,-0.0238125008,4.75
3963,19.837594,40.5,-0.0238125008,4.75
3964,19.842770,40.5,-0.0238125008,4.75
3965,19.847676,40.5,-0.0238125008,4.75
3966,19.853048,40.5,-0.0238125008,4.75
3967,19.857943,40.5,-0.0238125008,4.75
3968,19.862852,40.5,-0.0238125008,4.75
3969,19.868292,40.5,-0.0238125008,4.75
3970,19.873187,40.5,-0.0238125008,4.75
3971,19.878595,40.5,-0.0238125008,4.75
3972,19.882694,40.5,-0.0238125008,4.75
3973,19.887587,40.5,-0.023937501,4.25
3974,19.893019,40.5,-0.023937501,4.25
3975,19.897925,40.5,-0.023937501,4.25
3976,19.903021,40.5,-0.023937501,4.25
3977,19.908204,40.5,-0.023937501,4.25
3978,19.913096,40.5,-0.023937501,4.25
3979,19.918457,40.5,-0.023937501,4.25
3980,19.923355,40.5,-0.023937501,4.25
3981,19.928474,40.5,-0.023937501,4.25
3982,19.932822,40.5,-0.023937501,4.25
3983,19.937717,40.5,-0.023937501,4.25
3984,19.943103,40.5,-0.023937501,4.25
3985,19.947998,40.5,-0.023937501,4.25
3986,19.952907,40.5,-0.023937501,4.25
3987,19.958348,40.5,-0.023937501,4.25
3988,19.963243,40.5,-0.023937501,4.25
3989,19.968361,40.5,-0.023937501,4.25
3990,19.973559,40.5,-0.023937501,4.25
3991,19.978464,40.5,-0.023937501,4.25
3992,19.984400,40.5,-0.023937501,4.25
3993,19.987962,40.5,-0.0240624994,3.75
3994,19.992858,40.5,-0.0240624994,3.75
3995,19.998334,40.5,-0.0240624994,3.75
3996,20.003229,40.5,-0.0240624994,3.75
3997,20.008346,40.5,-0.0240624994,3.75
3998,20.013495,40.5,-0.0240624994,3.75
3999,20.018399,40.5,-0.0240624994,3.75
4000,20.023775,40.5,-0.0240624994,3.75
4001,20.028671,40.5,-0.0240624994,3.75
4002,20.033887,40.5,-0.0240624994,3.75
4003,20.037716,40.5,-0.0240624994,3.75
4004,20.043171,40.5,-0.0240624994,3.75
4005,20.048572,40.5,-0.0240624994,3.75
4006,20.053471,40.5,-0.0240624994,3.75
4007,20.058376,40.5,-0.0240624994,3.75
4008,20.063816,40.5,-0.0240624994,3.75
4009,20.068708,40.5,-0.0240624994,3.75
4010,20.073823,40.5,-0.0240624994,3.75
4011,20.077651,40.5,-0.0240624994,3.75
4012,20.082547,40.5,-0.0240624994,3.75
4013,20.087660,40.5,-0.0241874997,3.25
4014,20.093383,40.5,-0.0241874997,3.25
4015,20.098275,40.5,-0.0241874997,3.25
4016,20.103717,40.5,-0.0241874997,3.25
4017,20.108610,40.5,-0.0241874997,3.25
4018,20.113981,40.5,-0.0241874997,3.25
4019,20.117549,40.5,-0.0241874997,3.25
4020,20.123785,40.5,-0.0241874997,3.25
4021,20.133984,40.5,-0.0241874997,3.25
4022,20.136210,40.5,-0.0241874997,3.25
4023,20.139771,40.5,-0.0241874997,3.25
4024,20.144875,40.5,-0.0241874997,3.25
4025,20.150202,40.5,-0.0241874997,3.25
4026,20.154362,40.5,-0.0241874997,3.25
4027,20.159254,40.5,-0.0241874997,3.25
4028,20.164682,40.5,-0.0241874997,3.25
4029,20.169575,40.5,-0.0241874997,3.25
4030,20.174669,40.5,-0.0241874997,3.25
4031,20.179843,40.5,-0.0241874997,3.25
4032,20.184751,40.5,-0.0241874997,3.25
4033,20.190099,40.5,-0.0243124999,2.75
4034,20.194997,40.5,-0.0243124999,2.75
4035,20.199902,40.5,-0.0243124999,2.75
4036,20.205841,40.5,-0.0243124999,2.75
4037,20.209409,40.5,-0.0243124999,2.75
4038,20.214304,40.5,-0.0243124999,2.75
4039,20.219731,40.5,-0.0243124999,2.75
4040,20.224627,40.5,-0.0243124999,2.75
4041,20.229762,40.5,-0.0243124999,2.75
4042,20.234918,40.5,-0.0243124999,2.75
4043,20.239824,40.5,-0.0243124999,2.75
4044,20.245180,40.5,-0.0243124999,2.75
4045,20.250069,40.5,-0.0243124999,2.75
4046,20.255486,40.5,-0.0243124999,2.75
4047,20.259547,40.5,-0.0243124999,2.75
4048,20.264446,40.5,-0.0243124999,2.75
4049,20.269351,40.5,-0.0243124999,2.75
4050,20.274781,40.5,-0.0243124999,2.75
4051,20.279673,40.5,-0.0243124999,2.75
4052,20.284800,40.5,-0.0243124999,2.75
4053,20.289967,40.5,-0.0244375002,2.25
4054,20.294875,40.5,-0.0244375002,2.25
4055,20.300001,40.5,-0.0244375002,2.25
4056,20.305160,40.5,-0.0244375002,2.25
4057,20.310049,40.5,-0.0244375002,2.25
4058,20.315418,40.5,-0.0244375002,2.25
4059,20.319535,40.5,-0.0244375002,2.25
4060,20.324431,40.5,-0.0244375002,2.25
4061,20.330148,40.5,-0.0244375002,2.25
4062,20.335036,40.5,-0.0244375002,2.25
4063,20.340172,40.5,-0.0244375002,2.25
4064,20.343973,40.5,-0.0244375002,2.25
4065,20.350225,40.5,-0.0244375002,2.25
4066,20.355597,40.5,-0.0244375002,2.25
4067,20.359162,40.5,-0.0244375002,2.25
4068,20.364558,40.5,-0.0244375002,2.25
4069,20.369971,40.5,-0.0244375002,2.25
4070,20.374880,40.5,-0.0244375002,2.25
4071,20.379997,40.5,-0.0244375002,2.25
4072,20.385156,40.5,-0.0244375002,2.25
4073,20.390045,40.5,-0.0245625004,1.75
4074,20.395414,40.5,-0.0245625004,1.75
4075,20.398976,40.5,-0.0245625004,1.75
4076,20.405215,40.5,-0.0245625004,1.75
4077,20.409263,40.5,-0.0245625004,1.75
4078,20.414171,40.5,-0.0245625004,1.75
4079,20.419626,40.5,-0.0245625004,1.75
4080,20.425074,40.5,-0.0245625004,1.75
4081,20.429979,40.5,-0.0245625004,1.75
4082,20.435350,40.5,-0.0245625004,1.75
4083,20.440259,40.5,-0.0245625004,1.75
4084,20.445179,40.5,-0.0245625004,1.75
4085,20.449199,40.5,-0.0245625004,1.75
4086,20.454090,40.5,-0.0245625004,1.75
4087,20.459019,40.5,-0.0245625004,1.75
4088,20.464450,40.5,-0.0245625004,1.75
4089,20.469899,40.5,-0.0245625004,1.75
4090,20.475008,40.5,-0.0245625004,1.75
4091,20.480191,40.5,-0.0245625004,1.75
4092,20.485080,40.5,-0.0245625004,1.75
4093,20.489123,40.5,-0.0246875007,1.25
4094,20.494015,40.5,-0.0246875007,1.25
4095,20.500482,40.5,-0.0246875007,1.25
4096,20.504311,40.5,-0.0246875007,1.25
4097,20.509204,40.5,-0.0246875007,1.25
4098,20.514324,40.5,-0.0246875007,1.25
4099,20.520026,40.5,-0.0246875007,1.25
4100,20.524935,40.5,-0.0246875007,1.25
4101,20.530376,40.5,-0.0246875007,1.25
4102,20.535269,40.5,-0.0246875007,1.25
4103,20.540397,40.5,-0.0246875007,1.25
4104,20.544219,40.5,-0.0246875007,1.25
4105,20.549111,40.5,-0.0246875007,1.25
4106,20.554248,40.5,-0.0246875007,1.25
4107,20.559408,40.5,-0.0246875007,1.25
4108,20.564317,40.5,-0.0246875007,1.25
4109,20.569713,40.5,-0.0246875007,1.25
4110,20.575156,40.5,-0.0246875007,1.25
4111,20.580289,40.5,-0.0246875007,1.25
4112,20.584129,40.5,-0.0246875007,1.25
4113,20.589018,40.5,-0.0248125009,0.75
4114,20.594145,40.5,-0.0248125009,0.75
4115,20.599294,40.5,-0.0248125009,0.75
4116,20.604203,40.5,-0.0248125009,0.75
4117,20.609574,40.5,-0.0248125009,0.75
4118,20.614473,40.5,-0.0248125009,0.75
4119,20.619586,40.5,-0.0248125009,0.75
4120,20.625312,40.5,-0.0248125009,0.75
4121,20.630208,40.5,-0.0248125009,0.75
4122,20.635598,40.5,-0.0248125009,0.75
4123,20.639163,40.5,-0.0248125009,0.75
4124,20.644055,40.5,-0.0248125009,0.75
4125,20.649491,40.5,-0.0248125009,0.75
4126,20.654387,40.5,-0.0248125009,0.75
4127,20.659522,40.5,-0.0248125009,0.75
4128,20.664678,40.5,-0.0248125009,0.75
4129,20.669582,40.5,-0.0248125009,0.75
4130,20.674982,40.5,-0.0248125009,0.75
4131,20.679065,40.5,-0.0248125009,0.75
4132,20.683974,40.5,-0.0248125009,0.75
4133,20.689477,40.5,-0.0249375012,0.25
4134,20.694372,40.5,-0.0249375012,0.25
4135,20.699755,40.5,-0.0249375012,0.25
4136,20.704654,40.5,-0.0249375012,0.25
4137,20.709583,40.5,-0.0249375012,0.25
4138,20.715005,40.5,-0.0249375012,0.25
4139,20.719910,40.5,-0.0249375012,0.25
4140,20.725030,40.5,-0.0249375012,0.25
4141,20.729416,40.5,-0.0249375012,0.25
4142,20.734325,40.5,-0.0249375012,0.25
4143,20.739449,40.5,-0.0249375012,0.25
4144,20.744599,40.5,-0.0249375012,0.25
4145,20.749504,40.5,-0.0249375012,0.25
4146,20.754879,40.5,-0.0249375012,0.25
4147,20.759774,40.5,-0.0249375012,0.25
4148,20.764683,40.5,-0.0249375012,0.25
4149,20.770104,40.5,-0.0249375012,0.25
4150,20.775012,40.5,-0.0249375012,0.25
4151,20.780140,40.5,-0.0249375012,0.25
4152,20.784459,40.5,-0.0249375012,0.25
4153,20.789354,40.5,-0.0250624996,-0.25
4154,20.794485,40.5,-0.0250624996,-0.25
4155,20.799648,40.5,-0.0250624996,-0.25
4156,20.804556,40.5,-0.0250624996,-0.25
4157,20.809929,40.5,-0.0250624996,-0.25
4158,20.814827,40.5,-0.0250624996,-0.25
4159,20.819732,40.5,-0.0250624996,-0.25
4160,20.825199,40.5,-0.0250624996,-0.25
4161,20.830087,40.5,-0.0250624996,-0.25
4162,20.835479,40.5,-0.0250624996,-0.25
4163,20.839575,40.5,-0.0250624996,-0.25
4164,20.844471,40.5,-0.0250624996,-0.25
4165,20.849904,40.5,-0.0250624996,-0.25
4166,20.854812,40.5,-0.0250624996,-0.25
4167,20.860209,40.5,-0.0250624996,-0.25
4168,20.865098,40.5,-0.0250624996,-0.25
4169,20.870002,40.5,-0.0250624996,-0.25
4170,20.874072,40.5,-0.0250624996,-0.25
4171,20.878967,40.5,-0.0250624996,-0.25
4172,20.885430,40.5,-0.0250624996,-0.25
4173,20.889753,40.5,-0.0251874998,-0.75
4174,20.894652,40.5,-0.0251874998,-0.75
4175,20.900034,40.625,-0.0251874998,-0.75
4176,20.904933,40.625,-0.0251874998,-0.75
4177,20.909863,40.625,-0.0251874998,-0.75
4178,20.915304,40.625,-0.0251874998,-0.75
4179,20.920200,40.625,-0.0251874998,-0.75
4180,20.925336,40.625,-0.0251874998,-0.75
4181,20.929164,40.625,-0.0251874998,-0.75
4182,20.934055,40.625,-0.0251874998,-0.75
4183,20.939178,40.625,-0.0251874998,-0.75
4184,20.944881,40.625,-0.0251874998,-0.75
4185,20.949787,40.625,-0.0251874998,-0.75
4186,20.955166,40.625,-0.0251874998,-0.75
4187,20.960054,40.625,-0.0251874998,-0.75
4188,20.965180,40.625,-0.0251874998,-0.75
4189,20.969008,40.625,-0.0251874998,-0.75
4190,20.975261,40.625,-0.0251874998,-0.75
4191,20.979032,40.625,-0.0251874998,-0.75
4192,20.984189,40.625,-0.0251874998,-0.75
4193,20.989078,40.625,-0.0315937512,-1.375
4194,20.994644,40.625,-0.0315937512,-1.375
4195,21.000095,40.625,-0.0315937512,-1.375
4196,21.005210,40.625,-0.0315937512,-1.375
4197,21.009043,40.625,-0.0315937512,-1.375
4198,21.013952,40.625,-0.0315937512,-1.375
4199,21.019069,40.625,-0.0315937512,-1.375
4200,21.024224,40.625,-0.0315937512,-1.375
4201,21.029129,40.625,-0.0315937512,-1.375
4202,21.034550,40.625,-0.0315937512,-1.375
4203,21.039442,40.625,-0.0315937512,-1.375
4204,21.044564,40.625,-0.0315937512,-1.375
4205,21.050295,40.625,-0.0315937512,-1.375
4206,21.055187,40.625,-0.0315937512,-1.375
4207,21.059233,40.625,-0.0315937512,-1.375
4208,21.064141,40.625,-0.0315937512,-1.375
4209,21.069030,40.625,-0.0315937512,-1.375
4210,21.074471,40.625,-0.0315937512,-1.375
4211,21.079364,40.625,-0.0315937512,-1.375
4212,21.084455,40.625,-0.0315937512,-1.375
4213,21.089633,40.625,-0.031750001,-2
4214,21.094541,40.625,-0.031750001,-2
4215,21.100463,40.625,-0.031750001,-2
4216,21.104015,40.625,-0.031750001,-2
4217,21.110267,40.625,-0.031750001,-2
4218,21.114318,40.625,-0.031750001,-2
4219,21.119224,40.625,-0.031750001,-2
4220,21.124119,40.625,-0.031750001,-2
4221,21.134258,40.625,-0.031750001,-2
4222,21.136480,40.625,-0.031750001,-2
4223,21.140041,40.625,-0.031750001,-2
4224,21.145148,40.625,-0.031750001,-2
4225,21.150408,40.625,-0.031750001,-2
4226,21.154532,40.625,-0.031750001,-2
4227,21.159424,40.625,-0.031750001,-2
4228,21.164807,40.625,-0.031750001,-2
4229,21.169702,40.625,-0.031750001,-2
4230,21.174634,40.625,-0.031750001,-2
4231,21.180046,40.625,-0.031750001,-2
4232,21.184954,40.625,-0.031750001,-2
4233,21.190071,40.625,-0.0319062509,-2.625
4234,21.195227,40.625,-0.0319062509,-2.625
4235,21.200135,40.625,-0.0319062509,-2.625
4236,21.205532,40.625,-0.0319062509,-2.625
4237,21.209657,40.625,-0.0319062509,-2.625
4238,21.214552,40.625,-0.0319062509,-2.625
4239,21.219985,40.625,-0.0319062509,-2.625
4240,21.224893,40.625,-0.0319062509,-2.625
4241,21.230008,40.625,-0.0319062509,-2.625
4242,21.235167,40.625,-0.0319062509,-2.625
4243,21.240055,40.625,-0.0319062509,-2.625
4244,21.245447,40.625,-0.0319062509,-2.625
4245,21.250346,40.625,-0.0319062509,-2.625
4246,21.255470,40.625,-0.0319062509,-2.625
4247,21.259308,40.625,-0.0319062509,-2.625
4248,21.264759,40.625,-0.0319062509,-2.625
4249,21.269891,40.625,-0.0319062509,-2.625
4250,21.275049,40.625,-0.0319062509,-2.625
4251,21.279954,40.625,-0.0319062509,-2.625
4252,21.285336,40.625,-0.0319062509,-2.625
4253,21.290244,40.625,-0.0320625007,-3.25
4254,21.295136,40.625,-0.0320625007,-3.25
4255,21.300576,40.625,-0.0320625007,-3.25
4256,21.305469,40.625,-0.0320625007,-3.25
4257,21.310581,40.625,-0.0320625007,-3.25
4258,21.314934,40.625,-0.0320625007,-3.25
4259,21.319826,40.625,-0.0320625007,-3.25
4260,21.324942,40.625,-0.0320625007,-3.25
4261,21.330098,40.625,-0.0320625007,-3.25
4262,21.335005,40.625,-0.0320625007,-3.25
4263,21.340413,40.625,-0.0320625007,-3.25
4264,21.345515,40.625,-0.0320625007,-3.25
4265,21.350422,40.625,-0.0320625007,-3.25
4266,21.355803,40.625,-0.0320625007,-3.25
4267,21.359368,40.625,-0.0320625007,-3.25
4268,21.364265,40.625,-0.0320625007,-3.25
4269,21.370218,40.625,-0.0320625007,-3.25
4270,21.375123,40.625,-0.0320625007,-3.25
4271,21.380489,40.625,-0.0320625007,-3.25
4272,21.385385,40.625,-0.0320625007,-3.25
4273,21.390293,40.625,-0.0322187506,-3.875
4274,21.394344,40.625,-0.0322187506,-3.875
4275,21.399249,40.625,-0.0322187506,-3.875
4276,21.405715,40.625,-0.0322187506,-3.875
4277,21.409543,40.625,-0.0322187506,-3.875
4278,21.414439,40.625,-0.0322187506,-3.875
4279,21.420103,40.625,-0.0322187506,-3.875
4280,21.425287,40.625,-0.0322187506,-3.875
4281,21.430195,40.625,-0.0322187506,-3.875
4282,21.435564,40.625,-0.0322187506,-3.875
4283,21.440463,40.625,-0.0322187506,-3.875
4284,21.445368,40.625,-0.0322187506,-3.875
4285,21.449418,40.625,-0.0322187506,-3.875
4286,21.454327,40.625,-0.0322187506,-3.875
4287,21.459219,40.625,-0.0322187506,-3.875
4288,21.464646,40.625,-0.0322187506,-3.875
4289,21.469538,40.625,-0.0322187506,-3.875
4290,21.474676,40.625,-0.0322187506,-3.875
4291,21.480401,40.625,-0.0322187506,-3.875
4292,21.485293,40.625,-0.0322187506,-3.875
4293,21.490688,40.625,-0.0323750004,-4.5
4294,21.494256,40.625,-0.0323750004,-4.5
4295,21.500687,40.625,-0.0323750004,-4.5
4296,21.504603,40.625,-0.0323750004,-4.5
4297,21.509495,40.625,-0.0323750004,-4.5
4298,21.514612,40.625,-0.0323750004,-4.5
4299,21.519767,40.625,-0.0323750004,-4.5
4300,21.524675,40.625,-0.0323750004,-4.5
4301,21.530048,40.625,-0.0323750004,-4.5
4302,21.535502,40.625,-0.0323750004,-4.5
4303,21.540434,40.625,-0.0323750004,-4.5
4304,21.544450,40.625,-0.0323750004,-4.5
4305,21.549345,40.625,-0.0323750004,-4.5
4306,21.554254,40.625,-0.0323750004,-4.5
4307,21.559680,40.625,-0.0323750004,-4.5
4308,21.564575,40.625,-0.0323750004,-4.5
4309,21.569711,40.625,-0.0323750004,-4.5
4310,21.574866,40.625,-0.0323750004,-4.5
4311,21.579771,40.625,-0.0323750004,-4.5
4312,21.585429,40.625,-0.0323750004,-4.5
4313,21.589279,40.625,-0.0325312503,-5.125
4314,21.595514,40.625,-0.0325312503,-5.125
4315,21.599294,40.625,-0.0325312503,-5.125
4316,21.604444,40.625,-0.0325312503,-5.125
4317,21.609349,40.625,-0.0325312503,-5.125
4318,21.614769,40.625,-0.0325312503,-5.125
4319,21.619661,40.625,-0.0325312503,-5.125
4320,21.624786,40.625,-0.0325312503,-5.125
4321,21.629941,40.625,-0.0325312503,-5.125
4322,21.635352,40.625,-0.0325312503,-5.125
4323,21.640722,40.625,-0.0325312503,-5.125
4324,21.644288,40.625,-0.0325312503,-5.125
4325,21.650523,40.625,-0.0325312503,-5.125
4326,21.654570,40.625,-0.0325312503,-5.125
4327,21.659466,40.625,-0.0325312503,-5.125
4328,21.664596,40.625,-0.0325312503,-5.125
4329,21.669751,40.625,-0.0325312503,-5.125
4330,21.674659,40.625,-0.0325312503,-5.125
4331,21.680032,40.625,-0.0325312503,-5.125
4332,21.685444,40.625,-0.0325312503,-5.125
4333,21.690343,40.625,-0.0326875001,-5.75
4334,21.694387,40.625,-0.0326875001,-5.75
4335,21.699293,40.625,-0.0326875001,-5.75
4336,21.705758,40.625,-0.0326875001,-5.75
4337,21.709586,40.625,-0.0326875001,-5.75
4338,21.714482,40.625,-0.0326875001,-5.75
4339,21.719595,40.625,-0.0326875001,-5.75
4340,21.724750,40.625,-0.0326875001,-5.75
4341,21.729655,40.625,-0.0326875001,-5.75
4342,21.735031,40.625,-0.0326875001,-5.75
4343,21.740489,40.625,-0.0326875001,-5.75
4344,21.745393,40.625,-0.0326875001,-5.75
4345,21.749433,40.625,-0.0326875001,-5.75
4346,21.754332,40.625,-0.0326875001,-5.75
4347,21.759237,40.625,-0.0326875001,-5.75
4348,21.764663,40.625,-0.0326875001,-5.75
4349,21.769556,40.625,-0.0326875001,-5.75
4350,21.774670,40.625,-0.0326875001,-5.75
4351,21.779850,40.625,-0.0326875001,-5.75
4352,21.784758,40.625,-0.0326875001,-5.75
4353,21.790114,40.625,-0.03284375,-6.375
4354,21.794232,40.625,-0.03284375,-6.375
4355,21.800492,40.625,-0.03284375,-6.375
4356,21.804529,40.625,-0.03284375,-6.375
4357,21.809425,40.625,-0.03284375,-6.375
4358,21.814333,40.625,-0.03284375,-6.375
4359,21.819763,40.625,-0.03284375,-6.375
4360,21.824659,40.625,-0.03284375,-6.375
4361,21.829794,40.625,-0.03284375,-6.375
4362,21.834949,40.625,-0.03284375,-6.375
4363,21.839854,40.625,-0.03284375,-6.375
4364,21.845508,40.625,-0.03284375,-6.375
4365,21.849362,40.625,-0.03284375,-6.375
4366,21.854257,40.625,-0.03284375,-6.375
4367,21.859643,40.625,-0.03284375,-6.375
4368,21.864539,40.625,-0.03284375,-6.375
4369,21.869444,40.625,-0.03284375,-6.375
4370,21.874920,40.625,-0.03284375,-6.375
4371,21.879826,40.625,-0.03284375,-6.375
4372,21.884943,40.625,-0.03284375,-6.375
4373,21.890099,40.625,-0.0329999998,-7
4374,21.895573,40.625,-0.0329999998,-7
4375,21.899628,40.625,-0.0329999998,-7
4376,21.904525,40.625,-0.0329999998,-7
4377,21.909454,40.625,-0.0329999998,-7
4378,21.914856,40.625,-0.0329999998,-7
4379,21.919761,40.625,-0.0329999998,-7
4380,21.924854,40.625,-0.0329999998,-7
4381,21.930035,40.625,-0.0329999998,-7
4382,21.934943,40.625,-0.0329999998,-7
4383,21.940300,40.625,-0.0329999998,-7
4384,21.945206,40.625,-0.0329999998,-7
4385,21.949321,40.625,-0.0329999998,-7
4386,21.954758,40.625,-0.0329999998,-7
4387,21.959651,40.625,-0.0329999998,-7
4388,21.965037,40.625,-0.0329999998,-7
4389,21.969932,40.625,-0.0329999998,-7
4390,21.974841,40.625,-0.0329999998,-7
4391,21.980284,40.625,-0.0329999998,-7
4392,21.985177,40.625,-0.0329999998,-7
4393,21.990560,40.625,-0.0331562497,-7.625
4394,21.995456,40.625,-0.0331562497,-7.625
4395,22.000364,40.625,-0.0331562497,-7.625
4396,22.004415,40.625,-0.0331562497,-7.625
4397,22.009877,40.625,-0.0331562497,-7.625
4398,22.014985,40.625,-0.0331562497,-7.625
4399,22.020175,40.625,-0.0331562497,-7.625
4400,22.025064,40.625,-0.0331562497,-7.625
4401,22.030519,40.625,-0.0331562497,-7.625
4402,22.035411,40.625,-0.0331562497,-7.625
4403,22.040532,40.625,-0.0331562497,-7.625
4404,22.044361,40.625,-0.0331562497,-7.625
4405,22.049253,40.625,-0.0331562497,-7.625
4406,22.054376,40.625,-0.0331562497,-7.625
4407,22.060076,40.625,-0.0331562497,-7.625
4408,22.064985,40.625,-0.0331562497,-7.625
4409,22.070366,40.625,-0.0331562497,-7.625
4410,22.075272,40.625,-0.0331562497,-7.625
4411,22.080168,40.625,-0.0331562497,-7.625
4412,22.085600,40.625,-0.0331562497,-7.625
4413,22.090497,40.625,-0.0333124995,-8.25
4414,22.095622,40.625,-0.0333124995,-8.25
4415,22.099460,40.625,-0.0333124995,-8.25
4416,22.104355,40.625,-0.0333124995,-8.25
4417,22.109261,40.625,-0.0333124995,-8.25
4418,22.115749,40.625,-0.0333124995,-8.25
4419,22.119580,40.625,-0.0333124995,-8.25
4420,22.125026,40.625,-0.0333124995,-8.25
4421,22.134941,40.625,-0.0333124995,-8.25
4422,22.137250,40.625,-0.0333124995,-8.25
4423,22.141099,40.625,-0.0333124995,-8.25
4424,22.145994,40.625,-0.0333124995,-8.25
4425,22.150902,40.625,-0.0333124995,-8.25
4426,22.155795,40.625,-0.0333124995,-8.25
4427,22.160703,40.625,-0.0333124995,-8.25
4428,22.166164,40.625,-0.0333124995,-8.25
4429,22.170294,40.625,-0.0333124995,-8.25
4430,22.175186,39.875,-0.0333124995,-8.25
4431,22.180638,39.875,-0.0333124995,-8.25
4432,22.185531,39.875,-0.0333124995,-8.25
4433,22.190438,39.875,0.0042187497,-8.125
4434,22.195829,39.875,0.0042187497,-8.125
4435,22.200727,39.875,0.0042187497,-8.125
4436,22.205632,39.875,0.0042187497,-8.125
4437,22.211018,39.875,0.0042187497,-8.125
4438,22.215913,39.875,0.0042187497,-8.125
4439,22.220822,39.875,0.0042187497,-8.125
4440,22.226499,39.875,0.0042187497,-8.125
4441,22.230339,39.875,0.0042187497,-8.125
4442,22.235244,39.875,0.0042187497,-8.125
4443,22.240140,39.875,0.0042187497,-8.125
4444,22.245028,39.875,0.0042187497,-8.125
4445,22.249934,39.875,0.0042187497,-8.125
4446,22.256383,39.875,0.0042187497,-8.125
4447,22.260262,39.875,0.0042187497,-8.125
4448,22.265168,39.875,0.0042187497,-8.125
4449,22.270056,39.875,0.0042187497,-8.125
4450,22.275496,39.875,0.0042187497,-8.125
4451,22.280391,39.875,0.0042187497,-8.125
4452,22.285297,39.875,0.0042187497,-8.125
4453,22.291214,39.875,0.00425000023,-8
4454,22.296103,39.875,0.00425000023,-8
4455,22.301010,39.875,0.00425000023,-8
4456,22.305077,39.875,0.00425000023,-8
4457,22.309972,39.875,0.00425000023,-8
4458,22.314881,39.875,0.00425000023,-8
4459,22.320276,39.875,0.00425000023,-8
4460,22.325181,39.875,0.00425000023,-8
4461,22.330069,39.875,0.00425000023,-8
4462,22.335179,39.875,0.00425000023,-8
4463,22.340376,39.875,0.00425000023,-8
4464,22.345268,39.875,0.00425000023,-8
4465,22.350733,39.875,0.00425000023,-8
4466,22.355626,39.875,0.00425000023,-8
4467,22.360534,39.875,0.00425000023,-8
4468,22.365867,39.875,0.00425000023,-8
4469,22.371051,39.875,0.00425000023,-8
4470,22.375956,39.875,0.00425000023,-8
4471,22.380852,39.875,0.00425000023,-8
4472,22.385757,39.875,0.00425000023,-8
4473,22.390653,39.875,0.00428124983,-7.875
4474,22.395993,39.875,0.00428124983,-7.875
4475,22.400976,39.875,0.00428124983,-7.875
4476,22.405881,39.875,0.00428124983,-7.875
4477,22.411297,39.875,0.00428124983,-7.875
4478,22.414858,39.875,0.00428124983,-7.875
4479,22.421093,39.875,0.00428124983,-7.875
4480,22.426428,39.875,0.00428124983,-7.875
4481,22.430055,39.875,0.00428124983,-7.875
4482,22.434964,39.875,0.00428124983,-7.875
4483,22.439856,39.875,0.00428124983,-7.875
4484,22.445328,39.875,0.00428124983,-7.875
4485,22.450236,39.875,0.00428124983,-7.875
4486,22.455129,39.875,0.00428124983,-7.875
4487,22.460564,39.875,0.00428124983,-7.875
4488,22.465457,39.875,0.00428124983,-7.875
4489,22.470365,39.875,0.00428124983,-7.875
4490,22.476312,39.875,0.00428124983,-7.875
4491,22.479874,39.875,0.00428124983,-7.875
4492,22.486113,39.875,0.00428124983,-7.875
4493,22.490153,39.875,0.00431249989,-7.75
4494,22.495041,39.875,0.00431249989,-7.75
4495,22.499947,39.875,0.00431249989,-7.75
4496,22.505339,39.875,0.00431249989,-7.75
4497,22.510247,39.875,0.00431249989,-7.75
4498,22.515139,39.875,0.00431249989,-7.75
4499,22.520520,39.875,0.00431249989,-7.75
4500,22.525413,39.875,0.00431249989,-7.75
4501,22.530322,39.875,0.00431249989,-7.75
4502,22.535734,39.875,0.00431249989,-7.75
4503,22.539855,39.875,0.00431249989,-7.75
4504,22.546090,39.875,0.00431249989,-7.75
4505,22.551498,39.875,0.00431249989,-7.75
4506,22.555050,39.875,0.00431249989,-7.75
4507,22.559955,39.875,0.00431249989,-7.75
4508,22.565077,39.875,0.00431249989,-7.75
4509,22.570257,39.875,0.00431249989,-7.75
4510,22.575149,39.875,0.00431249989,-7.75
4511,22.580248,39.875,0.00431249989,-7.75
4512,22.585422,39.875,0.00431249989,-7.75
4513,22.590330,39.875,0.00434374996,-7.625
4514,22.595457,39.875,0.00434374996,-7.625
4515,22.601183,39.875,0.00434374996,-7.625
4516,22.606071,39.875,0.00434374996,-7.625
4517,22.611197,39.875,0.00434374996,-7.625
4518,22.615005,39.875,0.00434374996,-7.625
4519,22.619911,39.875,0.00434374996,-7.625
4520,22.626150,39.875,0.00434374996,-7.625
4521,22.630228,39.875,0.00434374996,-7.625
4522,22.635133,39.875,0.00434374996,-7.625
4523,22.640021,39.875,0.00434374996,-7.625
4524,22.645438,39.875,0.00434374996,-7.625
4525,22.650925,39.875,0.00434374996,-7.625
4526,22.655831,39.875,0.00434374996,-7.625
4527,22.661294,39.875,0.00434374996,-7.625
4528,22.666187,39.875,0.00434374996,-7.625
4529,22.671079,39.875,0.00434374996,-7.625
4530,22.675115,39.875,0.00434374996,-7.625
4531,22.680003,39.875,0.00434374996,-7.625
4532,22.684912,39.875,0.00434374996,-7.625
4533,22.690282,39.875,0.00437500002,-7.5
4534,22.695187,39.875,0.00437500002,-7.5
4535,22.700075,39.875,0.00437500002,-7.5
4536,22.705464,39.875,0.00437500002,-7.5
4537,22.710904,39.875,0.00437500002,-7.5
4538,22.715810,39.875,0.00437500002,-7.5
4539,22.721206,39.875,0.00437500002,-7.5
4540,22.726095,39.875,0.00437500002,-7.5
4541,22.731003,39.875,0.00437500002,-7.5
4542,22.736112,39.875,0.00437500002,-7.5
4543,22.739960,39.875,0.00437500002,-7.5
4544,22.744858,39.875,0.00437500002,-7.5
4545,22.751094,39.875,0.00437500002,-7.5
4546,22.755176,39.875,0.00437500002,-7.5
4547,22.760065,39.875,0.00437500002,-7.5
4548,22.764974,39.875,0.00437500002,-7.5
4549,22.770434,39.875,0.00437500002,-7.5
4550,22.775329,39.875,0.00437500002,-7.5
4551,22.780238,39.875,0.00437500002,-7.5
4552,22.785677,39.875,0.00437500002,-7.5
4553,22.790573,39.875,0.00440625008,-7.375
4554,22.795478,39.875,0.00440625008,-7.375
4555,22.800928,39.875,0.00440625008,-7.375
4556,22.805833,39.875,0.00440625008,-7.375
4557,22.810728,39.875,0.00440625008,-7.375
4558,22.816677,39.875,0.00440625008,-7.375
4559,22.820248,39.875,0.00440625008,-7.375
4560,22.825140,39.875,0.00440625008,-7.375
4561,22.830522,39.875,0.00440625008,-7.375
4562,22.835418,39.875,0.00440625008,-7.375
4563,22.840326,39.875,0.00440625008,-7.375
4564,22.845806,39.875,0.00440625008,-7.375
4565,22.850701,39.875,0.00440625008,-7.375
4566,22.855606,39.875,0.00440625008,-7.375
4567,22.861025,39.875,0.00440625008,-7.375
4568,22.865920,39.875,0.00440625008,-7.375
4569,22.870829,39.875,0.00440625008,-7.375
4570,22.876219,39.875,0.00440625008,-7.375
4571,22.880330,39.875,0.00440625008,-7.375
4572,22.885222,39.875,0.00440625008,-7.375
4573,22.890353,39.875,0.00443750015,-7.25
4574,22.895520,39.875,0.00443750015,-7.25
4575,22.900416,39.875,0.00443750015,-7.25
4576,22.905507,39.875,0.00443750015,-7.25
4577,22.910691,39.875,0.00443750015,-7.25
4578,22.915595,39.875,0.00443750015,-7.25
4579,22.920696,39.875,0.00443750015,-7.25
4580,22.925876,39.875,0.00443750015,-7.25
4581,22.930784,39.875,0.00443750015,-7.25
4582,22.936138,39.875,0.00443750015,-7.25
4583,22.940257,39.875,0.00443750015,-7.25
4584,22.945150,39.875,0.00443750015,-7.25
4585,22.950578,39.875,0.00443750015,-7.25
4586,22.955471,39.875,0.00443750015,-7.25
4587,22.960853,39.875,0.00443750015,-7.25
4588,22.965747,39.875,0.00443750015,-7.25
4589,22.970656,39.875,0.00443750015,-7.25
4590,22.976081,39.875,0.00443750015,-7.25
4591,22.980990,39.875,0.00443750015,-7.25
4592,22.986079,39.875,0.00443750015,-7.25
4593,22.990439,39.875,0.00446875021,-7.125
4594,22.995335,39.875,0.00446875021,-7.125
4595,23.000739,39.875,0.00446875021,-7.125
4596,23.005635,39.875,0.00446875021,-7.125
4597,23.010543,39.875,0.00446875021,-7.125
4598,23.015989,39.875,0.00446875021,-7.125
4599,23.020897,39.875,0.00446875021,-7.125
4600,23.026028,39.875,0.00446875021,-7.125
4601,23.031198,39.875,0.00446875021,-7.125
4602,23.036087,39.875,0.00446875021,-7.125
4603,23.041475,39.875,0.00446875021,-7.125
4604,23.045602,39.875,0.00446875021,-7.125
4605,23.050498,39.875,0.00446875021,-7.125
4606,23.055978,39.875,0.00446875021,-7.125
4607,23.060886,39.875,0.00446875021,-7.125
4608,23.066000,39.875,0.00446875021,-7.125
4609,23.071163,39.875,0.00446875021,-7.125
4610,23.076052,39.875,0.00446875021,-7.125
4611,23.081439,39.875,0.00446875021,-7.125
4612,23.084991,39.875,0.00446875021,-7.125
4613,23.089897,39.875,0.00449999981,-7.125
4614,23.095315,39.875,0.00449999981,-7
4615,23.100752,39.875,0.00449999981,-7
4616,23.105886,39.875,0.00449999981,-7
4617,23.111045,39.875,0.00449999981,-7
4618,23.115950,39.875,0.00449999981,-7
4619,23.121354,39.875,0.00449999981,-7
4620,23.124915,39.875,0.00449999981,-7
4621,23.136241,39.875,0.00449999981,-7
4622,23.138591,39.875,0.00449999981,-7
4623,23.142445,39.875,0.00449999981,-7
4624,23.147338,39.875,0.00449999981,-7
4625,23.152464,39.875,0.00449999981,-7
4626,23.156807,39.875,0.00449999981,-7
4627,23.161705,39.875,0.00449999981,-7
4628,23.166841,39.875,0.00449999981,-7
4629,23.171999,39.875,0.00449999981,-7
4630,23.176904,39.875,0.00449999981,-7
4631,23.182283,39.875,0.00449999981,-7
4632,23.187189,39.875,0.00449999981,-7
4633,23.192293,39.875,0.00453124987,-6.875
4634,23.197469,39.875,0.00453124987,-6.875
4635,23.202377,39.875,0.00453124987,-6.875
4636,23.207749,39.875,0.00453124987,-6.875
4637,23.211856,39.875,0.00453124987,-6.875
4638,23.216762,39.875,0.00453124987,-6.875
4639,23.222218,39.875,0.00453124987,-6.875
4640,23.227109,39.875,0.00453124987,-6.875
4641,23.232228,39.875,0.00453124987,-6.875
4642,23.237380,39.875,0.00453124987,-6.875
4643,23.242289,39.875,0.00453124987,-6.875
4644,23.247660,39.875,0.00453124987,-6.875
4645,23.251229,39.875,0.00453124987,-6.875
4646,23.257486,39.875,0.00453124987,-6.875
4647,23.261533,39.875,0.00453124987,-6.875
4648,23.266973,39.875,0.00453124987,-6.875
4649,23.271883,39.875,0.00453124987,-6.875
4650,23.277342,39.875,0.00453124987,-6.875
4651,23.282238,39.875,0.00453124987,-6.875
4652,23.287355,39.875,0.00453124987,-6.875
4653,23.291205,39.875,0.00456249993,-6.75
4654,23.297436,39.875,0.00456249993,-6.75
4655,23.301483,39.875,0.00456249993,-6.75
4656,23.306378,39.875,0.00456249993,-6.75
4657,23.312046,39.875,0.00456249993,-6.75
4658,23.317229,39.875,0.00456249993,-6.75
4659,23.322137,39.875,0.00456249993,-6.75
4660,23.327216,39.875,0.00456249993,-6.75
4661,23.332393,39.875,0.00456249993,-6.75
4662,23.337299,39.875,0.00456249993,-6.75
4663,23.342380,39.875,0.00456249993,-6.75
4664,23.346251,39.875,0.00456249993,-6.75
4665,23.352486,39.875,0.00456249993,-6.75
4666,23.356267,39.875,0.00456249993,-6.75
4667,23.361940,39.875,0.00456249993,-6.75
4668,23.366836,39.875,0.00456249993,-6.75
4669,23.372203,39.875,0.00456249993,-6.75
4670,23.377092,39.875,0.00456249993,-6.75
4671,23.382243,39.875,0.00456249993,-6.75
4672,23.387414,39.875,0.00456249993,-6.75
4673,23.392322,39.875,0.00459375,-6.625
4674,23.397719,39.875,0.00459375,-6.625
4675,23.401507,39.875,0.00459375,-6.625
4676,23.406399,39.875,0.00459375,-6.625
4677,23.411534,39.875,0.00459375,-6.625
4678,23.417221,39.875,0.00459375,-6.625
4679,23.422129,39.875,0.00459375,-6.625
4680,23.427255,39.875,0.00459375,-6.625
4681,23.432408,39.875,0.00459375,-6.625
4682,23.437313,39.875,0.00459375,-6.625
4683,23.441365,39.875,0.00459375,-6.625
4684,23.446270,39.875,0.00459375,-6.625
4685,23.451166,39,0.00459375,-6.625
4686,23.456603,39,0.00459375,-6.625
4687,23.461498,39,0.00459375,-6.625
4688,23.467163,39,0.00459375,-6.625
4689,23.472318,39,0.00459375,-6.625
4690,23.477223,39,0.00459375,-6.625
4691,23.482595,39,0.00459375,-6.625
4692,23.487488,39,0.00459375,-6.625
4693,23.492581,39,0.0485937521,-5.625
4694,23.496435,39,0.0485937521,-5.625
4695,23.501330,39,0.0485937521,-5.625
4696,23.506450,39,0.0485937521,-5.625
4697,23.511603,39,0.0485937521,-5.625
4698,23.516508,39,0.0485937521,-5.625
4699,23.522509,39,0.0485937521,-5.625
4700,23.527404,39,0.0485937521,-5.625
4701,23.532790,39,0.0485937521,-5.625
4702,23.536356,39,0.0485937521,-5.625
4703,23.541251,39,0.0485937521,-5.625
4704,23.546683,39,0.0485937521,-5.625
4705,23.551578,39,0.0485937521,-5.625
4706,23.556714,39,0.0485937521,-5.625
4707,23.561873,39,0.0485937521,-5.625
4708,23.566778,39,0.0485937521,-5.625
4709,23.571878,39,0.0485937521,-5.625
4710,23.577583,39,0.0485937521,-5.625
4711,23.582480,39,0.0485937521,-5.625
4712,23.586269,39,0.0485937521,-5.625
4713,23.591424,39,0.0488437489,-4.625
4714,23.596330,39,0.0488437489,-4.625
4715,23.601702,39,0.0488437489,-4.625
4716,23.606597,39,0.0488437489,-4.625
4717,23.611743,39,0.0488437489,-4.625
4718,23.616894,39,0.0488437489,-4.625
4719,23.621803,39,0.0488437489,-4.625
4720,23.627156,39,0.0488437489,-4.625
4721,23.631279,39,0.0488437489,-4.625
4722,23.636172,39,0.0488437489,-4.625
4723,23.641596,39,0.0488437489,-4.625
4724,23.646489,39,0.0488437489,-4.625
4725,23.651871,39,0.0488437489,-4.625
4726,23.656767,39,0.0488437489,-4.625
4727,23.661914,39,0.0488437489,-4.625
4728,23.667064,39,0.0488437489,-4.625
4729,23.671973,39,0.0488437489,-4.625
4730,23.677326,39,0.0488437489,-4.625
4731,23.682234,39,0.0488437489,-4.625
4732,23.687126,39,0.0488437489,-4.625
4733,23.693143,39,0.0490937494,-3.625
4734,23.696704,39,0.0490937494,-3.625
4735,23.701844,39,0.0490937494,-3.625
4736,23.707000,39,0.0490937494,-3.625
4737,23.711909,39,0.0490937494,-3.625
4738,23.717262,39,0.0490937494,-3.625
4739,23.722170,39,0.0490937494,-3.625
4740,23.727296,39,0.0490937494,-3.625
4741,23.732451,39,0.0490937494,-3.625
4742,23.737356,39,0.0490937494,-3.625
4743,23.741457,39,0.0490937494,-3.625
4744,23.746846,39,0.0490937494,-3.625
4745,23.751754,39,0.0490937494,-3.625
4746,23.757122,39,0.0490937494,-3.625
4747,23.762014,39,0.0490937494,-3.625
4748,23.766919,39,0.0490937494,-3.625
4749,23.772360,39,0.0490937494,-3.625
4750,23.777252,39,0.0490937494,-3.625
4751,23.782370,39,0.0490937494,-3.625
4752,23.786195,39,0.0490937494,-3.625
4753,23.792926,39,0.0493437499,-2.625
4754,23.796729,39,0.0493437499,-2.625
4755,23.801888,39,0.0493437499,-2.625
4756,23.806793,39,0.0493437499,-2.625
4757,23.812172,39,0.0493437499,-2.625
4758,23.817061,39,0.0493437499,-2.625
4759,23.821969,39,0.0493437499,-2.625
4760,23.827409,39,0.0493437499,-2.625
4761,23.832304,39,0.0493437499,-2.625
4762,23.837422,39,0.0493437499,-2.625
4763,23.841247,39,0.0493437499,-2.625
4764,23.846695,39,0.0493437499,-2.625
4765,23.852076,39,0.0493437499,-2.625
4766,23.856971,39,0.0493437499,-2.625
4767,23.861880,39,0.0493437499,-2.625
4768,23.867320,39,0.0493437499,-2.625
4769,23.872216,39,0.0493437499,-2.625
4770,23.877305,39,0.0493437499,-2.625
4771,23.882485,39,0.0493437499,-2.625
4772,23.887389,39,0.0493437499,-2.625
4773,23.892762,39,0.0495937504,-1.625
4774,23.896873,39,0.0495937504,-1.625
4775,23.901781,39,0.0495937504,-1.625
4776,23.907231,39,0.0495937504,-1.625
4777,23.912126,39,0.0495937504,-1.625
4778,23.917484,39,0.0495937504,-1.625
4779,23.922383,39,0.0495937504,-1.625
4780,23.927313,39,0.0495937504,-1.625
4781,23.931389,39,0.0495937504,-1.625
4782,23.936295,39,0.0495937504,-1.625
4783,23.941190,39,0.0495937504,-1.625
4784,23.947112,39,0.0495937504,-1.625
4785,23.952004,39,0.0495937504,-1.625
4786,23.957151,39,0.0495937504,-1.625
4787,23.962307,39,0.0495937504,-1.625
4788,23.967212,39,0.0495937504,-1.625
4789,23.971264,39,0.0495937504,-1.625
4790,23.976170,39,0.0495937504,-1.625
4791,23.982620,39,0.0495937504,-1.625
4792,23.986448,39,0.0495937504,-1.625
4793,23.991344,39,0.0498437509,-0.625
4794,23.996450,39,0.0498437509,-0.625
4795,24.002420,39,0.0498437509,-0.625
4796,24.007325,39,0.0498437509,-0.625
4797,24.012453,39,0.0498437509,-0.625
4798,24.016276,39,0.0498437509,-0.625
4799,24.021171,39,0.0498437509,-0.625
4800,24.026296,39,0.0498437509,-0.625
4801,24.031468,39,0.0498437509,-0.625
4802,24.036373,39,0.0498437509,-0.625
4803,24.041746,39,0.0498437509,-0.625
4804,24.046641,39,0.0498437509,-0.625
4805,24.052094,39,0.0498437509,-0.625
4806,24.057541,39,0.0498437509,-0.625
4807,24.062437,39,0.0498437509,-0.625
4808,24.066246,39,0.0498437509,-0.625
4809,24.071404,39,0.0498437509,-0.625
4810,24.076309,39,0.0498437509,-0.625
4811,24.081681,39,0.0498437509,-0.625
4812,24.086574,39,0.0498437509,-0.625
4813,24.091508,39,0.0500937514,0.375
4814,24.096934,39,0.0500937514,0.375
4815,24.102422,39,0.0500937514,0.375
4816,24.107805,39,0.0500937514,0.375
4817,24.111374,39,0.0500937514,0.375
4818,24.116266,39,0.0500937514,0.375
4819,24.121701,39,0.0500937514,0.375
4820,24.126594,39,0.0500937514,0.375
4821,24.136615,39,0.0500937514,0.375
4822,24.138939,39,0.0500937514,0.375
4823,24.142815,39,0.0500937514,0.375
4824,24.147708,39,0.0500937514,0.375
4825,24.152640,39,0.0500937514,0.375
4826,24.156708,39,0.0500937514,0.375
4827,24.162157,39,0.0500937514,0.375
4828,24.167289,39,0.0500937514,0.375
4829,24.172445,39,0.0500937514,0.375
4830,24.177350,39,0.0500937514,0.375
4831,24.182792,39,0.0500937514,0.375
4832,24.187684,39,0.0500937514,0.375
4833,24.192808,39,0.0503437519,1.375
4834,24.196637,39,0.0503437519,1.375
4835,24.201532,39,0.0503437519,1.375
4836,24.207997,39,0.0503437519,1.375
4837,24.211815,39,0.0503437519,1.375
4838,24.217327,39,0.0503437519,1.375
4839,24.222733,39,0.0503437519,1.375
4840,24.227626,39,0.0503437519,1.375
4841,24.232534,39,0.0503437519,1.375
4842,24.236655,39,0.0503437519,1.375
4843,24.241551,39,0.0503437519,1.375
4844,24.248008,39,0.0503437519,1.375
4845,24.251826,39,0.0503437519,1.375
4846,24.256732,39,0.0503437519,1.375
4847,24.262093,39,0.0503437519,1.375
4848,24.267544,39,0.0503437519,1.375
4849,24.272452,39,0.0503437519,1.375
4850,24.277871,39,0.0503437519,1.375
4851,24.282780,39,0.0503437519,1.375
4852,24.288148,39,0.0503437519,1.375
4853,24.291712,39,0.0505937524,2.375
4854,24.296605,39,0.0505937524,2.375
4855,24.301989,39,0.0505937524,2.375
4856,24.306885,39,0.0505937524,2.375
4857,24.311818,39,0.0505937524,2.375
4858,24.317746,39,0.0505937524,2.375
4859,24.322645,39,0.0505937524,2.375
4860,24.327780,39,0.0505937524,2.375
4861,24.331611,39,0.0505937524,2.375
4862,24.337843,39,0.0505937524,2.375
4863,24.341621,39,0.0505937524,2.375
4864,24.346772,39,0.0505937524,2.375
4865,24.351680,39,0.0505937524,2.375
4866,24.357028,39,0.0505937524,2.375
4867,24.361926,39,0.0505937524,2.375
4868,24.366856,39,0.0505937524,2.375
4869,24.372795,39,0.0505937524,2.375
4870,24.377690,39,0.0505937524,2.375
4871,24.382829,39,0.0505937524,2.375
4872,24.386657,39,0.0505937524,2.375
4873,24.391552,39,0.0508437492,3.375
4874,24.396938,39,0.0508437492,3.375
4875,24.401837,39,0.0508437492,3.375
4876,24.406741,39,0.0508437492,3.375
4877,24.412440,39,0.0508437492,3.375
4878,24.417336,39,0.0508437492,3.375
4879,24.423040,39,0.0508437492,3.375
4880,24.426851,39,0.0508437492,3.375
4881,24.431759,39,0.0508437492,3.375
4882,24.437131,39,0.0508437492,3.375
4883,24.442022,39,0.0508437492,3.375
4884,24.446928,39,0.0508437492,3.375
4885,24.452369,39,0.0508437492,3.375
4886,24.457261,39,0.0508437492,3.375
4887,24.462382,39,0.0508437492,3.375
4888,24.467580,39,0.0508437492,3.375
4889,24.472488,39,0.0508437492,3.375
4890,24.476862,39,0.0508437492,3.375
4891,24.482021,39,0.0508437492,3.375
4892,24.486927,39,0.0508437492,3.375
4893,24.492306,39,0.0510937497,4.375
4894,24.497211,39,0.0510937497,4.375
4895,24.502103,39,0.0510937497,4.375
4896,24.507543,39,0.0510937497,4.375
4897,24.512439,39,0.0510937497,4.375
4898,24.517821,39,0.0510937497,4.375
4899,24.522720,39,0.0510937497,4.375
4900,24.527650,39,0.0510937497,4.375
4901,24.531987,39,0.0510937497,4.375
4902,24.537186,39,0.0510937497,4.375
4903,24.542078,39,0.0510937497,4.375
4904,24.547188,39,0.0510937497,4.375
4905,24.552385,39,0.0510937497,4.375
4906,24.557290,39,0.0510937497,4.375
4907,24.562662,39,0.0510937497,4.375
4908,24.567554,39,0.0510937497,4.375
4909,24.572462,39,0.0510937497,4.375
4910,24.577939,39,0.0510937497,4.375
4911,24.582848,39,0.0510937497,4.375
4912,24.587764,39,0.0510937497,4.375
4913,24.591823,39,0.0513437502,5.375
4914,24.597264,39,0.0513437502,5.375
4915,24.602173,39,0.0513437502,5.375
4916,24.607607,39,0.0513437502,5.375
4917,24.612504,39,0.0513437502,5.375
4918,24.617639,39,0.0513437502,5.375
4919,24.622798,39,0.0513437502,5.375
4920,24.627703,39,0.0513437502,5.375
4921,24.633075,39,0.0513437502,5.375
4922,24.636643,39,0.0513437502,5.375
4923,24.642061,39,0.0513437502,5.375
4924,24.647493,39,0.0513437502,5.375
4925,24.652389,39,0.0513437502,5.375
4926,24.657525,39,0.0513437502,5.375
4927,24.662683,39,0.0513437502,5.375
4928,24.667588,39,0.0513437502,5.375
4929,24.672709,39,0.0513437502,5.375
4930,24.676541,39,0.0513437502,5.375
4931,24.682777,39,0.0513437502,5.375
4932,24.686823,39,0.0513437502,5.375
4933,24.691721,39,0.0515937507,6.375
4934,24.697206,39,0.0515937507,6.375
4935,24.702643,39,0.0515937507,6.375
4936,24.707536,39,0.0515937507,6.375
4937,24.712666,39,0.0515937507,6.375
4938,24.717829,39,0.0515937507,6.375
4939,24.722737,39,0.0515937507,6.375
4940,24.728085,39,0.0515937507,6.375
4941,24.731656,39,0.0515937507,6.375
4942,24.736549,39,0.0515937507,6.375
4943,24.741987,39,0.0515937507,6.375
4944,24.747448,39,0.0515937507,6.375
4945,24.752585,39,0.0515937507,6.375
4946,24.757739,39,0.0515937507,6.375
4947,24.762648,39,0.0515937507,6.375
4948,24.766719,39,0.0515937507,6.375
4949,24.771616,39,0.0515937507,6.375
4950,24.778114,39,0.0515937507,6.375
4951,24.781948,39,0.0515937507,6.375
4952,24.786853,39,0.0515937507,6.375
4953,24.791944,39,0.0518437512,7.375
4954,24.797141,39,0.0518437512,7.375
4955,24.802530,39,0.0518437512,7.375
4956,24.806580,39,0.0518437512,7.375
4957,24.812819,39,0.0518437512,7.375
4958,24.817919,39,0.0518437512,7.375
4959,24.821777,39,0.0518437512,7.375
4960,24.826670,39,0.0518437512,7.375
4961,24.831793,39,0.0518437512,7.375
4962,24.836961,39,0.0518437512,7.375
4963,24.841870,39,0.0518437512,7.375
4964,24.847223,39,0.0518437512,7.375
4965,24.852131,39,0.0518437512,7.375
4966,24.857020,39,0.0518437512,7.375
4967,24.862959,39,0.0518437512,7.375
4968,24.867851,39,0.0518437512,7.375
4969,24.871641,39,0.0518437512,7.375
4970,24.876796,39,0.0518437512,7.375
4971,24.881705,39,0.0518437512,7.375
4972,24.887052,39,0.0518437512,7.375
4973,24.891951,39,0.0520937517,8.375
4974,24.896880,39,0.0520937517,8.375
4975,24.902321,39,0.0520937517,8.375
4976,24.907214,39,0.0520937517,8.375
4977,24.912696,39,0.0520937517,8.375
4978,24.916739,39,0.0520937517,8.375
4979,24.921638,39,0.0520937517,8.375
4980,24.926543,39,0.0520937517,8.375
4981,24.931978,39,0.0520937517,8.375
4982,24.936883,39,0.0520937517,8.375
4983,24.941993,39,0.0520937517,8.375
4984,24.947185,39,0.0520937517,8.375
4985,24.952076,39,0.0520937517,8.375
4986,24.957443,39,0.0520937517,8.375
4987,24.962367,39,0.0520937517,8.375
4988,24.968017,39,0.0520937517,8.375
4989,24.971839,39,0.0520937517,8.375
4990,24.976744,39,0.0520937517,8.375
4991,24.981664,39,0.0520937517,8.375
4992,24.987078,39,0.0520937517,8.375
4993,24.991987,39,0.0523437522,9.375
4994,24.997115,39,0.0523437522,9.375
4995,25.002262,39,0.0523437522,9.375
4996,25.007168,39,0.0523437522,9.375
4997,25.012249,39,0.0523437522,9.375
4998,25.017947,39,0.0523437522,9.375
4999,25.022846,39,0.0523437522,9.375
5000,25.026630,39,0.0523437522,9.375
5001,25.031788,39,0.0523437522,9.375
5002,25.036693,39,0.0523437522,9.375
5003,25.042133,39,0.0523437522,9.375
5004,25.047021,39,0.0523437522,9.375
5005,25.052155,39,0.0523437522,9.375
5006,25.057309,39,0.0523437522,9.375
5007,25.062217,39,0.0523437522,9.375
5008,25.067634,39,0.0523437522,9.375
5009,25.071696,39,0.0523437522,9.375
5010,25.076613,39,0.0523437522,9.375
5011,25.082013,39,0.0523437522,9.375
5012,25.086918,39,0.0523437522,9.375
5013,25.092039,39,0.0525937527,10.375
5014,25.097195,39,0.0525937527,10.375
5015,25.102086,39,0.0525937527,10.375
5016,25.107453,39,0.0525937527,10.375
5017,25.112352,39,0.0525937527,10.375
5018,25.117257,39,0.0525937527,10.375
5019,25.123223,39,0.0525937527,10.375
5020,25.126785,39,0.0525937527,10.375
5021,25.138145,39,0.0525937527,10.375
5022,25.140460,39,0.0525937527,10.375
5023,25.144319,39,0.0525937527,10.375
5024,25.149224,39,0.0525937527,10.375
5025,25.154363,39,0.0525937527,10.375
5026,25.158198,39,0.0525937527,10.375
5027,25.163089,39,0.0525937527,10.375
5028,25.168479,39,0.0525937527,10.375
5029,25.173887,39,0.0525937527,10.375
5030,25.179003,39,0.0525937527,10.375
5031,25.184222,39,0.0525937527,10.375
5032,25.189127,39,0.0525937527,10.375
5033,25.194502,39,0.0528437495,11.375
5034,25.199394,39,0.0528437495,11.375
5035,25.204303,39,0.0528437495,11.375
5036,25.208332,39,0.0528437495,11.375
5037,25.213241,39,0.0528437495,11.375
5038,25.218355,39,0.0528437495,11.375
5039,25.223507,39,0.0528437495,11.375
5040,25.228962,39,0.0528437495,11.375
5041,25.234407,39,0.0528437495,11.375
5042,25.239299,39,0.0528437495,11.375
5043,25.244427,39,0.0528437495,11.375
5044,25.248253,39,0.0528437495,11.375
5045,25.253148,39,0.0528437495,11.375
5046,25.258269,39,0.0528437495,11.375
5047,25.263418,39,0.0528437495,11.375
5048,25.268323,39,0.0528437495,11.375
5049,25.273408,39,0.0528437495,11.375
5050,25.279113,39,0.0528437495,11.375
5051,25.284005,39,0.0528437495,11.375
5052,25.289458,39,0.0528437495,11.375
5053,25.294353,39,0.05309375,12.375
5054,25.299475,39,0.05309375,12.375
5055,25.303302,39,0.05309375,12.375
5056,25.308195,39,0.05309375,12.375
5057,25.313315,39,0.05309375,12.375
5058,25.318467,39,0.05309375,12.375
5059,25.323376,39,0.05309375,12.375
5060,25.328747,39,0.05309375,12.375
5061,25.334202,39,0.05309375,12.375
5062,25.339090,39,0.05309375,12.375
5063,25.343152,39,0.05309375,12.375
5064,25.349385,39,0.05309375,12.375
5065,25.354499,39,0.05309375,12.375
5066,25.358352,39,0.05309375,12.375
5067,25.363247,39,0.05309375,12.375
5068,25.368365,39,0.05309375,12.375
5069,25.373516,39,0.05309375,12.375
5070,25.378421,39,0.05309375,12.375
5071,25.383797,39,0.05309375,12.375
5072,25.389255,39,0.05309375,12.375
5073,25.394163,39,0.0533437505,13.375
5074,25.398202,39,0.0533437505,13.375
5075,25.403094,39,0.0533437505,13.375
5076,25.409565,39,0.0533437505,13.375
5077,25.413400,39,0.0533437505,13.375
5078,25.418293,39,0.0533437505,13.375
5079,25.423416,39,0.0533437505,13.375
5080,25.428805,39,0.0533437505,13.375
5081,25.433714,39,0.0533437505,13.375
5082,25.439096,39,0.0533437505,13.375
5083,25.443195,39,0.0533437505,13.375
5084,25.448083,39,0.0533437505,13.375
5085,25.453515,39,0.0533437505,13.375
5086,25.458407,39,0.0533437505,13.375
5087,25.463546,39,0.0533437505,13.375
5088,25.468701,39,0.0533437505,13.375
5089,25.473610,39,0.0533437505,13.375
5090,25.478982,39,0.0533437505,13.375
5091,25.483880,39,0.0533437505,13.375
5092,25.488994,39,0.0533437505,13.375
5093,25.493330,39,0.053593751,14.375
5094,25.498235,39,0.053593751,14.375
5095,25.503339,39,0.053593751,14.375
5096,25.508512,39,0.053593751,14.375
5097,25.513419,39,0.053593751,14.375
5098,25.518792,39,0.053593751,14.375
5099,25.523690,39,0.053593751,14.375
5100,25.528595,39,0.053593751,14.375
5101,25.534045,39,0.053593751,14.375
5102,25.538951,39,0.053593751,14.375
5103,25.544346,39,0.053593751,14.375
5104,25.548439,39,0.053593751,14.375
5105,25.553334,39,0.053593751,14.375
5106,25.558808,39,0.053593751,14.375
5107,25.563703,39,0.053593751,14.375
5108,25.568815,39,0.053593751,14.375
5109,25.573996,39,0.053593751,14.375
5110,25.578901,39,0.053593751,14.375
5111,25.584283,39,0.053593751,14.375
5112,25.589189,39,0.053593751,14.375
5113,25.594080,39,0.0538437515,15.375
5114,25.598152,39,0.0538437515,15.375
5115,25.603589,39,0.0538437515,15.375
5116,25.608495,39,0.0538437515,15.375
5117,25.613942,39,0.0538437515,15.375
5118,25.618847,39,0.0538437515,15.375
5119,25.623964,39,0.0538437515,15.375
5120,25.629136,39,0.0538437515,15.375
5121,25.634028,39,0.0538437515,15.375
5122,25.639407,39,0.0538437515,15.375
5123,25.644316,39,0.0538437515,15.375
5124,25.649208,39,0.0538437515,15.375
5125,25.653280,39,0.0538437515,15.375
5126,25.658714,39,0.0538437515,15.375
5127,25.663850,39,0.0538437515,15.375
5128,25.669005,39,0.0538437515,15.375
5129,25.673915,39,0.0538437515,15.375
5130,25.679356,39,0.0538437515,15.375
5131,25.684252,39,0.0538437515,15.375
5132,25.689380,39,0.0538437515,15.375
5133,25.693202,39,0.0540937521,16.375
5134,25.698090,39,0.0540937521,16.375
5135,25.704536,39,0.0540937521,16.375
5136,25.708866,39,0.0540937521,16.375
5137,25.713763,39,0.0540937521,16.375
5138,25.719153,39,0.0540937521,16.375
5139,25.724045,39,0.0540937521,16.375
5140,25.728951,39,0.0540937521,16.375
5141,25.734415,39,0.0540937521,16.375
5142,25.739308,39,0.0540937521,16.375
5143,25.744232,39,0.0540937521,16.375
5144,25.748240,39,0.0540937521,16.375
5145,25.753149,39,0.0540937521,16.375
5146,25.758631,39,0.0540937521,16.375
5147,25.764048,39,0.0540937521,16.375
5148,25.768954,39,0.0540937521,16.375
5149,25.774074,39,0.0540937521,16.375
5150,25.779229,39,0.0540937521,16.375
5151,25.784138,39,0.0540937521,16.375
5152,25.788165,39,0.0540937521,16.375
5153,25.793057,39,0.0543437526,17.375
5154,25.798199,39,0.0543437526,17.375
5155,25.803351,39,0.0543437526,17.375
5156,25.808257,39,0.0543437526,17.375
5157,25.813365,39,0.0543437526,17.375
5158,25.819068,39,0.0543437526,17.375
5159,25.823977,39,0.0543437526,17.375
5160,25.829352,39,0.0543437526,17.375
5161,25.834261,39,0.0543437526,17.375
5162,25.839153,39,0.0543437526,17.375
5163,25.843200,39,0.0543437526,17.375
5164,25.848089,39,0.0543437526,17.375
5165,25.854571,39,0.0543437526,17.375
5166,25.858398,39,0.0543437526,17.375
5167,25.863294,39,0.0543437526,17.375
5168,25.868706,39,0.0543437526,17.375
5169,25.874161,39,0.0543437526,17.375
5170,25.879296,39,0.0543437526,17.375
5171,25.883105,39,0.0543437526,17.375
5172,25.889353,39,0.0543437526,17.375
5173,25.893137,39,0.0545937493,18.375
5174,25.898286,39,0.0545937493,18.375
5175,25.903195,39,0.0545937493,18.375
5176,25.908566,39,0.0545937493,18.375
5177,25.913465,39,0.0545937493,18.375
5178,25.918371,39,0.0545937493,18.375
5179,25.924316,39,0.0545937493,18.375
5180,25.929221,39,0.0545937493,18.375
5181,25.934615,39,0.0545937493,18.375
5182,25.938181,39,0.0545937493,18.375
5183,25.943072,39,0.0545937493,18.375
5184,25.948441,39,0.0545937493,18.375
5185,25.953340,39,0.0545937493,18.375
5186,25.958261,39,0.0545937493,18.375
5187,25.963672,39,0.0545937493,18.375
5188,25.968564,39,0.0545937493,18.375
5189,25.973702,39,0.0545937493,18.375
5190,25.979428,39,0.0545937493,18.375
5191,25.984323,39,0.0545937493,18.375
5192,25.988370,39,0.0545937493,18.375
5193,25.993279,39,0.0548437499,19.375
5194,25.998171,39,0.0548437499,19.375
5195,26.003632,40,0.0548437499,19.375
5196,26.008525,40,0.0548437499,19.375
5197,26.013911,40,0.0548437499,19.375
5198,26.018806,40,0.0548437499,19.375
5199,26.023739,40,0.0548437499,19.375
5200,26.029180,40,0.0548437499,19.375
5201,26.034072,40,0.0548437499,19.375
5202,26.038142,40,0.0548437499,19.375
5203,26.043568,40,0.0548437499,19.375
5204,26.048461,40,0.0548437499,19.375
5205,26.053599,40,0.0548437499,19.375
5206,26.058754,40,0.0548437499,19.375
5207,26.063663,40,0.0548437499,19.375
5208,26.069035,40,0.0548437499,19.375
5209,26.073934,40,0.0548437499,19.375
5210,26.078839,40,0.0548437499,19.375
5211,26.084305,40,0.0548437499,19.375
5212,26.089197,40,0.0548437499,19.375
5213,26.093535,40,0.00484375004,19.375
5214,26.098690,40,0.00484375004,19.375
5215,26.103598,40,0.00484375004,19.375
5216,26.109021,40,0.00484375004,19.375
5217,26.113931,40,0.00484375004,19.375
5218,26.119058,40,0.00484375004,19.375
5219,26.124216,40,0.00484375004,19.375
5220,26.129121,40,0.00484375004,19.375
5221,26.138956,40,0.00484375004,19.375
5222,26.141282,40,0.00484375004,19.375
5223,26.145139,40,0.00484375004,19.375
5224,26.149252,40,0.00484375004,19.375
5225,26.154148,40,0.00484375004,19.375
5226,26.159572,40,0.00484375004,19.375
5227,26.164468,40,0.00484375004,19.375
5228,26.169850,40,0.00484375004,19.375
5229,26.174748,40,0.00484375004,19.375
5230,26.179653,40,0.00484375004,19.375
5231,26.185100,40,0.00484375004,19.375
5232,26.190005,40,0.00484375004,19.375
5233,26.195133,40,0.00484375004,19.375
5234,26.198937,40,0.00484375004,19.375
5235,26.204388,40,0.00484375004,19.375
5236,26.209786,40,0.00484375004,19.375
5237,26.214685,40,0.00484375004,19.375
5238,26.219614,40,0.00484375004,19.375
5239,26.225036,40,0.00484375004,19.375
5240,26.229942,40,0.00484375004,19.375
5241,26.235037,40,0.00484375004,19.375
5242,26.238873,40,0.00484375004,19.375
5243,26.245125,40,0.00484375004,19.375
5244,26.249153,40,0.00484375004,19.375
5245,26.254045,40,0.00484375004,19.375
5246,26.259505,40,0.00484375004,19.375
5247,26.264950,40,0.00484375004,19.375
5248,26.269855,40,0.00484375004,19.375
5249,26.274972,40,0.00484375004,19.375
5250,26.280147,40,0.00484375004,19.375
5251,26.285035,40,0.00484375004,19.375
5252,26.289057,40,0.00484375004,19.375
5253,26.293955,40,0.00484375004,19.375
5254,26.300430,40,0.00484375004,19.375
5255,26.304248,40,0.00484375004,19.375
5256,26.309699,40,0.00484375004,19.375
5257,26.315080,40,0.00484375004,19.375
5258,26.319976,40,0.00484375004,19.375
5259,26.324884,40,0.00484375004,19.375
5260,26.328928,40,0.00484375004,19.375
5261,26.335170,40,0.00484375004,19.375
5262,26.338951,40,0.00484375004,19.375
5263,26.344151,40,0.00484375004,19.375
5264,26.349039,40,0.00484375004,19.375
5265,26.354397,40,0.00484375004,19.375
5266,26.359303,40,0.00484375004,19.375
5267,26.364199,40,0.00484375004,19.375
5268,26.370142,40,0.00484375004,19.375
5269,26.375031,40,0.00484375004,19.375
5270,26.380423,40,0.00484375004,19.375
5271,26.383985,40,0.00484375004,19.375
5272,26.388877,40,0.00484375004,19.375
5273,26.394332,40,0.00484375004,19.375
5274,26.399224,40,0.00484375004,19.375
5275,26.404340,40,0.00484375004,19.375
5276,26.409494,40,0.00484375004,19.375
5277,26.414401,40,0.00484375004,19.375
5278,26.420338,40,0.00484375004,19.375
5279,26.423899,40,0.00484375004,19.375
5280,26.429035,40,0.00484375004,19.375
5281,26.434191,40,0.00484375004,19.375
5282,26.439080,40,0.00484375004,19.375
5283,26.444244,40,0.00484375004,19.375
5284,26.449685,40,0.00484375004,19.375
5285,26.454580,40,0.00484375004,19.375
5286,26.459712,40,0.00484375004,19.375
5287,26.464868,40,0.00484375004,19.375
5288,26.469773,40,0.00484375004,19.375
5289,26.475155,40,0.00484375004,19.375
5290,26.479250,40,0.00484375004,19.375
5291,26.484146,40,0.00484375004,19.375
5292,26.489567,40,0.00484375004,19.375
5293,26.494463,40,0.00484375004,19.375
5294,26.499599,40,0.00484375004,19.375
5295,26.504753,40,0.00484375004,19.375
5296,26.509658,40,0.00484375004,19.375
5297,26.515034,40,0.00484375004,19.375
5298,26.519930,40,0.00484375004,19.375
5299,26.524838,40,0.00484375004,19.375
5300,26.530802,40,0.00484375004,19.375
5301,26.534370,40,0.00484375004,19.375
5302,26.539263,40,0.00484375004,19.375
5303,26.544692,40,0.00484375004,19.375
5304,26.549584,40,0.00484375004,19.375
5305,26.554517,40,0.00484375004,19.375
5306,26.559939,40,0.00484375004,19.375
5307,26.564847,40,0.00484375004,19.375
5308,26.569962,40,0.00484375004,19.375
5309,26.575133,40,0.00484375004,19.375
5310,26.579240,40,0.00484375004,19.375
5311,26.584621,40,0.00484375004,19.375
5312,26.589514,40,0.00484375004,19.375
5313,26.594421,40,0.00484375004,19.375
5314,26.599828,40,0.00484375004,19.375
5315,26.604736,40,0.00484375004,19.375
5316,26.609628,40,0.00484375004,19.375
5317,26.615060,40,0.00484375004,19.375
5318,26.619966,40,0.00484375004,19.375
5319,26.625085,40,0.00484375004,19.375
5320,26.629422,40,0.00484375004,19.375
5321,26.634330,40,0.00484375004,19.375
5322,26.639721,40,0.00484375004,19.375
5323,26.644617,40,0.00484375004,19.375
5324,26.649522,40,0.00484375004,19.375
5325,26.654949,40,0.00484375004,19.375
5326,26.659854,40,0.00484375004,19.375
5327,26.664971,40,0.00484375004,19.375
5328,26.670146,40,0.00484375004,19.375
5329,26.675035,40,0.00484375004,19.375
5330,26.680442,40,0.00484375004,19.375
5331,26.684531,40,0.00484375004,19.375
5332,26.689424,40,0.00484375004,19.375
5333,26.694835,40,0.00484375004,19.375
5334,26.699740,40,0.00484375004,19.375
5335,26.704832,40,0.00484375004,19.375
5336,26.710012,40,0.00484375004,19.375
5337,26.714921,40,0.00484375004,19.375
5338,26.718967,40,0.00484375004,19.375
5339,26.725209,40,0.00484375004,19.375
5340,26.730340,40,0.00484375004,19.375
5341,26.734684,40,0.00484375004,19.375
5342,26.739580,40,0.00484375004,19.375
5343,26.744965,40,0.00484375004,19.375
5344,26.749860,40,0.00484375004,19.375
5345,26.754793,40,0.00484375004,19.375
5346,26.760237,40,0.00484375004,19.375
5347,26.765130,40,0.00484375004,19.375
5348,26.770250,40,0.00484375004,19.375
5349,26.774052,40,0.00484375004,19.375
5350,26.778958,40,0.00484375004,19.375
5351,26.784078,40,0.00484375004,19.375
5352,26.789803,40,0.00484375004,19.375
5353,26.794699,40,0.00484375004,19.375
5354,26.800064,40,0.00484375004,19.375
5355,26.804963,40,0.00484375004,19.375
5356,26.809893,40,0.00484375004,19.375
5357,26.813962,40,0.00484375004,19.375
5358,26.820205,40,0.00484375004,19.375
5359,26.825322,40,0.00484375004,19.375
5360,26.829143,40,0.00484375004,19.375
5361,26.834035,40,0.00484375004,19.375
5362,26.839134,40,0.00484375004,19.375
5363,26.844311,40,0.00484375004,19.375
5364,26.849755,40,0.00484375004,19.375
5365,26.855209,40,0.00484375004,19.375
5366,26.860097,40,0.00484375004,19.375
5367,26.865232,40,0.00484375004,19.375
5368,26.869037,40,0.00484375004,19.375
5369,26.873947,40,0.00484375004,19.375
5370,26.879317,40,0.00484375004,19.375
5371,26.884226,40,0.00484375004,19.375
5372,26.889118,40,0.00484375004,19.375
5373,26.894555,40,0.00484375004,19.375
5374,26.900000,40,0.00484375004,19.375
5375,26.905144,40,0.00484375004,19.375
5376,26.908948,40,0.00484375004,19.375
5377,26.915201,40,0.00484375004,19.375
5378,26.918949,40,0.00484375004,19.375
5379,26.924145,40,0.00484375004,19.375
5380,26.929034,40,0.00484375004,19.375
5381,26.934416,40,0.00484375004,19.375
5382,26.939322,40,0.00484375004,19.375
5383,26.944218,40,0.00484375004,19.375
5384,26.950162,40,0.00484375004,19.375
5385,26.955051,40,0.00484375004,19.375
5386,26.960439,40,0.00484375004,19.375
5387,26.963991,40,0.00484375004,19.375
5388,26.968897,40,0.00484375004,19.375
5389,26.974351,40,0.00484375004,19.375
5390,26.979244,40,0.00484375004,19.375
5391,26.984365,40,0.00484375004,19.375
5392,26.989513,40,0.00484375004,19.375
5393,26.994420,40,0.00484375004,19.375
5394,26.999489,40,0.00484375004,19.375
5395,27.005455,40,0.00484375004,19.375
5396,27.009007,40,0.00484375004,19.375
5397,27.014167,40,0.00484375004,19.375
5398,27.019315,40,0.00484375004,19.375
5399,27.024223,40,0.00484375004,19.375
5400,27.029595,40,0.00484375004,19.375
5401,27.034491,40,0.00484375004,19.375
5402,27.039420,40,0.00484375004,19.375
5403,27.044826,40,0.00484375004,19.375
5404,27.049731,40,0.00484375004,19.375
5405,27.055124,40,0.00484375004,19.375
5406,27.059217,40,0.00484375004,19.375
5407,27.064112,40,0.00484375004,19.375
5408,27.069212,40,0.00484375004,19.375
5409,27.074460,40,0.00484375004,19.375
5410,27.079352,40,0.00484375004,19.375
5411,27.084476,40,0.00484375004,19.375
5412,27.089628,40,0.00484375004,19.375
5413,27.094535,40,0.00484375004,19.375
5414,27.099908,40,0.00484375004,19.375
5415,27.104806,40,0.00484375004,19.375
5416,27.109945,40,0.00484375004,19.375
5417,27.114281,40,0.00484375004,19.375
5418,27.119186,40,0.00484375004,19.375
5419,27.124555,40,0.00484375004,19.375
5420,27.129451,40,0.00484375004,19.375
5421,27.139325,40,0.00484375004,19.375
5422,27.141650,40,0.00484375004,19.375
5423,27.145503,40,0.00484375004,19.375
5424,27.150399,40,0.00484375004,19.375
5425,27.155304,40,0.00484375004,19.375
5426,27.159354,40,0.00484375004,19.375
5427,27.164262,40,0.00484375004,19.375
5428,27.169377,40,0.00484375004,19.375
5429,27.175082,40,0.00484375004,19.375
5430,27.179988,40,0.00484375004,19.375
5431,27.185429,40,0.00484375004,19.375
5432,27.190325,40,0.00484375004,19.375
5433,27.195694,40,0.00484375004,19.375
5434,27.199259,40,0.00484375004,19.375
5435,27.205520,40,0.00484375004,19.375
5436,27.209567,40,0.00484375004,19.375
5437,27.214466,40,0.00484375004,19.375
5438,27.219371,40,0.00484375004,19.375
5439,27.225305,40,0.00484375004,19.375
5440,27.230213,40,0.00484375004,19.375
5441,27.235339,40,0.00484375004,19.375
5442,27.240491,40,0.00484375004,19.375
5443,27.245396,40,0.00484375004,19.375
5444,27.249423,40,0.00484375004,19.375
5445,27.254332,40,0.00484375004,19.375
5446,27.260780,40,0.00484375004,19.375
5447,27.264608,40,0.00484375004,19.375
5448,27.269501,40,0.00484375004,19.375
5449,27.274942,40,0.00484375004,19.375
5450,27.280378,40.5,0.00484375004,19.375
5451,27.285270,40.5,0.00484375004,19.375
5452,27.290388,40.5,0.00484375004,19.375
5453,27.295537,40.5,-0.0202812497,18.875
5454,27.300445,40.5,-0.0202812497,18.875
5455,27.305817,40.5,-0.0202812497,18.875
5456,27.309385,40.5,-0.0202812497,18.875
5457,27.314281,40.5,-0.0202812497,18.875
5458,27.319710,40.5,-0.0202812497,18.875
5459,27.324606,40.5,-0.0202812497,18.875
5460,27.329717,40.5,-0.0202812497,18.875
5461,27.335467,40.5,-0.0202812497,18.875
5462,27.340363,40.5,-0.0202812497,18.875
5463,27.345753,40.5,-0.0202812497,18.875
5464,27.349321,40.5,-0.0202812497,18.875
5465,27.355776,40.5,-0.0202812497,18.875
5466,27.359618,40.5,-0.0202812497,18.875
5467,27.365456,40.5,-0.0202812497,18.875
5468,27.370850,40.5,-0.0202812497,18.875
5469,27.374417,40.5,-0.0202812497,18.875
5470,27.379310,40.5,-0.0202812497,18.875
5471,27.384873,40.5,-0.0202812497,18.875
5472,27.390318,40.5,-0.0202812497,18.875
5473,27.395401,40.5,-0.0204062499,18.375
5474,27.400661,40.5,-0.0204062499,18.375
5475,27.405553,40.5,-0.0204062499,18.375
5476,27.409346,40.5,-0.0204062499,18.375
5477,27.414518,40.5,-0.0204062499,18.375
5478,27.419423,40.5,-0.0204062499,18.375
5479,27.424799,40.5,-0.0204062499,18.375
5480,27.429694,40.5,-0.0204062499,18.375
5481,27.435178,40.5,-0.0204062499,18.375
5482,27.440647,40.5,-0.0204062499,18.375
5483,27.445539,40.5,-0.0204062499,18.375
5484,27.450650,40.5,-0.0204062499,18.375
5485,27.454503,40.5,-0.0204062499,18.375
5486,27.459395,40.5,-0.0204062499,18.375
5487,27.464537,40.5,-0.0204062499,18.375
5488,27.469908,40.5,-0.0204062499,18.375
5489,27.474817,40.5,-0.0204062499,18.375
5490,27.479951,40.5,-0.0204062499,18.375
5491,27.485631,40.5,-0.0204062499,18.375
5492,27.490531,40.5,-0.0204062499,18.375
5493,27.494409,40.5,-0.0205312502,17.875
5494,27.499671,40.5,-0.0205312502,17.875
5495,27.504567,40.5,-0.0205312502,17.875
5496,27.509703,40.5,-0.0205312502,17.875
5497,27.514858,40.5,-0.0205312502,17.875
5498,27.519763,40.5,-0.0205312502,17.875
5499,27.525171,40.5,-0.0205312502,17.875
5500,27.530060,40.5,-0.0205312502,17.875
5501,27.535195,40.5,-0.0205312502,17.875
5502,27.539579,40.5,-0.0205312502,17.875
5503,27.544478,40.5,-0.0205312502,17.875
5504,27.549861,40.5,-0.0205312502,17.875
5505,27.554758,40.5,-0.0205312502,17.875
5506,27.559664,40.5,-0.0205312502,17.875
5507,27.565089,40.5,-0.0205312502,17.875
5508,27.569994,40.5,-0.0205312502,17.875
5509,27.575119,40.5,-0.0205312502,17.875
5510,27.580270,40.5,-0.0205312502,17.875
5511,27.585176,40.5,-0.0205312502,17.875
5512,27.591132,40.5,-0.0205312502,17.875
5513,27.594840,40.5,-0.0206562504,17.375
5514,27.599921,40.5,-0.0206562504,17.375
5515,27.605191,40.5,-0.0206562504,17.375
5516,27.610079,40.5,-0.0206562504,17.375
5517,27.615205,40.5,-0.0206562504,17.375
5518,27.620406,40.5,-0.0206562504,17.375
5519,27.625311,40.5,-0.0206562504,17.375
5520,27.629339,40.5,-0.0206562504,17.375
5521,27.634247,40.5,-0.0206562504,17.375
5522,27.640996,40.5,-0.0206562504,17.375
5523,27.645057,40.5,-0.0206562504,17.375
5524,27.649952,40.5,-0.0206562504,17.375
5525,27.654861,40.5,-0.0206562504,17.375
5526,27.660319,40.5,-0.0206562504,17.375
5527,27.665211,40.5,-0.0206562504,17.375
5528,27.670594,40.5,-0.0206562504,17.375
5529,27.675490,40.5,-0.0206562504,17.375
5530,27.680422,40.5,-0.0206562504,17.375
5531,27.684445,40.5,-0.0206562504,17.375
5532,27.689341,40.5,-0.0206562504,17.375
5533,27.694419,40.5,-0.0207812507,16.875
5534,27.700167,40.5,-0.0207812507,16.875
5535,27.705376,40.5,-0.0207812507,16.875
5536,27.710271,40.5,-0.0207812507,16.875
5537,27.715394,40.5,-0.0207812507,16.875
5538,27.720546,40.5,-0.0207812507,16.875
5539,27.725451,40.5,-0.0207812507,16.875
5540,27.729472,40.5,-0.0207812507,16.875
5541,27.734370,40.5,-0.0207812507,16.875
5542,27.739300,40.5,-0.0207812507,16.875
5543,27.744766,40.5,-0.0207812507,16.875
5544,27.749659,40.5,-0.0207812507,16.875
5545,27.755097,40.5,-0.0207812507,16.875
5546,27.760508,40.5,-0.0207812507,16.875
5547,27.765400,40.5,-0.0207812507,16.875
5548,27.770808,40.5,-0.0207812507,16.875
5549,27.774374,40.5,-0.0207812507,16.875
5550,27.779266,40.5,-0.0207812507,16.875
5551,27.784702,40.5,-0.0207812507,16.875
5552,27.789595,40.5,-0.0207812507,16.875
5553,27.794936,40.5,-0.0209062509,16.375
5554,27.800244,40.5,-0.0209062509,16.375
5555,27.805164,40.5,-0.0209062509,16.375
5556,27.809478,40.5,-0.0209062509,16.375
5557,27.814627,40.5,-0.0209062509,16.375
5558,27.819532,40.5,-0.0209062509,16.375
5559,27.824660,40.5,-0.0209062509,16.375
5560,27.829815,40.5,-0.0209062509,16.375
5561,27.834723,40.5,-0.0209062509,16.375
5562,27.840071,40.5,-0.0209062509,16.375
5563,27.844970,40.5,-0.0209062509,16.375
5564,27.850118,40.5,-0.0209062509,16.375
5565,27.855263,40.5,-0.0209062509,16.375
5566,27.860172,40.5,-0.0209062509,16.375
5567,27.865568,40.5,-0.0209062509,16.375
5568,27.869668,40.5,-0.0209062509,16.375
5569,27.874563,40.5,-0.0209062509,16.375
5570,27.879993,40.5,-0.0209062509,16.375
5571,27.884901,40.5,-0.0209062509,16.375
5572,27.889994,40.5,-0.0209062509,16.375
5573,27.895322,40.5,-0.0210312493,15.875
5574,27.900230,40.5,-0.0210312493,15.875
5575,27.905655,40.5,-0.0210312493,15.875
5576,27.910554,40.5,-0.0210312493,15.875
5577,27.915459,40.5,-0.0210312493,15.875
5578,27.919553,40.5,-0.0210312493,15.875
5579,27.925018,40.5,-0.0210312493,15.875
5580,27.930172,40.5,-0.0210312493,15.875
5581,27.935335,40.5,-0.0210312493,15.875
5582,27.940244,40.5,-0.0210312493,15.875
5583,27.944296,40.5,-0.0210312493,15.875
5584,27.950532,40.5,-0.0210312493,15.875
5585,27.954319,40.5,-0.0210312493,15.875
5586,27.959482,40.5,-0.0210312493,15.875
5587,27.964389,40.5,-0.0210312493,15.875
5588,27.969489,40.5,-0.0210312493,15.875
5589,27.975215,40.5,-0.0210312493,15.875
5590,27.980103,40.5,-0.0210312493,15.875
5591,27.985522,40.5,-0.0210312493,15.875
5592,27.990417,40.5,-0.0210312493,15.875
5593,27.995640,40.5,-0.0211562496,15.375
5594,27.999525,40.5,-0.0211562496,15.375
5595,28.004423,40.5,-0.0211562496,15.375
5596,28.009353,40.5,-0.0211562496,15.375
5597,28.014758,40.5,-0.0211562496,15.375
5598,28.019651,40.5,-0.0211562496,15.375
5599,28.024789,40.5,-0.0211562496,15.375
5600,28.030470,40.5,-0.0211562496,15.375
5601,28.035363,40.5,-0.0211562496,15.375
5602,28.040751,40.5,-0.0211562496,15.375
5603,28.044317,40.5,-0.0211562496,15.375
5604,28.050552,40.5,-0.0211562496,15.375
5605,28.054674,40.5,-0.0211562496,15.375
5606,28.059567,40.5,-0.0211562496,15.375
5607,28.064475,40.5,-0.0211562496,15.375
5608,28.069916,40.5,-0.0211562496,15.375
5609,28.074825,40.5,-0.0211562496,15.375
5610,28.079940,40.5,-0.0211562496,15.375
5611,28.085094,40.5,-0.0211562496,15.375
5612,28.090571,40.5,-0.0211562496,15.375
5613,28.095792,40.5,-0.0212812498,14.875
5614,28.099664,40.5,-0.0212812498,14.875
5615,28.104562,40.5,-0.0212812498,14.875
5616,28.109492,40.5,-0.0212812498,14.875
5617,28.114906,40.5,-0.0212812498,14.875
5618,28.119812,40.5,-0.0212812498,14.875
5619,28.124929,40.5,-0.0212812498,14.875
5620,28.130085,40.5,-0.0212812498,14.875
5621,28.139446,40.5,-0.0212812498,14.875
5622,28.141760,40.5,-0.0212812498,14.875
5623,28.146129,40.5,-0.0212812498,14.875
5624,28.149691,40.5,-0.0212812498,14.875
5625,28.154611,40.5,-0.0212812498,14.875
5626,28.160022,40.5,-0.0212812498,14.875
5627,28.164930,40.5,-0.0212812498,14.875
5628,28.170044,40.5,-0.0212812498,14.875
5629,28.175200,40.5,-0.0212812498,14.875
5630,28.180089,40.5,-0.0212812498,14.875
5631,28.185456,40.5,-0.0212812498,14.875
5632,28.190355,40.5,-0.0212812498,14.875
5633,28.195668,40.5,-0.0214062501,14.375
5634,28.199529,40.5,-0.0214062501,14.375
5635,28.204720,40.5,-0.0214062501,14.375
5636,28.209613,40.5,-0.0214062501,14.375
5637,28.214734,40.5,-0.0214062501,14.375
5638,28.219939,40.5,-0.0214062501,14.375
5639,28.224848,40.5,-0.0214062501,14.375
5640,28.230294,40.5,-0.0214062501,14.375
5641,28.235186,40.5,-0.0214062501,14.375
5642,28.240318,40.5,-0.0214062501,14.375
5643,28.244637,40.5,-0.0214062501,14.375
5644,28.249530,40.5,-0.0214062501,14.375
5645,28.254917,40.5,-0.0214062501,14.375
5646,28.260516,40.5,-0.0214062501,14.375
5647,28.265671,40.5,-0.0214062501,14.375
5648,28.269508,40.5,-0.0214062501,14.375
5649,28.274404,40.5,-0.0214062501,14.375
5650,28.280869,40.5,-0.0214062501,14.375
5651,28.284697,40.5,-0.0214062501,14.375
5652,28.289589,40.5,-0.0214062501,14.375
5653,28.295861,40.5,-0.0215312503,13.875
5654,28.299817,40.5,-0.0215312503,13.875
5655,28.305259,40.5,-0.0215312503,13.875
5656,28.310167,40.5,-0.0215312503,13.875
5657,28.315603,40.5,-0.0215312503,13.875
5658,28.320499,40.5,-0.0215312503,13.875
5659,28.325634,40.5,-0.0215312503,13.875
5660,28.329462,40.5,-0.0215312503,13.875
5661,28.334358,40.5,-0.0215312503,13.875
5662,28.339474,40.5,-0.0215312503,13.875
5663,28.344627,40.5,-0.0215312503,13.875
5664,28.349532,40.5,-0.0215312503,13.875
5665,28.355439,40.5,-0.0215312503,13.875
5666,28.360338,40.5,-0.0215312503,13.875
5667,28.365473,40.5,-0.0215312503,13.875
5668,28.370629,40.5,-0.0215312503,13.875
5669,28.375533,40.5,-0.0215312503,13.875
5670,28.379579,40.5,-0.0215312503,13.875
5671,28.384478,40.5,-0.0215312503,13.875
5672,28.389383,40.5,-0.0215312503,13.875
5673,28.395980,40.5,-0.0216562506,13.375
5674,28.399545,40.5,-0.0216562506,13.375
5675,28.405204,40.5,-0.0216562506,13.375
5676,28.410465,40.5,-0.0216562506,13.375
5677,28.415358,40.5,-0.0216562506,13.375
5678,28.420475,40.5,-0.0216562506,13.375
5679,28.425624,40.5,-0.0216562506,13.375
5680,28.430532,40.5,-0.0216562506,13.375
5681,28.435657,40.5,-0.0216562506,13.375
5682,28.439485,40.5,-0.0216562506,13.375
5683,28.444381,40.5,-0.0216562506,13.375
5684,28.449767,40.5,-0.0216562506,13.375
5685,28.454663,40.5,-0.0216562506,13.375
5686,28.459568,40.5,-0.0216562506,13.375
5687,28.465535,40.5,-0.0216562506,13.375
5688,28.470433,40.5,-0.0216562506,13.375
5689,28.475816,40.5,-0.0216562506,13.375
5690,28.479383,40.5,-0.0216562506,13.375
5691,28.485862,40.5,-0.0216562506,13.375
5692,28.489896,40.5,-0.0216562506,13.375
5693,28.494649,40.5,-0.0216562506,13.375
5694,28.499554,40.5,-0.0217812508,12.875
5695,28.504977,40.5,-0.0217812508,12.875
5696,28.509872,40.5,-0.0217812508,12.875
5697,28.515319,40.5,-0.0217812508,12.875
5698,28.520740,40.5,-0.0217812508,12.875
5699,28.525632,40.5,-0.0217812508,12.875
5700,28.530765,40.5,-0.0217812508,12.875
5701,28.534596,40.5,-0.0217812508,12.875
5702,28.539488,40.5,-0.0217812508,12.875
5703,28.544630,40.5,-0.0217812508,12.875
5704,28.549785,40.5,-0.0217812508,12.875
5705,28.554694,40,-0.0217812508,12.875
5706,28.560091,40,-0.0217812508,12.875
5707,28.564990,40,-0.0217812508,12.875
5708,28.570679,40,-0.0217812508,12.875
5709,28.574507,40,-0.0217812508,12.875
5710,28.579399,40,-0.0217812508,12.875
5711,28.584541,40,-0.0217812508,12.875
5712,28.589696,40,-0.0217812508,12.875
5713,28.595900,40,0.00321875024,12.875
5714,28.599788,40,0.00321875024,12.875
5715,28.604985,40,0.00321875024,12.875
5716,28.609890,40,0.00321875024,12.875
5717,28.615247,40,0.00321875024,12.875
5718,28.620649,40,0.00321875024,12.875
5719,28.625778,40,0.00321875024,12.875
5720,28.629606,40,0.00321875024,12.875
5721,28.634502,40,0.00321875024,12.875
5722,28.639640,40,0.00321875024,12.875
5723,28.644795,40,0.00321875024,12.875
5724,28.649701,40,0.00321875024,12.875
5725,28.655076,40,0.00321875024,12.875
5726,28.659972,40,0.00321875024,12.875
5727,28.664904,40,0.00321875024,12.875
5728,28.670349,40,0.00321875024,12.875
5729,28.675241,40,0.00321875024,12.875
5730,28.680362,40,0.00321875024,12.875
5731,28.684706,40,0.00321875024,12.875
5732,28.689602,40,0.00321875024,12.875
5733,28.696167,40,0.00321875024,12.875
5734,28.699728,40,0.00321875024,12.875
5735,28.704624,40,0.00321875024,12.875
5736,28.709837,40,0.00321875024,12.875
5737,28.715036,40,0.00321875024,12.875
5738,28.719941,40,0.00321875024,12.875
5739,28.725070,40,0.00321875024,12.875
5740,28.730747,40,0.00321875024,12.875
5741,28.735640,40,0.00321875024,12.875
5742,28.739436,40,0.00321875024,12.875
5743,28.744585,40,0.00321875024,12.875
5744,28.749490,40,0.00321875024,12.875
5745,28.754865,40,0.00321875024,12.875
5746,28.759760,40,0.00321875024,12.875
5747,28.764902,40,0.00321875024,12.875
5748,28.770058,40,0.00321875024,12.875
5749,28.774966,40,0.00321875024,12.875
5750,28.780372,40,0.00321875024,12.875
5751,28.784462,40,0.00321875024,12.875
5752,28.789355,40,0.00321875024,12.875
5753,28.795963,40,0.00321875024,12.875
5754,28.799528,40,0.00321875024,12.875
5755,28.804460,40,0.00321875024,12.875
5756,28.809875,40,0.00321875024,12.875
5757,28.814773,40,0.00321875024,12.875
5758,28.819703,40,0.00321875024,12.875
5759,28.825159,40,0.00321875024,12.875
5760,28.830047,40,0.00321875024,12.875
5761,28.835490,40,0.00321875024,12.875
5762,28.839527,40,0.00321875024,12.875
5763,28.844423,40,0.00321875024,12.875
5764,28.850683,40,0.00321875024,12.875
5765,28.854716,40,0.00321875024,12.875
5766,28.859609,40,0.00321875024,12.875
5767,28.864541,40,0.00321875024,12.875
5768,28.869958,40,0.00321875024,12.875
5769,28.874866,40,0.00321875024,12.875
5770,28.879981,40,0.00321875024,12.875
5771,28.885152,40,0.00321875024,12.875
5772,28.890612,40,0.00321875024,12.875
5773,28.895842,40,0.00321875024,12.875
5774,28.899406,40,0.00321875024,12.875
5775,28.905642,40,0.00321875024,12.875
5776,28.909516,40,0.00321875024,12.875
5777,28.914709,40,0.00321875024,12.875
5778,28.919601,40,0.00321875024,12.875
5779,28.924720,40,0.00321875024,12.875
5780,28.929876,40,0.00321875024,12.875
5781,28.934784,40,0.00321875024,12.875
5782,28.940191,40,0.00321875024,12.875
5783,28.945608,40,0.00321875024,12.875
5784,28.950516,40,0.00321875024,12.875
5785,28.954580,40,0.00321875024,12.875
5786,28.959476,40,0.00321875024,12.875
5787,28.964383,40,0.00321875024,12.875
5788,28.969848,40,0.00321875024,12.875
5789,28.974755,40,0.00321875024,12.875
5790,28.979895,40,0.00321875024,12.875
5791,28.985051,40,0.00321875024,12.875
5792,28.989956,40,0.00321875024,12.875
5793,28.996507,40,0.00321875024,12.875
5794,29.000634,40,0.00321875024,12.875
5795,29.005526,40,0.00321875024,12.875
5796,29.009406,40,0.00321875024,12.875
5797,29.014599,40,0.00321875024,12.875
5798,29.019492,40,0.00321875024,12.875
5799,29.024932,40,0.00321875024,12.875
5800,29.029828,40,0.00321875024,12.875
5801,29.034736,40,0.00321875024,12.875
5802,29.040180,40,0.00321875024,12.875
5803,29.045068,40,0.00321875024,12.875
5804,29.050759,40,0.00321875024,12.875
5805,29.054612,40,0.00321875024,12.875
5806,29.059504,40,0.00321875024,12.875
5807,29.064436,40,0.00321875024,12.875
5808,29.069837,40,0.00321875024,12.875
5809,29.074745,40,0.00321875024,12.875
5810,29.080116,40,0.00321875024,12.875
5811,29.085005,40,0.00321875024,12.875
5812,29.089911,40,0.00321875024,12.875
5813,29.096581,40,0.00321875024,12.875
5814,29.100150,40,0.00321875024,12.875
5815,29.104452,40,0.00321875024,12.875
5816,29.109714,40,0.00321875024,12.875
5817,29.114611,40,0.00321875024,12.875
5818,29.119746,40,0.00321875024,12.875
5819,29.124901,40,0.00321875024,12.875
5820,29.129806,40,0.00321875024,12.875
5821,29.140811,40,0.00321875024,12.875
5822,29.143033,40,0.00321875024,12.875
5823,29.146598,40,0.00321875024,12.875
5824,29.151701,40,0.00321875024,12.875
5825,29.156980,40,0.00321875024,12.875
5826,29.161087,40,0.00321875024,12.875
5827,29.165993,40,0.00321875024,12.875
5828,29.171472,40,0.00321875024,12.875
5829,29.176365,40,0.00321875024,12.875
5830,29.181501,40,0.00321875024,12.875
5831,29.186656,40,0.00321875024,12.875
5832,29.191564,40,0.00321875024,12.875
5833,29.196784,40,0.00321875024,12.875
5834,29.202030,40,0.00321875024,12.875
5835,29.206960,40,0.00321875024,12.875
5836,29.211281,40,0.00321875024,12.875
5837,29.216433,40,0.00321875024,12.875
5838,29.221342,40,0.00321875024,12.875
5839,29.226713,40,0.00321875024,12.875
5840,29.231609,40,0.00321875024,12.875
5841,29.236514,40,0.00321875024,12.875
5842,29.241941,40,0.00321875024,12.875
5843,29.246847,40,0.00321875024,12.875
5844,29.251965,40,0.00321875024,12.875
5845,29.255792,40,0.00321875024,12.875
5846,29.262028,40,0.00321875024,12.875
5847,29.266359,40,0.00321875024,12.875
5848,29.271510,40,0.00321875024,12.875
5849,29.276414,40,0.00321875024,12.875
5850,29.281841,40,0.00321875024,12.875
5851,29.286746,40,0.00321875024,12.875
5852,29.291875,40,0.00321875024,12.875
5853,29.297193,40,0.00321875024,12.875
5854,29.302084,40,0.00321875024,12.875
5855,29.305840,40,0.00321875024,12.875
5856,29.311122,40,0.00321875024,12.875
5857,29.316592,40,0.00321875024,12.875
5858,29.321974,40,0.00321875024,12.875
5859,29.326869,40,0.00321875024,12.875
5860,29.331778,40,0.00321875024,12.875
5861,29.335822,40,0.00321875024,12.875
5862,29.342061,40,0.00321875024,12.875
5863,29.347203,40,0.00321875024,12.875
5864,29.351039,40,0.00321875024,12.875
5865,29.355945,40,0.00321875024,12.875
5866,29.361060,40,0.00321875024,12.875
5867,29.366742,40,0.00321875024,12.875
5868,29.371638,40,0.00321875024,12.875
5869,29.377023,40,0.00321875024,12.875
5870,29.381922,40,0.00321875024,12.875
5871,29.386851,40,0.00321875024,12.875
5872,29.390896,40,0.00321875024,12.875
5873,29.395938,40,0.00321875024,12.875
5874,29.400846,40,0.00321875024,12.875
5875,29.406292,40,0.00321875024,12.875
5876,29.411201,40,0.00321875024,12.875
5877,29.416089,40,0.00321875024,12.875
5878,29.422017,40,0.00321875024,12.875
5879,29.426910,40,0.00321875024,12.875
5880,29.432026,40,0.00321875024,12.875
5881,29.435837,40,0.00321875024,12.875
5882,29.442072,40,0.00321875024,12.875
5883,29.446116,40,0.00321875024,12.875
5884,29.451009,40,0.00321875024,12.875
5885,29.455939,40,0.00321875024,12.875
5886,29.461382,40,0.00321875024,12.875
5887,29.466274,40,0.00321875024,12.875
5888,29.471961,40,0.00321875024,12.875
5889,29.475790,40,0.00321875024,12.875
5890,29.482025,40,0.00321875024,12.875
5891,29.487379,40,0.00321875024,12.875
5892,29.490944,40,0.00321875024,12.875
5893,29.496097,40,0.00321875024,12.875
5894,29.501545,40,0.00321875024,12.875
5895,29.506441,40,0.00321875024,12.875
5896,29.511350,40,0.00321875024,12.875
5897,29.517012,40,0.00321875024,12.875
5898,29.521080,40,0.00321875024,12.875
5899,29.525976,40,0.00321875024,12.875
5900,29.531445,40,0.00321875024,12.875
5901,29.536338,40,0.00321875024,12.875
5902,29.541477,40,0.00321875024,12.875
5903,29.546629,40,0.00321875024,12.875
5904,29.551538,40,0.00321875024,12.875
5905,29.556909,40,0.00321875024,12.875
5906,29.561808,40,0.00321875024,12.875
5907,29.566713,40,0.00321875024,12.875
5908,29.572652,40,0.00321875024,12.875
5909,29.576218,40,0.00321875024,12.875
5910,29.581112,40,0.00321875024,12.875
5911,29.586542,40,0.00321875024,12.875
5912,29.591437,40,0.00321875024,12.875
5913,29.596660,40,0.00321875024,12.875
5914,29.601914,40,0.00321875024,12.875
5915,29.606819,40,0.00321875024,12.875
5916,29.611952,40,0.00321875024,12.875
5917,29.615790,40,0.00321875024,12.875
5918,29.622026,40,0.00321875024,12.875
5919,29.627404,40,0.00321875024,12.875
5920,29.631500,40,0.00321875024,12.875
5921,29.636392,40,0.00321875024,12.875
5922,29.641874,40,0.00321875024,12.875
5923,29.646780,40,0.00321875024,12.875
5924,29.651873,40,0.00321875024,12.875
5925,29.657056,40,0.00321875024,12.875
5926,29.661965,40,0.00321875024,12.875
5927,29.666007,40,0.00321875024,12.875
5928,29.670906,40,0.00321875024,12.875
5929,29.675812,40,0.00321875024,12.875
5930,29.681749,40,0.00321875024,12.875
5931,29.686645,40,0.00321875024,12.875
5932,29.692030,40,0.00321875024,12.875
5933,29.697072,40,0.00321875024,12.875
5934,29.701981,40,0.00321875024,12.875
5935,29.705829,40,0.00321875024,12.875
5936,29.711032,40,0.00321875024,12.875
5937,29.715938,40,0.00321875024,12.875
5938,29.720858,40,0.00321875024,12.875
5939,29.726292,40,0.00321875024,12.875
5940,29.731694,40,0.00321875024,12.875
5941,29.736824,40,0.00321875024,12.875
5942,29.741982,40,0.00321875024,12.875
5943,29.746887,40,0.00321875024,12.875
5944,29.752266,40,0.00321875024,12.875
5945,29.755828,40,0.00321875024,12.875
5946,29.762088,40,0.00321875024,12.875
5947,29.766114,40,0.00321875024,12.875
5948,29.771006,40,0.00321875024,12.875
5949,29.775936,40,0.00321875024,12.875
5950,29.781369,40,0.00321875024,12.875
5951,29.786262,40,0.00321875024,12.875
5952,29.791404,40,0.00321875024,12.875
5953,29.797207,40,0.00321875024,12.875
5954,29.800771,40,0.00321875024,12.875
5955,29.805969,40,0.00321875024,12.875
5956,29.811161,40,0.00321875024,12.875
5957,29.816049,40,0.00321875024,12.875
5958,29.821450,40,0.00321875024,12.875
5959,29.826345,40,0.00321875024,12.875
5960,29.831254,39.125,0.00321875024,12.875
5961,29.836716,39.125,0.00321875024,12.875
5962,29.841611,39.125,0.00321875024,12.875
5963,29.845947,39.125,0.00321875024,12.875
5964,29.851121,39.125,0.00321875024,12.875
5965,29.856010,39.125,0.00321875024,12.875
5966,29.861455,39.125,0.00321875024,12.875
5967,29.866348,39.125,0.00321875024,12.875
5968,29.871446,39.125,0.00321875024,12.875
5969,29.876625,39.125,0.00321875024,12.875
5970,29.881533,39.125,0.00321875024,12.875
5971,29.886905,39.125,0.00321875024,12.875
5972,29.891804,39.125,0.00321875024,12.875
5973,29.897434,39.125,0.0471874997,13.75
5974,29.901286,39.125,0.0471874997,13.75
5975,29.906498,39.125,0.0471874997,13.75
5976,29.911393,39.125,0.0471874997,13.75
5977,29.916509,39.125,0.0471874997,13.75
5978,29.921668,39.125,0.0471874997,13.75
5979,29.926572,39.125,0.0471874997,13.75
5980,29.931996,39.125,0.0471874997,13.75
5981,29.936902,39.125,0.0471874997,13.75
5982,29.942032,39.125,0.0471874997,13.75
5983,29.946368,39.125,0.0471874997,13.75
5984,29.951277,39.125,0.0471874997,13.75
5985,29.956667,39.125,0.0471874997,13.75
5986,29.961563,39.125,0.0471874997,13.75
5987,29.966469,39.125,0.0471874997,13.75
5988,29.971870,39.125,0.0471874997,13.75
5989,29.976776,39.125,0.0471874997,13.75
5990,29.981893,39.125,0.0471874997,13.75
5991,29.987049,39.125,0.0471874997,13.75
5992,29.991957,39.125,0.0471874997,13.75
5993,29.997479,39.125,0.0474062487,14.625
5994,30.001607,39.125,0.0474062487,14.625
5995,30.006499,39.125,0.0474062487,14.625
5996,30.011928,39.125,0.0474062487,14.625
5997,30.015775,39.125,0.0474062487,14.625
5998,30.022012,39.125,0.0474062487,14.625
5999,30.027141,39.125,0.0474062487,14.625
6000,30.030948,39.125,0.0474062487,14.625
6001,30.035854,39.125,0.0474062487,14.625
6002,30.040971,39.125,0.0474062487,14.625
6003,30.046142,39.125,0.0474062487,14.625
6004,30.051034,39.125,0.0474062487,14.625
6005,30.056460,39.125,0.0474062487,14.625
6006,30.061886,39.125,0.0474062487,14.625
6007,30.067020,39.125,0.0474062487,14.625
6008,30.070835,39.125,0.0474062487,14.625
6009,30.077067,39.125,0.0474062487,14.625
6010,30.080882,39.125,0.0474062487,14.625
6011,30.086037,39.125,0.0474062487,14.625
6012,30.090946,39.125,0.0474062487,14.625
6013,30.097794,39.125,0.0476249978,15.5
6014,30.101363,39.125,0.0476249978,15.5
6015,30.106255,39.125,0.0476249978,15.5
6016,30.112018,39.125,0.0476249978,15.5
6017,30.115890,39.125,0.0476249978,15.5
6018,30.120789,39.125,0.0476249978,15.5
6019,30.125922,39.125,0.0476249978,15.5
6020,30.131081,39.125,0.0476249978,15.5
6021,30.141991,39.125,0.0476249978,15.5
6022,30.144312,39.125,0.0476249978,15.5
6023,30.148167,39.125,0.0476249978,15.5
6024,30.153058,39.125,0.0476249978,15.5
6025,30.158180,39.125,0.0476249978,15.5
6026,30.161988,39.125,0.0476249978,15.5
6027,30.167456,39.125,0.0476249978,15.5
6028,30.172565,39.125,0.0476249978,15.5
6029,30.177744,39.125,0.0476249978,15.5
6030,30.182652,39.125,0.0476249978,15.5
6031,30.188025,39.125,0.0476249978,15.5
6032,30.192924,39.125,0.0476249978,15.5
6033,30.197974,39.125,0.0478437506,16.375
6034,30.203428,39.125,0.0478437506,16.375
6035,30.206990,39.125,0.0478437506,16.375
6036,30.211885,39.125,0.0478437506,16.375
6037,30.217333,39.125,0.0478437506,16.375
6038,30.222257,39.125,0.0478437506,16.375
6039,30.228193,39.125,0.0478437506,16.375
6040,30.233085,39.125,0.0478437506,16.375
6041,30.237990,39.125,0.0478437506,16.375
6042,30.242034,39.125,0.0478437506,16.375
6043,30.246929,39.125,0.0478437506,16.375
6044,30.253394,39.125,0.0478437506,16.375
6045,30.257215,39.125,0.0478437506,16.375
6046,30.262110,39.125,0.0478437506,16.375
6047,30.267231,39.125,0.0478437506,16.375
6048,30.272383,39.125,0.0478437506,16.375
6049,30.277289,39.125,0.0478437506,16.375
6050,30.283242,39.125,0.0478437506,16.375
6051,30.288147,39.125,0.0478437506,16.375
6052,30.293064,39.125,0.0478437506,16.375
6053,30.298389,39.125,0.0480624996,17.25
6054,30.302264,39.125,0.0480624996,17.25
6055,30.307169,39.125,0.0480624996,17.25
6056,30.312293,39.125,0.0480624996,17.25
6057,30.317445,39.125,0.0480624996,17.25
6058,30.322353,39.125,0.0480624996,17.25
6059,30.327795,39.125,0.0480624996,17.25
6060,30.332691,39.125,0.0480624996,17.25
6061,30.338395,39.125,0.0480624996,17.25
6062,30.342241,39.125,0.0480624996,17.25
6063,30.347133,39.125,0.0480624996,17.25
6064,30.352257,39.125,0.0480624996,17.25
6065,30.357405,39.125,0.0480624996,17.25
6066,30.362314,39.125,0.0480624996,17.25
6067,30.367731,39.125,0.0480624996,17.25
6068,30.372627,39.125,0.0480624996,17.25
6069,30.377748,39.125,0.0480624996,17.25
6070,30.382907,39.125,0.0480624996,17.25
6071,30.387812,39.125,0.0480624996,17.25
6072,30.393254,39.125,0.0480624996,17.25
6073,30.397466,39.125,0.0482812487,18.125
6074,30.402555,39.125,0.0482812487,18.125
6075,30.407815,39.125,0.0482812487,18.125
6076,30.412723,39.125,0.0482812487,18.125
6077,30.417859,39.125,0.0482812487,18.125
6078,30.423018,39.125,0.0482812487,18.125
6079,30.427923,39.125,0.0482812487,18.125
6080,30.433302,39.125,0.0482812487,18.125
6081,30.438207,39.125,0.0482812487,18.125
6082,30.443099,39.125,0.0482812487,18.125
6083,30.447149,39.125,0.0482812487,18.125
6084,30.452612,39.125,0.0482812487,18.125
6085,30.457745,39.125,0.0482812487,18.125
6086,30.462953,39.125,0.0482812487,18.125
6087,30.467859,39.125,0.0482812487,18.125
6088,30.473237,39.125,0.0482812487,18.125
6089,30.478142,39.125,0.0482812487,18.125
6090,30.483034,39.125,0.0482812487,18.125
6091,30.487079,39.125,0.0482812487,18.125
6092,30.491977,39.125,0.0482812487,18.125
6093,30.497028,39.125,0.0485000014,19
6094,30.502492,39.125,0.0485000014,19
6095,30.507958,39.125,0.0485000014,19
6096,30.512891,39.125,0.0485000014,19
6097,30.518327,39.125,0.0485000014,19
6098,30.523222,39.125,0.0485000014,19
6099,30.528340,39.125,0.0485000014,19
6100,30.532380,39.125,0.0485000014,19
6101,30.537286,39.125,0.0485000014,19
6102,30.542424,39.125,0.0485000014,19
6103,30.547576,39.125,0.0485000014,19
6104,30.553034,39.125,0.0485000014,19
6105,30.558414,39.125,0.0485000014,19
6106,30.561979,39.125,0.0485000014,19
6107,30.568215,39.125,0.0485000014,19
6108,30.572262,39.125,0.0485000014,19
6109,30.577168,39.125,0.0485000014,19
6110,30.582059,39.125,0.0485000014,19
6111,30.587489,39.125,0.0485000014,19
6112,30.592385,39.125,0.0485000014,19
6113,30.597617,39.125,0.0487187505,19.875
6114,30.602861,39.125,0.0487187505,19.875
6115,30.607766,39.125,0.0487187505,19.875
6116,30.612118,39.125,0.0487187505,19.875
6117,30.617264,39.125,0.0487187505,19.875
6118,30.622172,39.125,0.0487187505,19.875
6119,30.627544,39.125,0.0487187505,19.875
6120,30.632444,39.125,0.0487187505,19.875
6121,30.637349,39.125,0.0487187505,19.875
6122,30.642813,39.125,0.0487187505,19.875
6123,30.647704,39.125,0.0487187505,19.875
6124,30.653067,39.125,0.0487187505,19.875
6125,30.657962,39.125,0.0487187505,19.875
6126,30.662895,39.125,0.0487187505,19.875
6127,30.666964,39.125,0.0487187505,19.875
6128,30.672409,39.125,0.0487187505,19.875
6129,30.677314,39.125,0.0487187505,19.875
6130,30.682811,39.125,0.0487187505,19.875
6131,30.687716,39.125,0.0487187505,19.875
6132,30.693078,39.125,0.0487187505,19.875
6133,30.698134,39.125,0.0489374995,20.75
6134,30.703050,39.125,0.0489374995,20.75
6135,30.706902,39.125,0.0489374995,20.75
6136,30.712100,39.125,0.0489374995,20.75
6137,30.717005,39.125,0.0489374995,20.75
6138,30.722658,39.125,0.0489374995,20.75
6139,30.727837,39.125,0.0489374995,20.75
6140,30.732745,39.125,0.0489374995,20.75
6141,30.738124,39.125,0.0489374995,20.75
6142,30.743016,39.125,0.0489374995,20.75
6143,30.747922,39.125,0.0489374995,20.75
6144,30.751966,39.125,0.0489374995,20.75
6145,30.758205,39.125,0.0489374995,20.75
6146,30.763322,39.125,0.0489374995,20.75
6147,30.767146,39.125,0.0489374995,20.75
6148,30.772552,39.125,0.0489374995,20.75
6149,30.777929,39.125,0.0489374995,20.75
6150,30.782828,39.125,0.0489374995,20.75
6151,30.787733,39.125,0.0489374995,20.75
6152,30.793170,39.125,0.0489374995,20.75
6153,30.798207,39.125,0.0491562486,21.625
6154,30.803298,39.125,0.0491562486,21.625
6155,30.807172,39.125,0.0491562486,21.625
6156,30.812064,39.125,0.0491562486,21.625
6157,30.816970,39.125,0.0491562486,21.625
6158,30.822424,39.125,0.0491562486,21.625
6159,30.827905,39.125,0.0491562486,21.625
6160,30.833031,39.125,0.0491562486,21.625
6161,30.838187,39.125,0.0491562486,21.625
6162,30.843079,39.125,0.0491562486,21.625
6163,30.848446,39.125,0.0491562486,21.625
6164,30.852000,39.125,0.0491562486,21.625
6165,30.856906,39.125,0.0491562486,21.625
6166,30.862360,39.125,0.0491562486,21.625
6167,30.867252,39.125,0.0491562486,21.625
6168,30.872639,39.125,0.0491562486,21.625
6169,30.877531,39.125,0.0491562486,21.625
6170,30.882439,39.125,0.0491562486,21.625
6171,30.888363,39.125,0.0491562486,21.625
6172,30.891928,39.125,0.0491562486,21.625
6173,30.898487,39.125,0.0493749976,22.5
6174,30.902358,39.125,0.0493749976,22.5
6175,30.907263,39.125,0.0493749976,22.5
6176,30.912159,39.125,0.0493749976,22.5
6177,30.917610,39.125,0.0493749976,22.5
6178,30.922506,39.125,0.0493749976,22.5
6179,30.927888,39.125,0.0493749976,22.5
6180,30.932787,39.125,0.0493749976,22.5
6181,30.937693,39.125,0.0493749976,22.5
6182,30.943129,39.125,0.0493749976,22.5
6183,30.947250,39.125,0.0493749976,22.5
6184,30.952375,39.125,0.0493749976,22.5
6185,30.957543,39.125,0.0493749976,22.5
6186,30.962451,39.125,0.0493749976,22.5
6187,30.967824,39.125,0.0493749976,22.5
6188,30.972723,39.125,0.0493749976,22.5
6189,30.977628,39.125,0.0493749976,22.5
6190,30.983073,39.125,0.0493749976,22.5
6191,30.987979,39.125,0.0493749976,22.5
6192,30.993075,39.125,0.0493749976,22.5
6193,30.998402,39.125,0.0495937504,23.375
6194,31.002459,39.125,0.0495937504,23.375
6195,31.007545,39.125,0.0495937504,23.375
6196,31.012819,39.125,0.0495937504,23.375
6197,31.017711,39.125,0.0495937504,23.375
6198,31.022851,39.125,0.0495937504,23.375
6199,31.028006,39.125,0.0495937504,23.375
6200,31.032915,39.125,0.0495937504,23.375
6201,31.038344,39.125,0.0495937504,23.375
6202,31.041909,39.125,0.0495937504,23.375
6203,31.048381,39.125,0.0495937504,23.375
6204,31.052728,39.125,0.0495937504,23.375
6205,31.057621,39.125,0.0495937504,23.375
6206,31.062761,39.125,0.0495937504,23.375
6207,31.067917,39.125,0.0495937504,23.375
6208,31.072826,39.125,0.0495937504,23.375
6209,31.078268,39.125,0.0495937504,23.375
6210,31.083163,39.125,0.0495937504,23.375
6211,31.088264,39.125,0.0495937504,23.375
6212,31.092096,39.125,0.0495937504,23.375
6213,31.098613,39.125,0.0498124994,24.25
6214,31.102363,39.125,0.0498124994,24.25
6215,31.108134,38.125,0.0498124994,24.25
6216,31.113026,38.125,0.0498124994,24.25
6217,31.118416,38.125,0.0498124994,24.25
6218,31.121981,38.125,0.0498124994,24.25
6219,31.128217,38.125,0.0498124994,24.25
6220,31.132264,38.125,0.0498124994,24.25
6221,31.143095,38.125,0.0498124994,24.25
6222,31.145408,38.125,0.0498124994,24.25
6223,31.149264,38.125,0.0498124994,24.25
6224,31.154160,38.125,0.0498124994,24.25
6225,31.158254,38.125,0.0498124994,24.25
6226,31.163655,38.125,0.0498124994,24.25
6227,31.168548,38.125,0.0498124994,24.25
6228,31.173687,38.125,0.0498124994,24.25
6229,31.178842,38.125,0.0498124994,24.25
6230,31.183750,38.125,0.0498124994,24.25
6231,31.189097,38.125,0.0498124994,24.25
6232,31.193996,38.125,0.0498124994,24.25
6233,31.199165,38.125,0.100281253,26.125
6234,31.203045,38.125,0.100281253,26.125
6235,31.208718,38.125,0.100281253,26.125
6236,31.213614,38.125,0.100281253,26.125
6237,31.218999,38.125,0.100281253,26.125
6238,31.223897,38.125,0.100281253,26.125
6239,31.228828,38.125,0.100281253,26.125
6240,31.234318,38.125,0.100281253,26.125
6241,31.239210,38.125,0.100281253,26.125
6242,31.244328,38.125,0.100281253,26.125
6243,31.248153,38.125,0.100281253,26.125
6244,31.253044,38.125,0.100281253,26.125
6245,31.258168,38.125,0.100281253,26.125
6246,31.263871,38.125,0.100281253,26.125
6247,31.268777,38.125,0.100281253,26.125
6248,31.274155,38.125,0.100281253,26.125
6249,31.279044,38.125,0.100281253,26.125
6250,31.283953,38.125,0.100281253,26.125
6251,31.289392,38.125,0.100281253,26.125
6252,31.294288,38.125,0.100281253,26.125
6253,31.297996,38.125,0.100749999,28
6254,31.303485,38.125,0.100749999,28
6255,31.308381,38.125,0.100749999,28
6256,31.313787,38.125,0.100749999,28
6257,31.319245,38.125,0.100749999,28
6258,31.324140,38.125,0.100749999,28
6259,31.329598,38.125,0.100749999,28
6260,31.333167,38.125,0.100749999,28
6261,31.338055,38.125,0.100749999,28
6262,31.343516,38.125,0.100749999,28
6263,31.348409,38.125,0.100749999,28
6264,31.353523,38.125,0.100749999,28
6265,31.358752,38.125,0.100749999,28
6266,31.363661,38.125,0.100749999,28
6267,31.369033,38.125,0.100749999,28
6268,31.373160,38.125,0.100749999,28
6269,31.378049,38.125,0.100749999,28
6270,31.383477,38.125,0.100749999,28
6271,31.388370,38.125,0.100749999,28
6272,31.393484,38.125,0.100749999,28
6273,31.398785,38.125,0.101218753,29.875
6274,31.403694,38.125,0.101218753,29.875
6275,31.408906,38.125,0.101218753,29.875
6276,31.414103,38.125,0.101218753,29.875
6277,31.419007,38.125,0.101218753,29.875
6278,31.424415,38.125,0.101218753,29.875
6279,31.428507,38.125,0.101218753,29.875
6280,31.433402,38.125,0.101218753,29.875
6281,31.438836,38.125,0.101218753,29.875
6282,31.443744,38.125,0.101218753,29.875
6283,31.448858,38.125,0.101218753,29.875
6284,31.454014,38.125,0.101218753,29.875
6285,31.458919,38.125,0.101218753,29.875
6286,31.464301,38.125,0.101218753,29.875
6287,31.469206,38.125,0.101218753,29.875
6288,31.474098,38.125,0.101218753,29.875
6289,31.478148,38.125,0.101218753,29.875
6290,31.483065,38.125,0.101218753,29.875
6291,31.488487,38.125,0.101218753,29.875
6292,31.493935,38.125,0.101218753,29.875
6293,31.498986,38.125,0.101687498,31.75
6294,31.504072,38.125,0.101687498,31.75
6295,31.509340,38.125,0.101687498,31.75
6296,31.514236,38.125,0.101687498,31.75
6297,31.519619,38.125,0.101687498,31.75
6298,31.523188,38.125,0.101687498,31.75
6299,31.528076,38.125,0.101687498,31.75
6300,31.533587,38.125,0.101687498,31.75
6301,31.539039,38.125,0.101687498,31.75
6302,31.544197,38.125,0.101687498,31.75
6303,31.548264,38.125,0.101687498,31.75
6304,31.553173,38.125,0.101687498,31.75
6305,31.558062,38.125,0.101687498,31.75
6306,31.563489,38.125,0.101687498,31.75
6307,31.568381,38.125,0.101687498,31.75
6308,31.573520,38.125,0.101687498,31.75
6309,31.578676,38.125,0.101687498,31.75
6310,31.583584,38.125,0.101687498,31.75
6311,31.588956,38.125,0.101687498,31.75
6312,31.593088,38.125,0.101687498,31.75
6313,31.597994,38.125,0.102156252,33.625
6314,31.603449,38.125,0.102156252,33.625
6315,31.608488,38.125,0.102156252,33.625
6316,31.613714,38.125,0.102156252,33.625
6317,31.618886,38.125,0.102156252,33.625
6318,31.623795,38.125,0.102156252,33.625
6319,31.629262,38.125,0.102156252,33.625
6320,31.634158,38.125,0.102156252,33.625
6321,31.639286,38.125,0.102156252,33.625
6322,31.643633,38.125,0.102156252,33.625
6323,31.648529,38.125,0.102156252,33.625
6324,31.653914,38.125,0.102156252,33.625
6325,31.658809,38.125,0.102156252,33.625
6326,31.663718,38.125,0.102156252,33.625
6327,31.669183,38.125,0.102156252,33.625
6328,31.674075,38.125,0.102156252,33.625
6329,31.679462,38.125,0.102156252,33.625
6330,31.683017,38.125,0.102156252,33.625
6331,31.689290,38.125,0.102156252,33.625
6332,31.693341,38.125,0.102156252,33.625
6333,31.698804,38.125,0.102624997,35.5
6334,31.703712,38.125,0.102624997,35.5
6335,31.709256,38.125,0.102624997,35.5
6336,31.714164,38.125,0.102624997,35.5
6337,31.719251,38.125,0.102624997,35.5
6338,31.723118,38.125,0.102624997,35.5
6339,31.728007,38.125,0.102624997,35.5
6340,31.733124,38.125,0.102624997,35.5
6341,31.738293,38.125,0.102624997,35.5
6342,31.743202,38.125,0.102624997,35.5
6343,31.748902,38.125,0.102624997,35.5
6344,31.754123,38.125,0.102624997,35.5
6345,31.759012,38.125,0.102624997,35.5
6346,31.764394,38.125,0.102624997,35.5
6347,31.769300,38.125,0.102624997,35.5
6348,31.774429,38.125,0.102624997,35.5
6349,31.778253,38.125,0.102624997,35.5
6350,31.783148,38.125,0.102624997,35.5
6351,31.788258,38.125,0.102624997,35.5
6352,31.793443,38.125,0.102624997,35.5
6353,31.798901,38.125,0.103093751,37.375
6354,31.804418,38.125,0.103093751,37.375
6355,31.808129,38.125,0.103093751,37.375
6356,31.813218,38.125,0.103093751,37.375
6357,31.818492,38.125,0.103093751,37.375
6358,31.823387,38.125,0.103093751,37.375
6359,31.828771,38.125,0.103093751,37.375
6360,31.833669,38.125,0.103093751,37.375
6361,31.838574,38.125,0.103093751,37.375
6362,31.844020,38.125,0.103093751,37.375
6363,31.849446,38.125,0.103093751,37.375
6364,31.853209,38.125,0.103093751,37.375
6365,31.858401,38.125,0.103093751,37.375
6366,31.863310,38.125,0.103093751,37.375
6367,31.868681,38.125,0.103093751,37.375
6368,31.873577,38.125,0.103093751,37.375
6369,31.878482,38.125,0.103093751,37.375
6370,31.883909,38.125,0.103093751,37.375
6371,31.888815,38.125,0.103093751,37.375
6372,31.893934,38.125,0.103093751,37.375
6373,31.899088,38.125,0.103562504,39.25
6374,31.903172,38.125,0.103562504,39.25
6375,31.908404,38.125,0.103562504,39.25
6376,31.913677,38.125,0.103562504,39.25
6377,31.918570,38.125,0.103562504,39.25
6378,31.923956,38.125,0.103562504,39.25
6379,31.928851,38.125,0.103562504,39.25
6380,31.933784,38.125,0.103562504,39.25
6381,31.939225,38.125,0.103562504,39.25
6382,31.944121,38.125,0.103562504,39.25
6383,31.949238,38.125,0.103562504,39.25
6384,31.953043,38.125,0.103562504,39.25
6385,31.959293,38.125,0.103562504,39.25
6386,31.963069,38.125,0.103562504,39.25
6387,31.968777,38.125,0.103562504,39.25
6388,31.973673,38.125,0.103562504,39.25
6389,31.978808,38.125,0.103562504,39.25
6390,31.983963,38.125,0.103562504,39.25
6391,31.988869,38.125,0.103562504,39.25
6392,31.994226,38.125,0.103562504,39.25
6393,31.999130,38.125,0.10403125,41.125
6394,32.004047,38.125,0.10403125,41.125
6395,32.009693,38.125,0.10403125,41.125
6396,32.013262,38.125,0.10403125,41.125
6397,32.018715,38.125,0.10403125,41.125
6398,32.024163,38.125,0.10403125,41.125
6399,32.029052,38.125,0.10403125,41.125
6400,32.033961,38.125,0.10403125,41.125
6401,32.039415,38.125,0.10403125,41.125
6402,32.044310,38.125,0.10403125,41.125
6403,32.048104,38.125,0.10403125,41.125
6404,32.053276,38.125,0.10403125,41.125
6405,32.058181,38.125,0.10403125,41.125
6406,32.063556,38.125,0.10403125,41.125
6407,32.069010,38.125,0.10403125,41.125
6408,32.073919,38.125,0.10403125,41.125
6409,32.079376,38.125,0.10403125,41.125
6410,32.084272,38.125,0.10403125,41.125
6411,32.089679,38.125,0.10403125,41.125
6412,32.093248,38.125,0.10403125,41.125
6413,32.098140,38.125,0.104500003,43
6414,32.103598,38.125,0.104500003,43
6415,32.108636,38.125,0.104500003,43
6416,32.113727,38.125,0.104500003,43
6417,32.119484,38.125,0.104500003,43
6418,32.123039,38.125,0.104500003,43
6419,32.129486,38.125,0.104500003,43
6420,32.133349,38.125,0.104500003,43
6421,32.144685,38.125,0.104500003,43
6422,32.147006,38.125,0.104500003,43
6423,32.150849,38.125,0.104500003,43
6424,32.155754,38.125,0.104500003,43
6425,32.160871,38.125,0.104500003,43
6426,32.164699,38.125,0.104500003,43
6427,32.170150,38.125,0.104500003,43
6428,32.175531,38.125,0.104500003,43
6429,32.180430,38.125,0.104500003,43
6430,32.185567,38.125,0.104500003,43
6431,32.190727,38.125,0.104500003,43
6432,32.195632,38.125,0.104500003,43
6433,32.201004,38.125,0.104968749,44.875
6434,32.205900,38.125,0.104968749,44.875
6435,32.210662,38.125,0.104968749,44.875
6436,32.216104,38.125,0.104968749,44.875
6437,32.220182,38.125,0.104968749,44.875
6438,32.225071,38.125,0.104968749,44.875
6439,32.230514,38.125,0.104968749,44.875
6440,32.235407,38.125,0.104968749,44.875
6441,32.240529,38.125,0.104968749,44.875
6442,32.245698,38.125,0.104968749,44.875
6443,32.250606,38.125,0.104968749,44.875
6444,32.254652,38.125,0.104968749,44.875
6445,32.260888,38.125,0.104968749,44.875
6446,32.265991,38.125,0.104968749,44.875
6447,32.269830,38.125,0.104968749,44.875
6448,32.275295,38.125,0.104968749,44.875
6449,32.280676,38.125,0.104968749,44.875
6450,32.285568,38.125,0.104968749,44.875
6451,32.290477,38.125,0.104968749,44.875
6452,32.295904,38.125,0.104968749,44.875
6453,32.300812,38.125,0.105437502,46.75
6454,32.305926,38.125,0.105437502,46.75
6455,32.310920,38.125,0.105437502,46.75
6456,32.315826,38.125,0.105437502,46.75
6457,32.320912,38.125,0.105437502,46.75
6458,32.324776,38.125,0.105437502,46.75
6459,32.330245,38.125,0.105437502,46.75
6460,32.335150,38.125,0.105437502,46.75
6461,32.340613,38.125,0.105437502,46.75
6462,32.345506,38.125,0.105437502,46.75
6463,32.350617,38.125,0.105437502,46.75
6464,32.355797,38.125,0.105437502,46.75
6465,32.360705,38.125,0.105437502,46.75
6466,32.364751,38.125,0.105437502,46.75
6467,32.369647,38.125,0.105437502,46.75
6468,32.376122,38.125,0.105437502,46.75
6469,32.380450,37.375,0.105437502,46.75
6470,32.385343,37.375,0.105437502,46.75
6471,32.390725,37.375,0.105437502,46.75
6472,32.395618,37.375,0.105437502,46.75
6473,32.400551,37.375,0.143593758,49.375
6474,32.405974,37.375,0.143593758,49.375
6475,32.410737,37.375,0.143593758,49.375
6476,32.415820,37.375,0.143593758,49.375
6477,32.419686,37.375,0.143593758,49.375
6478,32.425925,37.375,0.143593758,49.375
6479,32.431039,37.375,0.143593758,49.375
6480,32.434903,37.375,0.143593758,49.375
6481,32.440344,37.375,0.143593758,49.375
6482,32.445455,37.375,0.143593758,49.375
6483,32.450636,37.375,0.143593758,49.375
6484,32.455541,37.375,0.143593758,49.375
6485,32.460912,37.375,0.143593758,49.375
6486,32.465808,37.375,0.143593758,49.375
6487,32.470716,37.375,0.143593758,49.375
6488,32.474785,37.375,0.143593758,49.375
6489,32.479678,37.375,0.143593758,49.375
6490,32.486145,37.375,0.143593758,49.375
6491,32.490467,37.375,0.143593758,49.375
6492,32.495363,37.375,0.143593758,49.375
6493,32.500482,37.375,0.144250005,52
6494,32.505632,37.375,0.144250005,52
6495,32.510393,37.375,0.144250005,52
6496,32.515837,37.375,0.144250005,52
6497,32.520734,37.375,0.144250005,52
6498,32.525640,37.375,0.144250005,52
6499,32.529685,37.375,0.144250005,52
6500,32.535921,37.375,0.144250005,52
6501,32.540061,37.375,0.144250005,52
6502,32.545519,37.375,0.144250005,52
6503,32.550414,37.375,0.144250005,52
6504,32.555550,37.375,0.144250005,52
6505,32.560708,37.375,0.144250005,52
6506,32.565613,37.375,0.144250005,52
6507,32.571011,37.375,0.144250005,52
6508,32.574759,37.375,0.144250005,52
6509,32.579665,37.375,0.144250005,52
6510,32.584752,37.375,0.144250005,52
6511,32.589934,37.375,0.144250005,52
6512,32.595340,37.375,0.144250005,52
6513,32.600738,37.375,0.144906253,54.625
6514,32.605631,37.375,0.144906253,54.625
6515,32.610392,37.375,0.144906253,54.625
6516,32.615837,37.375,0.144906253,54.625
6517,32.620735,37.375,0.144906253,54.625
6518,32.625640,37.375,0.144906253,54.625
6519,32.629699,37.375,0.144906253,54.625
6520,32.635936,37.375,0.144906253,54.625
6521,32.641032,37.375,0.144906253,54.625
6522,32.644866,37.375,0.144906253,54.625
6523,32.649771,37.375,0.144906253,54.625
6524,32.654889,37.375,0.144906253,54.625
6525,32.660618,37.375,0.144906253,54.625
6526,32.665510,37.375,0.144906253,54.625
6527,32.670901,37.375,0.144906253,54.625
6528,32.675796,37.375,0.144906253,54.625
6529,32.680704,37.375,0.144906253,54.625
6530,32.684749,37.375,0.144906253,54.625
6531,32.689642,37.375,0.144906253,54.625
6532,32.696101,37.375,0.144906253,54.625
6533,32.699913,37.375,0.145562515,57.25
6534,32.704821,37.375,0.145562515,57.25
6535,32.709748,37.375,0.145562515,57.25
6536,32.715519,37.375,0.145562515,57.25
6537,32.720417,37.375,0.145562515,57.25
6538,32.725850,37.375,0.145562515,57.25
6539,32.730748,37.375,0.145562515,57.25
6540,32.735653,37.375,0.145562515,57.25
6541,32.739723,37.375,0.145562515,57.25
6542,32.744622,37.375,0.145562515,57.25
6543,32.751100,37.375,0.145562515,57.25
6544,32.754912,37.375,0.145562515,57.25
6545,32.759818,37.375,0.145562515,57.25
6546,32.765270,37.375,0.145562515,57.25
6547,32.770698,37.375,0.145562515,57.25
6548,32.775591,37.375,0.145562515,57.25
6549,32.780974,37.375,0.145562515,57.25
6550,32.785870,37.375,0.145562515,57.25
6551,32.790802,37.375,0.145562515,57.25
6552,32.794847,37.375,0.145562515,57.25
6553,32.799742,37.375,0.146218762,59.875
6554,32.804650,37.375,0.146218762,59.875
6555,32.810011,37.375,0.146218762,59.875
6556,32.814909,37.375,0.146218762,59.875
6557,32.819840,37.375,0.146218762,59.875
6558,32.825306,37.375,0.146218762,59.875
6559,32.830743,37.375,0.146218762,59.875
6560,32.835892,37.375,0.146218762,59.875
6561,32.839755,37.375,0.146218762,59.875
6562,32.844651,37.375,0.146218762,59.875
6563,32.849739,37.375,0.146218762,59.875
6564,32.854919,37.375,0.146218762,59.875
6565,32.859825,37.375,0.146218762,59.875
6566,32.865270,37.375,0.146218762,59.875
6567,32.870166,37.375,0.146218762,59.875
6568,32.875562,37.375,0.146218762,59.875
6569,32.881004,37.375,0.146218762,59.875
6570,32.885909,37.375,0.146218762,59.875
6571,32.889688,37.375,0.146218762,59.875
6572,32.894855,37.375,0.146218762,59.875
6573,32.899760,37.375,0.146875009,62.5
6574,32.905206,37.375,0.146875009,62.5
6575,32.910243,37.375,0.146875009,62.5
6576,32.915326,37.375,0.146875009,62.5
6577,32.920608,37.375,0.146875009,62.5
6578,32.925501,37.375,0.146875009,62.5
6579,32.929861,37.375,0.146875009,62.5
6580,32.935016,37.375,0.146875009,62.5
6581,32.939922,37.375,0.146875009,62.5
6582,32.945279,37.375,0.146875009,62.5
6583,32.950187,37.375,0.146875009,62.5
6584,32.955317,37.375,0.146875009,62.5
6585,32.960468,37.375,0.146875009,62.5
6586,32.965373,37.375,0.146875009,62.5
6587,32.970744,37.375,0.146875009,62.5
6588,32.975638,37.375,0.146875009,62.5
6589,32.980570,37.375,0.146875009,62.5
6590,32.986512,37.375,0.146875009,62.5
6591,32.990063,37.375,0.146875009,62.5
6592,32.994972,37.375,0.146875009,62.5
6593,33.000429,37.375,0.147531256,65.125
6594,33.005322,37.375,0.147531256,65.125
6595,33.010266,37.375,0.147531256,65.125
6596,33.015540,37.375,0.147531256,65.125
6597,33.020436,37.375,0.147531256,65.125
6598,33.025514,37.375,0.147531256,65.125
6599,33.030966,37.375,0.147531256,65.125
6600,33.035871,37.375,0.147531256,65.125
6601,33.041011,37.375,0.147531256,65.125
6602,33.045346,37.375,0.147531256,65.125
6603,33.050255,37.375,0.147531256,65.125
6604,33.055646,37.375,0.147531256,65.125
6605,33.060542,37.375,0.147531256,65.125
6606,33.065447,37.375,0.147531256,65.125
6607,33.070877,37.375,0.147531256,65.125
6608,33.075782,37.375,0.147531256,65.125
6609,33.081175,37.375,0.147531256,65.125
6610,33.084737,37.375,0.147531256,65.125
6611,33.089630,37.375,0.147531256,65.125
6612,33.095585,37.375,0.147531256,65.125
6613,33.100484,37.375,0.148187518,67.75
6614,33.105866,37.375,0.148187518,67.75
6615,33.110619,37.375,0.148187518,67.75
6616,33.115524,37.375,0.148187518,67.75
6617,33.120965,37.375,0.148187518,67.75
6618,33.125860,37.375,0.148187518,67.75
6619,33.130768,37.375,0.148187518,67.75
6620,33.134827,37.375,0.148187518,67.75
6621,33.144054,37.375,0.148187518,67.75
6622,33.146486,37.375,0.148187518,67.75
6623,33.150401,37.375,0.148187518,67.75
6624,33.155814,37.375,0.148187518,67.75
6625,33.160734,37.375,0.148187518,67.75
6626,33.164779,37.375,0.148187518,67.75
6627,33.169675,37.375,0.148187518,67.75
6628,33.176114,37.375,0.148187518,67.75
6629,33.179946,37.375,0.148187518,67.75
6630,33.184855,37.375,0.148187518,67.75
6631,33.189969,37.375,0.148187518,67.75
6632,33.195141,37.375,0.148187518,67.75
6633,33.200029,37.375,0.148843765,70.375
6634,33.205387,37.375,0.148843765,70.375
6635,33.210938,37.375,0.148843765,70.375
6636,33.216020,37.375,0.148843765,70.375
6637,33.219904,37.375,0.148843765,70.375
6638,33.224802,37.375,0.148843765,70.375
6639,33.229929,37.375,0.148843765,70.375
6640,33.235086,37.375,0.148843765,70.375
6641,33.239991,37.375,0.148843765,70.375
6642,33.245348,37.375,0.148843765,70.375
6643,33.250256,37.375,0.148843765,70.375
6644,33.255148,37.375,0.148843765,70.375
6645,33.261083,37.375,0.148843765,70.375
6646,33.264652,37.375,0.148843765,70.375
6647,33.269766,37.375,0.148843765,70.375
6648,33.274921,37.375,0.148843765,70.375
6649,33.279826,37.375,0.148843765,70.375
6650,33.285208,37.375,0.148843765,70.375
6651,33.290097,37.375,0.148843765,70.375
6652,33.295005,37.375,0.148843765,70.375
6653,33.300474,37.375,0.149500012,73
6654,33.305366,37.375,0.149500012,73
6655,33.310600,37.375,0.149500012,73
6656,33.316364,37.375,0.149500012,73
6657,33.319926,37.375,0.149500012,73
6658,33.325043,37.375,0.149500012,73
6659,33.330200,37.375,0.149500012,73
6660,33.335088,37.375,0.149500012,73
6661,33.340476,37.375,0.149500012,73
6662,33.345371,37.375,0.149500012,73
6663,33.350280,37.375,0.149500012,73
6664,33.355720,37.375,0.149500012,73
6665,33.360617,37.375,0.149500012,73
6666,33.365826,37.375,0.149500012,73
6667,33.370166,37.375,0.149500012,73
6668,33.375055,37.375,0.149500012,73
6669,33.380200,37.375,0.149500012,73
6670,33.385345,37.375,0.149500012,73
6671,33.390254,37.375,0.149500012,73
6672,33.395625,37.375,0.149500012,73
6673,33.400522,37.375,0.15015626,75.625
6674,33.405426,37.375,0.15015626,75.625
6675,33.410950,37.375,0.15015626,75.625
6676,33.415842,37.375,0.15015626,75.625
6677,33.419954,37.375,0.15015626,75.625
6678,33.425420,37.375,0.15015626,75.625
6679,33.430328,37.375,0.15015626,75.625
6680,33.435440,37.375,0.15015626,75.625
6681,33.440623,37.375,0.15015626,75.625
6682,33.445528,37.375,0.15015626,75.625
6683,33.450900,37.375,0.15015626,75.625
6684,33.455795,37.375,0.15015626,75.625
6685,33.460703,37.375,0.15015626,75.625
6686,33.464773,37.375,0.15015626,75.625
6687,33.469666,37.375,0.15015626,75.625
6688,33.474797,37.375,0.15015626,75.625
6689,33.480528,37.375,0.15015626,75.625
6690,33.485420,37.375,0.15015626,75.625
6691,33.490811,37.375,0.15015626,75.625
6692,33.495706,37.375,0.15015626,75.625
6693,33.500825,37.375,0.150812507,78.25
6694,33.504651,37.375,0.150812507,78.25
6695,33.509689,37.375,0.150812507,78.25
6696,33.514894,37.375,0.150812507,78.25
6697,33.520066,37.375,0.150812507,78.25
6698,33.524975,37.375,0.150812507,78.25
6699,33.530897,37.375,0.150812507,78.25
6700,33.535792,37.375,0.150812507,78.25
6701,33.540700,37.375,0.150812507,78.25
6702,33.544745,37.375,0.150812507,78.25
6703,33.549638,37.375,0.150812507,78.25
6704,33.556097,37.375,0.150812507,78.25
6705,33.559909,37.375,0.150812507,78.25
6706,33.564818,37.375,0.150812507,78.25
6707,33.570009,37.375,0.150812507,78.25
6708,33.575169,37.375,0.150812507,78.25
6709,33.580622,37.375,0.150812507,78.25
6710,33.584694,37.375,0.150812507,78.25
6711,33.589806,37.375,0.150812507,78.25
6712,33.594715,37.375,0.150812507,78.25
6713,33.600069,37.375,0.151468754,80.875
6714,33.604968,37.375,0.151468754,80.875
6715,33.610044,37.375,0.151468754,80.875
6716,33.615458,37.375,0.151468754,80.875
6717,33.620354,37.375,0.151468754,80.875
6718,33.625260,37.375,0.151468754,80.875
6719,33.631197,37.375,0.151468754,80.875
6720,33.634759,37.375,0.151468754,80.875
6721,33.639676,37.375,0.151468754,80.875
6722,33.645088,37.375,0.151468754,80.875
6723,33.649994,37.375,0.151468754,80.875
6724,33.655390,36.625,0.151468754,80.875
6725,33.660299,36.625,0.151468754,80.875
6726,33.665191,36.625,0.151468754,80.875
6727,33.670630,36.625,0.151468754,80.875
6728,33.675523,36.625,0.151468754,80.875
6729,33.680906,36.625,0.151468754,80.875
6730,33.684988,36.625,0.151468754,80.875
6731,33.689884,36.625,0.151468754,80.875
6732,33.695350,36.625,0.151468754,80.875
6733,33.700246,36.625,0.189812511,84.25
6734,33.705360,36.625,0.189812511,84.25
6735,33.710783,36.625,0.189812511,84.25
6736,33.715688,36.625,0.189812511,84.25
6737,33.720904,36.625,0.189812511,84.25
6738,33.724748,36.625,0.189812511,84.25
6739,33.729641,36.625,0.189812511,84.25
6740,33.735030,36.625,0.189812511,84.25
6741,33.740487,36.625,0.189812511,84.25
6742,33.745391,36.625,0.189812511,84.25
6743,33.750814,36.625,0.189812511,84.25
6744,33.755720,36.625,0.189812511,84.25
6745,33.760855,36.625,0.189812511,84.25
6746,33.764684,36.625,0.189812511,84.25
6747,33.770919,36.625,0.189812511,84.25
6748,33.774710,36.625,0.189812511,84.25
6749,33.779923,36.625,0.189812511,84.25
6750,33.784832,36.625,0.189812511,84.25
6751,33.789932,36.625,0.189812511,84.25
6752,33.795129,36.625,0.189812511,84.25
6753,33.800564,36.625,0.19065626,87.625
6754,33.805994,36.625,0.19065626,87.625
6755,33.811049,36.625,0.19065626,87.625
6756,33.814802,36.625,0.19065626,87.625
6757,33.820045,36.625,0.19065626,87.625
6758,33.824954,36.625,0.19065626,87.625
6759,33.830350,36.625,0.19065626,87.625
6760,33.835255,36.625,0.19065626,87.625
6761,33.840151,36.625,0.19065626,87.625
6762,33.845659,36.625,0.19065626,87.625
6763,33.849778,36.625,0.19065626,87.625
6764,33.854883,36.625,0.19065626,87.625
6765,33.860070,36.625,0.19065626,87.625
6766,33.864979,36.625,0.19065626,87.625
6767,33.870361,36.625,0.19065626,87.625
6768,33.875267,36.625,0.19065626,87.625
6769,33.880163,36.625,0.19065626,87.625
6770,33.885595,36.625,0.19065626,87.625
6771,33.890492,36.625,0.19065626,87.625
6772,33.895899,36.625,0.19065626,87.625
6773,33.900798,36.625,0.191500008,91
6774,33.905918,36.625,0.191500008,91
6775,33.911741,36.625,0.191500008,91
6776,33.915307,36.625,0.191500008,91
6777,33.920393,36.625,0.191500008,91
6778,33.925656,36.625,0.191500008,91
6779,33.930552,36.625,0.191500008,91
6780,33.935688,36.625,0.191500008,91
6781,33.940846,36.625,0.191500008,91
6782,33.945751,36.625,0.191500008,91
6783,33.951130,36.625,0.191500008,91
6784,33.954692,36.625,0.191500008,91
6785,33.960952,36.625,0.191500008,91
6786,33.965020,36.625,0.191500008,91
6787,33.970466,36.625,0.191500008,91
6788,33.975598,36.625,0.191500008,91
6789,33.980756,36.625,0.191500008,91
6790,33.985662,36.625,0.191500008,91
6791,33.991034,36.625,0.191500008,91
6792,33.994603,36.625,0.191500008,91
6793,34.001057,36.625,0.192343757,94.375
6794,34.004883,36.625,0.192343757,94.375
6795,34.009934,36.625,0.192343757,94.375
6796,34.015718,36.625,0.192343757,94.375
6797,34.020893,36.625,0.192343757,94.375
6798,34.025798,36.625,0.192343757,94.375
6799,34.031177,36.625,0.192343757,94.375
6800,34.034739,36.625,0.192343757,94.375
6801,34.039631,36.625,0.192343757,94.375
6802,34.045069,36.625,0.192343757,94.375
6803,34.049974,36.625,0.192343757,94.375
6804,34.055119,36.625,0.192343757,94.375
6805,34.060278,36.625,0.192343757,94.375
6806,34.065750,36.625,0.192343757,94.375
6807,34.069805,36.625,0.192343757,94.375
6808,34.074703,36.625,0.192343757,94.375
6809,34.079608,36.625,0.192343757,94.375
6810,34.085029,36.625,0.192343757,94.375
6811,34.089935,36.625,0.192343757,94.375
6812,34.095056,36.625,0.192343757,94.375
6813,34.100214,36.625,0.193187505,97.75
6814,34.105103,36.625,0.193187505,97.75
6815,34.110341,36.625,0.193187505,97.75
6816,34.116112,36.625,0.193187505,97.75
6817,34.119674,36.625,0.193187505,97.75
6818,34.124804,36.625,0.193187505,97.75
6819,34.129963,36.625,0.193187505,97.75
6820,34.134871,36.625,0.193187505,97.75
6821,34.145998,36.625,0.193187505,97.75
6822,34.148223,36.625,0.193187505,97.75
6823,34.151788,36.625,0.193187505,97.75
6824,34.156705,36.625,0.193187505,97.75
6825,34.162132,36.625,0.193187505,97.75
6826,34.167140,36.625,0.193187505,97.75
6827,34.171206,36.625,0.193187505,97.75
6828,34.176308,36.625,0.193187505,97.75
6829,34.181508,36.625,0.193187505,97.75
6830,34.186401,36.625,0.193187505,97.75
6831,34.191789,36.625,0.193187505,97.75
6832,34.196685,36.625,0.193187505,97.75
6833,34.201593,36.625,0.194031253,101.125
6834,34.207014,36.625,0.194031253,101.125
6835,34.212068,36.625,0.194031253,101.125
6836,34.217159,36.625,0.194031253,101.125
6837,34.221026,36.625,0.194031253,101.125
6838,34.226492,36.625,0.194031253,101.125
6839,34.231424,36.625,0.194031253,101.125
6840,34.236822,36.625,0.194031253,101.125
6841,34.241730,36.625,0.194031253,101.125
6842,34.246866,36.625,0.194031253,101.125
6843,34.252025,36.625,0.194031253,101.125
6844,34.256930,36.625,0.194031253,101.125
6845,34.262372,36.625,0.194031253,101.125
6846,34.267265,36.625,0.194031253,101.125
6847,34.271070,36.625,0.194031253,101.125
6848,34.276244,36.625,0.194031253,101.125
6849,34.281696,36.625,0.194031253,101.125
6850,34.287075,36.625,0.194031253,101.125
6851,34.291973,36.625,0.194031253,101.125
6852,34.297118,36.625,0.194031253,101.125
6853,34.302270,36.625,0.194875002,104.5
6854,34.307176,36.625,0.194875002,104.5
6855,34.311054,36.625,0.194875002,104.5
6856,34.316332,36.625,0.194875002,104.5
6857,34.321227,36.625,0.194875002,104.5
6858,34.326610,36.625,0.194875002,104.5
6859,34.331506,36.625,0.194875002,104.5
6860,34.336410,36.625,0.194875002,104.5
6861,34.342360,36.625,0.194875002,104.5
6862,34.347265,36.625,0.194875002,104.5
6863,34.352369,36.625,0.194875002,104.5
6864,34.356214,36.625,0.194875002,104.5
6865,34.361108,36.625,0.194875002,104.5
6866,34.366230,36.625,0.194875002,104.5
6867,34.371382,36.625,0.194875002,104.5
6868,34.376288,36.625,0.194875002,104.5
6869,34.381707,36.625,0.194875002,104.5
6870,34.386600,36.625,0.194875002,104.5
6871,34.392569,36.625,0.194875002,104.5
6872,34.396137,36.625,0.194875002,104.5
6873,34.401029,36.625,0.19571875,107.875
6874,34.406488,36.625,0.19571875,107.875
6875,34.411529,36.625,0.19571875,107.875
6876,34.416612,36.625,0.19571875,107.875
6877,34.421857,36.625,0.19571875,107.875
6878,34.426762,36.625,0.19571875,107.875
6879,34.431883,36.625,0.19571875,107.875
6880,34.437038,36.625,0.19571875,107.875
6881,34.441947,36.625,0.19571875,107.875
6882,34.447872,36.625,0.19571875,107.875
6883,34.451444,36.625,0.19571875,107.875
6884,34.456336,36.625,0.19571875,107.875
6885,34.461790,36.625,0.19571875,107.875
6886,34.466683,36.625,0.19571875,107.875
6887,34.471818,36.625,0.19571875,107.875
6888,34.476974,36.625,0.19571875,107.875
6889,34.481883,36.625,0.19571875,107.875
6890,34.487324,36.625,0.19571875,107.875
6891,34.492220,36.625,0.19571875,107.875
6892,34.497344,36.625,0.19571875,107.875
6893,34.501670,36.625,0.196562499,111.25
6894,34.506566,36.625,0.196562499,111.25
6895,34.511794,36.625,0.196562499,111.25
6896,34.517045,36.625,0.196562499,111.25
6897,34.521954,36.625,0.196562499,111.25
6898,34.527322,36.625,0.196562499,111.25
6899,34.532230,36.625,0.196562499,111.25
6900,34.537122,36.625,0.196562499,111.25
6901,34.541195,36.625,0.196562499,111.25
6902,34.546084,36.625,0.196562499,111.25
6903,34.550992,36.625,0.196562499,111.25
6904,34.556945,36.625,0.196562499,111.25
6905,34.561841,36.625,0.196562499,111.25
6906,34.566953,36.625,0.196562499,111.25
6907,34.572128,36.625,0.196562499,111.25
6908,34.577017,36.625,0.196562499,111.25
6909,34.582124,36.625,0.196562499,111.25
6910,34.585954,36.625,0.196562499,111.25
6911,34.592206,36.625,0.196562499,111.25
6912,34.597578,36.625,0.196562499,111.25
6913,34.601150,36.625,0.197406262,114.625
6914,34.606039,36.625,0.197406262,114.625
6915,34.611618,36.625,0.197406262,114.625
6916,34.616972,36.625,0.197406262,114.625
6917,34.622221,36.625,0.197406262,114.625
6918,34.627113,36.625,0.197406262,114.625
6919,34.632219,36.625,0.197406262,114.625
6920,34.636067,36.625,0.197406262,114.625
6921,34.640966,36.625,0.197406262,114.625
6922,34.647432,36.625,0.197406262,114.625
6923,34.651257,36.625,0.197406262,114.625
6924,34.656150,36.625,0.197406262,114.625
6925,34.661838,36.625,0.197406262,114.625
6926,34.666994,36.625,0.197406262,114.625
6927,34.671903,36.625,0.197406262,114.625
6928,34.677281,36.625,0.197406262,114.625
6929,34.682190,36.625,0.197406262,114.625
6930,34.687078,36.625,0.197406262,114.625
6931,34.691154,36.625,0.197406262,114.625
6932,34.696043,36.625,0.197406262,114.625
6933,34.700952,36.625,0.198250011,118
6934,34.706431,36.625,0.198250011,118
6935,34.711472,36.625,0.198250011,118
6936,34.716696,36.625,0.198250011,118
6937,34.721042,36.625,0.198250011,118
6938,34.727281,36.625,0.198250011,118
6939,34.731330,36.625,0.198250011,118
6940,34.736235,36.625,0.198250011,118
6941,34.741339,36.625,0.198250011,118
6942,34.746516,36.625,0.198250011,118
6943,34.751423,36.625,0.198250011,118
6944,34.756796,36.625,0.198250011,118
6945,34.761694,36.625,0.198250011,118
6946,34.766599,36.625,0.198250011,118
6947,34.772588,36.625,0.198250011,118
6948,34.776157,36.625,0.198250011,118
6949,34.781278,36.625,0.198250011,118
6950,34.786426,36.625,0.198250011,118
6951,34.791335,36.625,0.198250011,118
6952,34.796707,36.625,0.198250011,118
6953,34.801603,36.625,0.199093759,121.375
6954,34.806719,36.625,0.199093759,121.375
6955,34.812023,36.625,0.199093759,121.375
6956,34.816929,36.625,0.199093759,121.375
6957,34.822148,36.625,0.199093759,121.375
6958,34.826512,36.625,0.199093759,121.375
6959,34.831409,36.625,0.199093759,121.375
6960,34.836792,36.625,0.199093759,121.375
6961,34.841691,36.625,0.199093759,121.375
6962,34.846620,36.625,0.199093759,121.375
6963,34.852042,36.625,0.199093759,121.375
6964,34.856948,36.625,0.199093759,121.375
6965,34.862068,36.625,0.199093759,121.375
6966,34.867224,36.625,0.199093759,121.375
6967,34.872132,36.625,0.199093759,121.375
6968,34.877503,36.625,0.199093759,121.375
6969,34.881607,36.625,0.199093759,121.375
6970,34.886499,36.625,0.199093759,121.375
6971,34.891931,36.625,0.199093759,121.375
6972,34.896837,36.625,0.199093759,121.375
6973,34.901929,36.625,0.199937508,124.75
6974,34.907126,36.625,0.199937508,124.75
6975,34.912168,36.625,0.199937508,124.75
6976,34.917358,36.625,0.199937508,124.75
6977,34.921225,36.625,0.199937508,124.75
6978,34.926116,36.625,0.199937508,124.75
6979,34.931831,36,0.199937508,124.75
6980,34.936986,36,0.199937508,124.75
6981,34.941895,36,0.199937508,124.75
6982,34.947337,36,0.199937508,124.75
6983,34.952232,36,0.199937508,124.75
6984,34.957357,36,0.199937508,124.75
6985,34.961186,36,0.199937508,124.75
6986,34.966074,36,0.199937508,124.75
6987,34.971441,36,0.199937508,124.75
6988,34.976337,36,0.199937508,124.75
6989,34.982049,36,0.199937508,124.75
6990,34.987206,36,0.199937508,124.75
6991,34.992098,36,0.199937508,124.75
6992,34.997462,36,0.199937508,124.75
6993,35.001017,36,0.23218751,128.75
6994,35.007266,36,0.23218751,128.75
6995,35.011158,36,0.23218751,128.75
6996,35.016433,36,0.23218751,128.75
6997,35.021332,36,0.23218751,128.75
6998,35.026237,36,0.23218751,128.75
6999,35.031726,36,0.23218751,128.75
7000,35.036618,36,0.23218751,128.75
7001,35.042030,36,0.23218751,128.75
7002,35.046091,36,0.23218751,128.75
7003,35.050990,36,0.23218751,128.75
7004,35.057447,36,0.23218751,128.75
7005,35.061275,36,0.23218751,128.75
7006,35.066167,36,0.23218751,128.75
7007,35.071283,36,0.23218751,128.75
7008,35.076436,36,0.23218751,128.75
7009,35.081345,36,0.23218751,128.75
7010,35.086717,36,0.23218751,128.75
7011,35.091613,36,0.23218751,128.75
7012,35.096518,36,0.23218751,128.75
7013,35.102459,36,0.233187497,132.75
7014,35.106011,36,0.233187497,132.75
7015,35.111254,36,0.233187497,132.75
7016,35.116524,36,0.233187497,132.75
7017,35.121419,36,0.233187497,132.75
7018,35.126803,36,0.233187497,132.75
7019,35.131701,36,0.233187497,132.75
7020,35.136837,36,0.233187497,132.75
7021,35.146464,36,0.233187497,132.75
7022,35.148685,36,0.233187497,132.75
7023,35.152622,36,0.233187497,132.75
7024,35.156958,36,0.233187497,132.75
7025,35.161854,36,0.233187497,132.75
7026,35.166967,36,0.233187497,132.75
7027,35.172179,36,0.233187497,132.75
7028,35.177068,36,0.233187497,132.75
7029,35.182455,36,0.233187497,132.75
7030,35.187351,36,0.233187497,132.75
7031,35.192468,36,0.233187497,132.75
7032,35.197620,36,0.233187497,132.75
7033,35.202528,36,0.234187514,136.75
7034,35.207925,36,0.234187514,136.75
7035,35.212111,36,0.234187514,136.75
7036,35.217000,36,0.234187514,136.75
7037,35.222499,36,0.234187514,136.75
7038,35.227394,36,0.234187514,136.75
7039,35.232525,36,0.234187514,136.75
7040,35.237681,36,0.234187514,136.75
7041,35.242589,36,0.234187514,136.75
7042,35.247961,36,0.234187514,136.75
7043,35.251533,36,0.234187514,136.75
7044,35.257766,36,0.234187514,136.75
7045,35.261834,36,0.234187514,136.75
7046,35.267275,36,0.234187514,136.75
7047,35.272184,36,0.234187514,136.75
7048,35.277619,36,0.234187514,136.75
7049,35.282515,36,0.234187514,136.75
7050,35.287650,36,0.234187514,136.75
7051,35.291482,36,0.234187514,136.75
7052,35.297714,36,0.234187514,136.75
7053,35.301562,36,0.235187501,140.75
7054,35.306718,36,0.235187501,140.75
7055,35.311772,36,0.235187501,140.75
7056,35.316960,36,0.235187501,140.75
7057,35.322701,36,0.235187501,140.75
7058,35.327594,36,0.235187501,140.75
7059,35.332987,36,0.235187501,140.75
7060,35.336556,36,0.235187501,140.75
7061,35.342791,36,0.235187501,140.75
7062,35.346836,36,0.235187501,140.75
7063,35.351733,36,0.235187501,140.75
7064,35.356873,36,0.235187501,140.75
7065,35.362045,36,0.235187501,140.75
7066,35.366951,36,0.235187501,140.75
7067,35.372392,36,0.235187501,140.75
7068,35.376522,36,0.235187501,140.75
7069,35.381659,36,0.235187501,140.75
7070,35.386814,36,0.235187501,140.75
7071,35.391723,36,0.235187501,140.75
7072,35.397070,36,0.235187501,140.75
7073,35.401969,36,0.236187503,144.75
7074,35.407114,36,0.236187503,144.75
7075,35.412535,36,0.236187503,144.75
7076,35.417439,36,0.236187503,144.75
7077,35.422868,36,0.236187503,144.75
7078,35.427763,36,0.236187503,144.75
7079,35.432696,36,0.236187503,144.75
7080,35.436741,36,0.236187503,144.75
7081,35.442210,36,0.236187503,144.75
7082,35.447131,36,0.236187503,144.75
7083,35.452550,36,0.236187503,144.75
7084,35.457443,36,0.236187503,144.75
7085,35.462559,36,0.236187503,144.75
7086,35.467711,36,0.236187503,144.75
7087,35.472620,36,0.236187503,144.75
7088,35.476716,36,0.236187503,144.75
7089,35.481612,36,0.236187503,144.75
7090,35.486517,36,0.236187503,144.75
7091,35.492466,36,0.236187503,144.75
7092,35.497362,36,0.236187503,144.75
7093,35.502483,36,0.237187505,148.75
7094,35.507648,36,0.237187505,148.75
7095,35.512702,36,0.237187505,148.75
7096,35.517890,36,0.237187505,148.75
7097,35.521738,36,0.237187505,148.75
7098,35.526631,36,0.237187505,148.75
7099,35.531768,36,0.237187505,148.75
7100,35.536924,36,0.237187505,148.75
7101,35.541833,36,0.237187505,148.75
7102,35.547235,36,0.237187505,148.75
7103,35.552659,36,0.237187505,148.75
7104,35.557588,36,0.237187505,148.75
7105,35.561628,36,0.237187505,148.75
7106,35.566521,36,0.237187505,148.75
7107,35.572981,36,0.237187505,148.75
7108,35.576809,36,0.237187505,148.75
7109,35.581704,36,0.237187505,148.75
7110,35.586633,36,0.237187505,148.75
7111,35.592056,36,0.237187505,148.75
7112,35.596962,36,0.237187505,148.75
7113,35.602904,36,0.238187507,152.75
7114,35.606473,36,0.238187507,152.75
7115,35.611514,36,0.238187507,152.75
7116,35.616953,36,0.238187507,152.75
7117,35.621851,36,0.238187507,152.75
7118,35.626756,36,0.238187507,152.75
7119,35.632262,36,0.238187507,152.75
7120,35.637154,36,0.238187507,152.75
7121,35.642271,36,0.238187507,152.75
7122,35.647659,36,0.238187507,152.75
7123,35.652554,36,0.238187507,152.75
7124,35.657682,36,0.238187507,152.75
7125,35.662011,36,0.238187507,152.75
7126,35.666904,36,0.238187507,152.75
7127,35.672299,36,0.238187507,152.75
7128,35.677204,36,0.238187507,152.75
7129,35.682096,36,0.238187507,152.75
7130,35.687536,36,0.238187507,152.75
7131,35.692432,36,0.238187507,152.75
7132,35.697567,36,0.238187507,152.75
7133,35.702726,36,0.239187509,156.75
7134,35.707631,36,0.239187509,156.75
7135,35.712854,36,0.239187509,156.75
7136,35.716741,36,0.239187509,156.75
7137,35.722187,36,0.239187509,156.75
7138,35.727323,36,0.239187509,156.75
7139,35.732478,36,0.239187509,156.75
7140,35.737383,36,0.239187509,156.75
7141,35.742755,36,0.239187509,156.75
7142,35.747651,36,0.239187509,156.75
7143,35.752583,36,0.239187509,156.75
7144,35.756628,36,0.239187509,156.75
7145,35.761524,36,0.239187509,156.75
7146,35.767208,36,0.239187509,156.75
7147,35.772364,36,0.239187509,156.75
7148,35.777269,36,0.239187509,156.75
7149,35.782641,36,0.239187509,156.75
7150,35.787534,36,0.239187509,156.75
7151,35.792662,36,0.239187509,156.75
7152,35.796481,36,0.239187509,156.75
7153,35.802716,36,0.240187496,160.75
7154,35.808063,36,0.240187496,160.75
7155,35.811781,36,0.240187496,160.75
7156,35.816674,36,0.240187496,160.75
7157,35.822165,36,0.240187496,160.75
7158,35.827602,36,0.240187496,160.75
7159,35.832535,36,0.240187496,160.75
7160,35.836575,36,0.240187496,160.75
7161,35.841471,36,0.240187496,160.75
7162,35.847901,36,0.240187496,160.75
7163,35.851759,36,0.240187496,160.75
7164,35.856652,36,0.240187496,160.75
7165,35.862061,36,0.240187496,160.75
7166,35.866957,36,0.240187496,160.75
7167,35.871866,36,0.240187496,160.75
7168,35.877804,36,0.240187496,160.75
7169,35.882700,36,0.240187496,160.75
7170,35.888085,36,0.240187496,160.75
7171,35.891657,36,0.240187496,160.75
7172,35.896549,36,0.240187496,160.75
7173,35.901984,36,0.241187513,164.75
7174,35.906889,36,0.241187513,164.75
7175,35.912120,36,0.241187513,164.75
7176,35.917392,36,0.241187513,164.75
7177,35.922287,36,0.241187513,164.75
7178,35.927405,36,0.241187513,164.75
7179,35.931727,36,0.241187513,164.75
7180,35.936624,36,0.241187513,164.75
7181,35.942008,36,0.241187513,164.75
7182,35.946904,36,0.241187513,164.75
7183,35.951813,36,0.241187513,164.75
7184,35.957278,36,0.241187513,164.75
7185,35.962174,36,0.241187513,164.75
7186,35.967556,36,0.241187513,164.75
7187,35.972456,36,0.241187513,164.75
7188,35.977372,36,0.241187513,164.75
7189,35.983306,36,0.241187513,164.75
7190,35.986868,36,0.241187513,164.75
7191,35.991982,36,0.241187513,164.75
7192,35.997153,36,0.241187513,164.75
7193,36.002045,36,0.2421875,168.75
7194,36.007446,36,0.2421875,168.75
7195,36.012606,36,0.2421875,168.75
7196,36.017511,36,0.2421875,168.75
7197,36.022942,36,0.2421875,168.75
7198,36.026510,36,0.2421875,168.75
7199,36.032958,36,0.2421875,168.75
7200,36.037029,36,0.2421875,168.75
7201,36.042474,36,0.2421875,168.75
7202,36.047606,36,0.2421875,168.75
7203,36.052764,36,0.2421875,168.75
7204,36.057670,36,0.2421875,168.75
7205,36.063042,36,0.2421875,168.75
7206,36.066610,36,0.2421875,168.75
7207,36.071506,36,0.2421875,168.75
7208,36.076944,36,0.2421875,168.75
7209,36.081853,36,0.2421875,168.75
7210,36.087270,36,0.2421875,168.75
7211,36.092742,36,0.2421875,168.75
7212,36.097635,36,0.2421875,168.75
7213,36.101687,36,0.243187502,168.75
7214,36.106583,36,0.243187502,172.75
7215,36.113157,36,0.243187502,172.75
7216,36.117026,36,0.243187502,172.75
7217,36.121925,36,0.243187502,172.75
7218,36.126830,36,0.243187502,172.75
7219,36.132310,36,0.243187502,172.75
7220,36.137202,36,0.243187502,172.75
7221,36.146511,36,0.243187502,172.75
7222,36.148818,36,0.243187502,172.75
7223,36.152701,36,0.243187502,172.75
7224,36.156797,36,0.243187502,172.75
7225,36.161692,36,0.243187502,172.75
7226,36.167138,36,0.243187502,172.75
7227,36.172030,36,0.243187502,172.75
7228,36.177426,36,0.243187502,172.75
7229,36.182334,36,0.243187502,172.75
7230,36.187226,36,0.243187502,172.75
7231,36.193214,36,0.243187502,172.75
7232,36.196776,36,0.243187502,172.75
7233,36.201906,36,0.244187504,176.75
7234,36.207100,35.5,0.244187504,176.75
7235,36.211862,35.5,0.244187504,176.75
7236,36.216944,35.5,0.244187504,176.75
7237,36.222216,35.5,0.244187504,176.75
7238,36.227104,35.5,0.244187504,176.75
7239,36.232227,35.5,0.244187504,176.75
7240,36.237377,35.5,0.244187504,176.75
7241,36.242286,35.5,0.244187504,176.75
7242,36.246635,35.5,0.244187504,176.75
7243,36.251793,35.5,0.244187504,176.75
7244,36.256698,35.5,0.244187504,176.75
7245,36.262070,35.5,0.244187504,176.75
7246,36.266966,35.5,0.244187504,176.75
7247,36.271875,35.5,0.244187504,176.75
7248,36.277340,35.5,0.244187504,176.75
7249,36.282236,35.5,0.244187504,176.75
7250,36.287353,35.5,0.244187504,176.75
7251,36.292505,35.5,0.244187504,176.75
7252,36.296629,35.5,0.244187504,176.75
7253,36.302056,35.5,0.25,176.75
7254,36.306952,35.5,0.25,176.75
7255,36.312018,35.5,0.25,176.75
7256,36.317276,35.5,0.25,176.75
7257,36.322172,35.5,0.25,176.75
7258,36.327294,35.5,0.25,176.75
7259,36.332466,35.5,0.25,176.75
7260,36.337371,35.5,0.25,176.75
7261,36.342743,35.5,0.25,176.75
7262,36.348158,35.5,0.25,176.75
7263,36.351722,35.5,0.25,176.75
7264,36.357158,35.5,0.25,176.75
7265,36.362050,35.5,0.25,176.75
7266,36.367175,35.5,0.25,176.75
7267,36.372327,35.5,0.25,176.75
7268,36.377232,35.5,0.25,176.75
7269,36.382604,35.5,0.25,176.75
7270,36.387497,35.5,0.25,176.75
7271,36.392404,35.5,0.25,176.75
7272,36.397810,35.5,0.25,176.75
7273,36.401928,35.5,0.25,176.75
7274,36.406858,35.5,0.25,176.75
7275,36.412066,35.5,0.25,176.75
7276,36.416958,35.5,0.25,176.75
7277,36.421867,35.5,0.25,176.75
7278,36.427311,35.5,0.25,176.75
7279,36.432220,35.5,0.25,176.75
7280,36.437140,35.5,0.25,176.75
7281,36.442588,35.5,0.25,176.75
7282,36.447481,35.5,0.25,176.75
7283,36.451639,35.5,0.25,176.75
7284,36.457057,35.5,0.25,176.75
7285,36.461966,35.5,0.25,176.75
7286,36.467082,35.5,0.25,176.75
7287,36.472241,35.5,0.25,176.75
7288,36.477146,35.5,0.25,176.75
7289,36.482518,35.5,0.25,176.75
7290,36.487413,35.5,0.25,176.75
7291,36.492528,35.5,0.25,176.75
7292,36.497686,35.5,0.25,176.75
7293,36.503090,35.5,0.25,176.75
7294,36.506868,35.5,0.25,176.75
7295,36.511880,35.5,0.25,176.75
7296,36.516786,35.5,0.25,176.75
7297,36.521990,35.5,0.25,176.75
7298,36.527166,35.5,0.25,176.75
7299,36.532058,35.5,0.25,176.75
7300,36.537424,35.5,0.25,176.75
7301,36.542332,35.5,0.25,176.75
7302,36.547224,35.5,0.25,176.75
7303,36.552687,35.5,0.25,176.75
7304,36.556805,35.5,0.25,176.75
7305,36.561700,35.5,0.25,176.75
7306,36.567150,35.5,0.25,176.75
7307,36.572042,35.5,0.25,176.75
7308,36.576959,35.5,0.25,176.75
7309,36.582388,35.5,0.25,176.75
7310,36.587280,35.5,0.25,176.75
7311,36.592401,35.5,0.25,176.75
7312,36.597550,35.5,0.25,176.75
7313,36.602458,35.5,0.25,176.75
7314,36.607855,35.5,0.25,176.75
7315,36.613136,35.5,0.25,176.75
7316,36.616698,35.5,0.25,176.75
7317,36.622135,35.5,0.25,176.75
7318,36.627024,35.5,0.25,176.75
7319,36.631958,35.5,0.25,176.75
7320,36.637387,35.5,0.25,176.75
7321,36.642283,35.5,0.25,176.75
7322,36.647373,35.5,0.25,176.75
7323,36.652553,35.5,0.25,176.75
7324,36.657458,35.5,0.25,176.75
7325,36.662854,35.5,0.25,176.75
7326,36.667118,35.5,0.25,176.75
7327,36.672010,35.5,0.25,176.75
7328,36.677410,35.5,0.25,176.75
7329,36.682319,35.5,0.25,176.75
7330,36.687211,35.5,0.25,176.75
7331,36.692662,35.5,0.25,176.75
7332,36.697555,35.5,0.25,176.75
7333,36.702677,35.5,0.25,176.75
7334,36.706497,35.5,0.25,176.75
7335,36.712586,35.5,0.25,176.75
7336,36.717660,35.5,0.25,176.75
7337,36.721567,35.5,0.25,176.75
7338,36.727009,35.5,0.25,176.75
7339,36.731942,35.5,0.25,176.75
7340,36.737377,35.5,0.25,176.75
7341,36.742273,35.5,0.25,176.75
7342,36.747388,35.5,0.25,176.75
7343,36.752593,35.5,0.25,176.75
7344,36.757498,35.5,0.25,176.75
7345,36.761543,35.5,0.25,176.75
7346,36.767779,35.5,0.25,176.75
7347,36.772882,35.5,0.25,176.75
7348,36.777242,35.5,0.25,176.75
7349,36.782150,35.5,0.25,176.75
7350,36.787517,35.5,0.25,176.75
7351,36.792415,35.5,0.25,176.75
7352,36.797321,35.5,0.25,176.75
7353,36.802761,35.5,0.25,176.75
7354,36.807654,35.5,0.25,176.75
7355,36.812597,35.5,0.25,176.75
7356,36.817858,35.5,0.25,176.75
7357,36.822766,35.5,0.25,176.75
7358,36.826830,35.5,0.25,176.75
7359,36.832338,35.5,0.25,176.75
7360,36.837229,35.5,0.25,176.75
7361,36.842326,35.5,0.25,176.75
7362,36.847499,35.5,0.25,176.75
7363,36.852406,35.5,0.25,176.75
7364,36.857780,35.5,0.25,176.75
7365,36.862679,35.5,0.25,176.75
7366,36.867583,35.5,0.25,176.75
7367,36.871653,35.5,0.25,176.75
7368,36.876546,35.5,0.25,176.75
7369,36.881979,35.5,0.25,176.75
7370,36.887411,35.5,0.25,176.75
7371,36.892307,35.5,0.25,176.75
7372,36.897228,35.5,0.25,176.75
7373,36.902651,35.5,0.25,176.75
7374,36.907543,35.5,0.25,176.75
7375,36.912596,35.5,0.25,176.75
7376,36.916518,35.5,0.25,176.75
7377,36.922756,35.5,0.25,176.75
7378,36.927844,35.5,0.25,176.75
7379,36.931702,35.5,0.25,176.75
7380,36.937175,35.5,0.25,176.75
7381,36.942556,35.5,0.25,176.75
7382,36.947452,35.5,0.25,176.75
7383,36.952360,35.5,0.25,176.75
7384,36.957775,35.5,0.25,176.75
7385,36.962671,35.5,0.25,176.75
7386,36.967600,35.5,0.25,176.75
7387,36.971668,35.5,0.25,176.75
7388,36.976563,35.5,0.25,176.75
7389,36.981472,35.5,0.25,176.75
7390,36.987428,35.5,0.25,176.75
7391,36.992337,35.5,0.25,176.75
7392,36.997705,35.5,0.25,176.75
7393,37.002602,35.5,0.25,176.75
7394,37.007715,35.5,0.25,176.75
7395,37.012730,35.5,0.25,176.75
7396,37.017635,35.5,0.25,176.75
7397,37.022709,35.5,0.25,176.75
7398,37.026617,35.5,0.25,176.75
7399,37.031513,35.5,0.25,176.75
7400,37.037969,35.5,0.25,176.75
7401,37.042305,35.5,0.25,176.75
7402,37.047211,35.5,0.25,176.75
7403,37.052315,35.5,0.25,176.75
7404,37.057488,35.5,0.25,176.75
7405,37.062395,35.5,0.25,176.75
7406,37.067496,35.5,0.25,176.75
7407,37.072655,35.5,0.25,176.75
7408,37.077559,35.5,0.25,176.75
7409,37.082684,35.5,0.25,176.75
7410,37.086562,35.5,0.25,176.75
7411,37.092798,35.5,0.25,176.75
7412,37.096872,35.5,0.25,176.75
7413,37.102330,35.5,0.25,176.75
7414,37.107222,35.5,0.25,176.75
7415,37.113784,35.5,0.25,176.75
7416,37.117353,35.5,0.25,176.75
7417,37.122248,35.5,0.25,176.75
7418,37.127707,35.5,0.25,176.75
7419,37.132607,35.5,0.25,176.75
7420,37.137512,35.5,0.25,176.75
7421,37.141570,35.5,0.25,176.75
7422,37.149970,35.5,0.25,176.75
7423,37.152230,35.5,0.25,176.75
7424,37.157759,35.5,0.25,176.75
7425,37.162659,35.5,0.25,176.75
7426,37.167587,35.5,0.25,176.75
7427,37.171622,35.5,0.25,176.75
7428,37.176515,35.5,0.25,176.75
7429,37.182950,35.5,0.25,176.75
7430,37.186803,35.5,0.25,176.75
7431,37.191698,35.5,0.25,176.75
7432,37.196787,35.5,0.25,176.75
7433,37.201995,35.5,0.25,176.75
7434,37.207471,35.5,0.25,176.75
7435,37.211522,35.5,0.25,176.75
7436,37.216564,35.5,0.25,176.75
7437,37.221497,35.5,0.25,176.75
7438,37.226922,35.5,0.25,176.75
7439,37.231820,35.5,0.25,176.75
7440,37.236750,35.5,0.25,176.75
7441,37.242180,35.5,0.25,176.75
7442,37.247068,35.5,0.25,176.75
7443,37.252195,35.5,0.25,176.75
7444,37.257342,35.5,0.25,176.75
7445,37.262746,35.5,0.25,176.75
7446,37.268098,35.5,0.25,176.75
7447,37.271669,35.5,0.25,176.75
7448,37.276561,35.5,0.25,176.75
7449,37.282021,35.5,0.25,176.75
7450,37.286927,35.5,0.25,176.75
7451,37.292351,35.5,0.25,176.75
7452,37.297257,35.5,0.25,176.75
7453,37.302152,35.5,0.25,176.75
7454,37.307589,35.5,0.25,176.75
7455,37.313971,35.5,0.25,176.75
7456,37.317714,35.5,0.25,176.75
7457,37.321606,35.5,0.25,176.75
7458,37.327072,35.5,0.25,176.75
7459,37.332213,35.5,0.25,176.75
7460,37.337364,35.5,0.25,176.75
7461,37.342272,35.5,0.25,176.75
7462,37.347644,35.5,0.25,176.75
7463,37.352541,35.5,0.25,176.75
7464,37.357445,35.5,0.25,176.75
7465,37.362872,35.5,0.25,176.75
7466,37.367777,35.5,0.25,176.75
7467,37.372895,35.5,0.25,176.75
7468,37.377231,35.5,0.25,176.75
7469,37.382138,35.5,0.25,176.75
7470,37.387530,35.5,0.25,176.75
7471,37.392429,35.5,0.25,176.75
7472,37.397335,35.5,0.25,176.75
7473,37.402835,35.5,0.25,176.75
7474,37.407739,35.5,0.25,176.75
7475,37.414604,35.5,0.25,176.75
7476,37.416826,35.5,0.25,176.75
7477,37.421721,35.5,0.25,176.75
7478,37.426951,35.5,0.25,176.75
7479,37.432649,35.5,0.25,176.75
7480,37.437544,35.5,0.25,176.75
7481,37.442930,35.5,0.25,176.75
7482,37.446498,35.5,0.25,176.75
7483,37.452758,35.5,0.25,176.75
7484,37.456803,35.5,0.25,176.75
7485,37.461701,35.5,0.25,176.75
7486,37.466828,35.5,0.25,176.75
7487,37.471987,35.5,0.25,176.75
7488,37.476893,35.5,0.25,176.75
7489,37.482296,35.125,0.25,176.75
7490,37.487716,35.125,0.25,176.75
7491,37.492828,35.125,0.25,176.75
7492,37.496681,35.125,0.25,176.75
7493,37.501576,35.125,0.25,176.75
7494,37.506962,35.125,0.25,176.75
7495,37.513350,35.125,0.25,176.75
7496,37.517102,35.125,0.25,176.75
7497,37.522381,35.125,0.25,176.75
7498,37.527274,35.125,0.25,176.75
7499,37.532660,35.125,0.25,176.75
7500,37.536785,35.125,0.25,176.75
7501,37.541680,35.125,0.25,176.75
7502,37.547125,35.125,0.25,176.75
7503,37.552017,35.125,0.25,176.75
7504,37.557141,35.125,0.25,176.75
7505,37.562322,35.125,0.25,176.75
7506,37.567227,35.125,0.25,176.75
7507,37.572621,35.125,0.25,176.75
7508,37.577514,35.125,0.25,176.75
7509,37.582421,35.125,0.25,176.75
7510,37.588345,35.125,0.25,176.75
7511,37.591910,35.125,0.25,176.75
7512,37.597021,35.125,0.25,176.75
7513,37.602207,35.125,0.25,176.75
7514,37.607096,35.125,0.25,176.75
7515,37.613958,35.125,0.25,176.75
7516,37.617523,35.125,0.25,176.75
7517,37.622419,35.125,0.25,176.75
7518,37.627856,35.125,0.25,176.75
7519,37.632754,35.125,0.25,176.75
7520,37.637684,35.125,0.25,176.75
7521,37.641743,35.125,0.25,176.75
7522,37.647184,35.125,0.25,176.75
7523,37.652101,35.125,0.25,176.75
7524,37.657503,35.125,0.25,176.75
7525,37.662399,35.125,0.25,176.75
7526,37.667520,35.125,0.25,176.75
7527,37.672693,35.125,0.25,176.75
7528,37.677598,35.125,0.25,176.75
7529,37.682970,35.125,0.25,176.75
7530,37.686743,35.125,0.25,176.75
7531,37.691652,35.125,0.25,176.75
7532,37.696785,35.125,0.25,176.75
7533,37.702491,35.125,0.25,176.75
7534,37.707386,35.125,0.25,176.75
7535,37.714064,35.125,0.25,176.75
7536,37.717937,35.125,0.25,176.75
7537,37.721509,35.125,0.25,176.75
7538,37.727741,35.125,0.25,176.75
7539,37.731800,35.125,0.25,176.75
7540,37.736692,35.125,0.25,176.75
7541,37.741625,35.125,0.25,176.75
7542,37.747038,35.125,0.25,176.75
7543,37.752510,35.125,0.25,176.75
7544,37.757640,35.125,0.25,176.75
7545,37.761472,35.125,0.25,176.75
7546,37.767704,35.125,0.25,176.75
7547,37.771774,35.125,0.25,176.75
7548,37.776670,35.125,0.25,176.75
7549,37.781578,35.125,0.25,176.75
7550,37.786999,35.125,0.25,176.75
7551,37.791908,35.125,0.25,176.75
7552,37.797025,35.125,0.25,176.75
7553,37.802751,35.125,0.25,176.75
7554,37.807643,35.125,0.25,176.75
7555,37.811683,35.125,0.25,176.75
7556,37.816724,35.125,0.25,176.75
7557,37.821633,35.125,0.25,176.75
7558,37.827060,35.125,0.25,176.75
7559,37.831958,35.125,0.25,176.75
7560,37.837086,35.125,0.25,176.75
7561,37.842245,35.125,0.25,176.75
7562,37.847150,35.125,0.25,176.75
7563,37.852522,35.125,0.25,176.75
7564,37.856646,35.125,0.25,176.75
7565,37.861542,35.125,0.25,176.75
7566,37.866971,35.125,0.25,176.75
7567,37.871880,35.125,0.25,176.75
7568,37.876997,35.125,0.25,176.75
7569,37.882159,35.125,0.25,176.75
7570,37.887048,35.125,0.25,176.75
7571,37.892458,35.125,0.25,176.75
7572,37.897353,35.125,0.25,176.75
7573,37.902262,35.125,0.25,176.75
7574,37.908207,35.125,0.25,176.75
7575,37.911772,35.125,0.25,176.75
7576,37.917002,35.125,0.25,176.75
7577,37.922315,35.125,0.25,176.75
7578,37.927207,35.125,0.25,176.75
7579,37.932329,35.125,0.25,176.75
7580,37.937477,35.125,0.25,176.75
7581,37.942384,35.125,0.25,176.75
7582,37.947757,35.125,0.25,176.75
7583,37.952656,35.125,0.25,176.75
7584,37.957561,35.125,0.25,176.75
7585,37.961630,35.125,0.25,176.75
7586,37.967074,35.125,0.25,176.75
7587,37.972211,35.125,0.25,176.75
7588,37.977363,35.125,0.25,176.75
7589,37.982271,35.125,0.25,176.75
7590,37.987643,35.125,0.25,176.75
7591,37.992540,35.125,0.25,176.75
7592,37.997469,35.125,0.25,176.75
7593,38.001516,35.125,0.25,176.75
7594,38.007751,35.125,0.25,176.75
7595,38.014318,35.125,0.25,176.75
7596,38.016606,35.125,0.25,176.75
7597,38.022334,35.125,0.25,176.75
7598,38.027240,35.125,0.25,176.75
7599,38.032633,35.125,0.25,176.75
7600,38.037526,35.125,0.25,176.75
7601,38.042457,35.125,0.25,176.75
7602,38.047861,35.125,0.25,176.75
7603,38.052769,35.125,0.25,176.75
7604,38.057884,35.125,0.25,176.75
7605,38.061716,35.125,0.25,176.75
7606,38.067124,35.125,0.25,176.75
7607,38.072503,35.125,0.25,176.75
7608,38.077398,35.125,0.25,176.75
7609,38.082322,35.125,0.25,176.75
7610,38.087713,35.125,0.25,176.75
7611,38.092610,35.125,0.25,176.75
7612,38.097745,35.125,0.25,176.75
7613,38.101576,35.125,0.25,176.75
7614,38.106469,35.125,0.25,176.75
7615,38.111583,35.125,0.25,176.75
7616,38.116898,35.125,0.25,176.75
7617,38.122367,35.125,0.25,176.75
7618,38.127580,35.125,0.25,176.75
7619,38.132755,35.125,0.25,176.75
7620,38.137660,35.125,0.25,176.75
7621,38.148838,35.125,0.25,176.75
7622,38.151062,35.125,0.25,176.75
7623,38.154627,35.125,0.25,176.75
7624,38.159735,35.125,0.25,176.75
7625,38.165056,35.125,0.25,176.75
7626,38.169952,35.125,0.25,176.75
7627,38.174064,35.125,0.25,176.75
7628,38.179546,35.125,0.25,176.75
7629,38.184442,35.125,0.25,176.75
7630,38.189577,35.125,0.25,176.75
7631,38.194732,35.125,0.25,176.75
7632,38.199637,35.125,0.25,176.75
7633,38.205013,35.125,0.25,176.75
7634,38.209909,35.125,0.25,176.75
7635,38.214988,35.125,0.25,176.75
7636,38.218861,35.125,0.25,176.75
7637,38.224559,35.125,0.25,176.75
7638,38.229455,35.125,0.25,176.75
7639,38.234840,35.125,0.25,176.75
7640,38.239734,35.125,0.25,176.75
7641,38.244667,35.125,0.25,176.75
7642,38.250090,35.125,0.25,176.75
7643,38.254998,35.125,0.25,176.75
7644,38.260125,35.125,0.25,176.75
7645,38.263927,35.125,0.25,176.75
7646,38.268833,35.125,0.25,176.75
7647,38.273952,35.125,0.25,176.75
7648,38.279678,35.125,0.25,176.75
7649,38.284574,35.125,0.25,176.75
7650,38.289964,35.125,0.25,176.75
7651,38.294863,35.125,0.25,176.75
7652,38.299768,35.125,0.25,176.75
7653,38.303862,35.125,0.25,176.75
7654,38.310097,35.125,0.25,176.75
7655,38.313992,35.125,0.25,176.75
7656,38.319271,35.125,0.25,176.75
7657,38.324167,35.125,0.25,176.75
7658,38.329284,35.125,0.25,176.75
7659,38.334983,35.125,0.25,176.75
7660,38.339889,35.125,0.25,176.75
7661,38.343938,35.125,0.25,176.75
7662,38.348833,35.125,0.25,176.75
7663,38.355280,35.125,0.25,176.75
7664,38.359129,35.125,0.25,176.75
7665,38.364021,35.125,0.25,176.75
7666,38.369150,35.125,0.25,176.75
7667,38.374322,35.125,0.25,176.75
7668,38.379227,35.125,0.25,176.75
7669,38.384599,35.125,0.25,176.75
7670,38.390050,35.125,0.25,176.75
7671,38.395197,35.125,0.25,176.75
7672,38.398998,35.125,0.25,176.75
7673,38.403907,35.125,0.25,176.75
7674,38.409036,35.125,0.25,176.75
7675,38.414351,35.125,0.25,176.75
7676,38.419256,35.125,0.25,176.75
7677,38.424685,35.125,0.25,176.75
7678,38.429580,35.125,0.25,176.75
7679,38.434488,35.125,0.25,176.75
7680,38.440434,35.125,0.25,176.75
7681,38.443986,35.125,0.25,176.75
7682,38.449086,35.125,0.25,176.75
7683,38.454268,35.125,0.25,176.75
7684,38.459174,35.125,0.25,176.75
7685,38.464546,35.125,0.25,176.75
7686,38.469442,35.125,0.25,176.75
7687,38.474557,35.125,0.25,176.75
7688,38.479713,35.125,0.25,176.75
7689,38.484621,35.125,0.25,176.75
7690,38.490019,35.125,0.25,176.75
7691,38.494917,35.125,0.25,176.75
7692,38.499034,35.125,0.25,176.75
7693,38.504463,35.125,0.25,176.75
7694,38.509355,35.125,0.25,176.75
7695,38.514591,35.125,0.25,176.75
7696,38.519835,35.125,0.25,176.75
7697,38.524742,35.125,0.25,176.75
7698,38.529660,35.125,0.25,176.75
7699,38.535070,35.125,0.25,176.75
7700,38.539976,35.125,0.25,176.75
7701,38.545093,35.125,0.25,176.75
7702,38.549454,35.125,0.25,176.75
7703,38.554352,35.125,0.25,176.75
7704,38.559483,35.125,0.25,176.75
7705,38.564639,35.125,0.25,176.75
7706,38.569544,35.125,0.25,176.75
7707,38.574973,35.125,0.25,176.75
7708,38.579879,35.125,0.25,176.75
7709,38.585236,35.125,0.25,176.75
7710,38.588798,35.125,0.25,176.75
7711,38.595033,35.125,0.25,176.75
7712,38.599102,35.125,0.25,176.75
7713,38.604571,35.125,0.25,176.75
7714,38.609704,35.125,0.25,176.75
7715,38.615136,35.125,0.25,176.75
7716,38.620025,35.125,0.25,176.75
7717,38.625233,35.125,0.25,176.75
7718,38.629079,35.125,0.25,176.75
7719,38.633989,35.125,0.25,176.75
7720,38.639112,35.125,0.25,176.75
7721,38.644286,35.125,0.25,176.75
7722,38.649191,35.125,0.25,176.75
7723,38.654566,35.125,0.25,176.75
7724,38.660018,35.125,0.25,176.75
7725,38.664951,35.125,0.25,176.75
7726,38.668990,35.125,0.25,176.75
7727,38.673888,35.125,0.25,176.75
7728,38.678794,35.125,0.25,176.75
7729,38.684249,35.125,0.25,176.75
7730,38.689141,35.125,0.25,176.75
7731,38.694057,35.125,0.25,176.75
7732,38.699675,35.125,0.25,176.75
7733,38.704571,35.125,0.25,176.75
7734,38.709969,35.125,0.25,176.75
7735,38.715507,35.125,0.25,176.75
7736,38.719055,35.125,0.25,176.75
7737,38.723964,35.125,0.25,176.75
7738,38.729425,35.125,0.25,176.75
7739,38.734333,35.125,0.25,176.75
7740,38.739226,35.125,0.25,176.75
7741,38.744678,35.125,0.25,176.75
7742,38.749570,35.125,0.25,176.75
7743,38.754956,34.75,0.25,176.75
7744,38.759851,34.75,0.25,176.75
7745,38.764759,34.75,0.25,176.75
7746,38.770699,34.75,0.25,176.75
7747,38.774267,34.75,0.25,176.75
7748,38.779393,34.75,0.25,176.75
7749,38.784562,34.75,0.25,176.75
7750,38.789467,34.75,0.25,176.75
7751,38.794896,34.75,0.25,176.75
7752,38.799801,34.75,0.25,176.75
7753,38.804929,34.75,0.25,176.75
7754,38.810085,34.75,0.25,176.75
7755,38.815142,34.75,0.25,176.75
7756,38.818882,34.75,0.25,176.75
7757,38.824697,34.75,0.25,176.75
7758,38.829592,34.75,0.25,176.75
7759,38.834978,34.75,0.25,176.75
7760,38.839873,34.75,0.25,176.75
7761,38.845015,34.75,0.25,176.75
7762,38.848830,34.75,0.25,176.75
7763,38.855066,34.75,0.25,176.75
7764,38.860432,34.75,0.25,176.75
7765,38.863994,34.75,0.25,176.75
7766,38.868887,34.75,0.25,176.75
7767,38.874842,34.75,0.25,176.75
7768,38.879737,34.75,0.25,176.75
7769,38.884876,34.75,0.25,176.75
7770,38.890032,34.75,0.25,176.75
7771,38.894940,34.75,0.25,176.75
7772,38.900372,34.75,0.25,176.75
7773,38.903933,34.75,0.25,176.75
7774,38.908826,34.75,0.25,176.75
7775,38.915753,34.75,0.25,176.75
7776,38.919318,34.75,0.25,176.75
7777,38.924404,34.75,0.25,176.75
7778,38.930227,34.75,0.25,176.75
7779,38.933788,34.75,0.25,176.75
7780,38.938924,34.75,0.25,176.75
7781,38.944080,34.75,0.25,176.75
7782,38.948985,34.75,0.25,176.75
7783,38.954417,34.75,0.25,176.75
7784,38.959322,34.75,0.25,176.75
7785,38.964247,34.75,0.25,176.75
7786,38.969655,34.75,0.25,176.75
7787,38.974550,34.75,0.25,176.75
7788,38.979962,34.75,0.25,176.75
7789,38.984022,34.75,0.25,176.75
7790,38.988918,34.75,0.25,176.75
7791,38.993827,34.75,0.25,176.75
7792,38.999281,34.75,0.25,176.75
7793,39.004177,34.75,0.25,176.75
7794,39.009560,34.75,0.25,176.75
7795,39.014604,34.75,0.25,176.75
7796,39.019686,34.75,0.25,176.75
7797,39.024938,34.75,0.25,176.75
7798,39.029843,34.75,0.25,176.75
7799,39.035214,34.75,0.25,176.75
7800,39.039293,34.75,0.25,176.75
7801,39.044202,34.75,0.25,176.75
7802,39.049756,34.75,0.25,176.75
7803,39.054653,34.75,0.25,176.75
7804,39.059558,34.75,0.25,176.75
7805,39.064996,34.75,0.25,176.75
7806,39.069901,34.75,0.25,176.75
7807,39.075021,34.75,0.25,176.75
7808,39.078833,34.75,0.25,176.75
7809,39.085069,34.75,0.25,176.75
7810,39.090463,34.75,0.25,176.75
7811,39.094556,34.75,0.25,176.75
7812,39.099449,34.75,0.25,176.75
7813,39.104860,34.75,0.25,176.75
7814,39.109765,34.75,0.25,176.75
7815,39.114992,34.75,0.25,176.75
7816,39.118868,34.75,0.25,176.75
7817,39.125109,34.75,0.25,176.75
7818,39.130228,34.75,0.25,176.75
7819,39.134032,34.75,0.25,176.75
7820,39.138938,34.75,0.25,176.75
7821,39.150120,34.75,0.25,176.75
7822,39.152817,34.75,0.25,176.75
7823,39.155039,34.75,0.25,176.75
7824,39.161493,34.75,0.25,176.75
7825,39.165320,34.75,0.25,176.75
7826,39.170281,34.75,0.25,176.75
7827,39.175187,34.75,0.25,176.75
7828,39.180647,34.75,0.25,176.75
7829,39.185540,34.75,0.25,176.75
7830,39.190675,34.75,0.25,176.75
7831,39.196425,34.75,0.25,176.75
7832,39.201320,34.75,0.25,176.75
7833,39.205367,34.75,0.25,176.75
7834,39.210276,34.75,0.25,176.75
7835,39.215494,34.75,0.25,176.75
7836,39.220758,34.75,0.25,176.75
7837,39.225651,34.75,0.25,176.75
7838,39.231083,34.75,0.25,176.75
7839,39.235979,34.75,0.25,176.75
7840,39.241128,34.75,0.25,176.75
7841,39.245453,34.75,0.25,176.75
7842,39.250349,34.75,0.25,176.75
7843,39.255730,34.75,0.25,176.75
7844,39.260627,34.75,0.25,176.75
7845,39.265532,34.75,0.25,176.75
7846,39.270962,34.75,0.25,176.75
7847,39.275867,34.75,0.25,176.75
7848,39.281235,34.75,0.25,176.75
7849,39.286140,34.75,0.25,176.75
7850,39.291056,34.75,0.25,176.75
7851,39.296473,34.75,0.25,176.75
7852,39.301368,34.75,0.25,176.75
7853,39.305456,34.75,0.25,176.75
7854,39.310847,34.75,0.25,176.75
7855,39.315897,34.75,0.25,176.75
7856,39.320983,34.75,0.25,176.75
7857,39.326250,34.75,0.25,176.75
7858,39.331145,34.75,0.25,176.75
7859,39.336260,34.75,0.25,176.75
7860,39.340067,34.75,0.25,176.75
7861,39.346320,34.75,0.25,176.75
7862,39.351692,34.75,0.25,176.75
7863,39.355257,34.75,0.25,176.75
7864,39.360725,34.75,0.25,176.75
7865,39.366210,34.75,0.25,176.75
7866,39.371101,34.75,0.25,176.75
7867,39.376464,34.75,0.25,176.75
7868,39.381362,34.75,0.25,176.75
7869,39.386279,34.75,0.25,176.75
7870,39.390319,34.75,0.25,176.75
7871,39.395225,34.75,0.25,176.75
7872,39.400120,34.75,0.25,176.75
7873,39.405546,34.75,0.25,176.75
7874,39.410442,34.75,0.25,176.75
7875,39.415674,34.75,0.25,176.75
7876,39.421436,34.75,0.25,176.75
7877,39.426332,34.75,0.25,176.75
7878,39.430129,34.75,0.25,176.75
7879,39.435296,34.75,0.25,176.75
7880,39.440204,34.75,0.25,176.75
7881,39.445670,34.75,0.25,176.75
7882,39.450566,34.75,0.25,176.75
7883,39.455688,34.75,0.25,176.75
7884,39.460846,34.75,0.25,176.75
7885,39.465751,34.75,0.25,176.75
7886,39.471152,34.75,0.25,176.75
7887,39.475247,34.75,0.25,176.75
7888,39.480143,34.75,0.25,176.75
7889,39.485567,34.75,0.25,176.75
7890,39.490464,34.75,0.25,176.75
7891,39.495393,34.75,0.25,176.75
7892,39.500809,34.75,0.25,176.75
7893,39.505701,34.75,0.25,176.75
7894,39.510845,34.75,0.25,176.75
7895,39.516153,34.75,0.25,176.75
7896,39.521045,34.75,0.25,176.75
7897,39.526291,34.75,0.25,176.75
7898,39.530157,34.75,0.25,176.75
7899,39.535603,34.75,0.25,176.75
7900,39.540986,34.75,0.25,176.75
7901,39.545882,34.75,0.25,176.75
7902,39.550790,34.75,0.25,176.75
7903,39.556256,34.75,0.25,176.75
7904,39.561151,34.75,0.25,176.75
7905,39.566269,34.75,0.25,176.75
7906,39.570074,34.75,0.25,176.75
7907,39.576326,34.75,0.25,176.75
7908,39.581698,34.75,0.25,176.75
7909,39.585809,34.75,0.25,176.75
7910,39.590717,34.75,0.25,176.75
7911,39.596164,34.75,0.25,176.75
7912,39.601055,34.75,0.25,176.75
7913,39.606180,34.75,0.25,176.75
7914,39.611331,34.75,0.25,176.75
7915,39.615038,34.75,0.25,176.75
7916,39.620131,34.75,0.25,176.75
7917,39.625392,34.75,0.25,176.75
7918,39.630288,34.75,0.25,176.75
7919,39.635950,34.75,0.25,176.75
7920,39.641186,34.75,0.25,176.75
7921,39.646075,34.75,0.25,176.75
7922,39.650119,34.75,0.25,176.75
7923,39.656351,34.75,0.25,176.75
7924,39.661476,34.75,0.25,176.75
7925,39.665301,34.75,0.25,176.75
7926,39.670197,34.75,0.25,176.75
7927,39.675292,34.75,0.25,176.75
7928,39.680469,34.75,0.25,176.75
7929,39.685870,34.75,0.25,176.75
7930,39.691320,34.75,0.25,176.75
7931,39.696212,34.75,0.25,176.75
7932,39.701580,34.75,0.25,176.75
7933,39.705146,34.75,0.25,176.75
7934,39.711381,34.75,0.25,176.75
7935,39.715269,34.75,0.25,176.75
7936,39.720527,34.75,0.25,176.75
7937,39.725659,34.75,0.25,176.75
7938,39.730567,34.75,0.25,176.75
7939,39.735971,34.75,0.25,176.75
7940,39.740069,34.75,0.25,176.75
7941,39.746321,34.75,0.25,176.75
7942,39.750395,34.75,0.25,176.75
7943,39.755300,34.75,0.25,176.75
7944,39.760196,34.75,0.25,176.75
7945,39.765618,34.75,0.25,176.75
7946,39.770515,34.75,0.25,176.75
7947,39.775897,34.75,0.25,176.75
7948,39.780796,34.75,0.25,176.75
7949,39.785702,34.75,0.25,176.75
7950,39.791169,34.75,0.25,176.75
7951,39.795288,34.75,0.25,176.75
7952,39.800184,34.75,0.25,176.75
7953,39.805604,34.75,0.25,176.75
7954,39.810501,34.75,0.25,176.75
7955,39.815726,34.75,0.25,176.75
7956,39.821002,34.75,0.25,176.75
7957,39.825907,34.75,0.25,176.75
7958,39.831304,34.75,0.25,176.75
7959,39.836210,34.75,0.25,176.75
7960,39.841101,34.75,0.25,176.75
7961,39.845201,34.75,0.25,176.75
7962,39.850639,34.75,0.25,176.75
7963,39.855747,34.75,0.25,176.75
7964,39.860933,34.75,0.25,176.75
7965,39.865839,34.75,0.25,176.75
7966,39.871281,34.75,0.25,176.75
7967,39.876173,34.75,0.25,176.75
7968,39.881567,34.75,0.25,176.75
7969,39.885135,34.75,0.25,176.75
7970,39.891371,34.75,0.25,176.75
7971,39.895422,34.75,0.25,176.75
7972,39.900330,34.75,0.25,176.75
7973,39.905222,34.75,0.25,176.75
7974,39.911179,34.75,0.25,176.75
7975,39.916229,34.75,0.25,176.75
7976,39.921414,34.75,0.25,176.75
7977,39.925259,34.75,0.25,176.75
7978,39.930154,34.75,0.25,176.75
7979,39.935540,34.75,0.25,176.75
7980,39.940439,34.75,0.25,176.75
7981,39.945345,34.75,0.25,176.75
7982,39.950812,34.75,0.25,176.75
7983,39.955704,34.75,0.25,176.75
7984,39.961374,34.75,0.25,176.75
7985,39.965195,34.75,0.25,176.75
7986,39.970083,34.75,0.25,176.75
7987,39.975208,34.75,0.25,176.75
7988,39.980363,34.75,0.25,176.75
7989,39.985268,34.75,0.25,176.75
7990,39.990640,34.75,0.25,176.75
7991,39.995533,34.75,0.25,176.75
7992,40.000440,34.75,0.25,176.75
7993,40.005843,34.75,0.25,176.75
7994,40.011268,34.75,0.25,176.75
7995,40.016491,34.75,0.25,176.75
7996,40.020362,34.75,0.25,176.75
7997,40.025268,34.75,0.25,176.75
7998,40.030163,34.375,0.25,176.75
7999,40.035586,34.375,0.25,176.75
8000,40.040482,34.375,0.25,176.75
8001,40.045617,34.375,0.25,176.75
8002,40.050776,34.375,0.25,176.75
8003,40.055681,34.375,0.25,176.75
8004,40.061123,34.375,0.25,176.75
8005,40.065227,34.375,0.25,176.75
8006,40.070347,34.375,0.25,176.75
8007,40.075495,34.375,0.25,176.75
8008,40.080402,34.375,0.25,176.75
8009,40.085775,34.375,0.25,176.75
8010,40.090671,34.375,0.25,176.75
8011,40.095862,34.375,0.25,176.75
8012,40.101021,34.375,0.25,176.75
8013,40.105927,34.375,0.25,176.75
8014,40.111330,34.375,0.25,176.75
8015,40.116380,34.375,0.25,176.75
8016,40.120505,34.375,0.25,176.75
8017,40.125947,34.375,0.25,176.75
8018,40.130846,34.375,0.25,176.75
8019,40.135750,34.375,0.25,176.75
8020,40.141209,34.375,0.25,176.75
8021,40.150822,34.375,0.25,176.75
8022,40.153139,34.375,0.25,176.75
8023,40.156975,34.375,0.25,176.75
8024,40.161884,34.375,0.25,176.75
8025,40.166976,34.375,0.25,176.75
8026,40.171337,34.375,0.25,176.75
8027,40.176242,34.375,0.25,176.75
8028,40.181611,34.375,0.25,176.75
8029,40.186504,34.375,0.25,176.75
8030,40.191436,34.375,0.25,176.75
8031,40.196817,34.375,0.25,176.75
8032,40.201726,34.375,0.25,176.75
8033,40.206837,34.375,0.25,176.75
8034,40.212020,34.375,0.25,176.75
8035,40.215730,34.375,0.25,176.75
8036,40.220816,34.375,0.25,176.75
8037,40.226065,34.375,0.25,176.75
8038,40.231533,34.375,0.25,176.75
8039,40.236663,34.375,0.25,176.75
8040,40.241822,34.375,0.25,176.75
8041,40.246727,34.375,0.25,176.75
8042,40.252099,34.375,0.25,176.75
8043,40.256994,34.375,0.25,176.75
8044,40.261903,34.375,0.25,176.75
8045,40.265947,34.375,0.25,176.75
8046,40.270846,34.375,0.25,176.75
8047,40.275751,34.375,0.25,176.75
8048,40.281704,34.375,0.25,176.75
8049,40.286600,34.375,0.25,176.75
8050,40.292035,34.375,0.25,176.75
8051,40.296930,34.375,0.25,176.75
8052,40.301839,34.375,0.25,176.75
8053,40.305883,34.375,0.25,176.75
8054,40.310782,34.375,0.25,176.75
8055,40.315947,34.375,0.25,176.75
8056,40.321404,34.375,0.25,176.75
8057,40.326309,34.375,0.25,176.75
8058,40.331699,34.375,0.25,176.75
8059,40.337156,34.375,0.25,176.75
8060,40.342048,34.375,0.25,176.75
8061,40.345839,34.375,0.25,176.75
8062,40.350995,34.375,0.25,176.75
8063,40.355901,34.375,0.25,176.75
8064,40.361279,34.375,0.25,176.75
8065,40.366185,34.375,0.25,176.75
8066,40.371076,34.375,0.25,176.75
8067,40.376517,34.375,0.25,176.75
8068,40.381412,34.375,0.25,176.75
8069,40.387352,34.375,0.25,176.75
8070,40.390917,34.375,0.25,176.75
8071,40.395810,34.375,0.25,176.75
8072,40.401225,34.375,0.25,176.75
8073,40.406130,34.375,0.25,176.75
8074,40.411022,34.375,0.25,176.75
8075,40.416558,34.375,0.25,176.75
8076,40.421453,34.375,0.25,176.75
8077,40.426358,34.375,0.25,176.75
8078,40.431796,34.375,0.25,176.75
8079,40.436692,34.375,0.25,176.75
8080,40.442154,34.375,0.25,176.75
8081,40.446216,34.375,0.25,176.75
8082,40.451124,34.375,0.25,176.75
8083,40.456037,34.375,0.25,176.75
8084,40.461471,34.375,0.25,176.75
8085,40.466363,34.375,0.25,176.75
8086,40.471499,34.375,0.25,176.75
8087,40.476654,34.375,0.25,176.75
8088,40.481563,34.375,0.25,176.75
8089,40.486935,34.375,0.25,176.75
8090,40.491834,34.375,0.25,176.75
8091,40.496738,34.375,0.25,176.75
8092,40.500857,34.375,0.25,176.75
8093,40.506299,34.375,0.25,176.75
8094,40.511208,34.375,0.25,176.75
8095,40.516747,34.375,0.25,176.75
8096,40.521643,34.375,0.25,176.75
8097,40.526548,34.375,0.25,176.75
8098,40.531986,34.375,0.25,176.75
8099,40.536881,34.375,0.25,176.75
8100,40.541790,34.375,0.25,176.75
8101,40.545873,34.375,0.25,176.75
8102,40.550772,34.375,0.25,176.75
8103,40.556275,34.375,0.25,176.75
8104,40.561686,34.375,0.25,176.75
8105,40.566578,34.375,0.25,176.75
8106,40.571717,34.375,0.25,176.75
8107,40.576870,34.375,0.25,176.75
8108,40.581778,34.375,0.25,176.75
8109,40.587131,34.375,0.25,176.75
8110,40.592023,34.375,0.25,176.75
8111,40.596929,34.375,0.25,176.75
8112,40.600973,34.375,0.25,176.75
8113,40.606440,34.375,0.25,176.75
8114,40.611575,34.375,0.25,176.75
8115,40.616874,34.375,0.25,176.75
8116,40.621783,34.375,0.25,176.75
8117,40.626972,34.375,0.25,176.75
8118,40.630820,34.375,0.25,176.75
8119,40.637052,34.375,0.25,176.75
8120,40.640826,34.375,0.25,176.75
8121,40.646006,34.375,0.25,176.75
8122,40.650915,34.375,0.25,176.75
8123,40.656269,34.375,0.25,176.75
8124,40.661716,34.375,0.25,176.75
8125,40.667097,34.375,0.25,176.75
8126,40.671995,34.375,0.25,176.75
8127,40.676900,34.375,0.25,176.75
8128,40.680995,34.375,0.25,176.75
8129,40.685890,34.375,0.25,176.75
8130,40.691024,34.375,0.25,176.75
8131,40.696177,34.375,0.25,176.75
8132,40.701070,34.375,0.25,176.75
8133,40.706435,34.375,0.25,176.75
8134,40.711889,34.375,0.25,176.75
8135,40.716963,34.375,0.25,176.75
8136,40.720806,34.375,0.25,176.75
8137,40.726005,34.375,0.25,176.75
8138,40.730914,34.375,0.25,176.75
8139,40.736036,34.375,0.25,176.75
8140,40.741450,34.375,0.25,176.75
8141,40.746343,34.375,0.25,176.75
8142,40.751479,34.375,0.25,176.75
8143,40.756631,34.375,0.25,176.75
8144,40.761539,34.375,0.25,176.75
8145,40.767490,34.375,0.25,176.75
8146,40.771043,34.375,0.25,176.75
8147,40.775948,34.375,0.25,176.75
8148,40.781407,34.375,0.25,176.75
8149,40.786300,34.375,0.25,176.75
8150,40.791683,34.375,0.25,176.75
8151,40.796579,34.375,0.25,176.75
8152,40.801488,34.375,0.25,176.75
8153,40.806936,34.375,0.25,176.75
8154,40.811845,34.375,0.25,176.75
8155,40.817067,34.375,0.25,176.75
8156,40.820945,34.375,0.25,176.75
8157,40.826356,34.375,0.25,176.75
8158,40.831266,34.375,0.25,176.75
8159,40.836704,34.375,0.25,176.75
8160,40.841600,34.375,0.25,176.75
8161,40.846735,34.375,0.25,176.75
8162,40.851894,34.375,0.25,176.75
8163,40.856799,34.375,0.25,176.75
8164,40.862178,34.375,0.25,176.75
8165,40.865740,34.375,0.25,176.75
8166,40.871976,34.375,0.25,176.75
8167,40.876020,34.375,0.25,176.75
8168,40.881446,34.375,0.25,176.75
8169,40.886341,34.375,0.25,176.75
8170,40.891782,34.375,0.25,176.75
8171,40.896674,34.375,0.25,176.75
8172,40.901810,34.375,0.25,176.75
8173,40.906966,34.375,0.25,176.75
8174,40.911874,34.375,0.25,176.75
8175,40.917375,34.375,0.25,176.75
8176,40.920940,34.375,0.25,176.75
8177,40.925832,34.375,0.25,176.75
8178,40.931326,34.375,0.25,176.75
8179,40.936759,34.375,0.25,176.75
8180,40.941872,34.375,0.25,176.75
8181,40.945725,34.375,0.25,176.75
8182,40.951961,34.375,0.25,176.75
8183,40.957314,34.375,0.25,176.75
8184,40.960879,34.375,0.25,176.75
8185,40.965771,34.375,0.25,176.75
8186,40.971228,34.375,0.25,176.75
8187,40.976120,34.375,0.25,176.75
8188,40.981504,34.375,0.25,176.75
8189,40.986958,34.375,0.25,176.75
8190,40.992091,34.375,0.25,176.75
8191,40.995902,34.375,0.25,176.75
8192,41.000811,34.375,0.25,176.75
8193,41.005928,34.375,0.25,176.75
8194,41.011088,34.375,0.25,176.75
8195,41.017482,34.375,0.25,176.75
8196,41.021358,34.375,0.25,176.75
8197,41.026548,34.375,0.25,176.75
8198,41.031457,34.375,0.25,176.75
8199,41.037364,34.375,0.25,176.75
8200,41.040929,34.375,0.25,176.75
8201,41.046041,34.375,0.25,176.75
8202,41.051198,34.375,0.25,176.75
8203,41.056087,34.375,0.25,176.75
8204,41.061475,34.375,0.25,176.75
8205,41.066371,34.375,0.25,176.75
8206,41.071304,34.375,0.25,176.75
8207,41.076720,34.375,0.25,176.75
8208,41.081615,34.375,0.25,176.75
8209,41.086751,34.375,0.25,176.75
8210,41.091080,34.375,0.25,176.75
8211,41.095976,34.375,0.25,176.75
8212,41.101120,34.375,0.25,176.75
8213,41.106269,34.375,0.25,176.75
8214,41.111178,34.375,0.25,176.75
8215,41.118129,34.375,0.25,176.75
8216,41.121695,34.375,0.25,176.75
8217,41.126587,34.375,0.25,176.75
8218,41.132049,34.375,0.25,176.75
8219,41.136945,34.375,0.25,176.75
8220,41.142076,34.375,0.25,176.75
8221,41.152085,34.375,0.25,176.75
8222,41.154310,34.375,0.25,176.75
8223,41.158242,34.375,0.25,176.75
8224,41.162077,34.375,0.25,176.75
8225,41.168326,34.375,0.25,176.75
8226,41.173689,34.375,0.25,176.75
8227,41.177257,34.375,0.25,176.75
8228,41.182153,34.375,0.25,176.75
8229,41.187594,34.375,0.25,176.75
8230,41.192491,34.375,0.25,176.75
8231,41.197925,34.375,0.25,176.75
8232,41.203358,34.375,0.25,176.75
8233,41.208251,34.375,0.25,176.75
8234,41.213347,34.375,0.25,176.75
8235,41.217283,34.375,0.25,176.75
8236,41.222191,34.375,0.25,176.75
8237,41.227277,34.375,0.25,176.75
8238,41.232535,34.375,0.25,176.75
8239,41.237427,34.375,0.25,176.75
8240,41.242562,34.375,0.25,176.75
8241,41.247721,34.375,0.25,176.75
8242,41.253178,34.375,0.25,176.75
8243,41.258552,34.375,0.25,176.75
8244,41.262104,34.375,0.25,176.75
8245,41.268367,34.375,0.25,176.75
8246,41.272382,34.375,0.25,176.75
8247,41.277288,34.375,0.25,176.75
8248,41.282184,34.375,0.25,176.75
8249,41.287609,34.375,0.25,176.75
8250,41.292505,34.375,0.25,176.75
8251,41.297640,34.375,0.25,176.75
8252,41.303363,34.125,0.25,176.75
8253,41.308255,34.125,0.25,176.75
8254,41.313627,34.125,0.25,176.75
8255,41.317338,34.125,0.25,176.75
8256,41.322234,34.125,0.25,176.75
8257,41.327675,34.125,0.25,176.75
8258,41.332574,34.125,0.25,176.75
8259,41.337479,34.125,0.25,176.75
8260,41.342967,34.125,0.25,176.75
8261,41.347873,34.125,0.25,176.75
8262,41.353297,34.125,0.25,176.75
8263,41.357333,34.125,0.25,176.75
8264,41.362242,34.125,0.25,176.75
8265,41.367134,34.125,0.25,176.75
8266,41.372585,34.125,0.25,176.75
8267,41.377478,34.125,0.25,176.75
8268,41.382617,34.125,0.25,176.75
8269,41.387771,34.125,0.25,176.75
8270,41.392680,34.125,0.25,176.75
8271,41.397805,34.125,0.25,176.75
8272,41.403485,34.125,0.25,176.75
8273,41.407037,34.125,0.25,176.75
8274,41.412175,34.125,0.25,176.75
8275,41.417324,34.125,0.25,176.75
8276,41.422232,34.125,0.25,176.75
8277,41.427452,34.125,0.25,176.75
8278,41.432714,34.125,0.25,176.75
8279,41.437607,34.125,0.25,176.75
8280,41.442993,34.125,0.25,176.75
8281,41.447888,34.125,0.25,176.75
8282,41.452796,34.125,0.25,176.75
8283,41.458760,34.125,0.25,176.75
8284,41.462332,34.125,0.25,176.75
8285,41.467446,34.125,0.25,176.75
8286,41.472602,34.125,0.25,176.75
8287,41.477507,34.125,0.25,176.75
8288,41.482878,34.125,0.25,176.75
8289,41.487773,34.125,0.25,176.75
8290,41.492682,34.125,0.25,176.75
8291,41.498103,34.125,0.25,176.75
8292,41.503011,34.125,0.25,176.75
8293,41.508136,34.125,0.25,176.75
8294,41.512458,34.125,0.25,176.75
8295,41.517354,34.125,0.25,176.75
8296,41.522446,34.125,0.25,176.75
8297,41.527771,34.125,0.25,176.75
8298,41.532680,34.125,0.25,176.75
8299,41.537889,34.125,0.25,176.75
8300,41.543065,34.125,0.25,176.75
8301,41.547970,34.125,0.25,176.75
8302,41.553348,34.125,0.25,176.75
8303,41.558278,34.125,0.25,176.75
8304,41.562370,34.125,0.25,176.75
8305,41.567810,34.125,0.25,176.75
8306,41.572705,34.125,0.25,176.75
8307,41.578064,34.125,0.25,176.75
8308,41.582963,34.125,0.25,176.75
8309,41.587868,34.125,0.25,176.75
8310,41.593308,34.125,0.25,176.75
8311,41.598201,34.125,0.25,176.75
8312,41.603321,34.125,0.25,176.75
8313,41.607142,34.125,0.25,176.75
8314,41.612593,34.125,0.25,176.75
8315,41.617703,34.125,0.25,176.75
8316,41.622886,34.125,0.25,176.75
8317,41.627938,34.125,0.25,176.75
8318,41.633395,34.125,0.25,176.75
8319,41.638301,34.125,0.25,176.75
8320,41.643429,34.125,0.25,176.75
8321,41.647254,34.125,0.25,176.75
8322,41.652149,34.125,0.25,176.75
8323,41.657242,34.125,0.25,176.75
8324,41.662943,34.125,0.25,176.75
8325,41.667839,34.125,0.25,176.75
8326,41.673295,34.125,0.25,176.75
8327,41.678187,34.125,0.25,176.75
8328,41.683583,34.125,0.25,176.75
8329,41.687148,34.125,0.25,176.75
8330,41.692041,34.125,0.25,176.75
8331,41.697413,34.125,0.25,176.75
8332,41.702322,34.125,0.25,176.75
8333,41.707214,34.125,0.25,176.75
8334,41.712715,34.125,0.25,176.75
8335,41.717608,34.125,0.25,176.75
8336,41.723328,34.125,0.25,176.75
8337,41.727240,34.125,0.25,176.75
8338,41.732148,34.125,0.25,176.75
8339,41.737234,34.125,0.25,176.75
8340,41.742492,34.125,0.25,176.75
8341,41.747384,34.125,0.25,176.75
8342,41.752795,34.125,0.25,176.75
8343,41.757944,34.125,0.25,176.75
8344,41.762852,34.125,0.25,176.75
8345,41.768227,34.125,0.25,176.75
8346,41.773643,34.125,0.25,176.75
8347,41.777211,34.125,0.25,176.75
8348,41.782653,34.125,0.25,176.75
8349,41.787545,34.125,0.25,176.75
8350,41.792660,34.125,0.25,176.75
8351,41.797839,34.125,0.25,176.75
8352,41.802747,34.125,0.25,176.75
8353,41.808095,34.125,0.25,176.75
8354,41.812994,34.125,0.25,176.75
8355,41.817900,34.125,0.25,176.75
8356,41.823340,34.125,0.25,176.75
8357,41.828378,34.125,0.25,176.75
8358,41.833465,34.125,0.25,176.75
8359,41.837364,34.125,0.25,176.75
8360,41.842801,34.125,0.25,176.75
8361,41.847934,34.125,0.25,176.75
8362,41.853093,34.125,0.25,176.75
8363,41.857998,34.125,0.25,176.75
8364,41.863377,34.125,0.25,176.75
8365,41.868282,34.125,0.25,176.75
8366,41.873178,34.125,0.25,176.75
8367,41.877225,34.125,0.25,176.75
8368,41.882133,34.125,0.25,176.75
8369,41.887544,34.125,0.25,176.75
8370,41.892961,34.125,0.25,176.75
8371,41.897866,34.125,0.25,176.75
8372,41.902983,34.125,0.25,176.75
8373,41.908155,34.125,0.25,176.75
8374,41.913046,34.125,0.25,176.75
8375,41.918401,34.125,0.25,176.75
8376,41.923310,34.125,0.25,176.75
8377,41.928496,34.125,0.25,176.75
8378,41.932350,34.125,0.25,176.75
8379,41.938079,34.125,0.25,176.75
8380,41.942975,34.125,0.25,176.75
8381,41.948099,34.125,0.25,176.75
8382,41.953254,34.125,0.25,176.75
8383,41.958160,34.125,0.25,176.75
8384,41.963534,34.125,0.25,176.75
8385,41.967086,34.125,0.25,176.75
8386,41.973546,34.125,0.25,176.75
8387,41.977375,34.125,0.25,176.75
8388,41.982270,34.125,0.25,176.75
8389,41.987391,34.125,0.25,176.75
8390,41.993093,34.125,0.25,176.75
8391,41.997998,34.125,0.25,176.75
8392,42.003440,34.125,0.25,176.75
8393,42.008333,34.125,0.25,176.75
8394,42.013467,34.125,0.25,176.75
8395,42.017286,34.125,0.25,176.75
8396,42.022182,34.125,0.25,176.75
8397,42.027408,34.125,0.25,176.75
8398,42.032677,34.125,0.25,176.75
8399,42.037570,34.125,0.25,176.75
8400,42.042984,34.125,0.25,176.75
8401,42.048441,34.125,0.25,176.75
8402,42.053337,34.125,0.25,176.75
8403,42.058414,34.125,0.25,176.75
8404,42.062459,34.125,0.25,176.75
8405,42.067355,34.125,0.25,176.75
8406,42.072263,34.125,0.25,176.75
8407,42.077693,34.125,0.25,176.75
8408,42.082589,34.125,0.25,176.75
8409,42.087519,34.125,0.25,176.75
8410,42.093455,34.125,0.25,176.75
8411,42.098348,34.125,0.25,176.75
8412,42.102144,34.125,0.25,176.75
8413,42.107293,34.125,0.25,176.75
8414,42.112201,34.125,0.25,176.75
8415,42.117573,34.125,0.25,176.75
8416,42.122472,34.125,0.25,176.75
8417,42.127548,34.125,0.25,176.75
8418,42.132972,34.125,0.25,176.75
8419,42.137868,34.125,0.25,176.75
8420,42.142775,34.125,0.25,176.75
8421,42.152590,34.125,0.25,176.75
8422,42.155339,34.125,0.25,176.75
8423,42.157561,34.125,0.25,176.75
8424,42.164024,34.125,0.25,176.75
8425,42.167860,34.125,0.25,176.75
8426,42.172824,34.125,0.25,176.75
8427,42.177729,34.125,0.25,176.75
8428,42.183124,34.125,0.25,176.75
8429,42.188013,34.125,0.25,176.75
8430,42.192921,34.125,0.25,176.75
8431,42.198376,34.125,0.25,176.75
8432,42.203271,34.125,0.25,176.75
8433,42.208177,34.125,0.25,176.75
8434,42.214119,34.125,0.25,176.75
8435,42.217681,34.125,0.25,176.75
8436,42.222820,34.125,0.25,176.75
8437,42.228136,34.125,0.25,176.75
8438,42.233028,34.125,0.25,176.75
8439,42.238457,34.125,0.25,176.75
8440,42.243355,34.125,0.25,176.75
8441,42.248477,34.125,0.25,176.75
8442,42.253649,34.125,0.25,176.75
8443,42.258554,34.125,0.25,176.75
8444,42.263929,34.125,0.25,176.75
8445,42.268036,34.125,0.25,176.75
8446,42.272945,34.125,0.25,176.75
8447,42.278397,34.125,0.25,176.75
8448,42.283293,34.125,0.25,176.75
8449,42.288408,34.125,0.25,176.75
8450,42.293559,34.125,0.25,176.75
8451,42.298465,34.125,0.25,176.75
8452,42.303840,34.125,0.25,176.75
8453,42.308734,34.125,0.25,176.75
8454,42.313643,34.125,0.25,176.75
8455,42.317712,34.125,0.25,176.75
8456,42.323161,34.125,0.25,176.75
8457,42.328226,34.125,0.25,176.75
8458,42.333652,34.125,0.25,176.75
8459,42.338548,34.125,0.25,176.75
8460,42.343456,34.125,0.25,176.75
8461,42.348895,34.125,0.25,176.75
8462,42.353804,34.125,0.25,176.75
8463,42.359197,34.125,0.25,176.75
8464,42.362761,34.125,0.25,176.75
8465,42.368155,34.125,0.25,176.75
8466,42.373583,34.125,0.25,176.75
8467,42.378476,34.125,0.25,176.75
8468,42.383614,34.125,0.25,176.75
8469,42.388770,34.125,0.25,176.75
8470,42.393679,34.125,0.25,176.75
8471,42.399050,34.125,0.25,176.75
8472,42.402622,34.125,0.25,176.75
8473,42.408854,34.125,0.25,176.75
8474,42.412948,34.125,0.25,176.75
8475,42.417844,34.125,0.25,176.75
8476,42.423318,34.125,0.25,176.75
8477,42.428838,34.125,0.25,176.75
8478,42.433732,34.125,0.25,176.75
8479,42.438637,34.125,0.25,176.75
8480,42.444076,34.125,0.25,176.75
8481,42.447645,34.125,0.25,176.75
8482,42.452541,34.125,0.25,176.75
8483,42.457989,34.125,0.25,176.75
8484,42.462898,34.125,0.25,176.75
8485,42.467991,34.125,0.25,176.75
8486,42.473741,34.125,0.25,176.75
8487,42.478634,34.125,0.25,176.75
8488,42.484027,34.125,0.25,176.75
8489,42.487595,34.125,0.25,176.75
8490,42.493831,34.125,0.25,176.75
8491,42.497875,34.125,0.25,176.75
8492,42.502773,34.125,0.25,176.75
8493,42.507703,34.125,0.25,176.75
8494,42.513130,34.125,0.25,176.75
8495,42.518019,34.125,0.25,176.75
8496,42.523147,34.125,0.25,176.75
8497,42.528945,34.125,0.25,176.75
8498,42.533840,34.125,0.25,176.75
8499,42.539062,34.125,0.25,176.75
8500,42.542890,34.125,0.25,176.75
8501,42.547796,34.125,0.25,176.75
8502,42.553196,34.125,0.25,176.75
8503,42.558084,34.125,0.25,176.75
8504,42.562993,34.125,0.25,176.75
8505,42.568483,34.125,0.25,176.75
8506,42.573378,34.125,0.25,176.75
8507,42.579090,33.875,0.25,176.75
8508,42.582901,33.875,0.25,176.75
8509,42.587807,33.875,0.25,176.75
8510,42.592903,33.875,0.25,176.75
8511,42.598083,33.875,0.25,176.75
8512,42.602991,33.875,0.25,176.75
8513,42.608345,33.875,0.25,176.75
8514,42.613254,33.875,0.25,176.75
8515,42.618379,33.875,0.25,176.75
8516,42.623531,33.875,0.25,176.75
8517,42.628580,33.875,0.25,176.75
8518,42.633798,33.875,0.25,176.75
8519,42.638150,33.875,0.25,176.75
8520,42.643042,33.875,0.25,176.75
8521,42.648181,33.875,0.25,176.75
8522,42.653332,33.875,0.25,176.75
8523,42.658238,33.875,0.25,176.75
8524,42.663613,33.875,0.25,176.75
8525,42.668506,33.875,0.25,176.75
8526,42.673413,33.875,0.25,176.75
8527,42.678819,33.875,0.25,176.75
8528,42.683728,33.875,0.25,176.75
8529,42.689117,33.875,0.25,176.75
8530,42.693238,33.875,0.25,176.75
8531,42.698130,33.875,0.25,176.75
8532,42.703604,33.875,0.25,176.75
8533,42.708497,33.875,0.25,176.75
8534,42.713611,33.875,0.25,176.75
8535,42.718791,33.875,0.25,176.75
8536,42.723700,33.875,0.25,176.75
8537,42.728918,33.875,0.25,176.75
8538,42.732785,33.875,0.25,176.75
8539,42.737681,33.875,0.25,176.75
8540,42.742588,33.875,0.25,176.75
8541,42.748542,33.875,0.25,176.75
8542,42.753441,33.875,0.25,176.75
8543,42.758551,33.875,0.25,176.75
8544,42.763730,33.875,0.25,176.75
8545,42.768636,33.875,0.25,176.75
8546,42.774036,33.875,0.25,176.75
8547,42.777785,33.875,0.25,176.75
8548,42.782693,33.875,0.25,176.75
8549,42.787803,33.875,0.25,176.75
8550,42.792985,33.875,0.25,176.75
8551,42.797891,33.875,0.25,176.75
8552,42.803889,33.875,0.25,176.75
8553,42.808784,33.875,0.25,176.75
8554,42.813693,33.875,0.25,176.75
8555,42.817762,33.875,0.25,176.75
8556,42.822661,33.875,0.25,176.75
8557,42.829352,33.875,0.25,176.75
8558,42.833232,33.875,0.25,176.75
8559,42.838137,33.875,0.25,176.75
8560,42.843330,33.875,0.25,176.75
8561,42.848483,33.875,0.25,176.75
8562,42.853390,33.875,0.25,176.75
8563,42.858763,33.875,0.25,176.75
8564,42.862870,33.875,0.25,176.75
8565,42.867776,33.875,0.25,176.75
8566,42.873232,33.875,0.25,176.75
8567,42.878124,33.875,0.25,176.75
8568,42.883255,33.875,0.25,176.75
8569,42.888418,33.875,0.25,176.75
8570,42.893327,33.875,0.25,176.75
8571,42.898699,33.875,0.25,176.75
8572,42.903594,33.875,0.25,176.75
8573,42.908499,33.875,0.25,176.75
8574,42.914466,33.875,0.25,176.75
8575,42.918018,33.875,0.25,176.75
8576,42.923156,33.875,0.25,176.75
8577,42.928452,33.875,0.25,176.75
8578,42.933361,33.875,0.25,176.75
8579,42.938785,33.875,0.25,176.75
8580,42.943683,33.875,0.25,176.75
8581,42.948612,33.875,0.25,176.75
8582,42.952658,33.875,0.25,176.75
8583,42.957550,33.875,0.25,176.75
8584,42.964010,33.875,0.25,176.75
8585,42.968347,33.875,0.25,176.75
8586,42.973255,33.875,0.25,176.75
8587,42.978645,33.875,0.25,176.75
8588,42.983541,33.875,0.25,176.75
8589,42.988633,33.875,0.25,176.75
8590,42.993813,33.875,0.25,176.75
8591,42.998718,33.875,0.25,176.75
8592,43.004068,33.875,0.25,176.75
8593,43.007636,33.875,0.25,176.75
8594,43.013872,33.875,0.25,176.75
8595,43.017941,33.875,0.25,176.75
8596,43.023382,33.875,0.25,176.75
8597,43.028604,33.875,0.25,176.75
8598,43.033884,33.875,0.25,176.75
8599,43.038789,33.875,0.25,176.75
8600,43.043907,33.875,0.25,176.75
8601,43.047735,33.875,0.25,176.75
8602,43.052631,33.875,0.25,176.75
8603,43.058017,33.875,0.25,176.75
8604,43.062916,33.875,0.25,176.75
8605,43.067821,33.875,0.25,176.75
8606,43.073759,33.875,0.25,176.75
8607,43.078655,33.875,0.25,176.75
8608,43.083793,33.875,0.25,176.75
8609,43.087621,33.875,0.25,176.75
8610,43.093857,33.875,0.25,176.75
8611,43.097606,33.875,0.25,176.75
8612,43.102789,33.875,0.25,176.75
8613,43.107694,33.875,0.25,176.75
8614,43.113066,33.875,0.25,176.75
8615,43.117961,33.875,0.25,176.75
8616,43.123653,33.875,0.25,176.75
8617,43.128954,33.875,0.25,176.75
8618,43.133863,33.875,0.25,176.75
8619,43.137750,33.875,0.25,176.75
8620,43.142925,33.875,0.25,176.75
8621,43.153700,33.875,0.25,176.75
8622,43.156002,33.875,0.25,176.75
8623,43.159844,33.875,0.25,176.75
8624,43.164752,33.875,0.25,176.75
8625,43.169845,33.875,0.25,176.75
8626,43.174206,33.875,0.25,176.75
8627,43.179095,33.875,0.25,176.75
8628,43.184480,33.875,0.25,176.75
8629,43.189375,33.875,0.25,176.75
8630,43.194502,33.875,0.25,176.75
8631,43.199673,33.875,0.25,176.75
8632,43.204580,33.875,0.25,176.75
8633,43.209953,33.875,0.25,176.75
8634,43.214851,33.875,0.25,176.75
8635,43.219756,33.875,0.25,176.75
8636,43.223825,33.875,0.25,176.75
8637,43.229121,33.875,0.25,176.75
8638,43.234037,33.875,0.25,176.75
8639,43.239465,33.875,0.25,176.75
8640,43.244364,33.875,0.25,176.75
8641,43.249270,33.875,0.25,176.75
8642,43.254724,33.875,0.25,176.75
8643,43.259617,33.875,0.25,176.75
8644,43.264731,33.875,0.25,176.75
8645,43.269910,33.875,0.25,176.75
8646,43.274819,33.875,0.25,176.75
8647,43.280176,33.875,0.25,176.75
8648,43.283738,33.875,0.25,176.75
8649,43.289196,33.875,0.25,176.75
8650,43.294710,33.875,0.25,176.75
8651,43.299602,33.875,0.25,176.75
8652,43.304740,33.875,0.25,176.75
8653,43.309896,33.875,0.25,176.75
8654,43.314805,33.875,0.25,176.75
8655,43.320187,33.875,0.25,176.75
8656,43.323749,33.875,0.25,176.75
8657,43.329860,33.875,0.25,176.75
8658,43.333700,33.875,0.25,176.75
8659,43.339428,33.875,0.25,176.75
8660,43.344337,33.875,0.25,176.75
8661,43.349459,33.875,0.25,176.75
8662,43.354612,33.875,0.25,176.75
8663,43.359517,33.875,0.25,176.75
8664,43.364645,33.875,0.25,176.75
8665,43.369800,33.875,0.25,176.75
8666,43.374708,33.875,0.25,176.75
8667,43.380056,33.875,0.25,176.75
8668,43.383627,33.875,0.25,176.75
8669,43.389860,33.875,0.25,176.75
8670,43.393929,33.875,0.25,176.75
8671,43.399396,33.875,0.25,176.75
8672,43.404531,33.875,0.25,176.75
8673,43.409686,33.875,0.25,176.75
8674,43.414594,33.875,0.25,176.75
8675,43.418640,33.875,0.25,176.75
8676,43.424876,33.875,0.25,176.75
8677,43.429814,33.875,0.25,176.75
8678,43.433689,33.875,0.25,176.75
8679,43.439925,33.875,0.25,176.75
8680,43.445042,33.875,0.25,176.75
8681,43.449378,33.875,0.25,176.75
8682,43.454286,33.875,0.25,176.75
8683,43.459677,33.875,0.25,176.75
8684,43.464576,33.875,0.25,176.75
8685,43.469481,33.875,0.25,176.75
8686,43.474930,33.875,0.25,176.75
8687,43.479835,33.875,0.25,176.75
8688,43.484952,33.875,0.25,176.75
8689,43.488781,33.875,0.25,176.75
8690,43.493676,33.875,0.25,176.75
8691,43.498790,33.875,0.25,176.75
8692,43.504516,33.875,0.25,176.75
8693,43.509408,33.875,0.25,176.75
8694,43.514905,33.875,0.25,176.75
8695,43.519811,33.875,0.25,176.75
8696,43.524938,33.875,0.25,176.75
8697,43.529929,33.875,0.25,176.75
8698,43.534838,33.875,0.25,176.75
8699,43.539920,33.875,0.25,176.75
8700,43.543788,33.875,0.25,176.75
8701,43.548684,33.875,0.25,176.75
8702,43.553801,33.875,0.25,176.75
8703,43.559540,33.875,0.25,176.75
8704,43.564436,33.875,0.25,176.75
8705,43.569879,33.875,0.25,176.75
8706,43.574788,33.875,0.25,176.75
8707,43.579963,33.875,0.25,176.75
8708,43.583816,33.875,0.25,176.75
8709,43.588708,33.875,0.25,176.75
8710,43.593826,33.875,0.25,176.75
8711,43.599006,33.875,0.25,176.75
8712,43.603915,33.875,0.25,176.75
8713,43.609590,33.875,0.25,176.75
8714,43.614770,33.875,0.25,176.75
8715,43.619675,33.875,0.25,176.75
8716,43.625050,33.875,0.25,176.75
8717,43.628595,33.875,0.25,176.75
8718,43.634855,33.875,0.25,176.75
8719,43.638699,33.875,0.25,176.75
8720,43.643898,33.875,0.25,176.75
8721,43.648804,33.875,0.25,176.75
8722,43.653905,33.875,0.25,176.75
8723,43.659085,33.875,0.25,176.75
8724,43.664489,33.875,0.25,176.75
8725,43.669866,33.875,0.25,176.75
8726,43.674763,33.875,0.25,176.75
8727,43.679886,33.875,0.25,176.75
8728,43.683756,33.875,0.25,176.75
8729,43.688649,33.875,0.25,176.75
8730,43.693741,33.875,0.25,176.75
8731,43.698920,33.875,0.25,176.75
8732,43.703830,33.875,0.25,176.75
8733,43.709183,33.875,0.25,176.75
8734,43.714075,33.875,0.25,176.75
8735,43.719216,33.875,0.25,176.75
8736,43.724922,33.875,0.25,176.75
8737,43.729682,33.875,0.25,176.75
8738,43.734886,33.875,0.25,176.75
8739,43.738730,33.875,0.25,176.75
8740,43.743626,33.875,0.25,176.75
8741,43.748715,33.875,0.25,176.75
8742,43.753898,33.875,0.25,176.75
8743,43.758803,33.875,0.25,176.75
8744,43.764182,33.875,0.25,176.75
8745,43.769071,33.875,0.25,176.75
8746,43.773980,33.875,0.25,176.75
8747,43.779918,33.875,0.25,176.75
8748,43.784816,33.875,0.25,176.75
8749,43.789943,33.875,0.25,176.75
8750,43.793995,33.875,0.25,176.75
8751,43.798891,33.875,0.25,176.75
8752,43.803800,33.875,0.25,176.75
8753,43.809246,33.875,0.25,176.75
8754,43.814142,33.875,0.25,176.75
8755,43.819256,33.875,0.25,176.75
8756,43.824408,33.875,0.25,176.75
8757,43.829649,33.875,0.25,176.75
8758,43.834850,33.875,0.25,176.75
8759,43.838695,33.875,0.25,176.75
8760,43.844930,33.875,0.25,176.75
8761,43.848704,33.625,0.25,176.75
8762,43.853859,33.625,0.25,176.75
8763,43.858764,33.625,0.25,176.75
8764,43.864121,33.625,0.25,176.75
8765,43.869010,33.625,0.25,176.75
8766,43.873944,33.625,0.25,176.75
8767,43.879384,33.625,0.25,176.75
8768,43.884279,33.625,0.25,176.75
8769,43.889687,33.625,0.25,176.75
8770,43.893787,33.625,0.25,176.75
8771,43.898679,33.625,0.25,176.75
8772,43.904131,33.625,0.25,176.75
8773,43.909020,33.625,0.25,176.75
8774,43.914130,33.625,0.25,176.75
8775,43.919318,33.625,0.25,176.75
8776,43.924226,33.625,0.25,176.75
8777,43.929158,33.625,0.25,176.75
8778,43.934433,33.625,0.25,176.75
8779,43.939326,33.625,0.25,176.75
8780,43.944444,33.625,0.25,176.75
8781,43.948769,33.625,0.25,176.75
8782,43.953668,33.625,0.25,176.75
8783,43.959050,33.625,0.25,176.75
8784,43.963949,33.625,0.25,176.75
8785,43.968879,33.625,0.25,176.75
8786,43.974345,33.625,0.25,176.75
8787,43.979237,33.625,0.25,176.75
8788,43.984330,33.625,0.25,176.75
8789,43.989506,33.625,0.25,176.75
8790,43.994413,33.625,0.25,176.75
8791,43.999811,33.625,0.25,176.75
8792,44.003894,33.625,0.25,176.75
8793,44.008800,33.625,0.25,176.75
8794,44.014230,33.625,0.25,176.75
8795,44.019122,33.625,0.25,176.75
8796,44.024509,33.625,0.25,176.75
8797,44.029258,33.625,0.25,176.75
8798,44.034167,33.625,0.25,176.75
8799,44.039608,33.625,0.25,176.75
8800,44.044505,33.625,0.25,176.75
8801,44.049409,33.625,0.25,176.75
8802,44.054850,33.625,0.25,176.75
8803,44.058968,33.625,0.25,176.75
8804,44.063878,33.625,0.25,176.75
8805,44.069330,33.625,0.25,176.75
8806,44.074226,33.625,0.25,176.75
8807,44.079343,33.625,0.25,176.75
8808,44.084516,33.625,0.25,176.75
8809,44.089421,33.625,0.25,176.75
8810,44.094797,33.625,0.25,176.75
8811,44.099692,33.625,0.25,176.75
8812,44.104600,33.625,0.25,176.75
8813,44.108695,33.625,0.25,176.75
8814,44.114164,33.625,0.25,176.75
8815,44.119053,33.625,0.25,176.75
8816,44.124504,33.625,0.25,176.75
8817,44.129251,33.625,0.25,176.75
8818,44.134469,33.625,0.25,176.75
8819,44.139641,33.625,0.25,176.75
8820,44.144549,33.625,0.25,176.75
8821,44.153966,33.625,0.25,176.75
8822,44.156304,33.625,0.25,176.75
8823,44.160168,33.625,0.25,176.75
8824,44.164280,33.625,0.25,176.75
8825,44.169172,33.625,0.25,176.75
8826,44.174599,33.625,0.25,176.75
8827,44.179492,33.625,0.25,176.75
8828,44.184631,33.625,0.25,176.75
8829,44.189786,33.625,0.25,176.75
8830,44.194694,33.625,0.25,176.75
8831,44.199770,33.625,0.25,176.75
8832,44.204949,33.625,0.25,176.75
8833,44.209855,33.625,0.25,176.75
8834,44.214983,33.625,0.25,176.75
8835,44.219319,33.625,0.25,176.75
8836,44.224227,33.625,0.25,176.75
8837,44.229433,33.625,0.25,176.75
8838,44.234703,33.625,0.25,176.75
8839,44.239595,33.625,0.25,176.75
8840,44.244735,33.625,0.25,176.75
8841,44.249890,33.625,0.25,176.75
8842,44.254798,33.625,0.25,176.75
8843,44.260180,33.625,0.25,176.75
8844,44.265069,33.625,0.25,176.75
8845,44.269199,33.625,0.25,176.75
8846,44.274614,33.625,0.25,176.75
8847,44.279506,33.625,0.25,176.75
8848,44.284645,33.625,0.25,176.75
8849,44.289801,33.625,0.25,176.75
8850,44.294709,33.625,0.25,176.75
8851,44.300081,33.625,0.25,176.75
8852,44.304980,33.625,0.25,176.75
8853,44.309885,33.625,0.25,176.75
8854,44.313954,33.625,0.25,176.75
8855,44.320197,33.625,0.25,176.75
8856,44.324287,33.625,0.25,176.75
8857,44.329794,33.625,0.25,176.75
8858,44.334689,33.625,0.25,176.75
8859,44.339594,33.625,0.25,176.75
8860,44.345032,33.625,0.25,176.75
8861,44.349928,33.625,0.25,176.75
8862,44.355059,33.625,0.25,176.75
8863,44.358873,33.625,0.25,176.75
8864,44.365125,33.625,0.25,176.75
8865,44.370469,33.625,0.25,176.75
8866,44.374021,33.625,0.25,176.75
8867,44.378927,33.625,0.25,176.75
8868,44.384886,33.625,0.25,176.75
8869,44.389781,33.625,0.25,176.75
8870,44.395173,33.625,0.25,176.75
8871,44.400062,33.625,0.25,176.75
8872,44.404970,33.625,0.25,176.75
8873,44.409015,33.625,0.25,176.75
8874,44.413913,33.625,0.25,176.75
8875,44.419041,33.625,0.25,176.75
8876,44.424197,33.625,0.25,176.75
8877,44.430578,33.625,0.25,176.75
8878,44.434463,33.625,0.25,176.75
8879,44.440170,33.625,0.25,176.75
8880,44.445059,33.625,0.25,176.75
8881,44.449121,33.625,0.25,176.75
8882,44.454013,33.625,0.25,176.75
8883,44.459132,33.625,0.25,176.75
8884,44.464307,33.625,0.25,176.75
8885,44.469213,33.625,0.25,176.75
8886,44.474588,33.625,0.25,176.75
8887,44.479480,33.625,0.25,176.75
8888,44.484388,33.625,0.25,176.75
8889,44.489807,33.625,0.25,176.75
8890,44.494702,33.625,0.25,176.75
8891,44.500123,33.625,0.25,176.75
8892,44.504157,33.625,0.25,176.75
8893,44.509046,33.625,0.25,176.75
8894,44.513955,33.625,0.25,176.75
8895,44.519408,33.625,0.25,176.75
8896,44.524304,33.625,0.25,176.75
8897,44.531296,33.625,0.25,176.75
8898,44.534857,33.625,0.25,176.75
8899,44.539749,33.625,0.25,176.75
8900,44.545219,33.625,0.25,176.75
8901,44.550126,33.625,0.25,176.75
8902,44.554254,33.625,0.25,176.75
8903,44.559695,33.625,0.25,176.75
8904,44.564591,33.625,0.25,176.75
8905,44.569726,33.625,0.25,176.75
8906,44.574881,33.625,0.25,176.75
8907,44.579787,33.625,0.25,176.75
8908,44.585143,33.625,0.25,176.75
8909,44.590032,33.625,0.25,176.75
8910,44.594941,33.625,0.25,176.75
8911,44.598985,33.625,0.25,176.75
8912,44.603884,33.625,0.25,176.75
8913,44.610348,33.625,0.25,176.75
8914,44.614667,33.625,0.25,176.75
8915,44.619562,33.625,0.25,176.75
8916,44.624701,33.625,0.25,176.75
8917,44.630002,33.625,0.25,176.75
8918,44.634910,33.625,0.25,176.75
8919,44.640098,33.625,0.25,176.75
8920,44.643954,33.625,0.25,176.75
8921,44.648860,33.625,0.25,176.75
8922,44.654231,33.625,0.25,176.75
8923,44.659136,33.625,0.25,176.75
8924,44.664249,33.625,0.25,176.75
8925,44.669970,33.625,0.25,176.75
8926,44.674879,33.625,0.25,176.75
8927,44.680258,33.625,0.25,176.75
8928,44.685163,33.625,0.25,176.75
8929,44.690051,33.625,0.25,176.75
8930,44.694070,33.625,0.25,176.75
8931,44.698966,33.625,0.25,176.75
8932,44.703899,33.625,0.25,176.75
8933,44.709329,33.625,0.25,176.75
8934,44.714225,33.625,0.25,176.75
8935,44.719318,33.625,0.25,176.75
8936,44.725016,33.625,0.25,176.75
8937,44.730055,33.625,0.25,176.75
8938,44.735265,33.625,0.25,176.75
8939,44.739127,33.625,0.25,176.75
8940,44.744020,33.625,0.25,176.75
8941,44.749391,33.625,0.25,176.75
8942,44.754300,33.625,0.25,176.75
8943,44.759220,33.625,0.25,176.75
8944,44.764629,33.625,0.25,176.75
8945,44.769521,33.625,0.25,176.75
8946,44.774660,33.625,0.25,176.75
8947,44.779039,33.625,0.25,176.75
8948,44.783935,33.625,0.25,176.75
8949,44.789302,33.625,0.25,176.75
8950,44.794211,33.625,0.25,176.75
8951,44.799130,33.625,0.25,176.75
8952,44.804540,33.625,0.25,176.75
8953,44.809432,33.625,0.25,176.75
8954,44.814843,33.625,0.25,176.75
8955,44.819955,33.625,0.25,176.75
8956,44.824863,33.625,0.25,176.75
8957,44.830634,33.625,0.25,176.75
8958,44.834443,33.625,0.25,176.75
8959,44.839413,33.625,0.25,176.75
8960,44.844322,33.625,0.25,176.75
8961,44.849433,33.625,0.25,176.75
8962,44.854604,33.625,0.25,176.75
8963,44.859497,33.625,0.25,176.75
8964,44.864616,33.625,0.25,176.75
8965,44.869771,33.625,0.25,176.75
8966,44.874679,33.625,0.25,176.75
8967,44.880076,33.625,0.25,176.75
8968,44.884176,33.625,0.25,176.75
8969,44.889064,33.625,0.25,176.75
8970,44.894495,33.625,0.25,176.75
8971,44.899388,33.625,0.25,176.75
8972,44.904527,33.625,0.25,176.75
8973,44.909682,33.625,0.25,176.75
8974,44.914589,33.625,0.25,176.75
8975,44.919962,33.625,0.25,176.75
8976,44.924861,33.625,0.25,176.75
8977,44.929912,33.625,0.25,176.75
8978,44.935393,33.625,0.25,176.75
8979,44.939500,33.625,0.25,176.75
8980,44.944396,33.625,0.25,176.75
8981,44.949832,33.625,0.25,176.75
8982,44.954740,33.625,0.25,176.75
8983,44.959876,33.625,0.25,176.75
8984,44.965032,33.625,0.25,176.75
8985,44.969937,33.625,0.25,176.75
8986,44.975294,33.625,0.25,176.75
8987,44.980203,33.625,0.25,176.75
8988,44.985091,33.625,0.25,176.75
8989,44.989138,33.625,0.25,176.75
8990,44.994579,33.625,0.25,176.75
8991,44.999509,33.625,0.25,176.75
8992,45.004928,33.625,0.25,176.75
8993,45.009834,33.625,0.25,176.75
8994,45.015205,33.625,0.25,176.75
8995,45.020094,33.625,0.25,176.75
8996,45.025026,33.625,0.25,176.75
8997,45.030547,33.625,0.25,176.75
8998,45.034096,33.625,0.25,176.75
8999,45.039026,33.625,0.25,176.75
9000,45.044810,33.625,0.25,176.75
9001,45.049985,33.625,0.25,176.75
9002,45.054893,33.625,0.25,176.75
9003,45.060016,33.625,0.25,176.75
9004,45.065175,33.625,0.25,176.75
9005,45.070064,33.625,0.25,176.75
9006,45.074029,33.625,0.25,176.75
9007,45.079184,33.625,0.25,176.75
9008,45.084076,33.625,0.25,176.75
9009,45.089443,33.625,0.25,176.75
9010,45.094894,33.625,0.25,176.75
9011,45.099799,33.625,0.25,176.75
9012,45.105260,33.625,0.25,176.75
9013,45.110155,33.625,0.25,176.75
9014,45.113939,33.625,0.25,176.75
9015,45.119095,33.625,0.25,176.75
9016,45.124003,33.375,0.25,176.75
9017,45.130952,33.375,0.25,176.75
9018,45.134517,33.375,0.25,176.75
9019,45.139409,33.375,0.25,176.75
9020,45.144900,33.375,0.25,176.75
9021,45.154585,33.375,0.25,176.75
9022,45.157013,33.375,0.25,176.75
9023,45.160939,33.375,0.25,176.75
9024,45.165835,33.375,0.25,176.75
9025,45.170983,33.375,0.25,176.75
9026,45.174818,33.375,0.25,176.75
9027,45.179713,33.375,0.25,176.75
9028,45.184853,33.375,0.25,176.75
9029,45.190008,33.375,0.25,176.75
9030,45.194917,33.375,0.25,176.75
9031,45.200298,33.375,0.25,176.75
9032,45.205715,33.375,0.25,176.75
9033,45.210852,33.375,0.25,176.75
9034,45.214680,33.375,0.25,176.75
9035,45.220915,33.375,0.25,176.75
9036,45.224961,33.375,0.25,176.75
9037,45.231054,33.375,0.25,176.75
9038,45.234643,33.375,0.25,176.75
9039,45.240060,33.375,0.25,176.75
9040,45.244959,33.375,0.25,176.75
9041,45.249865,33.375,0.25,176.75
9042,45.255800,33.375,0.25,176.75
9043,45.260698,33.375,0.25,176.75
9044,45.265628,33.375,0.25,176.75
9045,45.269662,33.375,0.25,176.75
9046,45.275898,33.375,0.25,176.75
9047,45.280819,33.375,0.25,176.75
9048,45.284851,33.375,0.25,176.75
9049,45.289745,33.375,0.25,176.75
9050,45.294653,33.375,0.25,176.75
9051,45.300090,33.375,0.25,176.75
9052,45.305023,33.375,0.25,176.75
9053,45.310938,33.375,0.25,176.75
9054,45.315834,33.375,0.25,176.75
9055,45.320975,33.375,0.25,176.75
9056,45.324803,33.375,0.25,176.75
9057,45.330893,33.375,0.25,176.75
9058,45.335976,33.375,0.25,176.75
9059,45.339850,33.375,0.25,176.75
9060,45.344747,33.375,0.25,176.75
9061,45.349653,33.375,0.25,176.75
9062,45.355089,33.375,0.25,176.75
9063,45.360567,33.375,0.25,176.75
9064,45.365691,33.375,0.25,176.75
9065,45.370849,33.375,0.25,176.75
9066,45.375754,33.375,0.25,176.75
9067,45.381133,33.375,0.25,176.75
9068,45.384695,33.375,0.25,176.75
9069,45.389587,33.375,0.25,176.75
9070,45.394975,33.375,0.25,176.75
9071,45.399870,33.375,0.25,176.75
9072,45.404778,33.375,0.25,176.75
9073,45.410236,33.375,0.25,176.75
9074,45.415128,33.375,0.25,176.75
9075,45.420536,33.375,0.25,176.75
9076,45.424636,33.375,0.25,176.75
9077,45.430725,33.375,0.25,176.75
9078,45.434635,33.375,0.25,176.75
9079,45.439810,33.375,0.25,176.75
9080,45.444718,33.375,0.25,176.75
9081,45.450063,33.375,0.25,176.75
9082,45.454962,33.375,0.25,176.75
9083,45.459867,33.375,0.25,176.75
9084,45.465333,33.375,0.25,176.75
9085,45.470228,33.375,0.25,176.75
9086,45.476168,33.375,0.25,176.75
9087,45.479730,33.375,0.25,176.75
9088,45.484626,33.375,0.25,176.75
9089,45.490085,33.375,0.25,176.75
9090,45.494994,33.375,0.25,176.75
9091,45.500136,33.375,0.25,176.75
9092,45.505292,33.375,0.25,176.75
9093,45.510200,33.375,0.25,176.75
9094,45.515307,33.375,0.25,176.75
9095,45.520459,33.375,0.25,176.75
9096,45.525364,33.375,0.25,176.75
9097,45.530299,33.375,0.25,176.75
9098,45.536069,33.375,0.25,176.75
9099,45.539637,33.375,0.25,176.75
9100,45.544776,33.375,0.25,176.75
9101,45.549931,33.375,0.25,176.75
9102,45.554840,33.375,0.25,176.75
9103,45.560285,33.375,0.25,176.75
9104,45.565178,33.375,0.25,176.75
9105,45.570303,33.375,0.25,176.75
9106,45.575504,33.375,0.25,176.75
9107,45.580411,33.375,0.25,176.75
9108,45.586346,33.375,0.25,176.75
9109,45.589907,33.375,0.25,176.75
9110,45.594803,33.375,0.25,176.75
9111,45.600257,33.375,0.25,176.75
9112,45.605149,33.375,0.25,176.75
9113,45.610242,33.375,0.25,176.75
9114,45.615415,33.375,0.25,176.75
9115,45.620324,33.375,0.25,176.75
9116,45.625791,33.375,0.25,176.75
9117,45.630541,33.375,0.25,176.75
9118,45.635624,33.375,0.25,176.75
9119,45.641395,33.375,0.25,176.75
9120,45.644957,33.375,0.25,176.75
9121,45.649873,33.375,0.25,176.75
9122,45.655303,33.375,0.25,176.75
9123,45.660199,33.375,0.25,176.75
9124,45.665316,33.375,0.25,176.75
9125,45.670468,33.375,0.25,176.75
9126,45.675373,33.375,0.25,176.75
9127,45.680745,33.375,0.25,176.75
9128,45.685641,33.375,0.25,176.75
9129,45.690549,33.375,0.25,176.75
9130,45.696513,33.375,0.25,176.75
9131,45.700064,33.375,0.25,176.75
9132,45.704997,33.375,0.25,176.75
9133,45.710430,33.375,0.25,176.75
9134,45.715322,33.375,0.25,176.75
9135,45.720443,33.375,0.25,176.75
9136,45.725639,33.375,0.25,176.75
9137,45.730547,33.375,0.25,176.75
9138,45.735919,33.375,0.25,176.75
9139,45.740673,33.375,0.25,176.75
9140,45.744799,33.375,0.25,176.75
9141,45.750253,33.375,0.25,176.75
9142,45.755159,33.375,0.25,176.75
9143,45.760071,33.375,0.25,176.75
9144,45.765477,33.375,0.25,176.75
9145,45.770373,33.375,0.25,176.75
9146,45.775483,33.375,0.25,176.75
9147,45.780692,33.375,0.25,176.75
9148,45.785596,33.375,0.25,176.75
9149,45.790969,33.375,0.25,176.75
9150,45.795864,33.375,0.25,176.75
9151,45.799984,33.375,0.25,176.75
9152,45.805437,33.375,0.25,176.75
9153,45.810333,33.375,0.25,176.75
9154,45.815716,33.375,0.25,176.75
9155,45.820613,33.375,0.25,176.75
9156,45.825518,33.375,0.25,176.75
9157,45.831250,33.375,0.25,176.75
9158,45.834812,33.375,0.25,176.75
9159,45.840926,33.375,0.25,176.75
9160,45.844779,33.375,0.25,176.75
9161,45.850501,33.375,0.25,176.75
9162,45.855396,33.375,0.25,176.75
9163,45.860782,33.375,0.25,176.75
9164,45.865677,33.375,0.25,176.75
9165,45.870585,33.375,0.25,176.75
9166,45.874655,33.375,0.25,176.75
9167,45.880891,33.375,0.25,176.75
9168,45.884670,33.375,0.25,176.75
9169,45.889837,33.375,0.25,176.75
9170,45.894744,33.375,0.25,176.75
9171,45.900092,33.375,0.25,176.75
9172,45.905547,33.375,0.25,176.75
9173,45.910652,33.375,0.25,176.75
9174,45.915835,33.375,0.25,176.75
9175,45.920742,33.375,0.25,176.75
9176,45.926090,33.375,0.25,176.75
9177,45.929659,33.375,0.25,176.75
9178,45.935894,33.375,0.25,176.75
9179,45.941118,33.375,0.25,176.75
9180,45.944679,33.375,0.25,176.75
9181,45.950915,33.375,0.25,176.75
9182,45.954778,33.375,0.25,176.75
9183,45.960500,33.375,0.25,176.75
9184,45.965395,33.375,0.25,176.75
9185,45.970781,33.375,0.25,176.75
9186,45.975676,33.375,0.25,176.75
9187,45.980584,33.375,0.25,176.75
9188,45.986005,33.375,0.25,176.75
9189,45.990914,33.375,0.25,176.75
9190,45.994684,33.375,0.25,176.75
9191,45.999885,33.375,0.25,176.75
9192,46.004794,33.375,0.25,176.75
9193,46.009919,33.375,0.25,176.75
9194,46.015644,33.375,0.25,176.75
9195,46.020541,33.375,0.25,176.75
9196,46.025930,33.375,0.25,176.75
9197,46.030829,33.375,0.25,176.75
9198,46.035966,33.375,0.25,176.75
9199,46.041096,33.375,0.25,176.75
9200,46.044660,33.375,0.25,176.75
9201,46.049743,33.375,0.25,176.75
9202,46.054992,33.375,0.25,176.75
9203,46.059898,33.375,0.25,176.75
9204,46.065593,33.375,0.25,176.75
9205,46.070752,33.375,0.25,176.75
9206,46.075657,33.375,0.25,176.75
9207,46.081030,33.375,0.25,176.75
9208,46.084598,33.375,0.25,176.75
9209,46.090834,33.375,0.25,176.75
9210,46.094903,33.375,0.25,176.75
9211,46.099798,33.375,0.25,176.75
9212,46.104707,33.375,0.25,176.75
9213,46.110164,33.375,0.25,176.75
9214,46.115053,33.375,0.25,176.75
9215,46.120153,33.375,0.25,176.75
9216,46.125877,33.375,0.25,176.75
9217,46.130785,33.375,0.25,176.75
9218,46.136161,33.375,0.25,176.75
9219,46.140908,33.375,0.25,176.75
9220,46.145838,33.375,0.25,176.75
9221,46.151479,33.375,0.25,176.75
9222,46.157750,33.375,0.25,176.75
9223,46.160030,33.375,0.25,176.75
9224,46.164926,33.375,0.25,176.75
9225,46.169832,33.375,0.25,176.75
9226,46.175286,33.375,0.25,176.75
9227,46.180820,33.375,0.25,176.75
9228,46.185712,33.375,0.25,176.75
9229,46.191120,33.375,0.25,176.75
9230,46.194682,33.375,0.25,176.75
9231,46.200943,33.375,0.25,176.75
9232,46.204977,33.375,0.25,176.75
9233,46.209872,33.375,0.25,176.75
9234,46.214780,33.375,0.25,176.75
9235,46.220238,33.375,0.25,176.75
9236,46.225638,33.375,0.25,176.75
9237,46.231014,33.375,0.25,176.75
9238,46.235910,33.375,0.25,176.75
9239,46.242311,33.375,0.25,176.75
9240,46.244613,33.375,0.25,176.75
9241,46.249812,33.375,0.25,176.75
9242,46.254720,33.375,0.25,176.75
9243,46.259847,33.375,0.25,176.75
9244,46.264998,33.375,0.25,176.75
9245,46.269904,33.375,0.25,176.75
9246,46.275261,33.375,0.25,176.75
9247,46.280169,33.375,0.25,176.75
9248,46.285082,33.375,0.25,176.75
9249,46.290996,33.375,0.25,176.75
9250,46.295889,33.375,0.25,176.75
9251,46.299678,33.375,0.25,176.75
9252,46.304834,33.375,0.25,176.75
9253,46.309738,33.375,0.25,176.75
9254,46.315090,33.375,0.25,176.75
9255,46.319985,33.375,0.25,176.75
9256,46.324894,33.375,0.25,176.75
9257,46.330337,33.375,0.25,176.75
9258,46.335229,33.375,0.25,176.75
9259,46.341501,33.375,0.25,176.75
9260,46.345408,33.375,0.25,176.75
9261,46.350846,33.375,0.25,176.75
9262,46.355955,33.375,0.25,176.75
9263,46.359807,33.375,0.25,176.75
9264,46.364703,33.375,0.25,176.75
9265,46.370064,33.375,0.25,176.75
9266,46.374962,33.375,0.25,176.75
9267,46.379892,33.375,0.25,176.75
9268,46.385334,33.375,0.25,176.75
9269,46.390229,33.375,0.25,176.75
9270,46.395150,33.375,0.25,176.75
9271,46.401045,33.25,0.25,176.75
9272,46.404613,33.25,0.25,176.75
9273,46.409728,33.25,0.25,176.75
9274,46.414883,33.25,0.25,176.75
9275,46.419788,33.25,0.25,176.75
9276,46.425145,33.25,0.25,176.75
9277,46.430033,33.25,0.25,176.75
9278,46.434942,33.25,0.25,176.75
9279,46.441567,33.25,0.25,176.75
9280,46.445132,33.25,0.25,176.75
9281,46.450222,33.25,0.25,176.75
9282,46.455994,33.25,0.25,176.75
9283,46.460890,33.25,0.25,176.75
9284,46.466003,33.25,0.25,176.75
9285,46.469818,33.25,0.25,176.75
9286,46.474727,33.25,0.25,176.75
9287,46.479841,33.25,0.25,176.75
9288,46.484996,33.25,0.25,176.75
9289,46.489901,33.25,0.25,176.75
9290,46.495347,33.25,0.25,176.75
9291,46.500242,33.25,0.25,176.75
9292,46.505639,33.25,0.25,176.75
9293,46.509700,33.25,0.25,176.75
9294,46.514596,33.25,0.25,176.75
9295,46.521052,33.25,0.25,176.75
9296,46.524864,33.25,0.25,176.75
9297,46.529769,33.25,0.25,176.75
9298,46.534905,33.25,0.25,176.75
9299,46.541271,33.25,0.25,176.75
9300,46.544833,33.25,0.25,176.75
9301,46.550037,33.25,0.25,176.75
9302,46.555237,33.25,0.25,176.75
9303,46.560688,33.25,0.25,176.75
9304,46.564739,33.25,0.25,176.75
9305,46.569635,33.25,0.25,176.75
9306,46.576102,33.25,0.25,176.75
9307,46.579913,33.25,0.25,176.75
9308,46.584822,33.25,0.25,176.75
9309,46.589939,33.25,0.25,176.75
9310,46.595095,33.25,0.25,176.75
9311,46.600000,33.25,0.25,176.75
9312,46.605357,33.25,0.25,176.75
9313,46.610266,33.25,0.25,176.75
9314,46.615938,33.25,0.25,176.75
9315,46.619766,33.25,0.25,176.75
9316,46.624662,33.25,0.25,176.75
9317,46.630047,33.25,0.25,176.75
9318,46.634946,33.25,0.25,176.75
9319,46.639851,33.25,0.25,176.75
9320,46.644897,33.25,0.25,176.75
9321,46.650096,33.25,0.25,176.75
9322,46.655004,33.25,0.25,176.75
9323,46.660384,33.25,0.25,176.75
9324,46.665783,33.25,0.25,176.75
9325,46.670912,33.25,0.25,176.75
9326,46.674740,33.25,0.25,176.75
9327,46.679633,33.25,0.25,176.75
9328,46.684773,33.25,0.25,176.75
9329,46.689930,33.25,0.25,176.75
9330,46.694838,33.25,0.25,176.75
9331,46.699963,33.25,0.25,176.75
9332,46.705135,33.25,0.25,176.75
9333,46.710023,33.25,0.25,176.75
9334,46.715406,33.25,0.25,176.75
9335,46.720314,33.25,0.25,176.75
9336,46.725757,33.25,0.25,176.75
9337,46.729822,33.25,0.25,176.75
9338,46.734720,33.25,0.25,176.75
9339,46.739626,33.25,0.25,176.75
9340,46.744687,33.25,0.25,176.75
9341,46.749886,33.25,0.25,176.75
9342,46.754795,33.25,0.25,176.75
9343,46.759917,33.25,0.25,176.75
9344,46.765072,33.25,0.25,176.75
9345,46.769978,33.25,0.25,176.75
9346,46.775360,33.25,0.25,176.75
9347,46.780821,33.25,0.25,176.75
9348,46.785726,33.25,0.25,176.75
9349,46.789776,33.25,0.25,176.75
9350,46.794675,33.25,0.25,176.75
9351,46.801136,33.25,0.25,176.75
9352,46.804965,33.25,0.25,176.75
9353,46.809871,33.25,0.25,176.75
9354,46.814991,33.25,0.25,176.75
9355,46.820169,33.25,0.25,176.75
9356,46.825058,33.25,0.25,176.75
9357,46.830502,33.25,0.25,176.75
9358,46.834601,33.25,0.25,176.75
9359,46.842331,33.25,0.25,176.75
9360,46.844627,33.25,0.25,176.75
9361,46.850083,33.25,0.25,176.75
9362,46.854982,33.25,0.25,176.75
9363,46.859887,33.25,0.25,176.75
9364,46.865339,33.25,0.25,176.75
9365,46.870235,33.25,0.25,176.75
9366,46.875156,33.25,0.25,176.75
9367,46.880556,33.25,0.25,176.75
9368,46.885955,33.25,0.25,176.75
9369,46.889733,33.25,0.25,176.75
9370,46.894888,33.25,0.25,176.75
9371,46.899794,33.25,0.25,176.75
9372,46.905215,33.25,0.25,176.75
9373,46.910103,33.25,0.25,176.75
9374,46.915210,33.25,0.25,176.75
9375,46.920390,33.25,0.25,176.75
9376,46.925296,33.25,0.25,176.75
9377,46.930667,33.25,0.25,176.75
9378,46.935560,33.25,0.25,176.75
9379,46.941832,33.25,0.25,176.75
9380,46.945716,33.25,0.25,176.75
9381,46.949838,33.25,0.25,176.75
9382,46.954746,33.25,0.25,176.75
9383,46.960203,33.25,0.25,176.75
9384,46.965091,33.25,0.25,176.75
9385,46.970215,33.25,0.25,176.75
9386,46.975361,33.25,0.25,176.75
9387,46.980270,33.25,0.25,176.75
9388,46.985641,33.25,0.25,176.75
9389,46.990538,33.25,0.25,176.75
9390,46.994673,33.25,0.25,176.75
9391,47.000135,33.25,0.25,176.75
9392,47.005024,33.25,0.25,176.75
9393,47.010423,33.25,0.25,176.75
9394,47.015329,33.25,0.25,176.75
9395,47.020224,33.25,0.25,176.75
9396,47.025658,33.25,0.25,176.75
9397,47.030554,33.25,0.25,176.75
9398,47.035672,33.25,0.25,176.75
9399,47.042017,33.25,0.25,176.75
9400,47.046099,33.25,0.25,176.75
9401,47.049846,33.25,0.25,176.75
9402,47.055093,33.25,0.25,176.75
9403,47.059998,33.25,0.25,176.75
9404,47.065370,33.25,0.25,176.75
9405,47.070278,33.25,0.25,176.75
9406,47.075171,33.25,0.25,176.75
9407,47.080611,33.25,0.25,176.75
9408,47.085503,33.25,0.25,176.75
9409,47.090886,33.25,0.25,176.75
9410,47.096301,33.25,0.25,176.75
9411,47.099863,33.25,0.25,176.75
9412,47.105330,33.25,0.25,176.75
9413,47.110225,33.25,0.25,176.75
9414,47.115343,33.25,0.25,176.75
9415,47.120495,33.25,0.25,176.75
9416,47.125399,33.25,0.25,176.75
9417,47.130772,33.25,0.25,176.75
9418,47.135667,33.25,0.25,176.75
9419,47.141939,33.25,0.25,176.75
9420,47.145821,33.25,0.25,176.75
9421,47.149921,33.25,0.25,176.75
9422,47.157855,33.25,0.25,176.75
9423,47.160203,33.25,0.25,176.75
9424,47.165402,33.25,0.25,176.75
9425,47.170298,33.25,0.25,176.75
9426,47.175418,33.25,0.25,176.75
9427,47.180574,33.25,0.25,176.75
9428,47.185479,33.25,0.25,176.75
9429,47.190851,33.25,0.25,176.75
9430,47.195745,33.25,0.25,176.75
9431,47.199812,33.25,0.25,176.75
9432,47.205269,33.25,0.25,176.75
9433,47.210165,33.25,0.25,176.75
9434,47.215282,33.25,0.25,176.75
9435,47.220434,33.25,0.25,176.75
9436,47.225340,33.25,0.25,176.75
9437,47.230760,33.25,0.25,176.75
9438,47.235653,33.25,0.25,176.75
9439,47.242275,33.25,0.25,176.75
9440,47.245837,33.25,0.25,176.75
9441,47.250732,33.25,0.25,176.75
9442,47.254620,33.25,0.25,176.75
9443,47.260351,33.25,0.25,176.75
9444,47.265257,33.25,0.25,176.75
9445,47.270385,33.25,0.25,176.75
9446,47.275531,33.25,0.25,176.75
9447,47.280438,33.25,0.25,176.75
9448,47.285840,33.25,0.25,176.75
9449,47.290747,33.25,0.25,176.75
9450,47.295848,33.25,0.25,176.75
9451,47.299726,33.25,0.25,176.75
9452,47.304622,33.25,0.25,176.75
9453,47.309746,33.25,0.25,176.75
9454,47.315486,33.25,0.25,176.75
9455,47.320382,33.25,0.25,176.75
9456,47.325816,33.25,0.25,176.75
9457,47.330711,33.25,0.25,176.75
9458,47.335833,33.25,0.25,176.75
9459,47.339662,33.25,0.25,176.75
9460,47.345752,33.25,0.25,176.75
9461,47.349630,33.25,0.25,176.75
9462,47.354827,33.25,0.25,176.75
9463,47.359731,33.25,0.25,176.75
9464,47.365114,33.25,0.25,176.75
9465,47.370537,33.25,0.25,176.75
9466,47.375661,33.25,0.25,176.75
9467,47.380828,33.25,0.25,176.75
9468,47.385733,33.25,0.25,176.75
9469,47.391112,33.25,0.25,176.75
9470,47.394673,33.25,0.25,176.75
9471,47.400909,33.25,0.25,176.75
9472,47.404954,33.25,0.25,176.75
9473,47.409849,33.25,0.25,176.75
9474,47.414980,33.25,0.25,176.75
9475,47.420733,33.25,0.25,176.75
9476,47.425626,33.25,0.25,176.75
9477,47.429690,33.25,0.25,176.75
9478,47.434586,33.25,0.25,176.75
9479,47.442206,33.25,0.25,176.75
9480,47.446066,33.25,0.25,176.75
9481,47.449634,33.25,0.25,176.75
9482,47.456083,33.25,0.25,176.75
9483,47.459932,33.25,0.25,176.75
9484,47.464840,33.25,0.25,176.75
9485,47.469954,33.25,0.25,176.75
9486,47.475680,33.25,0.25,176.75
9487,47.480576,33.25,0.25,176.75
9488,47.485991,33.25,0.25,176.75
9489,47.490900,33.25,0.25,176.75
9490,47.496024,33.25,0.25,176.75
9491,47.499889,33.25,0.25,176.75
9492,47.504798,33.25,0.25,176.75
9493,47.509915,33.25,0.25,176.75
9494,47.515071,33.25,0.25,176.75
9495,47.519976,33.25,0.25,176.75
9496,47.525357,33.25,0.25,176.75
9497,47.530780,33.25,0.25,176.75
9498,47.535710,33.25,0.25,176.75
9499,47.539750,33.25,0.25,176.75
9500,47.545841,33.25,0.25,176.75
9501,47.550926,33.25,0.25,176.75
9502,47.554788,33.25,0.25,176.75
9503,47.559683,33.25,0.25,176.75
9504,47.564591,33.25,0.25,176.75
9505,47.570027,33.25,0.25,176.75
9506,47.574936,33.25,0.25,176.75
9507,47.580053,33.25,0.25,176.75
9508,47.585779,33.25,0.25,176.75
9509,47.590675,33.25,0.25,176.75
9510,47.594713,33.25,0.25,176.75
9511,47.599606,33.25,0.25,176.75
9512,47.606077,33.25,0.25,176.75
9513,47.609888,33.25,0.25,176.75
9514,47.614797,33.25,0.25,176.75
9515,47.619914,33.25,0.25,176.75
9516,47.625070,33.25,0.25,176.75
9517,47.629975,33.25,0.25,176.75
9518,47.635925,33.25,0.25,176.75
9519,47.642018,33.25,0.25,176.75
9520,47.645584,33.25,0.25,176.75
9521,47.651024,33.25,0.25,176.75
9522,47.654593,33.25,0.25,176.75
9523,47.660828,33.25,0.25,176.75
9524,47.664887,33.25,0.25,176.75
9525,47.669782,33.125,0.25,176.75
9526,47.674691,33.125,0.25,176.75
9527,47.680148,33.125,0.25,176.75
9528,47.685037,33.125,0.25,176.75
9529,47.690162,33.125,0.25,176.75
9530,47.695861,33.125,0.25,176.75
9531,47.700769,33.125,0.25,176.75
9532,47.704812,33.125,0.25,176.75
9533,47.709707,33.125,0.25,176.75
9534,47.714615,33.125,0.25,176.75
9535,47.720087,33.125,0.25,176.75
9536,47.724995,33.125,0.25,176.75
9537,47.730088,33.125,0.25,176.75
9538,47.735271,33.125,0.25,176.75
9539,47.740180,33.125,0.25,176.75
9540,47.745342,33.125,0.25,176.75
9541,47.749705,33.125,0.25,176.75
9542,47.754604,33.125,0.25,176.75
9543,47.759987,33.125,0.25,176.75
9544,47.764885,33.125,0.25,176.75
9545,47.769791,33.125,0.25,176.75
9546,47.775256,33.125,0.25,176.75
9547,47.780152,33.125,0.25,176.75
9548,47.785269,33.125,0.25,176.75
9549,47.790421,33.125,0.25,176.75
9550,47.795326,33.125,0.25,176.75
9551,47.801259,33.125,0.25,176.75
9552,47.804821,33.125,0.25,176.75
9553,47.809713,33.125,0.25,176.75
9554,47.815192,33.125,0.25,176.75
9555,47.820080,33.125,0.25,176.75
9556,47.825181,33.125,0.25,176.75
9557,47.830357,33.125,0.25,176.75
9558,47.835263,33.125,0.25,176.75
9559,47.840634,33.125,0.25,176.75
9560,47.845381,33.125,0.25,176.75
9561,47.850314,33.125,0.25,176.75
9562,47.856084,33.125,0.25,176.75
9563,47.859931,33.125,0.25,176.75
9564,47.864830,33.125,0.25,176.75
9565,47.869734,33.125,0.25,176.75
9566,47.875459,33.125,0.25,176.75
9567,47.880358,33.125,0.25,176.75
9568,47.885486,33.125,0.25,176.75
9569,47.890636,33.125,0.25,176.75
9570,47.895541,33.125,0.25,176.75
9571,47.900913,33.125,0.25,176.75
9572,47.905024,33.125,0.25,176.75
9573,47.909929,33.125,0.25,176.75
9574,47.915382,33.125,0.25,176.75
9575,47.920277,33.125,0.25,176.75
9576,47.925392,33.125,0.25,176.75
9577,47.930547,33.125,0.25,176.75
9578,47.935452,33.125,0.25,176.75
9579,47.940856,33.125,0.25,176.75
9580,47.945615,33.125,0.25,176.75
9581,47.950701,33.125,0.25,176.75
9582,47.956466,33.125,0.25,176.75
9583,47.960018,33.125,0.25,176.75
9584,47.965131,33.125,0.25,176.75
9585,47.970308,33.125,0.25,176.75
9586,47.975213,33.125,0.25,176.75
9587,47.980585,33.125,0.25,176.75
9588,47.985477,33.125,0.25,176.75
9589,47.990385,33.125,0.25,176.75
9590,47.995804,33.125,0.25,176.75
9591,48.000699,33.125,0.25,176.75
9592,48.005835,33.125,0.25,176.75
9593,48.010175,33.125,0.25,176.75
9594,48.015063,33.125,0.25,176.75
9595,48.020206,33.125,0.25,176.75
9596,48.025354,33.125,0.25,176.75
9597,48.030262,33.125,0.25,176.75
9598,48.035634,33.125,0.25,176.75
9599,48.040531,33.125,0.25,176.75
9600,48.045290,33.125,0.25,176.75
9601,48.050733,33.125,0.25,176.75
9602,48.055629,33.125,0.25,176.75
9603,48.060537,33.125,0.25,176.75
9604,48.066515,33.125,0.25,176.75
9605,48.070067,33.125,0.25,176.75
9606,48.075201,33.125,0.25,176.75
9607,48.080357,33.125,0.25,176.75
9608,48.085262,33.125,0.25,176.75
9609,48.090587,33.125,0.25,176.75
9610,48.095766,33.125,0.25,176.75
9611,48.100674,33.125,0.25,176.75
9612,48.106047,33.125,0.25,176.75
9613,48.109615,33.125,0.25,176.75
9614,48.115876,33.125,0.25,176.75
9615,48.119920,33.125,0.25,176.75
9616,48.125386,33.125,0.25,176.75
9617,48.130295,33.125,0.25,176.75
9618,48.135730,33.125,0.25,176.75
9619,48.140626,33.125,0.25,176.75
9620,48.145563,33.125,0.25,176.75
9621,48.150831,33.125,0.25,176.75
9622,48.158731,33.125,0.25,176.75
9623,48.161192,33.125,0.25,176.75
9624,48.165117,33.125,0.25,176.75
9625,48.170006,33.125,0.25,176.75
9626,48.175699,33.125,0.25,176.75
9627,48.180872,33.125,0.25,176.75
9628,48.185777,33.125,0.25,176.75
9629,48.191155,33.125,0.25,176.75
9630,48.194717,33.125,0.25,176.75
9631,48.199610,33.125,0.25,176.75
9632,48.205022,33.125,0.25,176.75
9633,48.209928,33.125,0.25,176.75
9634,48.215302,33.125,0.25,176.75
9635,48.220211,33.125,0.25,176.75
9636,48.225099,33.125,0.25,176.75
9637,48.231063,33.125,0.25,176.75
9638,48.234631,33.125,0.25,176.75
9639,48.241095,33.125,0.25,176.75
9640,48.245008,33.125,0.25,176.75
9641,48.249900,33.125,0.25,176.75
9642,48.254808,33.125,0.25,176.75
9643,48.260256,33.125,0.25,176.75
9644,48.265162,33.125,0.25,176.75
9645,48.270280,33.125,0.25,176.75
9646,48.275428,33.125,0.25,176.75
9647,48.280337,33.125,0.25,176.75
9648,48.285709,33.125,0.25,176.75
9649,48.289820,33.125,0.25,176.75
9650,48.294728,33.125,0.25,176.75
9651,48.300230,33.125,0.25,176.75
9652,48.305122,33.125,0.25,176.75
9653,48.310481,33.125,0.25,176.75
9654,48.315376,33.125,0.25,176.75
9655,48.320503,33.125,0.25,176.75
9656,48.325673,33.125,0.25,176.75
9657,48.330581,33.125,0.25,176.75
9658,48.335954,33.125,0.25,176.75
9659,48.340853,33.125,0.25,176.75
9660,48.345065,33.125,0.25,176.75
9661,48.350502,33.125,0.25,176.75
9662,48.355395,33.125,0.25,176.75
9663,48.360303,33.125,0.25,176.75
9664,48.365736,33.125,0.25,176.75
9665,48.370632,33.125,0.25,176.75
9666,48.375537,33.125,0.25,176.75
9667,48.380983,33.125,0.25,176.75
9668,48.385889,33.125,0.25,176.75
9669,48.389655,33.125,0.25,176.75
9670,48.394835,33.125,0.25,176.75
9671,48.399740,33.125,0.25,176.75
9672,48.405691,33.125,0.25,176.75
9673,48.410588,33.125,0.25,176.75
9674,48.415493,33.125,0.25,176.75
9675,48.420947,33.125,0.25,176.75
9676,48.425853,33.125,0.25,176.75
9677,48.430967,33.125,0.25,176.75
9678,48.434795,33.125,0.25,176.75
9679,48.439688,33.125,0.25,176.75
9680,48.445038,33.125,0.25,176.75
9681,48.450213,33.125,0.25,176.75
9682,48.455614,33.125,0.25,176.75
9683,48.459665,33.125,0.25,176.75
9684,48.465901,33.125,0.25,176.75
9685,48.471034,33.125,0.25,176.75
9686,48.474839,33.125,0.25,176.75
9687,48.479745,33.125,0.25,176.75
9688,48.484841,33.125,0.25,176.75
9689,48.490021,33.125,0.25,176.75
9690,48.494929,33.125,0.25,176.75
9691,48.500311,33.125,0.25,176.75
9692,48.505217,33.125,0.25,176.75
9693,48.510140,33.125,0.25,176.75
9694,48.516044,33.125,0.25,176.75
9695,48.519612,33.125,0.25,176.75
9696,48.524751,33.125,0.25,176.75
9697,48.529906,33.125,0.25,176.75
9698,48.534815,33.125,0.25,176.75
9699,48.540197,33.125,0.25,176.75
9700,48.545248,33.125,0.25,176.75
9701,48.550143,33.125,0.25,176.75
9702,48.555587,33.125,0.25,176.75
9703,48.560483,33.125,0.25,176.75
9704,48.565387,33.125,0.25,176.75
9705,48.571375,33.125,0.25,176.75
9706,48.574937,33.125,0.25,176.75
9707,48.580026,33.125,0.25,176.75
9708,48.585209,33.125,0.25,176.75
9709,48.590098,33.125,0.25,176.75
9710,48.595487,33.125,0.25,176.75
9711,48.600385,33.125,0.25,176.75
9712,48.605290,33.125,0.25,176.75
9713,48.610734,33.125,0.25,176.75
9714,48.615626,33.125,0.25,176.75
9715,48.621034,33.125,0.25,176.75
9716,48.625134,33.125,0.25,176.75
9717,48.630022,33.125,0.25,176.75
9718,48.635503,33.125,0.25,176.75
9719,48.640399,33.125,0.25,176.75
9720,48.645628,33.125,0.25,176.75
9721,48.650929,33.125,0.25,176.75
9722,48.655834,33.125,0.25,176.75
9723,48.660948,33.125,0.25,176.75
9724,48.664777,33.125,0.25,176.75
9725,48.669669,33.125,0.25,176.75
9726,48.674761,33.125,0.25,176.75
9727,48.680514,33.125,0.25,176.75
9728,48.685407,33.125,0.25,176.75
9729,48.690797,33.125,0.25,176.75
9730,48.695692,33.125,0.25,176.75
9731,48.700600,33.125,0.25,176.75
9732,48.704670,33.125,0.25,176.75
9733,48.710906,33.125,0.25,176.75
9734,48.716023,33.125,0.25,176.75
9735,48.719834,33.125,0.25,176.75
9736,48.724742,33.125,0.25,176.75
9737,48.729836,33.125,0.25,176.75
9738,48.735586,33.125,0.25,176.75
9739,48.740482,33.125,0.25,176.75
9740,48.745833,33.125,0.25,176.75
9741,48.749678,33.125,0.25,176.75
9742,48.755914,33.125,0.25,176.75
9743,48.759687,33.125,0.25,176.75
9744,48.764842,33.125,0.25,176.75
9745,48.769747,33.125,0.25,176.75
9746,48.775129,33.125,0.25,176.75
9747,48.780018,33.125,0.25,176.75
9748,48.785503,33.125,0.25,176.75
9749,48.790930,33.125,0.25,176.75
9750,48.795835,33.125,0.25,176.75
9751,48.800974,33.125,0.25,176.75
9752,48.804802,33.125,0.25,176.75
9753,48.809695,33.125,0.25,176.75
9754,48.814812,33.125,0.25,176.75
9755,48.819967,33.125,0.25,176.75
9756,48.824875,33.125,0.25,176.75
9757,48.830283,33.125,0.25,176.75
9758,48.835188,33.125,0.25,176.75
9759,48.840076,33.125,0.25,176.75
9760,48.845423,33.125,0.25,176.75
9761,48.851126,33.125,0.25,176.75
9762,48.854687,33.125,0.25,176.75
9763,48.861161,33.125,0.25,176.75
9764,48.864965,33.125,0.25,176.75
9765,48.869871,33.125,0.25,176.75
9766,48.875245,33.125,0.25,176.75
9767,48.880153,33.125,0.25,176.75
9768,48.885066,33.125,0.25,176.75
9769,48.890741,33.125,0.25,176.75
9770,48.894859,33.125,0.25,176.75
9771,48.899765,33.125,0.25,176.75
9772,48.905221,33.125,0.25,176.75
9773,48.910115,33.125,0.25,176.75
9774,48.915230,33.125,0.25,176.75
9775,48.920386,33.125,0.25,176.75
9776,48.925291,33.125,0.25,176.75
9777,48.930663,33.125,0.25,176.75
9778,48.935558,33.125,0.25,176.75
9779,48.940466,33.125,0.25,176.75
9780,48.945813,32.875,0.25,176.75
9781,48.949734,32.875,0.25,176.75
9782,48.955181,32.875,0.25,176.75
9783,48.960275,32.875,0.25,176.75
9784,48.965448,32.875,0.25,176.75
9785,48.970356,32.875,0.25,176.75
9786,48.975728,32.875,0.25,176.75
9787,48.980627,32.875,0.25,176.75
9788,48.985532,32.875,0.25,176.75
9789,48.990959,32.875,0.25,176.75
9790,48.995865,32.875,0.25,176.75
9791,49.001004,32.875,0.25,176.75
9792,49.005340,32.875,0.25,176.75
9793,49.010248,32.875,0.25,176.75
9794,49.015639,32.875,0.25,176.75
9795,49.020538,32.875,0.25,176.75
9796,49.025662,32.875,0.25,176.75
9797,49.030835,32.875,0.25,176.75
9798,49.035739,32.875,0.25,176.75
9799,49.041118,32.875,0.25,176.75
9800,49.044826,32.875,0.25,176.75
9801,49.049718,32.875,0.25,176.75
9802,49.055167,32.875,0.25,176.75
9803,49.060629,32.875,0.25,176.75
9804,49.065744,32.875,0.25,176.75
9805,49.070895,32.875,0.25,176.75
9806,49.075801,32.875,0.25,176.75
9807,49.081180,32.875,0.25,176.75
9808,49.084741,32.875,0.25,176.75
9809,49.089634,32.875,0.25,176.75
9810,49.095046,32.875,0.25,176.75
9811,49.099941,32.875,0.25,176.75
9812,49.104850,32.875,0.25,176.75
9813,49.110853,32.875,0.25,176.75
9814,49.115744,32.875,0.25,176.75
9815,49.120862,32.875,0.25,176.75
9816,49.124690,32.875,0.25,176.75
9817,49.130925,32.875,0.25,176.75
9818,49.134971,32.875,0.25,176.75
9819,49.139866,32.875,0.25,176.75
9820,49.145008,32.875,0.25,176.75
9821,49.150170,32.875,0.25,176.75
9822,49.159383,32.875,0.25,176.75
9823,49.161729,32.875,0.25,176.75
9824,49.166077,32.875,0.25,176.75
9825,49.169646,32.875,0.25,176.75
9826,49.174762,32.875,0.25,176.75
9827,49.179915,32.875,0.25,176.75
9828,49.184823,32.875,0.25,176.75
9829,49.190269,32.875,0.25,176.75
9830,49.195161,32.875,0.25,176.75
9831,49.200555,32.875,0.25,176.75
9832,49.205451,32.875,0.25,176.75
9833,49.210359,32.875,0.25,176.75
9834,49.216304,32.875,0.25,176.75
9835,49.219866,32.875,0.25,176.75
9836,49.224761,32.875,0.25,176.75
9837,49.230215,32.875,0.25,176.75
9838,49.235103,32.875,0.25,176.75
9839,49.240228,32.875,0.25,176.75
9840,49.245374,32.875,0.25,176.75
9841,49.250282,32.875,0.25,176.75
9842,49.255665,32.875,0.25,176.75
9843,49.260816,32.875,0.25,176.75
9844,49.265721,32.875,0.25,176.75
9845,49.270095,32.875,0.25,176.75
9846,49.275251,32.875,0.25,176.75
9847,49.280159,32.875,0.25,176.75
9848,49.285531,32.875,0.25,176.75
9849,49.290430,32.875,0.25,176.75
9850,49.295336,32.875,0.25,176.75
9851,49.300753,32.875,0.25,176.75
9852,49.305646,32.875,0.25,176.75
9853,49.310754,32.875,0.25,176.75
9854,49.314610,32.875,0.25,176.75
9855,49.320845,32.875,0.25,176.75
9856,49.326249,32.875,0.25,176.75
9857,49.330345,32.875,0.25,176.75
9858,49.335237,32.875,0.25,176.75
9859,49.340664,32.875,0.25,176.75
9860,49.345557,32.875,0.25,176.75
9861,49.350693,32.875,0.25,176.75
9862,49.355980,32.875,0.25,176.75
9863,49.360889,32.875,0.25,176.75
9864,49.365972,32.875,0.25,176.75
9865,49.369843,32.875,0.25,176.75
9866,49.374740,32.875,0.25,176.75
9867,49.379645,32.875,0.25,176.75
9868,49.385599,32.875,0.25,176.75
9869,49.390498,32.875,0.25,176.75
9870,49.395880,32.875,0.25,176.75
9871,49.400779,32.875,0.25,176.75
9872,49.405709,32.875,0.25,176.75
9873,49.409753,32.875,0.25,176.75
9874,49.414650,32.875,0.25,176.75
9875,49.421117,32.875,0.25,176.75
9876,49.424918,32.875,0.25,176.75
9877,49.429823,32.875,0.25,176.75
9878,49.435272,32.875,0.25,176.75
9879,49.440695,32.875,0.25,176.75
9880,49.445600,32.875,0.25,176.75
9881,49.449664,32.875,0.25,176.75
9882,49.454820,32.875,0.25,176.75
9883,49.459902,32.875,0.25,176.75
9884,49.465173,32.875,0.25,176.75
9885,49.470062,32.875,0.25,176.75
9886,49.475211,32.875,0.25,176.75
9887,49.480363,32.875,0.25,176.75
9888,49.485269,32.875,0.25,176.75
9889,49.491201,32.875,0.25,176.75
9890,49.494762,32.875,0.25,176.75
9891,49.499876,32.875,0.25,176.75
9892,49.505032,32.875,0.25,176.75
9893,49.509938,32.875,0.25,176.75
9894,49.515319,32.875,0.25,176.75
9895,49.520228,32.875,0.25,176.75
9896,49.525119,32.875,0.25,176.75
9897,49.530535,32.875,0.25,176.75
9898,49.535427,32.875,0.25,176.75
9899,49.540810,32.875,0.25,176.75
9900,49.544921,32.875,0.25,176.75
9901,49.549827,32.875,0.25,176.75
9902,49.555279,32.875,0.25,176.75
9903,49.560175,32.875,0.25,176.75
9904,49.565397,32.875,0.25,176.75
9905,49.570671,32.875,0.25,176.75
9906,49.575563,32.875,0.25,176.75
9907,49.580699,32.875,0.25,176.75
9908,49.585855,32.875,0.25,176.75
9909,49.590762,32.875,0.25,176.75
9910,49.594862,32.875,0.25,176.75
9911,49.600298,32.875,0.25,176.75
9912,49.605190,32.875,0.25,176.75
9913,49.610573,32.875,0.25,176.75
9914,49.615469,32.875,0.25,176.75
9915,49.620377,32.875,0.25,176.75
9916,49.625817,32.875,0.25,176.75
9917,49.630712,32.875,0.25,176.75
9918,49.635849,32.875,0.25,176.75
9919,49.639677,32.875,0.25,176.75
9920,49.645913,32.875,0.25,176.75
9921,49.649719,32.875,0.25,176.75
9922,49.655462,32.875,0.25,176.75
9923,49.660358,32.875,0.25,176.75
9924,49.665709,32.875,0.25,176.75
9925,49.670884,32.875,0.25,176.75
9926,49.675790,32.875,0.25,176.75
9927,49.681168,32.875,0.25,176.75
9928,49.684730,32.875,0.25,176.75
9929,49.689623,32.875,0.25,176.75
9930,49.695060,32.875,0.25,176.75
9931,49.699966,32.875,0.25,176.75
9932,49.705086,32.875,0.25,176.75
9933,49.710741,32.875,0.25,176.75
9934,49.715637,32.875,0.25,176.75
9935,49.721022,32.875,0.25,176.75
9936,49.724591,32.875,0.25,176.75
9937,49.730826,32.875,0.25,176.75
9938,49.734870,32.875,0.25,176.75
9939,49.739766,32.875,0.25,176.75
9940,49.744674,32.875,0.25,176.75
9941,49.750132,32.875,0.25,176.75
9942,49.755020,32.875,0.25,176.75
9943,49.760417,32.875,0.25,176.75
9944,49.765978,32.875,0.25,176.75
9945,49.771065,32.875,0.25,176.75
9946,49.774931,32.875,0.25,176.75
9947,49.779827,32.875,0.25,176.75
9948,49.784735,32.875,0.25,176.75
9949,49.790193,32.875,0.25,176.75
9950,49.795081,32.875,0.25,176.75
9951,49.800204,32.875,0.25,176.75
9952,49.805352,32.875,0.25,176.75
9953,49.810261,32.875,0.25,176.75
9954,49.815657,32.875,0.25,176.75
9955,49.819756,32.875,0.25,176.75
9956,49.824652,32.875,0.25,176.75
9957,49.830081,32.875,0.25,176.75
9958,49.834990,32.875,0.25,176.75
9959,49.840117,32.875,0.25,176.75
9960,49.845263,32.875,0.25,176.75
9961,49.850171,32.875,0.25,176.75
9962,49.855543,32.875,0.25,176.75
9963,49.860442,32.875,0.25,176.75
9964,49.865348,32.875,0.25,176.75
9965,49.871292,32.875,0.25,176.75
9966,49.874999,32.875,0.25,176.75
9967,49.879891,32.875,0.25,176.75
9968,49.885362,32.875,0.25,176.75
9969,49.890271,32.875,0.25,176.75
9970,49.895163,32.875,0.25,176.75
9971,49.900642,32.875,0.25,176.75
9972,49.905535,32.875,0.25,176.75
9973,49.910670,32.875,0.25,176.75
9974,49.914734,32.875,0.25,176.75
9975,49.919627,32.875,0.25,176.75
9976,49.926060,32.875,0.25,176.75
9977,49.930423,32.875,0.25,176.75
9978,49.935329,32.875,0.25,176.75
9979,49.940456,32.875,0.25,176.75
9980,49.945603,32.875,0.25,176.75
9981,49.950511,32.875,0.25,176.75
9982,49.955883,32.875,0.25,176.75
9983,49.960782,32.875,0.25,176.75
9984,49.965711,32.875,0.25,176.75
9985,49.969756,32.875,0.25,176.75
9986,49.974800,32.875,0.25,176.75
9987,49.979729,32.875,0.25,176.75
9988,49.985177,32.875,0.25,176.75
9989,49.990614,32.875,0.25,176.75
9990,49.995519,32.875,0.25,176.75
9991,50.000963,32.875,0.25,176.75
9992,50.005869,32.875,0.25,176.75
9993,50.010961,32.875,0.25,176.75
9994,50.014816,32.875,0.25,176.75
9995,50.019708,32.875,0.25,176.75
9996,50.025095,32.875,0.25,176.75
9997,50.029991,32.875,0.25,176.75
9998,50.035782,32.875,0.25,176.75
9999,50.039611,32.875,0.25,176.75
10000,50.045847,32.875,0.25,176.75
10001,50.051250,32.875,0.25,176.75
10002,50.054812,32.875,0.25,176.75
10003,50.059704,32.875,0.25,176.75
10004,50.065212,32.875,0.25,176.75
10005,50.070100,32.875,0.25,176.75
10006,50.075332,32.875,0.25,176.75
10007,50.080604,32.875,0.25,176.75
10008,50.084722,32.875,0.25,176.75
10009,50.089856,32.875,0.25,176.75
10010,50.095012,32.875,0.25,176.75
10011,50.099918,32.875,0.25,176.75
10012,50.105274,32.875,0.25,176.75
10013,50.110183,32.875,0.25,176.75
10014,50.115071,32.875,0.25,176.75
10015,50.120515,32.875,0.25,176.75
10016,50.125407,32.875,0.25,176.75
10017,50.130790,32.875,0.25,176.75
10018,50.135710,32.875,0.25,176.75
10019,50.139818,32.875,0.25,176.75
10020,50.145284,32.875,0.25,176.75
10021,50.150179,32.875,0.25,176.75
10022,50.159631,32.875,0.25,176.75
10023,50.161969,32.875,0.25,176.75
10024,50.165826,32.875,0.25,176.75
10025,50.170725,32.875,0.25,176.75
10026,50.175509,32.875,0.25,176.75
10027,50.180921,32.875,0.25,176.75
10028,50.185816,32.875,0.25,176.75
10029,50.190725,32.875,0.25,176.75
10030,50.194808,32.875,0.25,176.75
10031,50.200253,32.875,0.25,176.75
10032,50.205392,32.875,0.25,176.75
10033,50.210545,32.875,0.25,176.75
10034,50.215449,32.875,0.25,176.75
10035,50.220928,32.75,0.25,176.75
10036,50.225834,32.75,0.25,176.75
10037,50.230957,32.75,0.25,176.75
10038,50.234787,32.75,0.25,176.75
10039,50.239679,32.75,0.25,176.75
10040,50.245092,32.75,0.25,176.75
10041,50.250523,32.75,0.25,176.75
10042,50.255637,32.75,0.25,176.75
10043,50.260789,32.75,0.25,176.75
10044,50.265694,32.75,0.25,176.75
10045,50.271066,32.75,0.25,176.75
10046,50.274604,32.75,0.25,176.75
10047,50.280840,32.75,0.25,176.75
10048,50.284715,32.75,0.25,176.75
10049,50.289914,32.75,0.25,176.75
10050,50.294822,32.75,0.25,176.75
10051,50.300768,32.75,0.25,176.75
10052,50.305664,32.75,0.25,176.75
10053,50.310790,32.75,0.25,176.75
10054,50.314633,32.75,0.25,176.75
10055,50.320869,32.75,0.25,176.75
10056,50.326223,32.75,0.25,176.75
10057,50.329784,32.75,0.25,176.75
10058,50.334680,32.75,0.25,176.75
10059,50.340064,32.75,0.25,176.75
10060,50.344962,32.75,0.25,176.75
10061,50.349868,32.75,0.25,176.75
10062,50.355347,32.75,0.25,176.75
10063,50.360771,32.75,0.25,176.75
10064,50.365904,32.75,0.25,176.75
10065,50.369733,32.75,0.25,176.75
10066,50.375823,32.75,0.25,176.75
10067,50.381026,32.75,0.25,176.75
10068,50.384854,32.75,0.25,176.75
10069,50.389760,32.75,0.25,176.75
10070,50.394878,32.75,0.25,176.75
10071,50.400036,32.75,0.25,176.75
10072,50.404944,32.75,0.25,176.75
10073,50.410388,32.75,0.25,176.75
10074,50.415799,32.75,0.25,176.75
10075,50.421157,32.75,0.25,176.75
10076,50.424720,32.75,0.25,176.75
10077,50.429612,32.75,0.25,176.75
10078,50.435049,32.75,0.25,176.75
10079,50.439955,32.75,0.25,176.75
10080,50.445158,32.75,0.25,176.75
10081,50.450312,32.75,0.25,176.75
10082,50.455218,32.75,0.25,176.75
10083,50.460586,32.75,0.25,176.75
10084,50.465479,32.75,0.25,176.75
10085,50.469618,32.75,0.25,176.75
10086,50.474835,32.75,0.25,176.75
10087,50.479729,32.75,0.25,176.75
10088,50.484637,32.75,0.25,176.75
10089,50.490073,32.75,0.25,176.75
10090,50.494972,32.75,0.25,176.75
10091,50.500123,32.75,0.25,176.75
10092,50.505281,32.75,0.25,176.75
10093,50.510189,32.75,0.25,176.75
10094,50.515561,32.75,0.25,176.75
10095,50.519685,32.75,0.25,176.75
10096,50.525921,32.75,0.25,176.75
10097,50.529984,32.75,0.25,176.75
10098,50.534883,32.75,0.25,176.75
10099,50.540009,32.75,0.25,176.75
10100,50.545170,32.75,0.25,176.75
10101,50.550058,32.75,0.25,176.75
10102,50.555450,32.75,0.25,176.75
10103,50.560349,32.75,0.25,176.75
10104,50.565254,32.75,0.25,176.75
10105,50.571245,32.75,0.25,176.75
10106,50.574661,32.75,0.25,176.75
10107,50.581075,32.75,0.25,176.75
10108,50.584959,32.75,0.25,176.75
10109,50.589854,32.75,0.25,176.75
10110,50.594762,32.75,0.25,176.75
10111,50.600221,32.75,0.25,176.75
10112,50.605112,32.75,0.25,176.75
10113,50.610231,32.75,0.25,176.75
10114,50.615379,32.75,0.25,176.75
10115,50.620288,32.75,0.25,176.75
10116,50.625729,32.75,0.25,176.75
10117,50.629820,32.75,0.25,176.75
10118,50.634946,32.75,0.25,176.75
10119,50.640101,32.75,0.25,176.75
10120,50.645009,32.75,0.25,176.75
10121,50.650417,32.75,0.25,176.75
10122,50.655322,32.75,0.25,176.75
10123,50.660218,32.75,0.25,176.75
10124,50.665651,32.75,0.25,176.75
10125,50.670547,32.75,0.25,176.75
10126,50.675475,32.75,0.25,176.75
10127,50.681269,32.75,0.25,176.75
10128,50.684831,32.75,0.25,176.75
10129,50.689748,32.75,0.25,176.75
10130,50.695178,32.75,0.25,176.75
10131,50.700066,32.75,0.25,176.75
10132,50.705187,32.75,0.25,176.75
10133,50.710343,32.75,0.25,176.75
10134,50.715248,32.75,0.25,176.75
10135,50.720620,32.75,0.25,176.75
10136,50.725513,32.75,0.25,176.75
10137,50.730420,32.75,0.25,176.75
10138,50.736394,32.75,0.25,176.75
10139,50.739956,32.75,0.25,176.75
10140,50.745085,32.75,0.25,176.75
10141,50.750254,32.75,0.25,176.75
10142,50.755159,32.75,0.25,176.75
10143,50.760531,32.75,0.25,176.75
10144,50.765426,32.75,0.25,176.75
10145,50.770335,32.75,0.25,176.75
10146,50.775580,32.75,0.25,176.75
10147,50.780476,32.75,0.25,176.75
10148,50.784605,32.75,0.25,176.75
10149,50.790043,32.75,0.25,176.75
10150,50.794941,32.75,0.25,176.75
10151,50.799847,32.75,0.25,176.75
10152,50.805302,32.75,0.25,176.75
10153,50.810198,32.75,0.25,176.75
10154,50.815290,32.75,0.25,176.75
10155,50.820467,32.75,0.25,176.75
10156,50.825372,32.75,0.25,176.75
10157,50.830744,32.75,0.25,176.75
10158,50.834826,32.75,0.25,176.75
10159,50.839721,32.75,0.25,176.75
10160,50.845187,32.75,0.25,176.75
10161,50.850075,32.75,0.25,176.75
10162,50.855200,32.75,0.25,176.75
10163,50.860353,32.75,0.25,176.75
10164,50.865258,32.75,0.25,176.75
10165,50.870629,32.75,0.25,176.75
10166,50.875376,32.75,0.25,176.75
10167,50.880285,32.75,0.25,176.75
10168,50.885729,32.75,0.25,176.75
10169,50.889900,32.75,0.25,176.75
10170,50.894809,32.75,0.25,176.75
10171,50.900265,32.75,0.25,176.75
10172,50.905157,32.75,0.25,176.75
10173,50.910565,32.75,0.25,176.75
10174,50.915461,32.75,0.25,176.75
10175,50.920393,32.75,0.25,176.75
10176,50.925809,32.75,0.25,176.75
10177,50.930705,32.75,0.25,176.75
10178,50.935841,32.75,0.25,176.75
10179,50.939905,32.75,0.25,176.75
10180,50.945368,32.75,0.25,176.75
10181,50.950496,32.75,0.25,176.75
10182,50.955659,32.75,0.25,176.75
10183,50.960567,32.75,0.25,176.75
10184,50.965990,32.75,0.25,176.75
10185,50.970899,32.75,0.25,176.75
10186,50.975830,32.75,0.25,176.75
10187,50.979713,32.75,0.25,176.75
10188,50.984612,32.75,0.25,176.75
10189,50.991090,32.75,0.25,176.75
10190,50.994927,32.75,0.25,176.75
10191,51.000371,32.75,0.25,176.75
10192,51.005480,32.75,0.25,176.75
10193,51.010638,32.75,0.25,176.75
10194,51.015542,32.75,0.25,176.75
10195,51.020914,32.75,0.25,176.75
10196,51.025810,32.75,0.25,176.75
10197,51.030718,32.75,0.25,176.75
10198,51.034762,32.75,0.25,176.75
10199,51.039658,32.75,0.25,176.75
10200,51.046091,32.75,0.25,176.75
10201,51.050438,32.75,0.25,176.75
10202,51.055331,32.75,0.25,176.75
10203,51.060459,32.75,0.25,176.75
10204,51.065609,32.75,0.25,176.75
10205,51.070517,32.75,0.25,176.75
10206,51.075567,32.75,0.25,176.75
10207,51.080838,32.75,0.25,176.75
10208,51.085743,32.75,0.25,176.75
10209,51.090880,32.75,0.25,176.75
10210,51.094708,32.75,0.25,176.75
10211,51.099601,32.75,0.25,176.75
10212,51.104918,32.75,0.25,176.75
10213,51.110646,32.75,0.25,176.75
10214,51.115539,32.75,0.25,176.75
10215,51.120929,32.75,0.25,176.75
10216,51.125825,32.75,0.25,176.75
10217,51.130733,32.75,0.25,176.75
10218,51.134802,32.75,0.25,176.75
10219,51.139697,32.75,0.25,176.75
10220,51.144605,32.75,0.25,176.75
10221,51.150041,32.75,0.25,176.75
10222,51.160772,32.75,0.25,176.75
10223,51.163093,32.75,0.25,176.75
10224,51.167453,32.75,0.25,176.75
10225,51.171008,32.75,0.25,176.75
10226,51.176363,32.75,0.25,176.75
10227,51.181643,32.75,0.25,176.75
10228,51.186535,32.75,0.25,176.75
10229,51.191918,32.75,0.25,176.75
10230,51.196814,32.75,0.25,176.75
10231,51.201722,32.75,0.25,176.75
10232,51.205841,32.75,0.25,176.75
10233,51.210739,32.75,0.25,176.75
10234,51.217176,32.75,0.25,176.75
10235,51.221523,32.75,0.25,176.75
10236,51.226418,32.75,0.25,176.75
10237,51.231532,32.75,0.25,176.75
10238,51.236711,32.75,0.25,176.75
10239,51.241620,32.75,0.25,176.75
10240,51.246992,32.75,0.25,176.75
10241,51.251891,32.75,0.25,176.75
10242,51.256796,32.75,0.25,176.75
10243,51.260890,32.75,0.25,176.75
10244,51.265786,32.75,0.25,176.75
10245,51.271224,32.75,0.25,176.75
10246,51.276730,32.75,0.25,176.75
10247,51.281626,32.75,0.25,176.75
10248,51.286721,32.75,0.25,176.75
10249,51.291972,32.75,0.25,176.75
10250,51.296878,32.75,0.25,176.75
10251,51.301994,32.75,0.25,176.75
10252,51.305810,32.75,0.25,176.75
10253,51.310719,32.75,0.25,176.75
10254,51.315808,32.75,0.25,176.75
10255,51.320994,32.75,0.25,176.75
10256,51.325899,32.75,0.25,176.75
10257,51.331324,32.75,0.25,176.75
10258,51.336744,32.75,0.25,176.75
10259,51.341838,32.75,0.25,176.75
10260,51.345684,32.75,0.25,176.75
10261,51.351920,32.75,0.25,176.75
10262,51.357298,32.75,0.25,176.75
10263,51.360863,32.75,0.25,176.75
10264,51.365755,32.75,0.25,176.75
10265,51.371213,32.75,0.25,176.75
10266,51.376251,32.75,0.25,176.75
10267,51.381450,32.75,0.25,176.75
10268,51.385795,32.75,0.25,176.75
10269,51.390694,32.75,0.25,176.75
10270,51.396076,32.75,0.25,176.75
10271,51.400975,32.75,0.25,176.75
10272,51.405881,32.75,0.25,176.75
10273,51.411349,32.75,0.25,176.75
10274,51.416241,32.75,0.25,176.75
10275,51.421384,32.75,0.25,176.75
10276,51.426533,32.75,0.25,176.75
10277,51.431441,32.75,0.25,176.75
10278,51.436837,32.75,0.25,176.75
10279,51.440924,32.75,0.25,176.75
10280,51.445830,32.75,0.25,176.75
10281,51.451284,32.75,0.25,176.75
10282,51.456177,32.75,0.25,176.75
10283,51.461560,32.75,0.25,176.75
10284,51.466456,32.75,0.25,176.75
10285,51.471365,32.75,0.25,176.75
10286,51.476884,32.75,0.25,176.75
10287,51.481779,32.75,0.25,176.75
10288,51.486684,32.75,0.25,176.75
10289,51.492154,32.625,0.25,176.75
10290,51.496265,32.625,0.25,176.75
10291,51.501160,32.625,0.25,176.75
10292,51.506606,32.625,0.25,176.75
10293,51.511502,32.625,0.25,176.75
10294,51.516431,32.625,0.25,176.75
10295,51.521835,32.625,0.25,176.75
10296,51.526739,32.625,0.25,176.75
10297,51.531876,32.625,0.25,176.75
10298,51.535704,32.625,0.25,176.75
10299,51.541940,32.625,0.25,176.75
10300,51.546038,32.625,0.25,176.75
10301,51.551474,32.625,0.25,176.75
10302,51.556367,32.625,0.25,176.75
10303,51.561750,32.625,0.25,176.75
10304,51.566646,32.625,0.25,176.75
10305,51.571785,32.625,0.25,176.75
10306,51.577088,32.625,0.25,176.75
10307,51.581997,32.625,0.25,176.75
10308,51.585741,32.625,0.25,176.75
10309,51.590993,32.625,0.25,176.75
10310,51.595899,32.625,0.25,176.75
10311,51.601836,32.625,0.25,176.75
10312,51.606730,32.625,0.25,176.75
10313,51.611639,32.625,0.25,176.75
10314,51.617061,32.625,0.25,176.75
10315,51.621970,32.625,0.25,176.75
10316,51.627087,32.625,0.25,176.75
10317,51.630901,32.625,0.25,176.75
10318,51.635808,32.625,0.25,176.75
10319,51.640728,32.625,0.25,176.75
10320,51.646156,32.625,0.25,176.75
10321,51.651607,32.625,0.25,176.75
10322,51.656738,32.625,0.25,176.75
10323,51.661896,32.625,0.25,176.75
10324,51.666802,32.625,0.25,176.75
10325,51.672181,32.625,0.25,176.75
10326,51.677233,32.625,0.25,176.75
10327,51.680785,32.625,0.25,176.75
10328,51.686279,32.625,0.25,176.75
10329,51.691188,32.625,0.25,176.75
10330,51.696076,32.625,0.25,176.75
10331,51.702004,32.625,0.25,176.75
10332,51.706897,32.625,0.25,176.75
10333,51.712292,32.625,0.25,176.75
10334,51.715854,32.625,0.25,176.75
10335,51.720749,32.625,0.25,176.75
10336,51.726201,32.625,0.25,176.75
10337,51.731092,32.625,0.25,176.75
10338,51.736457,32.625,0.25,176.75
10339,51.741355,32.625,0.25,176.75
10340,51.746473,32.625,0.25,176.75
10341,51.751627,32.625,0.25,176.75
10342,51.756532,32.625,0.25,176.75
10343,51.762190,32.625,0.25,176.75
10344,51.766019,32.625,0.25,176.75
10345,51.770928,32.625,0.25,176.75
10346,51.777492,32.625,0.25,176.75
10347,51.781365,32.625,0.25,176.75
10348,51.786270,32.625,0.25,176.75
10349,51.791165,32.625,0.25,176.75
10350,51.796592,32.625,0.25,176.75
10351,51.801487,32.625,0.25,176.75
10352,51.806598,32.625,0.25,176.75
10353,51.811781,32.625,0.25,176.75
10354,51.816686,32.625,0.25,176.75
10355,51.822083,32.625,0.25,176.75
10356,51.826183,32.625,0.25,176.75
10357,51.831074,32.625,0.25,176.75
10358,51.836502,32.625,0.25,176.75
10359,51.841398,32.625,0.25,176.75
10360,51.846533,32.625,0.25,176.75
10361,51.851692,32.625,0.25,176.75
10362,51.856597,32.625,0.25,176.75
10363,51.862020,32.625,0.25,176.75
10364,51.866915,32.625,0.25,176.75
10365,51.871824,32.625,0.25,176.75
10366,51.877607,32.625,0.25,176.75
10367,51.881423,32.625,0.25,176.75
10368,51.886390,32.625,0.25,176.75
10369,51.891299,32.625,0.25,176.75
10370,51.896686,32.625,0.25,176.75
10371,51.901585,32.625,0.25,176.75
10372,51.906490,32.625,0.25,176.75
10373,51.911929,32.625,0.25,176.75
10374,51.916834,32.625,0.25,176.75
10375,51.921951,32.625,0.25,176.75
10376,51.926288,32.625,0.25,176.75
10377,51.931197,32.625,0.25,176.75
10378,51.936587,32.625,0.25,176.75
10379,51.941482,32.625,0.25,176.75
10380,51.946386,32.625,0.25,176.75
10381,51.951821,32.625,0.25,176.75
10382,51.956726,32.625,0.25,176.75
10383,51.962116,32.625,0.25,176.75
10384,51.965885,32.625,0.25,176.75
10385,51.970794,32.625,0.25,176.75
10386,51.977481,32.625,0.25,176.75
10387,51.981314,32.625,0.25,176.75
10388,51.986888,32.625,0.25,176.75
10389,51.991797,32.625,0.25,176.75
10390,51.995850,32.625,0.25,176.75
10391,52.000748,32.625,0.25,176.75
10392,52.007209,32.625,0.25,176.75
10393,52.011018,32.625,0.25,176.75
10394,52.015924,32.625,0.25,176.75
10395,52.021040,32.625,0.25,176.75
10396,52.026196,32.625,0.25,176.75
10397,52.031088,32.625,0.25,176.75
10398,52.036479,32.625,0.25,176.75
10399,52.041905,32.625,0.25,176.75
10400,52.047039,32.625,0.25,176.75
10401,52.050854,32.625,0.25,176.75
10402,52.055759,32.625,0.25,176.75
10403,52.060852,32.625,0.25,176.75
10404,52.066032,32.625,0.25,176.75
10405,52.070940,32.625,0.25,176.75
10406,52.077788,32.625,0.25,176.75
10407,52.081357,32.625,0.25,176.75
10408,52.086249,32.625,0.25,176.75
10409,52.091711,32.625,0.25,176.75
10410,52.095800,32.625,0.25,176.75
10411,52.100696,32.625,0.25,176.75
10412,52.106167,32.625,0.25,176.75
10413,52.111058,32.625,0.25,176.75
10414,52.116179,32.625,0.25,176.75
10415,52.121384,32.625,0.25,176.75
10416,52.126290,32.625,0.25,176.75
10417,52.131661,32.625,0.25,176.75
10418,52.136554,32.625,0.25,176.75
10419,52.141674,32.625,0.25,176.75
10420,52.146003,32.625,0.25,176.75
10421,52.150899,32.625,0.25,176.75
10422,52.161914,32.625,0.25,176.75
10423,52.164139,32.625,0.25,176.75
10424,52.167701,32.625,0.25,176.75
10425,52.172824,32.625,0.25,176.75
10426,52.177849,32.625,0.25,176.75
10427,52.182809,32.625,0.25,176.75
10428,52.187715,32.625,0.25,176.75
10429,52.192928,32.625,0.25,176.75
10430,52.198700,32.625,0.25,176.75
10431,52.202272,32.625,0.25,176.75
10432,52.207192,32.625,0.25,176.75
10433,52.212615,32.625,0.25,176.75
10434,52.217508,32.625,0.25,176.75
10435,52.222626,32.625,0.25,176.75
10436,52.227776,32.625,0.25,176.75
10437,52.232685,32.625,0.25,176.75
10438,52.238057,32.625,0.25,176.75
10439,52.242956,32.625,0.25,176.75
10440,52.247862,32.625,0.25,176.75
10441,52.253800,32.625,0.25,176.75
10442,52.257368,32.625,0.25,176.75
10443,52.262487,32.625,0.25,176.75
10444,52.267638,32.625,0.25,176.75
10445,52.272546,32.625,0.25,176.75
10446,52.277793,32.625,0.25,176.75
10447,52.282692,32.625,0.25,176.75
10448,52.287596,32.625,0.25,176.75
10449,52.293042,32.625,0.25,176.75
10450,52.297938,32.625,0.25,176.75
10451,52.303351,32.625,0.25,176.75
10452,52.307412,32.625,0.25,176.75
10453,52.312320,32.625,0.25,176.75
10454,52.317213,32.625,0.25,176.75
10455,52.322664,32.625,0.25,176.75
10456,52.327556,32.625,0.25,176.75
10457,52.332679,32.625,0.25,176.75
10458,52.337826,32.625,0.25,176.75
10459,52.342733,32.625,0.25,176.75
10460,52.348081,32.625,0.25,176.75
10461,52.353488,32.625,0.25,176.75
10462,52.357037,32.625,0.25,176.75
10463,52.362500,32.625,0.25,176.75
10464,52.367392,32.625,0.25,176.75
10465,52.372506,32.625,0.25,176.75
10466,52.377541,32.625,0.25,176.75
10467,52.382448,32.625,0.25,176.75
10468,52.387677,32.625,0.25,176.75
10469,52.392829,32.625,0.25,176.75
10470,52.397733,32.625,0.25,176.75
10471,52.403112,32.625,0.25,176.75
10472,52.408001,32.625,0.25,176.75
10473,52.412148,32.625,0.25,176.75
10474,52.417575,32.625,0.25,176.75
10475,52.422471,32.625,0.25,176.75
10476,52.427598,32.625,0.25,176.75
10477,52.432764,32.625,0.25,176.75
10478,52.437669,32.625,0.25,176.75
10479,52.443041,32.625,0.25,176.75
10480,52.447934,32.625,0.25,176.75
10481,52.452867,32.625,0.25,176.75
10482,52.456964,32.625,0.25,176.75
10483,52.463206,32.625,0.25,176.75
10484,52.468324,32.625,0.25,176.75
10485,52.472646,32.625,0.25,176.75
10486,52.477396,32.625,0.25,176.75
10487,52.482613,32.625,0.25,176.75
10488,52.487785,32.625,0.25,176.75
10489,52.492693,32.625,0.25,176.75
10490,52.498066,32.625,0.25,176.75
10491,52.502965,32.625,0.25,176.75
10492,52.507895,32.625,0.25,176.75
10493,52.511939,32.625,0.25,176.75
10494,52.518178,32.625,0.25,176.75
10495,52.522293,32.625,0.25,176.75
10496,52.527698,32.625,0.25,176.75
10497,52.532594,32.625,0.25,176.75
10498,52.538026,32.625,0.25,176.75
10499,52.542925,32.625,0.25,176.75
10500,52.547831,32.625,0.25,176.75
10501,52.553269,32.625,0.25,176.75
10502,52.558161,32.625,0.25,176.75
10503,52.563284,32.625,0.25,176.75
10504,52.567089,32.625,0.25,176.75
10505,52.571998,32.625,0.25,176.75
10506,52.577268,32.625,0.25,176.75
10507,52.582677,32.625,0.25,176.75
10508,52.587570,32.625,0.25,176.75
10509,52.592479,32.625,0.25,176.75
10510,52.597920,32.625,0.25,176.75
10511,52.602828,32.625,0.25,176.75
10512,52.607935,32.625,0.25,176.75
10513,52.613142,32.625,0.25,176.75
10514,52.618031,32.625,0.25,176.75
10515,52.622102,32.625,0.25,176.75
10516,52.627510,32.625,0.25,176.75
10517,52.632640,32.625,0.25,176.75
10518,52.637844,32.625,0.25,176.75
10519,52.642752,32.625,0.25,176.75
10520,52.648132,32.625,0.25,176.75
10521,52.653024,32.625,0.25,176.75
10522,52.657930,32.625,0.25,176.75
10523,52.661999,32.625,0.25,176.75
10524,52.666894,32.625,0.25,176.75
10525,52.673358,32.625,0.25,176.75
10526,52.677011,32.625,0.25,176.75
10527,52.682457,32.625,0.25,176.75
10528,52.687539,32.625,0.25,176.75
10529,52.692796,32.625,0.25,176.75
10530,52.697689,32.625,0.25,176.75
10531,52.702828,32.625,0.25,176.75
10532,52.707983,32.625,0.25,176.75
10533,52.712892,32.625,0.25,176.75
10534,52.718270,32.625,0.25,176.75
10535,52.723179,32.625,0.25,176.75
10536,52.728067,32.625,0.25,176.75
10537,52.732118,32.625,0.25,176.75
10538,52.737580,32.625,0.25,176.75
10539,52.742488,32.625,0.25,176.75
10540,52.747929,32.625,0.25,176.75
10541,52.752838,32.625,0.25,176.75
10542,52.757952,32.625,0.25,176.75
10543,52.763127,32.5,0.25,176.75
10544,52.768016,32.5,0.25,176.75
10545,52.772062,32.5,0.25,176.75
10546,52.776934,32.5,0.25,176.75
10547,52.783368,32.5,0.25,176.75
10548,52.787268,32.5,0.25,176.75
10549,52.792729,32.5,0.25,176.75
10550,52.797863,32.5,0.25,176.75
10551,52.803022,32.5,0.25,176.75
10552,52.807928,32.5,0.25,176.75
10553,52.811973,32.5,0.25,176.75
10554,52.816868,32.5,0.25,176.75
10555,52.823315,32.5,0.25,176.75
10556,52.827164,32.5,0.25,176.75
10557,52.832056,32.5,0.25,176.75
10558,52.837424,32.5,0.25,176.75
10559,52.842829,32.5,0.25,176.75
10560,52.847721,32.5,0.25,176.75
10561,52.853190,32.5,0.25,176.75
10562,52.858079,32.5,0.25,176.75
10563,52.863469,32.5,0.25,176.75
10564,52.867021,32.5,0.25,176.75
10565,52.871930,32.5,0.25,176.75
10566,52.877171,32.5,0.25,176.75
10567,52.882063,32.5,0.25,176.75
10568,52.886968,32.5,0.25,176.75
10569,52.892412,32.5,0.25,176.75
10570,52.897871,32.5,0.25,176.75
10571,52.902989,32.5,0.25,176.75
10572,52.908166,32.5,0.25,176.75
10573,52.913058,32.5,0.25,176.75
10574,52.918424,32.5,0.25,176.75
10575,52.921990,32.5,0.25,176.75
10576,52.926882,32.5,0.25,176.75
10577,52.932386,32.5,0.25,176.75
10578,52.937278,32.5,0.25,176.75
10579,52.942665,32.5,0.25,176.75
10580,52.948073,32.5,0.25,176.75
10581,52.952970,32.5,0.25,176.75
10582,52.957039,32.5,0.25,176.75
10583,52.961937,32.5,0.25,176.75
10584,52.967077,32.5,0.25,176.75
10585,52.972249,32.5,0.25,176.75
10586,52.976992,32.5,0.25,176.75
10587,52.982219,32.5,0.25,176.75
10588,52.987701,32.5,0.25,176.75
10589,52.992597,32.5,0.25,176.75
10590,52.997718,32.5,0.25,176.75
10591,53.002047,32.5,0.25,176.75
10592,53.006942,32.5,0.25,176.75
10593,53.012335,32.5,0.25,176.75
10594,53.017240,32.5,0.25,176.75
10595,53.022135,32.5,0.25,176.75
10596,53.027572,32.5,0.25,176.75
10597,53.032468,32.5,0.25,176.75
10598,53.037603,32.5,0.25,176.75
10599,53.042762,32.5,0.25,176.75
10600,53.047667,32.5,0.25,176.75
10601,53.053089,32.5,0.25,176.75
10602,53.057217,32.5,0.25,176.75
10603,53.062112,32.5,0.25,176.75
10604,53.067533,32.5,0.25,176.75
10605,53.072429,32.5,0.25,176.75
10606,53.077369,32.5,0.25,176.75
10607,53.082647,32.5,0.25,176.75
10608,53.087539,32.5,0.25,176.75
10609,53.092653,32.5,0.25,176.75
10610,53.097833,32.5,0.25,176.75
10611,53.103247,32.5,0.25,176.75
10612,53.107270,32.5,0.25,176.75
10613,53.112178,32.5,0.25,176.75
10614,53.117066,32.5,0.25,176.75
10615,53.122557,32.5,0.25,176.75
10616,53.127450,32.5,0.25,176.75
10617,53.132589,32.5,0.25,176.75
10618,53.137743,32.5,0.25,176.75
10619,53.142651,32.5,0.25,176.75
10620,53.148024,32.5,0.25,176.75
10621,53.152924,32.5,0.25,176.75
10622,53.162916,32.5,0.25,176.75
10623,53.165217,32.5,0.25,176.75
10624,53.169073,32.5,0.25,176.75
10625,53.173971,32.5,0.25,176.75
10626,53.179220,32.5,0.25,176.75
10627,53.183123,32.5,0.25,176.75
10628,53.188012,32.5,0.25,176.75
10629,53.192921,32.5,0.25,176.75
10630,53.198375,32.5,0.25,176.75
10631,53.203270,32.5,0.25,176.75
10632,53.209211,32.5,0.25,176.75
10633,53.214103,32.5,0.25,176.75
10634,53.219032,32.5,0.25,176.75
10635,53.223078,32.5,0.25,176.75
10636,53.227973,32.5,0.25,176.75
10637,53.232882,32.5,0.25,176.75
10638,53.238336,32.5,0.25,176.75
10639,53.243231,32.5,0.25,176.75
10640,53.248664,32.5,0.25,176.75
10641,53.253560,32.5,0.25,176.75
10642,53.258490,32.5,0.25,176.75
10643,53.263868,32.5,0.25,176.75
10644,53.268039,32.5,0.25,176.75
10645,53.273194,32.5,0.25,176.75
10646,53.278491,32.5,0.25,176.75
10647,53.283399,32.5,0.25,176.75
10648,53.288637,32.5,0.25,176.75
10649,53.293834,32.5,0.25,176.75
10650,53.298738,32.5,0.25,176.75
10651,53.304185,32.5,0.25,176.75
10652,53.309073,32.5,0.25,176.75
10653,53.314205,32.5,0.25,176.75
10654,53.318531,32.5,0.25,176.75
10655,53.323429,32.5,0.25,176.75
10656,53.328812,32.5,0.25,176.75
10657,53.333709,32.5,0.25,176.75
10658,53.338614,32.5,0.25,176.75
10659,53.344036,32.5,0.25,176.75
10660,53.348942,32.5,0.25,176.75
10661,53.354063,32.5,0.25,176.75
10662,53.357874,32.5,0.25,176.75
10663,53.364126,32.5,0.25,176.75
10664,53.368178,32.5,0.25,176.75
10665,53.373598,32.5,0.25,176.75
10666,53.378822,32.5,0.25,176.75
10667,53.384076,32.5,0.25,176.75
10668,53.388981,32.5,0.25,176.75
10669,53.394098,32.5,0.25,176.75
10670,53.397910,32.5,0.25,176.75
10671,53.402819,32.5,0.25,176.75
10672,53.407936,32.5,0.25,176.75
10673,53.413095,32.5,0.25,176.75
10674,53.418000,32.5,0.25,176.75
10675,53.423675,32.5,0.25,176.75
10676,53.428855,32.5,0.25,176.75
10677,53.433764,32.5,0.25,176.75
10678,53.439231,32.5,0.25,176.75
10679,53.444126,32.5,0.25,176.75
10680,53.449230,32.5,0.25,176.75
10681,53.453085,32.5,0.25,176.75
10682,53.457990,32.5,0.25,176.75
10683,53.463117,32.5,0.25,176.75
10684,53.468266,32.5,0.25,176.75
10685,53.473175,32.5,0.25,176.75
10686,53.478395,32.5,0.25,176.75
10687,53.484162,32.5,0.25,176.75
10688,53.489051,32.5,0.25,176.75
10689,53.494171,32.5,0.25,176.75
10690,53.498000,32.5,0.25,176.75
10691,53.502908,32.5,0.25,176.75
10692,53.508026,32.5,0.25,176.75
10693,53.513182,32.5,0.25,176.75
10694,53.518070,32.5,0.25,176.75
10695,53.523507,32.5,0.25,176.75
10696,53.528399,32.5,0.25,176.75
10697,53.533496,32.5,0.25,176.75
10698,53.537903,32.5,0.25,176.75
10699,53.544142,32.5,0.25,176.75
10700,53.547936,32.5,0.25,176.75
10701,53.553096,32.5,0.25,176.75
10702,53.558000,32.5,0.25,176.75
10703,53.563442,32.5,0.25,176.75
10704,53.568335,32.5,0.25,176.75
10705,53.573463,32.5,0.25,176.75
10706,53.578761,32.5,0.25,176.75
10707,53.583670,32.5,0.25,176.75
10708,53.587971,32.5,0.25,176.75
10709,53.593230,32.5,0.25,176.75
10710,53.598122,32.5,0.25,176.75
10711,53.603039,32.5,0.25,176.75
10712,53.608469,32.5,0.25,176.75
10713,53.613364,32.5,0.25,176.75
10714,53.618478,32.5,0.25,176.75
10715,53.623630,32.5,0.25,176.75
10716,53.628535,32.5,0.25,176.75
10717,53.633986,32.5,0.25,176.75
10718,53.639398,32.5,0.25,176.75
10719,53.642963,32.5,0.25,176.75
10720,53.648429,32.5,0.25,176.75
10721,53.653324,32.5,0.25,176.75
10722,53.658440,32.5,0.25,176.75
10723,53.663591,32.5,0.25,176.75
10724,53.668497,32.5,0.25,176.75
10725,53.673872,32.5,0.25,176.75
10726,53.679035,32.5,0.25,176.75
10727,53.684142,32.5,0.25,176.75
10728,53.687995,32.5,0.25,176.75
10729,53.693461,32.5,0.25,176.75
10730,53.698366,32.5,0.25,176.75
10731,53.703804,32.5,0.25,176.75
10732,53.708696,32.5,0.25,176.75
10733,53.713836,32.5,0.25,176.75
10734,53.718991,32.5,0.25,176.75
10735,53.723900,32.5,0.25,176.75
10736,53.729253,32.5,0.25,176.75
10737,53.732818,32.5,0.25,176.75
10738,53.739075,32.5,0.25,176.75
10739,53.743151,32.5,0.25,176.75
10740,53.748588,32.5,0.25,176.75
10741,53.753497,32.5,0.25,176.75
10742,53.758937,32.5,0.25,176.75
10743,53.763847,32.5,0.25,176.75
10744,53.769214,32.5,0.25,176.75
10745,53.774121,32.5,0.25,176.75
10746,53.777816,32.5,0.25,176.75
10747,53.783288,32.5,0.25,176.75
10748,53.788193,32.5,0.25,176.75
10749,53.793608,32.5,0.25,176.75
10750,53.799045,32.5,0.25,176.75
10751,53.803954,32.5,0.25,176.75
10752,53.809079,32.5,0.25,176.75
10753,53.812908,32.5,0.25,176.75
10754,53.817814,32.5,0.25,176.75
10755,53.822933,32.5,0.25,176.75
10756,53.828089,32.5,0.25,176.75
10757,53.832997,32.5,0.25,176.75
10758,53.838439,32.5,0.25,176.75
10759,53.843335,32.5,0.25,176.75
10760,53.849007,32.5,0.25,176.75
10761,53.852822,32.5,0.25,176.75
10762,53.859055,32.5,0.25,176.75
10763,53.863092,32.5,0.25,176.75
10764,53.867987,32.5,0.25,176.75
10765,53.872896,32.5,0.25,176.75
10766,53.878420,32.5,0.25,176.75
10767,53.883329,32.5,0.25,176.75
10768,53.888221,32.5,0.25,176.75
10769,53.893655,32.5,0.25,176.75
10770,53.899098,32.5,0.25,176.75
10771,53.904031,32.5,0.25,176.75
10772,53.908068,32.5,0.25,176.75
10773,53.912967,32.5,0.25,176.75
10774,53.917872,32.5,0.25,176.75
10775,53.923327,32.5,0.25,176.75
10776,53.928219,32.5,0.25,176.75
10777,53.933143,32.5,0.25,176.75
10778,53.938540,32.5,0.25,176.75
10779,53.943436,32.5,0.25,176.75
10780,53.948847,32.5,0.25,176.75
10781,53.952908,32.5,0.25,176.75
10782,53.959147,32.5,0.25,176.75
10783,53.964063,32.5,0.25,176.75
10784,53.968072,32.5,0.25,176.75
10785,53.972971,32.5,0.25,176.75
10786,53.978022,32.5,0.25,176.75
10787,53.983461,32.5,0.25,176.75
10788,53.988356,32.5,0.25,176.75
10789,53.993281,32.5,0.25,176.75
10790,53.998957,32.5,0.25,176.75
10791,54.003071,32.5,0.25,176.75
10792,54.007977,32.5,0.25,176.75
10793,54.013432,32.5,0.25,176.75
10794,54.018324,32.5,0.25,176.75
10795,54.023445,32.5,0.25,176.75
10796,54.028594,32.5,0.25,176.75
10797,54.033503,32.5,0.25,176.75
10798,54.038874,32.25,0.25,176.75
10799,54.043773,32.25,0.25,176.75
10800,54.048862,32.25,0.25,176.75
10801,54.054567,32.25,0.25,176.75
10802,54.058135,32.25,0.25,176.75
10803,54.063522,32.25,0.25,176.75
10804,54.068417,32.25,0.25,176.75
10805,54.073326,32.25,0.25,176.75
10806,54.078846,32.25,0.25,176.75
10807,54.083740,32.25,0.25,176.75
10808,54.088824,32.25,0.25,176.75
10809,54.094088,32.25,0.25,176.75
10810,54.098994,32.25,0.25,176.75
10811,54.103913,32.25,0.25,176.75
10812,54.107972,32.25,0.25,176.75
10813,54.113413,32.25,0.25,176.75
10814,54.118318,32.25,0.25,176.75
10815,54.123886,32.25,0.25,176.75
10816,54.128782,32.25,0.25,176.75
10817,54.133895,32.25,0.25,176.75
10818,54.139071,32.25,0.25,176.75
10819,54.143980,32.25,0.25,176.75
10820,54.149356,32.25,0.25,176.75
10821,54.152921,32.25,0.25,176.75
10822,54.164144,32.25,0.25,176.75
10823,54.166589,32.25,0.25,176.75
10824,54.170417,32.25,0.25,176.75
10825,54.175371,32.25,0.25,176.75
10826,54.180424,32.25,0.25,176.75
10827,54.184172,32.25,0.25,176.75
10828,54.189439,32.25,0.25,176.75
10829,54.194335,32.25,0.25,176.75
10830,54.199240,32.25,0.25,176.75
10831,54.204679,32.25,0.25,176.75
10832,54.210081,32.25,0.25,176.75
10833,54.215217,32.25,0.25,176.75
10834,54.220370,32.25,0.25,176.75
10835,54.225275,32.25,0.25,176.75
10836,54.230647,32.25,0.25,176.75
10837,54.234213,32.25,0.25,176.75
10838,54.239100,32.25,0.25,176.75
10839,54.244470,32.25,0.25,176.75
10840,54.249366,32.25,0.25,176.75
10841,54.254274,32.25,0.25,176.75
10842,54.259728,32.25,0.25,176.75
10843,54.265178,32.25,0.25,176.75
10844,54.270321,32.25,0.25,176.75
10845,54.274164,32.25,0.25,176.75
10846,54.279202,32.25,0.25,176.75
10847,54.284385,32.25,0.25,176.75
10848,54.289579,32.25,0.25,176.75
10849,54.294487,32.25,0.25,176.75
10850,54.299859,32.25,0.25,176.75
10851,54.304757,32.25,0.25,176.75
10852,54.309686,32.25,0.25,176.75
10853,54.315128,32.25,0.25,176.75
10854,54.319247,32.25,0.25,176.75
10855,54.324364,32.25,0.25,176.75
10856,54.329515,32.25,0.25,176.75
10857,54.334421,32.25,0.25,176.75
10858,54.339795,32.25,0.25,176.75
10859,54.344693,32.25,0.25,176.75
10860,54.349598,32.25,0.25,176.75
10861,54.355044,32.25,0.25,176.75
10862,54.359950,32.25,0.25,176.75
10863,54.365070,32.25,0.25,176.75
10864,54.369406,32.25,0.25,176.75
10865,54.374315,32.25,0.25,176.75
10866,54.379534,32.25,0.25,176.75
10867,54.384815,32.25,0.25,176.75
10868,54.389707,32.25,0.25,176.75
10869,54.394847,32.25,0.25,176.75
10870,54.400003,32.25,0.25,176.75
10871,54.404911,32.25,0.25,176.75
10872,54.410293,32.25,0.25,176.75
10873,54.415198,32.25,0.25,176.75
10874,54.420313,32.25,0.25,176.75
10875,54.424189,32.25,0.25,176.75
10876,54.429622,32.25,0.25,176.75
10877,54.434734,32.25,0.25,176.75
10878,54.439913,32.25,0.25,176.75
10879,54.444822,32.25,0.25,176.75
10880,54.450267,32.25,0.25,176.75
10881,54.455159,32.25,0.25,176.75
10882,54.460288,32.25,0.25,176.75
10883,54.464159,32.25,0.25,176.75
10884,54.470393,32.25,0.25,176.75
10885,54.474175,32.25,0.25,176.75
10886,54.480099,32.25,0.25,176.75
10887,54.484994,32.25,0.25,176.75
10888,54.490437,32.25,0.25,176.75
10889,54.495332,32.25,0.25,176.75
10890,54.500240,32.25,0.25,176.75
10891,54.504286,32.25,0.25,176.75
10892,54.509191,32.25,0.25,176.75
10893,54.514330,32.25,0.25,176.75
10894,54.519535,32.25,0.25,176.75
10895,54.524443,32.25,0.25,176.75
10896,54.529840,32.25,0.25,176.75
10897,54.535267,32.25,0.25,176.75
10898,54.540382,32.25,0.25,176.75
10899,54.544231,32.25,0.25,176.75
10900,54.549123,32.25,0.25,176.75
10901,54.554244,32.25,0.25,176.75
10902,54.559396,32.25,0.25,176.75
10903,54.564304,32.25,0.25,176.75
10904,54.569676,32.25,0.25,176.75
10905,54.574572,32.25,0.25,176.75
10906,54.579648,32.25,0.25,176.75
10907,54.585406,32.25,0.25,176.75
10908,54.589255,32.25,0.25,176.75
10909,54.594163,32.25,0.25,176.75
10910,54.600632,32.25,0.25,176.75
10911,54.604460,32.25,0.25,176.75
10912,54.609352,32.25,0.25,176.75
10913,54.614472,32.25,0.25,176.75
10914,54.619625,32.25,0.25,176.75
10915,54.624533,32.25,0.25,176.75
10916,54.629905,32.25,0.25,176.75
10917,54.634804,32.25,0.25,176.75
10918,54.639709,32.25,0.25,176.75
10919,54.645673,32.25,0.25,176.75
10920,54.649241,32.25,0.25,176.75
10921,54.654165,32.25,0.25,176.75
10922,54.659588,32.25,0.25,176.75
10923,54.664484,32.25,0.25,176.75
10924,54.669619,32.25,0.25,176.75
10925,54.674774,32.25,0.25,176.75
10926,54.679825,32.25,0.25,176.75
10927,54.685016,32.25,0.25,176.75
10928,54.690192,32.25,0.25,176.75
10929,54.694333,32.25,0.25,176.75
10930,54.699718,32.25,0.25,176.75
10931,54.704617,32.25,0.25,176.75
10932,54.709747,32.25,0.25,176.75
10933,54.714910,32.25,0.25,176.75
10934,54.719816,32.25,0.25,176.75
10935,54.725198,32.25,0.25,176.75
10936,54.730087,32.25,0.25,176.75
10937,54.734995,32.25,0.25,176.75
10938,54.740438,32.25,0.25,176.75
10939,54.744512,32.25,0.25,176.75
10940,54.749641,32.25,0.25,176.75
10941,54.754796,32.25,0.25,176.75
10942,54.759701,32.25,0.25,176.75
10943,54.765077,32.25,0.25,176.75
10944,54.769972,32.25,0.25,176.75
10945,54.774905,32.25,0.25,176.75
10946,54.780433,32.25,0.25,176.75
10947,54.785338,32.25,0.25,176.75
10948,54.790233,32.25,0.25,176.75
10949,54.795665,32.25,0.25,176.75
10950,54.799803,32.25,0.25,176.75
10951,54.804699,32.25,0.25,176.75
10952,54.810176,32.25,0.25,176.75
10953,54.815064,32.25,0.25,176.75
10954,54.820186,32.25,0.25,176.75
10955,54.825335,32.25,0.25,176.75
10956,54.830243,32.25,0.25,176.75
10957,54.834271,32.25,0.25,176.75
10958,54.839176,32.25,0.25,176.75
10959,54.845629,32.25,0.25,176.75
10960,54.850006,32.25,0.25,176.75
10961,54.854902,32.25,0.25,176.75
10962,54.860297,32.25,0.25,176.75
10963,54.865203,32.25,0.25,176.75
10964,54.870091,32.25,0.25,176.75
10965,54.875531,32.25,0.25,176.75
10966,54.879242,32.25,0.25,176.75
10967,54.884332,32.25,0.25,176.75
10968,54.889595,32.25,0.25,176.75
10969,54.894491,32.25,0.25,176.75
10970,54.899601,32.25,0.25,176.75
10971,54.905348,32.25,0.25,176.75
10972,54.910244,32.25,0.25,176.75
10973,54.915612,32.25,0.25,176.75
10974,54.919178,32.25,0.25,176.75
10975,54.925412,32.25,0.25,176.75
10976,54.929438,32.25,0.25,176.75
10977,54.934337,32.25,0.25,176.75
10978,54.939465,32.25,0.25,176.75
10979,54.944617,32.25,0.25,176.75
10980,54.949522,32.25,0.25,176.75
10981,54.955451,32.25,0.25,176.75
10982,54.960350,32.25,0.25,176.75
10983,54.965463,32.25,0.25,176.75
10984,54.969288,32.25,0.25,176.75
10985,54.974184,32.25,0.25,176.75
10986,54.979410,32.25,0.25,176.75
10987,54.984680,32.25,0.25,176.75
10988,54.989572,32.25,0.25,176.75
10989,54.994711,32.25,0.25,176.75
10990,54.999866,32.25,0.25,176.75
10991,55.005341,32.25,0.25,176.75
10992,55.010747,32.25,0.25,176.75
10993,55.014602,32.25,0.25,176.75
10994,55.019495,32.25,0.25,176.75
10995,55.024613,32.25,0.25,176.75
10996,55.029774,32.25,0.25,176.75
10997,55.034682,32.25,0.25,176.75
10998,55.039801,32.25,0.25,176.75
10999,55.045006,32.25,0.25,176.75
11000,55.049912,32.25,0.25,176.75
11001,55.055294,32.25,0.25,176.75
11002,55.060203,32.25,0.25,176.75
11003,55.064281,32.25,0.25,176.75
11004,55.069706,32.25,0.25,176.75
11005,55.074602,32.25,0.25,176.75
11006,55.079825,32.25,0.25,176.75
11007,55.085078,32.25,0.25,176.75
11008,55.089984,32.25,0.25,176.75
11009,55.095101,32.25,0.25,176.75
11010,55.100260,32.25,0.25,176.75
11011,55.105166,32.25,0.25,176.75
11012,55.110537,32.25,0.25,176.75
11013,55.115433,32.25,0.25,176.75
11014,55.119568,32.25,0.25,176.75
11015,55.125011,32.25,0.25,176.75
11016,55.129917,32.25,0.25,176.75
11017,55.135012,32.25,0.25,176.75
11018,55.140196,32.25,0.25,176.75
11019,55.145085,32.25,0.25,176.75
11020,55.150454,32.25,0.25,176.75
11021,55.155350,32.25,0.25,176.75
11022,55.164958,32.25,0.25,176.75
11023,55.167267,32.25,0.25,176.75
11024,55.171127,32.25,0.25,176.75
11025,55.175240,32.25,0.25,176.75
11026,55.180282,32.25,0.25,176.75
11027,55.185715,32.25,0.25,176.75
11028,55.190615,32.25,0.25,176.75
11029,55.195520,32.25,0.25,176.75
11030,55.200961,32.25,0.25,176.75
11031,55.205866,32.25,0.25,176.75
11032,55.211005,32.25,0.25,176.75
11033,55.216164,32.25,0.25,176.75
11034,55.221057,32.25,0.25,176.75
11035,55.226444,32.25,0.25,176.75
11036,55.230523,32.25,0.25,176.75
11037,55.235416,32.25,0.25,176.75
11038,55.240869,32.25,0.25,176.75
11039,55.245774,32.25,0.25,176.75
11040,55.250891,32.25,0.25,176.75
11041,55.256047,32.25,0.25,176.75
11042,55.260955,32.25,0.25,176.75
11043,55.265076,32.25,0.25,176.75
11044,55.269971,32.25,0.25,176.75
11045,55.274880,32.25,0.25,176.75
11046,55.280432,32.25,0.25,176.75
11047,55.285894,32.25,0.25,176.75
11048,55.290802,32.25,0.25,176.75
11049,55.296247,32.25,0.25,176.75
11050,55.301155,32.25,0.25,176.75
11051,55.306044,32.25,0.25,176.75
11052,55.310102,32.125,0.25,176.75
11053,55.315000,32.125,0.25,176.75
11054,55.319905,32.125,0.25,176.75
11055,55.325361,32.125,0.25,176.75
11056,55.330256,32.125,0.25,176.75
11057,55.335664,32.125,0.25,176.75
11058,55.341094,32.125,0.25,176.75
11059,55.346227,32.125,0.25,176.75
11060,55.350038,32.125,0.25,176.75
11061,55.354947,32.125,0.25,176.75
11062,55.360322,32.125,0.25,176.75
11063,55.365227,32.125,0.25,176.75
11064,55.370146,32.125,0.25,176.75
11065,55.375556,32.125,0.25,176.75
11066,55.380720,32.125,0.25,176.75
11067,55.385803,32.125,0.25,176.75
11068,55.391567,32.125,0.25,176.75
11069,55.395136,32.125,0.25,176.75
11070,55.400233,32.125,0.25,176.75
11071,55.405405,32.125,0.25,176.75
11072,55.410314,32.125,0.25,176.75
11073,55.415686,32.125,0.25,176.75
11074,55.420585,32.125,0.25,176.75
11075,55.425490,32.125,0.25,176.75
11076,55.430942,32.125,0.25,176.75
11077,55.435848,32.125,0.25,176.75
11078,55.440987,32.125,0.25,176.75
11079,55.446667,32.125,0.25,176.75
11080,55.450236,32.125,0.25,176.75
11081,55.455647,32.125,0.25,176.75
11082,55.460543,32.125,0.25,176.75
11083,55.465448,32.125,0.25,176.75
11084,55.470853,32.125,0.25,176.75
11085,55.475758,32.125,0.25,176.75
11086,55.480990,32.125,0.25,176.75
11087,55.486255,32.125,0.25,176.75
11088,55.491150,32.125,0.25,176.75
11089,55.496268,32.125,0.25,176.75
11090,55.500591,32.125,0.25,176.75
11091,55.505487,32.125,0.25,176.75
11092,55.510591,32.125,0.25,176.75
11093,55.515779,32.125,0.25,176.75
11094,55.520688,32.125,0.25,176.75
11095,55.526127,32.125,0.25,176.75
11096,55.531019,32.125,0.25,176.75
11097,55.535935,32.125,0.25,176.75
11098,55.539958,32.125,0.25,176.75
11099,55.544857,32.125,0.25,176.75
11100,55.551339,32.125,0.25,176.75
11101,55.555164,32.125,0.25,176.75
11102,55.560619,32.125,0.25,176.75
11103,55.566021,32.125,0.25,176.75
11104,55.570920,32.125,0.25,176.75
11105,55.575826,32.125,0.25,176.75
11106,55.581202,32.125,0.25,176.75
11107,55.585043,32.125,0.25,176.75
11108,55.589938,32.125,0.25,176.75
11109,55.596405,32.125,0.25,176.75
11110,55.600233,32.125,0.25,176.75
11111,55.605124,32.125,0.25,176.75
11112,55.610245,32.125,0.25,176.75
11113,55.615919,32.125,0.25,176.75
11114,55.620818,32.125,0.25,176.75
11115,55.626270,32.125,0.25,176.75
11116,55.631165,32.125,0.25,176.75
11117,55.636294,32.125,0.25,176.75
11118,55.640099,32.125,0.25,176.75
11119,55.645006,32.125,0.25,176.75
11120,55.650135,32.125,0.25,176.75
11121,55.655280,32.125,0.25,176.75
11122,55.660189,32.125,0.25,176.75
11123,55.665560,32.125,0.25,176.75
11124,55.671015,32.125,0.25,176.75
11125,55.676154,32.125,0.25,176.75
11126,55.680059,32.125,0.25,176.75
11127,55.684955,32.125,0.25,176.75
11128,55.689860,32.125,0.25,176.75
11129,55.695305,32.125,0.25,176.75
11130,55.700213,32.125,0.25,176.75
11131,55.705102,32.125,0.25,176.75
11132,55.710535,32.125,0.25,176.75
11133,55.715427,32.125,0.25,176.75
11134,55.720563,32.125,0.25,176.75
11135,55.726250,32.125,0.25,176.75
11136,55.731159,32.125,0.25,176.75
11137,55.734950,32.125,0.25,176.75
11138,55.740125,32.125,0.25,176.75
11139,55.745014,32.125,0.25,176.75
11140,55.750434,32.125,0.25,176.75
11141,55.755327,32.125,0.25,176.75
11142,55.760455,32.125,0.25,176.75
11143,55.765654,32.125,0.25,176.75
11144,55.770562,32.125,0.25,176.75
11145,55.775934,32.125,0.25,176.75
11146,55.780151,32.125,0.25,176.75
11147,55.785040,32.125,0.25,176.75
11148,55.790483,32.125,0.25,176.75
11149,55.795379,32.125,0.25,176.75
11150,55.800287,32.125,0.25,176.75
11151,55.805717,32.125,0.25,176.75
11152,55.810613,32.125,0.25,176.75
11153,55.815749,32.125,0.25,176.75
11154,55.820907,32.125,0.25,176.75
11155,55.825813,32.125,0.25,176.75
11156,55.831215,32.125,0.25,176.75
11157,55.835358,32.125,0.25,176.75
11158,55.840254,32.125,0.25,176.75
11159,55.845678,32.125,0.25,176.75
11160,55.850574,32.125,0.25,176.75
11161,55.855709,32.125,0.25,176.75
11162,55.860868,32.125,0.25,176.75
11163,55.865773,32.125,0.25,176.75
11164,55.871152,32.125,0.25,176.75
11165,55.876041,32.125,0.25,176.75
11166,55.881095,32.125,0.25,176.75
11167,55.884969,32.125,0.25,176.75
11168,55.890691,32.125,0.25,176.75
11169,55.895586,32.125,0.25,176.75
11170,55.900721,32.125,0.25,176.75
11171,55.905880,32.125,0.25,176.75
11172,55.910788,32.125,0.25,176.75
11173,55.916167,32.125,0.25,176.75
11174,55.921060,32.125,0.25,176.75
11175,55.925965,32.125,0.25,176.75
11176,55.930007,32.125,0.25,176.75
11177,55.934905,32.125,0.25,176.75
11178,55.941365,32.125,0.25,176.75
11179,55.945690,32.125,0.25,176.75
11180,55.950589,32.125,0.25,176.75
11181,55.955724,32.125,0.25,176.75
11182,55.960883,32.125,0.25,176.75
11183,55.965788,32.125,0.25,176.75
11184,55.971233,32.125,0.25,176.75
11185,55.976125,32.125,0.25,176.75
11186,55.980138,32.125,0.25,176.75
11187,55.985403,32.125,0.25,176.75
11188,55.990299,32.125,0.25,176.75
11189,55.995756,32.125,0.25,176.75
11190,56.001189,32.125,0.25,176.75
11191,56.006301,32.125,0.25,176.75
11192,56.010125,32.125,0.25,176.75
11193,56.015014,32.125,0.25,176.75
11194,56.020389,32.125,0.25,176.75
11195,56.025295,32.125,0.25,176.75
11196,56.030191,32.125,0.25,176.75
11197,56.035856,32.125,0.25,176.75
11198,56.040754,32.125,0.25,176.75
11199,56.045659,32.125,0.25,176.75
11200,56.051611,32.125,0.25,176.75
11201,56.055179,32.125,0.25,176.75
11202,56.060300,32.125,0.25,176.75
11203,56.065449,32.125,0.25,176.75
11204,56.070357,32.125,0.25,176.75
11205,56.075799,32.125,0.25,176.75
11206,56.080841,32.125,0.25,176.75
11207,56.085923,32.125,0.25,176.75
11208,56.091202,32.125,0.25,176.75
11209,56.096090,32.125,0.25,176.75
11210,56.100214,32.125,0.25,176.75
11211,56.105636,32.125,0.25,176.75
11212,56.110532,32.125,0.25,176.75
11213,56.115667,32.125,0.25,176.75
11214,56.120827,32.125,0.25,176.75
11215,56.125731,32.125,0.25,176.75
11216,56.131252,32.125,0.25,176.75
11217,56.136144,32.125,0.25,176.75
11218,56.141272,32.125,0.25,176.75
11219,56.145077,32.125,0.25,176.75
11220,56.149983,32.125,0.25,176.75
11221,56.154904,32.125,0.25,176.75
11222,56.164736,32.125,0.25,176.75
11223,56.167035,32.125,0.25,176.75
11224,56.170905,32.125,0.25,176.75
11225,56.175800,32.125,0.25,176.75
11226,56.180685,32.125,0.25,176.75
11227,56.186145,32.125,0.25,176.75
11228,56.191037,32.125,0.25,176.75
11229,56.195943,32.125,0.25,176.75
11230,56.200001,32.125,0.25,176.75
11231,56.204900,32.125,0.25,176.75
11232,56.211361,32.125,0.25,176.75
11233,56.215708,32.125,0.25,176.75
11234,56.220607,32.125,0.25,176.75
11235,56.225741,32.125,0.25,176.75
11236,56.230900,32.125,0.25,176.75
11237,56.235806,32.125,0.25,176.75
11238,56.241184,32.125,0.25,176.75
11239,56.246073,32.125,0.25,176.75
11240,56.251197,32.125,0.25,176.75
11241,56.255026,32.125,0.25,176.75
11242,56.259932,32.125,0.25,176.75
11243,56.265050,32.125,0.25,176.75
11244,56.270780,32.125,0.25,176.75
11245,56.275673,32.125,0.25,176.75
11246,56.280888,32.125,0.25,176.75
11247,56.285784,32.125,0.25,176.75
11248,56.290692,32.125,0.25,176.75
11249,56.296144,32.125,0.25,176.75
11250,56.301036,32.125,0.25,176.75
11251,56.305942,32.125,0.25,176.75
11252,56.310025,32.125,0.25,176.75
11253,56.314924,32.125,0.25,176.75
11254,56.320361,32.125,0.25,176.75
11255,56.325759,32.125,0.25,176.75
11256,56.330655,32.125,0.25,176.75
11257,56.335585,32.125,0.25,176.75
11258,56.341007,32.125,0.25,176.75
11259,56.345913,32.125,0.25,176.75
11260,56.351308,32.125,0.25,176.75
11261,56.354870,32.125,0.25,176.75
11262,56.361108,32.125,0.25,176.75
11263,56.365156,32.125,0.25,176.75
11264,56.370045,32.125,0.25,176.75
11265,56.375743,32.125,0.25,176.75
11266,56.380764,32.125,0.25,176.75
11267,56.385670,32.125,0.25,176.75
11268,56.391119,32.125,0.25,176.75
11269,56.396008,32.125,0.25,176.75
11270,56.401133,32.125,0.25,176.75
11271,56.404961,32.125,0.25,176.75
11272,56.409866,32.125,0.25,176.75
11273,56.415241,32.125,0.25,176.75
11274,56.420149,32.125,0.25,176.75
11275,56.425571,32.125,0.25,176.75
11276,56.430987,32.125,0.25,176.75
11277,56.435893,32.125,0.25,176.75
11278,56.441010,32.125,0.25,176.75
11279,56.446169,32.125,0.25,176.75
11280,56.451061,32.125,0.25,176.75
11281,56.456450,32.125,0.25,176.75
11282,56.460001,32.125,0.25,176.75
11283,56.464910,32.125,0.25,176.75
11284,56.470367,32.125,0.25,176.75
11285,56.475259,32.125,0.25,176.75
11286,56.480198,32.125,0.25,176.75
11287,56.485976,32.125,0.25,176.75
11288,56.490872,32.125,0.25,176.75
11289,56.495960,32.125,0.25,176.75
11290,56.501159,32.125,0.25,176.75
11291,56.506048,32.125,0.25,176.75
11292,56.511426,32.125,0.25,176.75
11293,56.514988,32.125,0.25,176.75
11294,56.519880,32.125,0.25,176.75
11295,56.525338,32.125,0.25,176.75
11296,56.530741,32.125,0.25,176.75
11297,56.536124,32.125,0.25,176.75
11298,56.541016,32.125,0.25,176.75
11299,56.545946,32.125,0.25,176.75
11300,56.549991,32.125,0.25,176.75
11301,56.554889,32.125,0.25,176.75
11302,56.560034,32.125,0.25,176.75
11303,56.565198,32.125,0.25,176.75
11304,56.570086,32.125,0.25,176.75
11305,56.575188,32.125,0.25,176.75
11306,56.580243,32.125,0.25,176.75
11307,56.585708,32,0.25,176.75
11308,56.590903,32,0.25,176.75
11309,56.596075,32,0.25,176.75
11310,56.600984,32,0.25,176.75
11311,56.605029,32,0.25,176.75
11312,56.609925,32,0.25,176.75
11313,56.615051,32,0.25,176.75
11314,56.620251,32,0.25,176.75
11315,56.625156,32,0.25,176.75
11316,56.630537,32,0.25,176.75
11317,56.635989,32,0.25,176.75
11318,56.641129,32,0.25,176.75
11319,56.644951,32,0.25,176.75
11320,56.649857,32,0.25,176.75
11321,56.654977,32,0.25,176.75
11322,56.660152,32,0.25,176.75
11323,56.665040,32,0.25,176.75
11324,56.670398,32,0.25,176.75
11325,56.675304,32,0.25,176.75
11326,56.681565,32,0.25,176.75
11327,56.685465,32,0.25,176.75
11328,56.690906,32,0.25,176.75
11329,56.695812,32,0.25,176.75
11330,56.701274,32,0.25,176.75
11331,56.706167,32,0.25,176.75
11332,56.711309,32,0.25,176.75
11333,56.715181,32,0.25,176.75
11334,56.720069,32,0.25,176.75
11335,56.725197,32,0.25,176.75
11336,56.730349,32,0.25,176.75
11337,56.735255,32,0.25,176.75
11338,56.741187,32,0.25,176.75
11339,56.746076,32,0.25,176.75
11340,56.751461,32,0.25,176.75
11341,56.755013,32,0.25,176.75
11342,56.759918,32,0.25,176.75
11343,56.765379,32,0.25,176.75
11344,56.770275,32,0.25,176.75
11345,56.775388,32,0.25,176.75
11346,56.780423,32,0.25,176.75
11347,56.785329,32,0.25,176.75
11348,56.790746,32,0.25,176.75
11349,56.794857,32,0.25,176.75
11350,56.801337,32,0.25,176.75
11351,56.805162,32,0.25,176.75
11352,56.810050,32,0.25,176.75
11353,56.815160,32,0.25,176.75
11354,56.820355,32,0.25,176.75
11355,56.825261,32,0.25,176.75
11356,56.830632,32,0.25,176.75
11357,56.835525,32,0.25,176.75
11358,56.840456,32,0.25,176.75
11359,56.846381,32,0.25,176.75
11360,56.849943,32,0.25,176.75
11361,56.856415,32,0.25,176.75
11362,56.860239,32,0.25,176.75
11363,56.865131,32,0.25,176.75
11364,56.870256,32,0.25,176.75
11365,56.875401,32,0.25,176.75
11366,56.881606,32,0.25,176.75
11367,56.885517,32,0.25,176.75
11368,56.890668,32,0.25,176.75
11369,56.895573,32,0.25,176.75
11370,56.900969,32,0.25,176.75
11371,56.905053,32,0.25,176.75
11372,56.909958,32,0.25,176.75
11373,56.915413,32,0.25,176.75
11374,56.920309,32,0.25,176.75
11375,56.925423,32,0.25,176.75
11376,56.930579,32,0.25,176.75
11377,56.935484,32,0.25,176.75
11378,56.940856,32,0.25,176.75
11379,56.945751,32,0.25,176.75
11380,56.950659,32,0.25,176.75
11381,56.956623,32,0.25,176.75
11382,56.960192,32,0.25,176.75
11383,56.965112,32,0.25,176.75
11384,56.970516,32,0.25,176.75
11385,56.975408,32,0.25,176.75
11386,56.981680,32,0.25,176.75
11387,56.985557,32,0.25,176.75
11388,56.990456,32,0.25,176.75
11389,56.995361,32,0.25,176.75
11390,57.000794,32,0.25,176.75
11391,57.005686,32,0.25,176.75
11392,57.010821,32,0.25,176.75
11393,57.015158,32,0.25,176.75
11394,57.020047,32,0.25,176.75
11395,57.025436,32,0.25,176.75
11396,57.030334,32,0.25,176.75
11397,57.035240,32,0.25,176.75
11398,57.040679,32,0.25,176.75
11399,57.045572,32,0.25,176.75
11400,57.050692,32,0.25,176.75
11401,57.056102,32,0.25,176.75
11402,57.061010,32,0.25,176.75
11403,57.065378,32,0.25,176.75
11404,57.070530,32,0.25,176.75
11405,57.075434,32,0.25,176.75
11406,57.082033,32,0.25,176.75
11407,57.085598,32,0.25,176.75
11408,57.090685,32,0.25,176.75
11409,57.095935,32,0.25,176.75
11410,57.100843,32,0.25,176.75
11411,57.105933,32,0.25,176.75
11412,57.111132,32,0.25,176.75
11413,57.115198,32,0.25,176.75
11414,57.120567,32,0.25,176.75
11415,57.125460,32,0.25,176.75
11416,57.130368,32,0.25,176.75
11417,57.135917,32,0.25,176.75
11418,57.140816,32,0.25,176.75
11419,57.145721,32,0.25,176.75
11420,57.151179,32,0.25,176.75
11421,57.156067,32,0.25,176.75
11422,57.164043,32,0.25,176.75
11423,57.168472,32,0.25,176.75
11424,57.170881,32,0.25,176.75
11425,57.175020,32,0.25,176.75
11426,57.181408,32,0.25,176.75
11427,57.185182,32,0.25,176.75
11428,57.190408,32,0.25,176.75
11429,57.195304,32,0.25,176.75
11430,57.200213,32,0.25,176.75
11431,57.205649,32,0.25,176.75
11432,57.210546,32,0.25,176.75
11433,57.215656,32,0.25,176.75
11434,57.220010,32,0.25,176.75
11435,57.224909,32,0.25,176.75
11436,57.230043,32,0.25,176.75
11437,57.235199,32,0.25,176.75
11438,57.240088,32,0.25,176.75
11439,57.245525,32,0.25,176.75
11440,57.250420,32,0.25,176.75
11441,57.255552,32,0.25,176.75
11442,57.260725,32,0.25,176.75
11443,57.265631,32,0.25,176.75
11444,57.271027,32,0.25,176.75
11445,57.275126,32,0.25,176.75
11446,57.281680,32,0.25,176.75
11447,57.285551,32,0.25,176.75
11448,57.290451,32,0.25,176.75
11449,57.295356,32,0.25,176.75
11450,57.300788,32,0.25,176.75
11451,57.305680,32,0.25,176.75
11452,57.310817,32,0.25,176.75
11453,57.315972,32,0.25,176.75
11454,57.320880,32,0.25,176.75
11455,57.324954,32,0.25,176.75
11456,57.330414,32,0.25,176.75
11457,57.335306,32,0.25,176.75
11458,57.340425,32,0.25,176.75
11459,57.345574,32,0.25,176.75
11460,57.350482,32,0.25,176.75
11461,57.355854,32,0.25,176.75
11462,57.360752,32,0.25,176.75
11463,57.365657,32,0.25,176.75
11464,57.371082,32,0.25,176.75
11465,57.376501,32,0.25,176.75
11466,57.381729,32,0.25,176.75
11467,57.385591,32,0.25,176.75
11468,57.390491,32,0.25,176.75
11469,57.395420,32,0.25,176.75
11470,57.400815,32,0.25,176.75
11471,57.405720,32,0.25,176.75
11472,57.410855,32,0.25,176.75
11473,57.416012,32,0.25,176.75
11474,57.420920,32,0.25,176.75
11475,57.426298,32,0.25,176.75
11476,57.430394,32,0.25,176.75
11477,57.435286,32,0.25,176.75
11478,57.440714,32,0.25,176.75
11479,57.445606,32,0.25,176.75
11480,57.450742,32,0.25,176.75
11481,57.455897,32,0.25,176.75
11482,57.460806,32,0.25,176.75
11483,57.466248,32,0.25,176.75
11484,57.471143,32,0.25,176.75
11485,57.476247,32,0.25,176.75
11486,57.482070,32,0.25,176.75
11487,57.485636,32,0.25,176.75
11488,57.490837,32,0.25,176.75
11489,57.496008,32,0.25,176.75
11490,57.500917,32,0.25,176.75
11491,57.506296,32,0.25,176.75
11492,57.509858,32,0.25,176.75
11493,57.516124,32,0.25,176.75
11494,57.520147,32,0.25,176.75
11495,57.525036,32,0.25,176.75
11496,57.529965,32,0.25,176.75
11497,57.535901,32,0.25,176.75
11498,57.540800,32,0.25,176.75
11499,57.545729,32,0.25,176.75
11500,57.551160,32,0.25,176.75
11501,57.556048,32,0.25,176.75
11502,57.561174,32,0.25,176.75
11503,57.564978,32,0.25,176.75
11504,57.569884,32,0.25,176.75
11505,57.574979,32,0.25,176.75
11506,57.581652,32,0.25,176.75
11507,57.585781,32,0.25,176.75
11508,57.591222,32,0.25,176.75
11509,57.596127,32,0.25,176.75
11510,57.601019,32,0.25,176.75
11511,57.605063,32,0.25,176.75
11512,57.609959,32,0.25,176.75
11513,57.614892,32,0.25,176.75
11514,57.620325,32,0.25,176.75
11515,57.625217,32,0.25,176.75
11516,57.630338,32,0.25,176.75
11517,57.636062,32,0.25,176.75
11518,57.640971,32,0.25,176.75
11519,57.645013,32,0.25,176.75
11520,57.649909,32,0.25,176.75
11521,57.655027,32,0.25,176.75
11522,57.660210,32,0.25,176.75
11523,57.665099,32,0.25,176.75
11524,57.670461,32,0.25,176.75
11525,57.675357,32,0.25,176.75
11526,57.682038,32,0.25,176.75
11527,57.685935,32,0.25,176.75
11528,57.690033,32,0.25,176.75
11529,57.694942,32,0.25,176.75
11530,57.700396,32,0.25,176.75
11531,57.705289,32,0.25,176.75
11532,57.710410,32,0.25,176.75
11533,57.715556,32,0.25,176.75
11534,57.720464,32,0.25,176.75
11535,57.725836,32,0.25,176.75
11536,57.730734,32,0.25,176.75
11537,57.735639,32,0.25,176.75
11538,57.741604,32,0.25,176.75
11539,57.745172,32,0.25,176.75
11540,57.750061,32,0.25,176.75
11541,57.755518,32,0.25,176.75
11542,57.760414,32,0.25,176.75
11543,57.765550,32,0.25,176.75
11544,57.770708,32,0.25,176.75
11545,57.775613,32,0.25,176.75
11546,57.782530,32,0.25,176.75
11547,57.786091,32,0.25,176.75
11548,57.790179,32,0.25,176.75
11549,57.795609,32,0.25,176.75
11550,57.800506,32,0.25,176.75
11551,57.805434,32,0.25,176.75
11552,57.810833,32,0.25,176.75
11553,57.815738,32,0.25,176.75
11554,57.821128,32,0.25,176.75
11555,57.826017,32,0.25,176.75
11556,57.830926,32,0.25,176.75
11557,57.834970,32,0.25,176.75
11558,57.839865,32,0.25,176.75
11559,57.845582,32,0.25,176.75
11560,57.850755,32,0.25,176.75
11561,57.855660,32,0.25,176.75
11562,57.861033,31.875,0.25,176.75
11563,57.865928,31.875,0.25,176.75
11564,57.870837,31.875,0.25,176.75
11565,57.874906,31.875,0.25,176.75
11566,57.882634,31.875,0.25,176.75
11567,57.884880,31.875,0.25,176.75
11568,57.890355,31.875,0.25,176.75
11569,57.895260,31.875,0.25,176.75
11570,57.900646,31.875,0.25,176.75
11571,57.906088,31.875,0.25,176.75
11572,57.910996,31.875,0.25,176.75
11573,57.916436,31.875,0.25,176.75
11574,57.919988,31.875,0.25,176.75
11575,57.924896,31.875,0.25,176.75
11576,57.930291,31.875,0.25,176.75
11577,57.935196,31.875,0.25,176.75
11578,57.940119,31.875,0.25,176.75
11579,57.945515,31.875,0.25,176.75
11580,57.950410,31.875,0.25,176.75
11581,57.955895,31.875,0.25,176.75
11582,57.959932,31.875,0.25,176.75
11583,57.966175,31.875,0.25,176.75
11584,57.971313,31.875,0.25,176.75
11585,57.975138,31.875,0.25,176.75
11586,57.980027,31.875,0.25,176.75
11587,57.985384,31.875,0.25,176.75
11588,57.990582,31.875,0.25,176.75
11589,57.995487,31.875,0.25,176.75
11590,58.000858,31.875,0.25,176.75
11591,58.006273,31.875,0.25,176.75
11592,58.011410,31.875,0.25,176.75
11593,58.015249,31.875,0.25,176.75
11594,58.020144,31.875,0.25,176.75
11595,58.025265,31.875,0.25,176.75
11596,58.030417,31.875,0.25,176.75
11597,58.035323,31.875,0.25,176.75
11598,58.040694,31.875,0.25,176.75
11599,58.045587,31.875,0.25,176.75
11600,58.050495,31.875,0.25,176.75
11601,58.056486,31.875,0.25,176.75
11602,58.060038,31.875,0.25,176.75
11603,58.064946,31.875,0.25,176.75
11604,58.070614,31.875,0.25,176.75
11605,58.075507,31.875,0.25,176.75
11606,58.081912,31.875,0.25,176.75
11607,58.085795,31.875,0.25,176.75
11608,58.090973,31.875,0.25,176.75
11609,58.095879,31.875,0.25,176.75
11610,58.101026,31.875,0.25,176.75
11611,58.106182,31.875,0.25,176.75
11612,58.111074,31.875,0.25,176.75
11613,58.116441,31.875,0.25,176.75
11614,58.120564,31.875,0.25,176.75
11615,58.125457,31.875,0.25,176.75
11616,58.130877,31.875,0.25,176.75
11617,58.135782,31.875,0.25,176.75
11618,58.140898,31.875,0.25,176.75
11619,58.146068,31.875,0.25,176.75
11620,58.150976,31.875,0.25,176.75
11621,58.156105,31.875,0.25,176.75
11622,58.159966,31.875,0.25,176.75
11623,58.167870,31.875,0.25,176.75
11624,58.170329,31.875,0.25,176.75
11625,58.176094,31.875,0.25,176.75
11626,58.182191,31.875,0.25,176.75
11627,58.186061,31.875,0.25,176.75
11628,58.189914,31.875,0.25,176.75
11629,58.196167,31.875,0.25,176.75
11630,58.199915,31.875,0.25,176.75
11631,58.205096,31.875,0.25,176.75
11632,58.210001,31.875,0.25,176.75
11633,58.215358,31.875,0.25,176.75
11634,58.220266,31.875,0.25,176.75
11635,58.225183,31.875,0.25,176.75
11636,58.231124,31.875,0.25,176.75
11637,58.236013,31.875,0.25,176.75
11638,58.241155,31.875,0.25,176.75
11639,58.244964,31.875,0.25,176.75
11640,58.249869,31.875,0.25,176.75
11641,58.254966,31.875,0.25,176.75
11642,58.260164,31.875,0.25,176.75
11643,58.265053,31.875,0.25,176.75
11644,58.270432,31.875,0.25,176.75
11645,58.275338,31.875,0.25,176.75
11646,58.280262,31.875,0.25,176.75
11647,58.285740,31.875,0.25,176.75
11648,58.290998,31.875,0.25,176.75
11649,58.295894,31.875,0.25,176.75
11650,58.300827,31.875,0.25,176.75
11651,58.306263,31.875,0.25,176.75
11652,58.311159,31.875,0.25,176.75
11653,58.316252,31.875,0.25,176.75
11654,58.320081,31.875,0.25,176.75
11655,58.324990,31.875,0.25,176.75
11656,58.330117,31.875,0.25,176.75
11657,58.335819,31.875,0.25,176.75
11658,58.340727,31.875,0.25,176.75
11659,58.346135,31.875,0.25,176.75
11660,58.351027,31.875,0.25,176.75
11661,58.356157,31.875,0.25,176.75
11662,58.359967,31.875,0.25,176.75
11663,58.364875,31.875,0.25,176.75
11664,58.370275,31.875,0.25,176.75
11665,58.375180,31.875,0.25,176.75
11666,58.380068,31.875,0.25,176.75
11667,58.385121,31.875,0.25,176.75
11668,58.390812,31.875,0.25,176.75
11669,58.395707,31.875,0.25,176.75
11670,58.401093,31.875,0.25,176.75
11671,58.405988,31.875,0.25,176.75
11672,58.410897,31.875,0.25,176.75
11673,58.414941,31.875,0.25,176.75
11674,58.421183,31.875,0.25,176.75
11675,58.424946,31.875,0.25,176.75
11676,58.430142,31.875,0.25,176.75
11677,58.435031,31.875,0.25,176.75
11678,58.440707,31.875,0.25,176.75
11679,58.445890,31.875,0.25,176.75
11680,58.450798,31.875,0.25,176.75
11681,58.456199,31.875,0.25,176.75
11682,58.461092,31.875,0.25,176.75
11683,58.465997,31.875,0.25,176.75
11684,58.470041,31.875,0.25,176.75
11685,58.474939,31.875,0.25,176.75
11686,58.482555,31.875,0.25,176.75
11687,58.484855,31.875,0.25,176.75
11688,58.490576,31.875,0.25,176.75
11689,58.495472,31.875,0.25,176.75
11690,58.500858,31.875,0.25,176.75
11691,58.505752,31.875,0.25,176.75
11692,58.510660,31.875,0.25,176.75
11693,58.516082,31.875,0.25,176.75
11694,58.520991,31.875,0.25,176.75
11695,58.526101,31.875,0.25,176.75
11696,58.529948,31.875,0.25,176.75
11697,58.534856,31.875,0.25,176.75
11698,58.539984,31.875,0.25,176.75
11699,58.545721,31.875,0.25,176.75
11700,58.550617,31.875,0.25,176.75
11701,58.556032,31.875,0.25,176.75
11702,58.560931,31.875,0.25,176.75
11703,58.566047,31.875,0.25,176.75
11704,58.569881,31.875,0.25,176.75
11705,58.576133,31.875,0.25,176.75
11706,58.580163,31.875,0.25,176.75
11707,58.585022,31.875,0.25,176.75
11708,58.589927,31.875,0.25,176.75
11709,58.595409,31.875,0.25,176.75
11710,58.600847,31.875,0.25,176.75
11711,58.605976,31.875,0.25,176.75
11712,58.611155,31.875,0.25,176.75
11713,58.616043,31.875,0.25,176.75
11714,58.621423,31.875,0.25,176.75
11715,58.624984,31.875,0.25,176.75
11716,58.629877,31.875,0.25,176.75
11717,58.635334,31.875,0.25,176.75
11718,58.640230,31.875,0.25,176.75
11719,58.645613,31.875,0.25,176.75
11720,58.650509,31.875,0.25,176.75
11721,58.655971,31.875,0.25,176.75
11722,58.660036,31.875,0.25,176.75
11723,58.664935,31.875,0.25,176.75
11724,58.671394,31.875,0.25,176.75
11725,58.675242,31.875,0.25,176.75
11726,58.680138,31.875,0.25,176.75
11727,58.685070,31.875,0.25,176.75
11728,58.690337,31.875,0.25,176.75
11729,58.695229,31.875,0.25,176.75
11730,58.700349,31.875,0.25,176.75
11731,58.706049,31.875,0.25,176.75
11732,58.710957,31.875,0.25,176.75
11733,58.716333,31.875,0.25,176.75
11734,58.719895,31.875,0.25,176.75
11735,58.726340,31.875,0.25,176.75
11736,58.730195,31.875,0.25,176.75
11737,58.735082,31.875,0.25,176.75
11738,58.740192,31.875,0.25,176.75
11739,58.745381,31.875,0.25,176.75
11740,58.750290,31.875,0.25,176.75
11741,58.755661,31.875,0.25,176.75
11742,58.761132,31.875,0.25,176.75
11743,58.766021,31.875,0.25,176.75
11744,58.770085,31.875,0.25,176.75
11745,58.774984,31.875,0.25,176.75
11746,58.779889,31.875,0.25,176.75
11747,58.784949,31.875,0.25,176.75
11748,58.790168,31.875,0.25,176.75
11749,58.795056,31.875,0.25,176.75
11750,58.800178,31.875,0.25,176.75
11751,58.805385,31.875,0.25,176.75
11752,58.810789,31.875,0.25,176.75
11753,58.816236,31.875,0.25,176.75
11754,58.821131,31.875,0.25,176.75
11755,58.826259,31.875,0.25,176.75
11756,58.830064,31.875,0.25,176.75
11757,58.834973,31.875,0.25,176.75
11758,58.840348,31.875,0.25,176.75
11759,58.845253,31.875,0.25,176.75
11760,58.850177,31.875,0.25,176.75
11761,58.855607,31.875,0.25,176.75
11762,58.860503,31.875,0.25,176.75
11763,58.865885,31.875,0.25,176.75
11764,58.869996,31.875,0.25,176.75
11765,58.874904,31.875,0.25,176.75
11766,58.880357,31.875,0.25,176.75
11767,58.885100,31.875,0.25,176.75
11768,58.890194,31.875,0.25,176.75
11769,58.895468,31.875,0.25,176.75
11770,58.900364,31.875,0.25,176.75
11771,58.905453,31.875,0.25,176.75
11772,58.910633,31.875,0.25,176.75
11773,58.915538,31.875,0.25,176.75
11774,58.921220,31.875,0.25,176.75
11775,58.925025,31.875,0.25,176.75
11776,58.929931,31.875,0.25,176.75
11777,58.935050,31.875,0.25,176.75
11778,58.940210,31.875,0.25,176.75
11779,58.945099,31.875,0.25,176.75
11780,58.950534,31.875,0.25,176.75
11781,58.955427,31.875,0.25,176.75
11782,58.960548,31.875,0.25,176.75
11783,58.965703,31.875,0.25,176.75
11784,58.970611,31.875,0.25,176.75
11785,58.974937,31.875,0.25,176.75
11786,58.980136,31.875,0.25,176.75
11787,58.984879,31.875,0.25,176.75
11788,58.990083,31.875,0.25,176.75
11789,58.995283,31.875,0.25,176.75
11790,59.000192,31.875,0.25,176.75
11791,59.005271,31.875,0.25,176.75
11792,59.010448,31.875,0.25,176.75
11793,59.015353,31.875,0.25,176.75
11794,59.020725,31.875,0.25,176.75
11795,59.025620,31.875,0.25,176.75
11796,59.030552,31.875,0.25,176.75
11797,59.036492,31.875,0.25,176.75
11798,59.040043,31.875,0.25,176.75
11799,59.044952,31.875,0.25,176.75
11800,59.050409,31.875,0.25,176.75
11801,59.055301,31.875,0.25,176.75
11802,59.060423,31.875,0.25,176.75
11803,59.065619,31.875,0.25,176.75
11804,59.070526,31.875,0.25,176.75
11805,59.075953,31.875,0.25,176.75
11806,59.080861,31.875,0.25,176.75
11807,59.085789,31.875,0.25,176.75
11808,59.091288,31.875,0.25,176.75
11809,59.095411,31.875,0.25,176.75
11810,59.100307,31.875,0.25,176.75
11811,59.105687,31.875,0.25,176.75
11812,59.110583,31.875,0.25,176.75
11813,59.115488,31.875,0.25,176.75
11814,59.120932,31.875,0.25,176.75
11815,59.125838,31.875,0.25,176.75
11816,59.131206,31.875,0.25,176.75
11817,59.136094,31.875,0.25,176.75
11818,59.141002,31.875,0.25,176.75
11819,59.145072,31.875,0.25,176.75
11820,59.150519,31.875,0.25,176.75
11821,59.155650,31.875,0.25,176.75
11822,59.160808,31.875,0.25,176.75
11823,59.168981,31.875,0.25,176.75
11824,59.171289,31.875,0.25,176.75
11825,59.175141,31.875,0.25,176.75
11826,59.180029,31.875,0.25,176.75
11827,59.185365,31.875,0.25,176.75
11828,59.190559,31.875,0.25,176.75
11829,59.195465,31.875,0.25,176.75
11830,59.201418,31.875,0.25,176.75
11831,59.204980,31.875,0.25,176.75
11832,59.209872,31.875,0.25,176.75
11833,59.215330,31.875,0.25,176.75
11834,59.220226,31.875,0.25,176.75
11835,59.225343,31.875,0.25,176.75
11836,59.230496,31.875,0.25,176.75
11837,59.235400,31.875,0.25,176.75
11838,59.240772,31.875,0.25,176.75
11839,59.245668,31.875,0.25,176.75
11840,59.250575,31.875,0.25,176.75
11841,59.256071,31.875,0.25,176.75
11842,59.260188,31.875,0.25,176.75
11843,59.265100,31.875,0.25,176.75
11844,59.270508,31.875,0.25,176.75
11845,59.275400,31.875,0.25,176.75
11846,59.280536,31.875,0.25,176.75
11847,59.285830,31.875,0.25,176.75
11848,59.290738,31.875,0.25,176.75
11849,59.295821,31.875,0.25,176.75
11850,59.301069,31.875,0.25,176.75
11851,59.305974,31.875,0.25,176.75
11852,59.310320,31.875,0.25,176.75
11853,59.315468,31.875,0.25,176.75
11854,59.320376,31.875,0.25,176.75
11855,59.325748,31.875,0.25,176.75
11856,59.330648,31.875,0.25,176.75
11857,59.335553,31.875,0.25,176.75
11858,59.341002,31.875,0.25,176.75
11859,59.345908,31.875,0.25,176.75
11860,59.351024,31.875,0.25,176.75
11861,59.356180,31.875,0.25,176.75
11862,59.360243,31.875,0.25,176.75
11863,59.365634,31.875,0.25,176.75
11864,59.370531,31.875,0.25,176.75
11865,59.375460,31.875,0.25,176.75
11866,59.380840,31.875,0.25,176.75
11867,59.386007,31.875,0.25,176.75
11868,59.391225,31.875,0.25,176.75
11869,59.395072,31.875,0.25,176.75
11870,59.399978,31.875,0.25,176.75
11871,59.405095,31.875,0.25,176.75
11872,59.410257,31.875,0.25,176.75
11873,59.415700,31.875,0.25,176.75
11874,59.421207,31.875,0.25,176.75
11875,59.426096,31.875,0.25,176.75
11876,59.431200,31.875,0.25,176.75
11877,59.435033,31.875,0.25,176.75
11878,59.439939,31.875,0.25,176.75
11879,59.445061,31.875,0.25,176.75
11880,59.450221,31.875,0.25,176.75
11881,59.455126,31.875,0.25,176.75
11882,59.460469,31.875,0.25,176.75
11883,59.465948,31.875,0.25,176.75
11884,59.471082,31.875,0.25,176.75
11885,59.474894,31.875,0.25,176.75
11886,59.481146,31.875,0.25,176.75
11887,59.485025,31.875,0.25,176.75
11888,59.490305,31.875,0.25,176.75
11889,59.495198,31.875,0.25,176.75
11890,59.500581,31.875,0.25,176.75
11891,59.505473,31.875,0.25,176.75
11892,59.510381,31.875,0.25,176.75
11893,59.515800,31.875,0.25,176.75
11894,59.519926,31.875,0.25,176.75
11895,59.526413,31.875,0.25,176.75
11896,59.530238,31.875,0.25,176.75
11897,59.535130,31.875,0.25,176.75
11898,59.540254,31.875,0.25,176.75
11899,59.545400,31.875,0.25,176.75
11900,59.550308,31.875,0.25,176.75
11901,59.555680,31.875,0.25,176.75
11902,59.560577,31.875,0.25,176.75
11903,59.565705,31.875,0.25,176.75
11904,59.570046,31.875,0.25,176.75
11905,59.574945,31.875,0.25,176.75
11906,59.580362,31.875,0.25,176.75
11907,59.585413,31.875,0.25,176.75
11908,59.590498,31.875,0.25,176.75
11909,59.595772,31.875,0.25,176.75
11910,59.600668,31.875,0.25,176.75
11911,59.605778,31.875,0.25,176.75
11912,59.610962,31.875,0.25,176.75
11913,59.615867,31.875,0.25,176.75
11914,59.621270,31.875,0.25,176.75
11915,59.625363,31.875,0.25,176.75
11916,59.630259,31.875,0.25,176.75
11917,59.635683,31.875,0.25,176.75
11918,59.640579,31.875,0.25,176.75
11919,59.645508,31.875,0.25,176.75
11920,59.650930,31.875,0.25,176.75
11921,59.655836,31.875,0.25,176.75
11922,59.660953,31.875,0.25,176.75
11923,59.666162,31.875,0.25,176.75
11924,59.671054,31.875,0.25,176.75
11925,59.676466,31.875,0.25,176.75
11926,59.680565,31.875,0.25,176.75
11927,59.685604,31.875,0.25,176.75
11928,59.691062,31.875,0.25,176.75
11929,59.695958,31.875,0.25,176.75
11930,59.700866,31.875,0.25,176.75
11931,59.704925,31.875,0.25,176.75
11932,59.711167,31.875,0.25,176.75
11933,59.714926,31.875,0.25,176.75
11934,59.720129,31.875,0.25,176.75
11935,59.725017,31.875,0.25,176.75
11936,59.730937,31.875,0.25,176.75
11937,59.735833,31.875,0.25,176.75
11938,59.740765,31.875,0.25,176.75
11939,59.746207,31.875,0.25,176.75
11940,59.751098,31.875,0.25,176.75
11941,59.756510,31.875,0.25,176.75
11942,59.760062,31.875,0.25,176.75
11943,59.764970,31.875,0.25,176.75
11944,59.770432,31.875,0.25,176.75
11945,59.775324,31.875,0.25,176.75
11946,59.780417,31.875,0.25,176.75
11947,59.786247,31.875,0.25,176.75
11948,59.791155,31.875,0.25,176.75
11949,59.796364,31.875,0.25,176.75
11950,59.800231,31.875,0.25,176.75
11951,59.805122,31.875,0.25,176.75
11952,59.810246,31.875,0.25,176.75
11953,59.815392,31.875,0.25,176.75
11954,59.820301,31.875,0.25,176.75
11955,59.825673,31.875,0.25,176.75
11956,59.830569,31.875,0.25,176.75
11957,59.835474,31.875,0.25,176.75
11958,59.841397,31.875,0.25,176.75
11959,59.844958,31.875,0.25,176.75
11960,59.850060,31.875,0.25,176.75
11961,59.855253,31.875,0.25,176.75
11962,59.860161,31.875,0.25,176.75
11963,59.865533,31.875,0.25,176.75
11964,59.870432,31.875,0.25,176.75
11965,59.875362,31.875,0.25,176.75
11966,59.880781,31.875,0.25,176.75
11967,59.885819,31.875,0.25,176.75
11968,59.891043,31.875,0.25,176.75
11969,59.895395,31.875,0.25,176.75
11970,59.900304,31.875,0.25,176.75
11971,59.905428,31.875,0.25,176.75
11972,59.910581,31.875,0.25,176.75
11973,59.915486,31.875,0.25,176.75
11974,59.920858,31.875,0.25,176.75
11975,59.925752,31.875,0.25,176.75
11976,59.930661,31.875,0.25,176.75
11977,59.936127,31.875,0.25,176.75
11978,59.941019,31.875,0.25,176.75
11979,59.946116,31.875,0.25,176.75
11980,59.950463,31.875,0.25,176.75
11981,59.955359,31.875,0.25,176.75
11982,59.960478,31.875,0.25,176.75
11983,59.965627,31.875,0.25,176.75
11984,59.970535,31.875,0.25,176.75
11985,59.975958,31.875,0.25,176.75
11986,59.980867,31.875,0.25,176.75
11987,59.986095,31.875,0.25,176.75
11988,59.989956,31.875,0.25,176.75
11989,59.994855,31.875,0.25,176.75
11990,60.001609,31.875,0.25,176.75
11991,60.005670,31.875,0.25,176.75
11992,60.010567,31.875,0.25,176.75
11993,60.015471,31.875,0.25,176.75
11994,60.020915,31.875,0.25,176.75
11995,60.025821,31.875,0.25,176.75
11996,60.031214,31.875,0.25,176.75
11997,60.036103,31.875,0.25,176.75
11998,60.041010,31.875,0.25,176.75
11999,60.045055,31.875,0.25,176.75
12000,60.049951,31.875,0.25,176.75
12001,60.054859,31.875,0.25,176.75
12002,60.060812,31.875,0.25,176.75
12003,60.065707,31.875,0.25,176.75
12004,60.071093,31.875,0.25,176.75
12005,60.075989,31.875,0.25,176.75
12006,60.081147,31.875,0.25,176.75
12007,60.085067,31.875,0.25,176.75
12008,60.089959,31.875,0.25,176.75
12009,60.094867,31.875,0.25,176.75
12010,60.100340,31.875,0.25,176.75
12011,60.105246,31.875,0.25,176.75
12012,60.110380,31.875,0.25,176.75
12013,60.116319,31.875,0.25,176.75
12014,60.119881,31.875,0.25,176.75
12015,60.126353,31.875,0.25,176.75
12016,60.130177,31.875,0.25,176.75
12017,60.135065,31.875,0.25,176.75
12018,60.140160,31.875,0.25,176.75
12019,60.145591,31.875,0.25,176.75
12020,60.150487,31.875,0.25,176.75
12021,60.155605,31.875,0.25,176.75
12022,60.160755,31.875,0.25,176.75
12023,60.169190,31.875,0.25,176.75
12024,60.171593,31.875,0.25,176.75
12025,60.175498,31.875,0.25,176.75
12026,60.180396,31.875,0.25,176.75
12027,60.185155,31.875,0.25,176.75
12028,60.190586,31.875,0.25,176.75
12029,60.195479,31.875,0.25,176.75
12030,60.200386,31.875,0.25,176.75
12031,60.205819,31.875,0.25,176.75
12032,60.210715,31.875,0.25,176.75
12033,60.216073,31.875,0.25,176.75
12034,60.221481,31.875,0.25,176.75
12035,60.225033,31.875,0.25,176.75
12036,60.230470,31.875,0.25,176.75
12037,60.235363,31.875,0.25,176.75
12038,60.240745,31.875,0.25,176.75
12039,60.245639,31.875,0.25,176.75
12040,60.250547,31.875,0.25,176.75
12041,60.255995,31.875,0.25,176.75
12042,60.260904,31.875,0.25,176.75
12043,60.266021,31.875,0.25,176.75
12044,60.271180,31.875,0.25,176.75
12045,60.276581,31.875,0.25,176.75
12046,60.280631,31.875,0.25,176.75
12047,60.285496,31.875,0.25,176.75
12048,60.290403,31.875,0.25,176.75
12049,60.295831,31.875,0.25,176.75
12050,60.300729,31.875,0.25,176.75
12051,60.305634,31.875,0.25,176.75
12052,60.311073,31.875,0.25,176.75
12053,60.315979,31.875,0.25,176.75
12054,60.321095,31.875,0.25,176.75
12055,60.324907,31.875,0.25,176.75
12056,60.331160,31.875,0.25,176.75
12057,60.334941,31.875,0.25,176.75
12058,60.340661,31.875,0.25,176.75
12059,60.345554,31.875,0.25,176.75
12060,60.351023,31.875,0.25,176.75
12061,60.355929,31.875,0.25,176.75
12062,60.361056,31.875,0.25,176.75
12063,60.364868,31.875,0.25,176.75
12064,60.371104,31.875,0.25,176.75
12065,60.376227,31.875,0.25,176.75
12066,60.380032,31.875,0.25,176.75
12067,60.386138,31.875,0.25,176.75
12068,60.390239,31.875,0.25,176.75
12069,60.395645,31.875,0.25,176.75
12070,60.400542,31.875,0.25,176.75
12071,60.405447,31.75,0.25,176.75
12072,60.410866,31.75,0.25,176.75
12073,60.415771,31.75,0.25,176.75
12074,60.420910,31.75,0.25,176.75
12075,60.426066,31.75,0.25,176.75
12076,60.430975,31.75,0.25,176.75
12077,60.436328,31.75,0.25,176.75
12078,60.439890,31.75,0.25,176.75
12079,60.446129,31.75,0.25,176.75
12080,60.450200,31.75,0.25,176.75
12081,60.455635,31.75,0.25,176.75
12082,60.460543,31.75,0.25,176.75
12083,60.465984,31.75,0.25,176.75
12084,60.470892,31.75,0.25,176.75
12085,60.476264,31.75,0.25,176.75
12086,60.481173,31.75,0.25,176.75
12087,60.486112,31.75,0.25,176.75
12088,60.489980,31.75,0.25,176.75
12089,60.494879,31.75,0.25,176.75
12090,60.501658,31.75,0.25,176.75
12091,60.505694,31.75,0.25,176.75
12092,60.510591,31.75,0.25,176.75
12093,60.515719,31.75,0.25,176.75
12094,60.520929,31.75,0.25,176.75
12095,60.525835,31.75,0.25,176.75
12096,60.531238,31.75,0.25,176.75
12097,60.536143,31.75,0.25,176.75
12098,60.541035,31.75,0.25,176.75
12099,60.545080,31.75,0.25,176.75
12100,60.549975,31.75,0.25,176.75
12101,60.555410,31.75,0.25,176.75
12102,60.560851,31.75,0.25,176.75
12103,60.565755,31.75,0.25,176.75
12104,60.571149,31.75,0.25,176.75
12105,60.576038,31.75,0.25,176.75
12106,60.580946,31.75,0.25,176.75
12107,60.585992,31.75,0.25,176.75
12108,60.591189,31.75,0.25,176.75
12109,60.596077,31.75,0.25,176.75
12110,60.601174,31.75,0.25,176.75
12111,60.605009,31.75,0.25,176.75
12112,60.610479,31.75,0.25,176.75
12113,60.615883,31.75,0.25,176.75
12114,60.620781,31.75,0.25,176.75
12115,60.625925,31.75,0.25,176.75
12116,60.631079,31.75,0.25,176.75
12117,60.635984,31.75,0.25,176.75
12118,60.641114,31.75,0.25,176.75
12119,60.644920,31.75,0.25,176.75
12120,60.651173,31.75,0.25,176.75
12121,60.654921,31.75,0.25,176.75
12122,60.660101,31.75,0.25,176.75
12123,60.665576,31.75,0.25,176.75
12124,60.671011,31.75,0.25,176.75
12125,60.675917,31.75,0.25,176.75
12126,60.681044,31.75,0.25,176.75
12127,60.686057,31.75,0.25,176.75
12128,60.690965,31.75,0.25,176.75
12129,60.696173,31.75,0.25,176.75
12130,60.700019,31.75,0.25,176.75
12131,60.704928,31.75,0.25,176.75
12132,60.710045,31.75,0.25,176.75
12133,60.715201,31.75,0.25,176.75
12134,60.720089,31.75,0.25,176.75
12135,60.726031,31.75,0.25,176.75
12136,60.730931,31.75,0.25,176.75
12137,60.735861,31.75,0.25,176.75
12138,60.739905,31.75,0.25,176.75
12139,60.746147,31.75,0.25,176.75
12140,60.751289,31.75,0.25,176.75
12141,60.755094,31.75,0.25,176.75
12142,60.759999,31.75,0.25,176.75
12143,60.765140,31.75,0.25,176.75
12144,60.770307,31.75,0.25,176.75
12145,60.775704,31.75,0.25,176.75
12146,60.781081,31.75,0.25,176.75
12147,60.785831,31.75,0.25,176.75
12148,60.790929,31.75,0.25,176.75
12149,60.796201,31.75,0.25,176.75
12150,60.801092,31.75,0.25,176.75
12151,60.806210,31.75,0.25,176.75
12152,60.810018,31.75,0.25,176.75
12153,60.814927,31.75,0.25,176.75
12154,60.820301,31.75,0.25,176.75
12155,60.825699,31.75,0.25,176.75
12156,60.830791,31.75,0.25,176.75
12157,60.835962,31.75,0.25,176.75
12158,60.840870,31.75,0.25,176.75
12159,60.845968,31.75,0.25,176.75
12160,60.851154,31.75,0.25,176.75
12161,60.856043,31.75,0.25,176.75
12162,60.861431,31.75,0.25,176.75
12163,60.864984,31.75,0.25,176.75
12164,60.869889,31.75,0.25,176.75
12165,60.875347,31.75,0.25,176.75
12166,60.880798,31.75,0.25,176.75
12167,60.885862,31.75,0.25,176.75
12168,60.891037,31.75,0.25,176.75
12169,60.895943,31.75,0.25,176.75
12170,60.899988,31.75,0.25,176.75
12171,60.904887,31.75,0.25,176.75
12172,60.910005,31.75,0.25,176.75
12173,60.915180,31.75,0.25,176.75
12174,60.920069,31.75,0.25,176.75
12175,60.925439,31.75,0.25,176.75
12176,60.930890,31.75,0.25,176.75
12177,60.936026,31.75,0.25,176.75
12178,60.941182,31.75,0.25,176.75
12179,60.946071,31.75,0.25,176.75
12180,60.951459,31.75,0.25,176.75
12181,60.955011,31.75,0.25,176.75
12182,60.959917,31.75,0.25,176.75
12183,60.965289,31.75,0.25,176.75
12184,60.970198,31.75,0.25,176.75
12185,60.975086,31.75,0.25,176.75
12186,60.981014,31.75,0.25,176.75
12187,60.985761,31.75,0.25,176.75
12188,60.990981,31.75,0.25,176.75
12189,60.996157,31.75,0.25,176.75
12190,61.001049,31.75,0.25,176.75
12191,61.006415,31.75,0.25,176.75
12192,61.009977,31.75,0.25,176.75
12193,61.014873,31.75,0.25,176.75
12194,61.020330,31.75,0.25,176.75
12195,61.025222,31.75,0.25,176.75
12196,61.030343,31.75,0.25,176.75
12197,61.036042,31.75,0.25,176.75
12198,61.040950,31.75,0.25,176.75
12199,61.044993,31.75,0.25,176.75
12200,61.049889,31.75,0.25,176.75
12201,61.056363,31.75,0.25,176.75
12202,61.060188,31.75,0.25,176.75
12203,61.065076,31.75,0.25,176.75
12204,61.070200,31.75,0.25,176.75
12205,61.075349,31.75,0.25,176.75
12206,61.080258,31.75,0.25,176.75
12207,61.085313,31.75,0.25,176.75
12208,61.091119,31.75,0.25,176.75
12209,61.096008,31.75,0.25,176.75
12210,61.101400,31.75,0.25,176.75
12211,61.104962,31.75,0.25,176.75
12212,61.109855,31.75,0.25,176.75
12213,61.115312,31.75,0.25,176.75
12214,61.120208,31.75,0.25,176.75
12215,61.125321,31.75,0.25,176.75
12216,61.130719,31.75,0.25,176.75
12217,61.135624,31.75,0.25,176.75
12218,61.140732,31.75,0.25,176.75
12219,61.145086,31.75,0.25,176.75
12220,61.149981,31.75,0.25,176.75
12221,61.155095,31.75,0.25,176.75
12222,61.160282,31.75,0.25,176.75
12223,61.169709,31.75,0.25,176.75
12224,61.172056,31.75,0.25,176.75
12225,61.175900,31.75,0.25,176.75
12226,61.180808,31.75,0.25,176.75
12227,61.186032,31.75,0.25,176.75
12228,61.189909,31.75,0.25,176.75
12229,61.196151,31.75,0.25,176.75
12230,61.200284,31.75,0.25,176.75
12231,61.205718,31.75,0.25,176.75
12232,61.210615,31.75,0.25,176.75
12233,61.215749,31.75,0.25,176.75
12234,61.220908,31.75,0.25,176.75
12235,61.225814,31.75,0.25,176.75
12236,61.231259,31.75,0.25,176.75
12237,61.236151,31.75,0.25,176.75
12238,61.239946,31.75,0.25,176.75
12239,61.245102,31.75,0.25,176.75
12240,61.250006,31.75,0.25,176.75
12241,61.255482,31.75,0.25,176.75
12242,61.260915,31.75,0.25,176.75
12243,61.266049,31.75,0.25,176.75
12244,61.269856,31.75,0.25,176.75
12245,61.276092,31.75,0.25,176.75
12246,61.281481,31.75,0.25,176.75
12247,61.285192,31.75,0.25,176.75
12248,61.290080,31.75,0.25,176.75
12249,61.295529,31.75,0.25,176.75
12250,61.300428,31.75,0.25,176.75
12251,61.305348,31.75,0.25,176.75
12252,61.311275,31.75,0.25,176.75
12253,61.316181,31.75,0.25,176.75
12254,61.321072,31.75,0.25,176.75
12255,61.325137,31.75,0.25,176.75
12256,61.330026,31.75,0.25,176.75
12257,61.334934,31.75,0.25,176.75
12258,61.340392,31.75,0.25,176.75
12259,61.345284,31.75,0.25,176.75
12260,61.350402,31.75,0.25,176.75
12261,61.355551,31.75,0.25,176.75
12262,61.361005,31.75,0.25,176.75
12263,61.366389,31.75,0.25,176.75
12264,61.369950,31.75,0.25,176.75
12265,61.376218,31.75,0.25,176.75
12266,61.380240,31.75,0.25,176.75
12267,61.385291,31.75,0.25,176.75
12268,61.390215,31.75,0.25,176.75
12269,61.395619,31.75,0.25,176.75
12270,61.400515,31.75,0.25,176.75
12271,61.405444,31.75,0.25,176.75
12272,61.410840,31.75,0.25,176.75
12273,61.416262,31.75,0.25,176.75
12274,61.420058,31.75,0.25,176.75
12275,61.425217,31.75,0.25,176.75
12276,61.430124,31.75,0.25,176.75
12277,61.435469,31.75,0.25,176.75
12278,61.440368,31.75,0.25,176.75
12279,61.445273,31.75,0.25,176.75
12280,61.450716,31.75,0.25,176.75
12281,61.455609,31.75,0.25,176.75
12282,61.460744,31.75,0.25,176.75
12283,61.465900,31.75,0.25,176.75
12284,61.470028,31.75,0.25,176.75
12285,61.475161,31.75,0.25,176.75
12286,61.480317,31.75,0.25,176.75
12287,61.485368,31.75,0.25,176.75
12288,61.490580,31.75,0.25,176.75
12289,61.495801,31.75,0.25,176.75
12290,61.500709,31.75,0.25,176.75
12291,61.506149,31.75,0.25,176.75
12292,61.511041,31.75,0.25,176.75
12293,61.516175,31.75,0.25,176.75
12294,61.520498,31.75,0.25,176.75
12295,61.525394,31.75,0.25,176.75
12296,61.530532,31.75,0.25,176.75
12297,61.535688,31.75,0.25,176.75
12298,61.540596,31.75,0.25,176.75
12299,61.545968,31.75,0.25,176.75
12300,61.550867,31.75,0.25,176.75
12301,61.555772,31.75,0.25,176.75
12302,61.561241,31.75,0.25,176.75
12303,61.566133,31.75,0.25,176.75
12304,61.571515,31.75,0.25,176.75
12305,61.575615,31.75,0.25,176.75
12306,61.580511,31.75,0.25,176.75
12307,61.586040,31.75,0.25,176.75
12308,61.590936,31.75,0.25,176.75
12309,61.595866,31.75,0.25,176.75
12310,61.601286,31.75,0.25,176.75
12311,61.606191,31.75,0.25,176.75
12312,61.611308,31.75,0.25,176.75
12313,61.615133,31.75,0.25,176.75
12314,61.620022,31.75,0.25,176.75
12315,61.625174,31.75,0.25,176.75
12316,61.630904,31.75,0.25,176.75
12317,61.635810,31.75,0.25,176.75
12318,61.641252,31.75,0.25,176.75
12319,61.646144,31.75,0.25,176.75
12320,61.651269,31.75,0.25,176.75
12321,61.655077,31.75,0.25,176.75
12322,61.659983,31.75,0.25,176.75
12323,61.665103,31.75,0.25,176.75
12324,61.670262,31.75,0.25,176.75
12325,61.675168,31.75,0.25,176.75
12326,61.680563,31.75,0.25,176.75
12327,61.686152,31.75,0.25,176.75
12328,61.691241,31.75,0.25,176.75
12329,61.695119,31.75,0.25,176.75
12330,61.700008,31.75,0.25,176.75
12331,61.704917,31.75,0.25,176.75
12332,61.710374,31.75,0.25,176.75
12333,61.715267,31.75,0.25,176.75
12334,61.720363,31.75,0.25,176.75
12335,61.725534,31.75,0.25,176.75
12336,61.730441,31.75,0.25,176.75
12337,61.735838,31.75,0.25,176.75
12338,61.739921,31.75,0.25,176.75
12339,61.746174,31.75,0.25,176.75
12340,61.750222,31.75,0.25,176.75
12341,61.755127,31.75,0.25,176.75
12342,61.760016,31.75,0.25,176.75
12343,61.765471,31.75,0.25,176.75
12344,61.770367,31.75,0.25,176.75
12345,61.775479,31.75,0.25,176.75
12346,61.780637,31.75,0.25,176.75
12347,61.785687,31.75,0.25,176.75
12348,61.789985,31.75,0.25,176.75
12349,61.795248,31.75,0.25,176.75
12350,61.800143,31.75,0.25,176.75
12351,61.805268,31.75,0.25,176.75
12352,61.810438,31.75,0.25,176.75
12353,61.815344,31.75,0.25,176.75
12354,61.820715,31.75,0.25,176.75
12355,61.825611,31.75,0.25,176.75
12356,61.830519,31.75,0.25,176.75
12357,61.835943,31.75,0.25,176.75
12358,61.840011,31.75,0.25,176.75
12359,61.844910,31.75,0.25,176.75
12360,61.850400,31.75,0.25,176.75
12361,61.855292,31.75,0.25,176.75
12362,61.860386,31.75,0.25,176.75
12363,61.865560,31.75,0.25,176.75
12364,61.870468,31.75,0.25,176.75
12365,61.875840,31.75,0.25,176.75
12366,61.880738,31.75,0.25,176.75
12367,61.885643,31.75,0.25,176.75
12368,61.891582,31.75,0.25,176.75
12369,61.895418,31.75,0.25,176.75
12370,61.900504,31.75,0.25,176.75
12371,61.905772,31.75,0.25,176.75
12372,61.910668,31.75,0.25,176.75
12373,61.915803,31.75,0.25,176.75
12374,61.920962,31.75,0.25,176.75
12375,61.925868,31.75,0.25,176.75
12376,61.931246,31.75,0.25,176.75
12377,61.936151,31.75,0.25,176.75
12378,61.941043,31.75,0.25,176.75
12379,61.945387,31.75,0.25,176.75
12380,61.950560,31.75,0.25,176.75
12381,61.955453,31.75,0.25,176.75
12382,61.960544,31.75,0.25,176.75
12383,61.965724,31.75,0.25,176.75
12384,61.970632,31.75,0.25,176.75
12385,61.976005,31.75,0.25,176.75
12386,61.980904,31.75,0.25,176.75
12387,61.985809,31.75,0.25,176.75
12388,61.991252,31.75,0.25,176.75
12389,61.996843,31.75,0.25,176.75
12390,62.000602,31.75,0.25,176.75
12391,62.005846,31.75,0.25,176.75
12392,62.010754,31.75,0.25,176.75
12393,62.015844,31.75,0.25,176.75
12394,62.021027,31.75,0.25,176.75
12395,62.025933,31.75,0.25,176.75
12396,62.031311,31.75,0.25,176.75
12397,62.034873,31.75,0.25,176.75
12398,62.041112,31.75,0.25,176.75
12399,62.045159,31.75,0.25,176.75
12400,62.050622,31.75,0.25,176.75
12401,62.055754,31.75,0.25,176.75
12402,62.060913,31.75,0.25,176.75
12403,62.065819,31.75,0.25,176.75
12404,62.071197,31.75,0.25,176.75
12405,62.076086,31.75,0.25,176.75
12406,62.080994,31.75,0.25,176.75
12407,62.085038,31.75,0.25,176.75
12408,62.089934,31.75,0.25,176.75
12409,62.096504,31.75,0.25,176.75
12410,62.100387,31.75,0.25,176.75
12411,62.105842,31.75,0.25,176.75
12412,62.110954,31.75,0.25,176.75
12413,62.116153,31.75,0.25,176.75
12414,62.121044,31.75,0.25,176.75
12415,62.126171,31.75,0.25,176.75
12416,62.130029,31.75,0.25,176.75
12417,62.134938,31.75,0.25,176.75
12418,62.140312,31.75,0.25,176.75
12419,62.145218,31.75,0.25,176.75
12420,62.150113,31.75,0.25,176.75
12421,62.155809,31.75,0.25,176.75
12422,62.159898,31.75,0.25,176.75
12423,62.170792,31.75,0.25,176.75
12424,62.173105,31.75,0.25,176.75
12425,62.176965,31.75,0.25,176.75
12426,62.181863,31.75,0.25,176.75
12427,62.186768,31.75,0.25,176.75
12428,62.190833,31.75,0.25,176.75
12429,62.195873,31.75,0.25,176.75
12430,62.200781,31.75,0.25,176.75
12431,62.206253,31.75,0.25,176.75
12432,62.211690,31.75,0.25,176.75
12433,62.216595,31.75,0.25,176.75
12434,62.222037,31.75,0.25,176.75
12435,62.226943,31.75,0.25,176.75
12436,62.232062,31.75,0.25,176.75
12437,62.235874,31.75,0.25,176.75
12438,62.240783,31.75,0.25,176.75
12439,62.245900,31.75,0.25,176.75
12440,62.251059,31.75,0.25,176.75
12441,62.255965,31.75,0.25,176.75
12442,62.261368,31.75,0.25,176.75
12443,62.266812,31.75,0.25,176.75
12444,62.271948,31.75,0.25,176.75
12445,62.275777,31.75,0.25,176.75
12446,62.282013,31.75,0.25,176.75
12447,62.285785,31.75,0.25,176.75
12448,62.290945,31.75,0.25,176.75
12449,62.295995,31.75,0.25,176.75
12450,62.301215,31.75,0.25,176.75
12451,62.306405,31.75,0.25,176.75
12452,62.311314,31.75,0.25,176.75
12453,62.317243,31.75,0.25,176.75
12454,62.320808,31.75,0.25,176.75
12455,62.325700,31.75,0.25,176.75
12456,62.331157,31.75,0.25,176.75
12457,62.336046,31.75,0.25,176.75
12458,62.341177,31.75,0.25,176.75
12459,62.346342,31.75,0.25,176.75
12460,62.351250,31.75,0.25,176.75
12461,62.356622,31.75,0.25,176.75
12462,62.361518,31.75,0.25,176.75
12463,62.366980,31.75,0.25,176.75
12464,62.371045,31.75,0.25,176.75
12465,62.375941,31.75,0.25,176.75
12466,62.380849,31.75,0.25,176.75
12467,62.386304,31.75,0.25,176.75
12468,62.391199,31.75,0.25,176.75
12469,62.396424,31.75,0.25,176.75
12470,62.401696,31.75,0.25,176.75
12471,62.406589,31.75,0.25,176.75
12472,62.411724,31.75,0.25,176.75
12473,62.417411,31.75,0.25,176.75
12474,62.420976,31.75,0.25,176.75
12475,62.426341,31.75,0.25,176.75
12476,62.431250,31.75,0.25,176.75
12477,62.436142,31.75,0.25,176.75
12478,62.441580,31.75,0.25,176.75
12479,62.446472,31.75,0.25,176.75
12480,62.451609,31.75,0.25,176.75
12481,62.456765,31.75,0.25,176.75
12482,62.461673,31.75,0.25,176.75
12483,62.467070,31.75,0.25,176.75
12484,62.471173,31.75,0.25,176.75
12485,62.476062,31.75,0.25,176.75
12486,62.481518,31.75,0.25,176.75
12487,62.486410,31.75,0.25,176.75
12488,62.491548,31.75,0.25,176.75
12489,62.496846,31.75,0.25,176.75
12490,62.501754,31.75,0.25,176.75
12491,62.506943,31.75,0.25,176.75
12492,62.510791,31.75,0.25,176.75
12493,62.515683,31.75,0.25,176.75
12494,62.520822,31.75,0.25,176.75
12495,62.525977,31.75,0.25,176.75
12496,62.531455,31.75,0.25,176.75
12497,62.536862,31.75,0.25,176.75
12498,62.541770,31.75,0.25,176.75
12499,62.546896,31.75,0.25,176.75
12500,62.550727,31.75,0.25,176.75
12501,62.556960,31.75,0.25,176.75
12502,62.562060,31.75,0.25,176.75
12503,62.565896,31.75,0.25,176.75
12504,62.570805,31.75,0.25,176.75
12505,62.576176,31.75,0.25,176.75
12506,62.581068,31.75,0.25,176.75
12507,62.586552,31.75,0.25,176.75
12508,62.591969,31.75,0.25,176.75
12509,62.597020,31.75,0.25,176.75
12510,62.602113,31.75,0.25,176.75
12511,62.605981,31.75,0.25,176.75
12512,62.610880,31.75,0.25,176.75
12513,62.615786,31.75,0.25,176.75
12514,62.621243,31.75,0.25,176.75
12515,62.626135,31.75,0.25,176.75
12516,62.631250,31.75,0.25,176.75
12517,62.636977,31.75,0.25,176.75
12518,62.641886,31.75,0.25,176.75
12519,62.645932,31.75,0.25,176.75
12520,62.650831,31.75,0.25,176.75
12521,62.655967,31.75,0.25,176.75
12522,62.661144,31.75,0.25,176.75
12523,62.666033,31.75,0.25,176.75
12524,62.671411,31.75,0.25,176.75
12525,62.676317,31.75,0.25,176.75
12526,62.681212,31.75,0.25,176.75
12527,62.687175,31.75,0.25,176.75
12528,62.690741,31.75,0.25,176.75
12529,62.697308,31.75,0.25,176.75
12530,62.701174,31.75,0.25,176.75
12531,62.706062,31.75,0.25,176.75
12532,62.711196,31.75,0.25,176.75
12533,62.716349,31.75,0.25,176.75
12534,62.721258,31.75,0.25,176.75
12535,62.726363,31.75,0.25,176.75
12536,62.731515,31.75,0.25,176.75
12537,62.736420,31.75,0.25,176.75
12538,62.741793,31.75,0.25,176.75
12539,62.745900,31.75,0.25,176.75
12540,62.750808,31.75,0.25,176.75
12541,62.756261,31.75,0.25,176.75
12542,62.761157,31.75,0.25,176.75
12543,62.766274,31.75,0.25,176.75
12544,62.771426,31.75,0.25,176.75
12545,62.776332,31.75,0.25,176.75
12546,62.781704,31.75,0.25,176.75
12547,62.786599,31.75,0.25,176.75
12548,62.792090,31.75,0.25,176.75
12549,62.797729,31.75,0.25,176.75
12550,62.801298,31.75,0.25,176.75
12551,62.806191,31.75,0.25,176.75
12552,62.811641,31.75,0.25,176.75
12553,62.816537,31.75,0.25,176.75
12554,62.821445,31.75,0.25,176.75
12555,62.826859,31.75,0.25,176.75
12556,62.831766,31.75,0.25,176.75
12557,62.837135,31.75,0.25,176.75
12558,62.841263,31.75,0.25,176.75
12559,62.846169,31.75,0.25,176.75
12560,62.851600,31.75,0.25,176.75
12561,62.856493,31.75,0.25,176.75
12562,62.861901,31.75,0.25,176.75
12563,62.866796,31.75,0.25,176.75
12564,62.871729,31.75,0.25,176.75
12565,62.875774,31.75,0.25,176.75
12566,62.882013,31.75,0.25,176.75
12567,62.887152,31.75,0.25,176.75
12568,62.890967,31.75,0.25,176.75
12569,62.897898,31.75,0.25,176.75
12570,62.901648,31.75,0.25,176.75
12571,62.906906,31.75,0.25,176.75
12572,62.911815,31.75,0.25,176.75
12573,62.916903,31.75,0.25,176.75
12574,62.920759,31.75,0.25,176.75
12575,62.926992,31.75,0.25,176.75
12576,62.930758,31.75,0.25,176.75
12577,62.935946,31.75,0.25,176.75
12578,62.940854,31.75,0.25,176.75
12579,62.946233,31.75,0.25,176.75
12580,62.951683,31.625,0.25,176.75
12581,62.956813,31.625,0.25,176.75
12582,62.961972,31.625,0.25,176.75
12583,62.966878,31.625,0.25,176.75
12584,62.972257,31.625,0.25,176.75
12585,62.975818,31.625,0.25,176.75
12586,62.980714,31.625,0.25,176.75
12587,62.986168,31.625,0.25,176.75
12588,62.991059,31.625,0.25,176.75
12589,62.997923,31.625,0.25,176.75
12590,63.001492,31.625,0.25,176.75
12591,63.006384,31.625,0.25,176.75
12592,63.012154,31.625,0.25,176.75
12593,63.016018,31.625,0.25,176.75
12594,63.020917,31.625,0.25,176.75
12595,63.025823,31.625,0.25,176.75
12596,63.031287,31.625,0.25,176.75
12597,63.036179,31.625,0.25,176.75
12598,63.041321,31.625,0.25,176.75
12599,63.046471,31.625,0.25,176.75
12600,63.051379,31.625,0.25,176.75
12601,63.056751,31.625,0.25,176.75
12602,63.061649,31.625,0.25,176.75
12603,63.066579,31.625,0.25,176.75
12604,63.070917,31.625,0.25,176.75
12605,63.076074,31.625,0.25,176.75
12606,63.080983,31.625,0.25,176.75
12607,63.086359,31.625,0.25,176.75
12608,63.091268,31.625,0.25,176.75
12609,63.096330,31.625,0.25,176.75
12610,63.101752,31.625,0.25,176.75
12611,63.106648,31.625,0.25,176.75
12612,63.111556,31.625,0.25,176.75
12613,63.116991,31.625,0.25,176.75
12614,63.121087,31.625,0.25,176.75
12615,63.126208,31.625,0.25,176.75
12616,63.131375,31.625,0.25,176.75
12617,63.136280,31.625,0.25,176.75
12618,63.141652,31.625,0.25,176.75
12619,63.146545,31.625,0.25,176.75
12620,63.151454,31.625,0.25,176.75
12621,63.157027,31.625,0.25,176.75
12622,63.161925,31.625,0.25,176.75
12623,63.171511,31.625,0.25,176.75
12624,63.173855,31.625,0.25,176.75
12625,63.177738,31.625,0.25,176.75
12626,63.182016,31.625,0.25,176.75
12627,63.186912,31.625,0.25,176.75
12628,63.192337,31.625,0.25,176.75
12629,63.197388,31.625,0.25,176.75
12630,63.202284,31.625,0.25,176.75
12631,63.207722,31.625,0.25,176.75
12632,63.212622,31.625,0.25,176.75
12633,63.217551,31.625,0.25,176.75
12634,63.221634,31.625,0.25,176.75
12635,63.226530,31.625,0.25,176.75
12636,63.231438,31.625,0.25,176.75
12637,63.237373,31.625,0.25,176.75
12638,63.242282,31.625,0.25,176.75
12639,63.247672,31.625,0.25,176.75
12640,63.252569,31.625,0.25,176.75
12641,63.257474,31.625,0.25,176.75
12642,63.261545,31.625,0.25,176.75
12643,63.266442,31.625,0.25,176.75
12644,63.272898,31.625,0.25,176.75
12645,63.276726,31.625,0.25,176.75
12646,63.281622,31.625,0.25,176.75
12647,63.287032,31.625,0.25,176.75
12648,63.292463,31.625,0.25,176.75
12649,63.297686,31.625,0.25,176.75
12650,63.301557,31.625,0.25,176.75
12651,63.306450,31.625,0.25,176.75
12652,63.312908,31.625,0.25,176.75
12653,63.316737,31.625,0.25,176.75
12654,63.321633,31.625,0.25,176.75
12655,63.326747,31.625,0.25,176.75
12656,63.331930,31.625,0.25,176.75
12657,63.336835,31.625,0.25,176.75
12658,63.342214,31.625,0.25,176.75
12659,63.347658,31.625,0.25,176.75
12660,63.352566,31.625,0.25,176.75
12661,63.356631,31.625,0.25,176.75
12662,63.361527,31.625,0.25,176.75
12663,63.366431,31.625,0.25,176.75
12664,63.371848,31.625,0.25,176.75
12665,63.376753,31.625,0.25,176.75
12666,63.381871,31.625,0.25,176.75
12667,63.387027,31.625,0.25,176.75
12668,63.391935,31.625,0.25,176.75
12669,63.397705,31.625,0.25,176.75
12670,63.401571,31.625,0.25,176.75
12671,63.406464,31.625,0.25,176.75
12672,63.412899,31.625,0.25,176.75
12673,63.416752,31.625,0.25,176.75
12674,63.421648,31.625,0.25,176.75
12675,63.426786,31.625,0.25,176.75
12676,63.431970,31.625,0.25,176.75
12677,63.436875,31.625,0.25,176.75
12678,63.442254,31.625,0.25,176.75
12679,63.447159,31.625,0.25,176.75
12680,63.452051,31.625,0.25,176.75
12681,63.457989,31.625,0.25,176.75
12682,63.461558,31.625,0.25,176.75
12683,63.466672,31.625,0.25,176.75
12684,63.471830,31.625,0.25,176.75
12685,63.476735,31.625,0.25,176.75
12686,63.482175,31.625,0.25,176.75
12687,63.487064,31.625,0.25,176.75
12688,63.492174,31.625,0.25,176.75
12689,63.497351,31.625,0.25,176.75
12690,63.502259,31.625,0.25,176.75
12691,63.507479,31.625,0.25,176.75
12692,63.513296,31.625,0.25,176.75
12693,63.516858,31.625,0.25,176.75
12694,63.521777,31.625,0.25,176.75
12695,63.527204,31.625,0.25,176.75
12696,63.532096,31.625,0.25,176.75
12697,63.537214,31.625,0.25,176.75
12698,63.542369,31.625,0.25,176.75
12699,63.547275,31.625,0.25,176.75
12700,63.552646,31.625,0.25,176.75
12701,63.557539,31.625,0.25,176.75
12702,63.561678,31.625,0.25,176.75
12703,63.567096,31.625,0.25,176.75
12704,63.572004,31.625,0.25,176.75
12705,63.577400,31.625,0.25,176.75
12706,63.582309,31.625,0.25,176.75
12707,63.587201,31.625,0.25,176.75
12708,63.592663,31.625,0.25,176.75
12709,63.597555,31.625,0.25,176.75
12710,63.602966,31.625,0.25,176.75
12711,63.608146,31.625,0.25,176.75
12712,63.611697,31.625,0.25,176.75
12713,63.617147,31.625,0.25,176.75
12714,63.622609,31.625,0.25,176.75
12715,63.627514,31.625,0.25,176.75
12716,63.631603,31.625,0.25,176.75
12717,63.636496,31.625,0.25,176.75
12718,63.641614,31.625,0.25,176.75
12719,63.646784,31.625,0.25,176.75
12720,63.651693,31.625,0.25,176.75
12721,63.657065,31.625,0.25,176.75
12722,63.661964,31.625,0.25,176.75
12723,63.667678,31.625,0.25,176.75
12724,63.671509,31.625,0.25,176.75
12725,63.677742,31.625,0.25,176.75
12726,63.681540,31.625,0.25,176.75
12727,63.686695,31.625,0.25,176.75
12728,63.691604,31.625,0.25,176.75
12729,63.696976,31.625,0.25,176.75
12730,63.701874,31.625,0.25,176.75
12731,63.706926,31.625,0.25,176.75
12732,63.712383,31.625,0.25,176.75
12733,63.717798,31.625,0.25,176.75
12734,63.722721,31.625,0.25,176.75
12735,63.726764,31.625,0.25,176.75
12736,63.731662,31.625,0.25,176.75
12737,63.736567,31.625,0.25,176.75
12738,63.741977,31.625,0.25,176.75
12739,63.746883,31.625,0.25,176.75
12740,63.751980,31.625,0.25,176.75
12741,63.757163,31.625,0.25,176.75
12742,63.762054,31.625,0.25,176.75
12743,63.767509,31.625,0.25,176.75
12744,63.771642,31.625,0.25,176.75
12745,63.776754,31.625,0.25,176.75
12746,63.781909,31.625,0.25,176.75
12747,63.786815,31.625,0.25,176.75
12748,63.792194,31.625,0.25,176.75
12749,63.797082,31.625,0.25,176.75
12750,63.801991,31.625,0.25,176.75
12751,63.807536,31.625,0.25,176.75
12752,63.812432,31.625,0.25,176.75
12753,63.817352,31.625,0.25,176.75
12754,63.822775,31.625,0.25,176.75
12755,63.826838,31.625,0.25,176.75
12756,63.831732,31.625,0.25,176.75
12757,63.837183,31.625,0.25,176.75
12758,63.842074,31.625,0.25,176.75
12759,63.847440,31.625,0.25,176.75
12760,63.852339,31.625,0.25,176.75
12761,63.857244,31.625,0.25,176.75
12762,63.862706,31.625,0.25,176.75
12763,63.867598,31.625,0.25,176.75
12764,63.872737,31.625,0.25,176.75
12765,63.876615,31.625,0.25,176.75
12766,63.882070,31.625,0.25,176.75
12767,63.887451,31.625,0.25,176.75
12768,63.892350,31.625,0.25,176.75
12769,63.897255,31.625,0.25,176.75
12770,63.902717,31.625,0.25,176.75
12771,63.907755,31.625,0.25,176.75
12772,63.911513,31.625,0.25,176.75
12773,63.916779,31.625,0.25,176.75
12774,63.921675,31.625,0.25,176.75
12775,63.926786,31.625,0.25,176.75
12776,63.932633,31.625,0.25,176.75
12777,63.937525,31.625,0.25,176.75
12778,63.942922,31.625,0.25,176.75
12779,63.946490,31.625,0.25,176.75
12780,63.952726,31.625,0.25,176.75
12781,63.956795,31.625,0.25,176.75
12782,63.961694,31.625,0.25,176.75
12783,63.966598,31.625,0.25,176.75
12784,63.972034,31.625,0.25,176.75
12785,63.976940,31.625,0.25,176.75
12786,63.982060,31.625,0.25,176.75
12787,63.987785,31.625,0.25,176.75
12788,63.992681,31.625,0.25,176.75
12789,63.996720,31.625,0.25,176.75
12790,64.001619,31.625,0.25,176.75
12791,64.008190,31.625,0.25,176.75
12792,64.012070,31.625,0.25,176.75
12793,64.016965,31.625,0.25,176.75
12794,64.021874,31.625,0.25,176.75
12795,64.027354,31.625,0.25,176.75
12796,64.032250,31.625,0.25,176.75
12797,64.037935,31.625,0.25,176.75
12798,64.041767,31.625,0.25,176.75
12799,64.046659,31.625,0.25,176.75
12800,64.051797,31.625,0.25,176.75
12801,64.056953,31.625,0.25,176.75
12802,64.061862,31.625,0.25,176.75
12803,64.067215,31.625,0.25,176.75
12804,64.072123,31.625,0.25,176.75
12805,64.077012,31.625,0.25,176.75
12806,64.082453,31.625,0.25,176.75
12807,64.087855,31.625,0.25,176.75
12808,64.091659,31.625,0.25,176.75
12809,64.096814,31.625,0.25,176.75
12810,64.101722,31.625,0.25,176.75
12811,64.108571,31.625,0.25,176.75
12812,64.112139,31.625,0.25,176.75
12813,64.117028,31.625,0.25,176.75
12814,64.122469,31.625,0.25,176.75
12815,64.127365,31.625,0.25,176.75
12816,64.132495,31.625,0.25,176.75
12817,64.138166,31.625,0.25,176.75
12818,64.141731,31.625,0.25,176.75
12819,64.147080,31.625,0.25,176.75
12820,64.151979,31.625,0.25,176.75
12821,64.156884,31.625,0.25,176.75
12822,64.162325,31.625,0.25,176.75
12823,64.173255,31.625,0.25,176.75
12824,64.175580,31.625,0.25,176.75
12825,64.179436,31.625,0.25,176.75
12826,64.184332,31.625,0.25,176.75
12827,64.189496,31.625,0.25,176.75
12828,64.193584,31.625,0.25,176.75
12829,64.199023,31.625,0.25,176.75
12830,64.204138,31.625,0.25,176.75
12831,64.209464,31.625,0.25,176.75
12832,64.214359,31.625,0.25,176.75
12833,64.219442,31.625,0.25,176.75
12834,64.223313,31.5,0.25,176.75
12835,64.228219,31.5,0.25,176.75
12836,64.234454,31.5,0.25,176.75
12837,64.238548,31.5,0.25,176.75
12838,64.243991,31.5,0.25,176.75
12839,64.249132,31.5,0.25,176.75
12840,64.254280,31.5,0.25,176.75
12841,64.259186,31.5,0.25,176.75
12842,64.264561,31.5,0.25,176.75
12843,64.269456,31.5,0.25,176.75
12844,64.274573,31.5,0.25,176.75
12845,64.278400,31.5,0.25,176.75
12846,64.283296,31.5,0.25,176.75
12847,64.288417,31.5,0.25,176.75
12848,64.294133,31.5,0.25,176.75
12849,64.299021,31.5,0.25,176.75
12850,64.304467,31.5,0.25,176.75
12851,64.308178,31.5,0.25,176.75
12852,64.313267,31.5,0.25,176.75
12853,64.318540,31.5,0.25,176.75
12854,64.323436,31.5,0.25,176.75
12855,64.328621,31.5,0.25,176.75
12856,64.333777,31.5,0.25,176.75
12857,64.338682,31.5,0.25,176.75
12858,64.344636,31.5,0.25,176.75
12859,64.348204,31.5,0.25,176.75
12860,64.354645,31.5,0.25,176.75
12861,64.358498,31.5,0.25,176.75
12862,64.363393,31.5,0.25,176.75
12863,64.368507,31.5,0.25,176.75
12864,64.373663,31.5,0.25,176.75
12865,64.378567,31.5,0.25,176.75
12866,64.384043,31.5,0.25,176.75
12867,64.388949,31.5,0.25,176.75
12868,64.394080,31.5,0.25,176.75
12869,64.398416,31.5,0.25,176.75
12870,64.403325,31.5,0.25,176.75
12871,64.408548,31.5,0.25,176.75
12872,64.413813,31.5,0.25,176.75
12873,64.418718,31.5,0.25,176.75
12874,64.423857,31.5,0.25,176.75
12875,64.429012,31.5,0.25,176.75
12876,64.433922,31.5,0.25,176.75
12877,64.439300,31.5,0.25,176.75
12878,64.444209,31.5,0.25,176.75
12879,64.449097,31.5,0.25,176.75
12880,64.454562,31.5,0.25,176.75
12881,64.458656,31.5,0.25,176.75
12882,64.463576,31.5,0.25,176.75
12883,64.468984,31.5,0.25,176.75
12884,64.473893,31.5,0.25,176.75
12885,64.479007,31.5,0.25,176.75
12886,64.484166,31.5,0.25,176.75
12887,64.489055,31.5,0.25,176.75
12888,64.494424,31.5,0.25,176.75
12889,64.499329,31.5,0.25,176.75
12890,64.504440,31.5,0.25,176.75
12891,64.508466,31.5,0.25,176.75
12892,64.513917,31.5,0.25,176.75
12893,64.519012,31.5,0.25,176.75
12894,64.524275,31.5,0.25,176.75
12895,64.529167,31.5,0.25,176.75
12896,64.534263,31.5,0.25,176.75
12897,64.539437,31.5,0.25,176.75
12898,64.544345,31.5,0.25,176.75
12899,64.549717,31.5,0.25,176.75
12900,64.553287,31.5,0.25,176.75
12901,64.558179,31.5,0.25,176.75
12902,64.563590,31.5,0.25,176.75
12903,64.569031,31.5,0.25,176.75
12904,64.573940,31.5,0.25,176.75
12905,64.579399,31.5,0.25,176.75
12906,64.584295,31.5,0.25,176.75
12907,64.589409,31.5,0.25,176.75
12908,64.593259,31.5,0.25,176.75
12909,64.599491,31.5,0.25,176.75
12910,64.603541,31.5,0.25,176.75
12911,64.608582,31.5,0.25,176.75
12912,64.613491,31.5,0.25,176.75
12913,64.618965,31.5,0.25,176.75
12914,64.624406,31.5,0.25,176.75
12915,64.629336,31.5,0.25,176.75
12916,64.633360,31.5,0.25,176.75
12917,64.638265,31.5,0.25,176.75
12918,64.644722,31.5,0.25,176.75
12919,64.648559,31.5,0.25,176.75
12920,64.653454,31.5,0.25,176.75
12921,64.658840,31.5,0.25,176.75
12922,64.663737,31.5,0.25,176.75
12923,64.668667,31.5,0.25,176.75
12924,64.674608,31.5,0.25,176.75
12925,64.679503,31.5,0.25,176.75
12926,64.684641,31.5,0.25,176.75
12927,64.688470,31.5,0.25,176.75
12928,64.693365,31.5,0.25,176.75
12929,64.698487,31.5,0.25,176.75
12930,64.703684,31.5,0.25,176.75
12931,64.708734,31.5,0.25,176.75
12932,64.713950,31.5,0.25,176.75
12933,64.719098,31.5,0.25,176.75
12934,64.724006,31.5,0.25,176.75
12935,64.729957,31.5,0.25,176.75
12936,64.733526,31.5,0.25,176.75
12937,64.738615,31.5,0.25,176.75
12938,64.743795,31.5,0.25,176.75
12939,64.748701,31.5,0.25,176.75
12940,64.754076,31.5,0.25,176.75
12941,64.758971,31.5,0.25,176.75
12942,64.763880,31.5,0.25,176.75
12943,64.769321,31.5,0.25,176.75
12944,64.774216,31.5,0.25,176.75
12945,64.779332,31.5,0.25,176.75
12946,64.785006,31.5,0.25,176.75
12947,64.788575,31.5,0.25,176.75
12948,64.793668,31.5,0.25,176.75
12949,64.798845,31.5,0.25,176.75
12950,64.803753,31.5,0.25,176.75
12951,64.809254,31.5,0.25,176.75
12952,64.814162,31.5,0.25,176.75
12953,64.819051,31.5,0.25,176.75
12954,64.824500,31.5,0.25,176.75
12955,64.829395,31.5,0.25,176.75
12956,64.834303,31.5,0.25,176.75
12957,64.838344,31.5,0.25,176.75
12958,64.843802,31.5,0.25,176.75
12959,64.848707,31.5,0.25,176.75
12960,64.854172,31.5,0.25,176.75
12961,64.859060,31.5,0.25,176.75
12962,64.864181,31.5,0.25,176.75
12963,64.869333,31.5,0.25,176.75
12964,64.874242,31.5,0.25,176.75
12965,64.878294,31.5,0.25,176.75
12966,64.883203,31.5,0.25,176.75
12967,64.889650,31.5,0.25,176.75
12968,64.894105,31.5,0.25,176.75
12969,64.898997,31.5,0.25,176.75
12970,64.904390,31.5,0.25,176.75
12971,64.909441,31.5,0.25,176.75
12972,64.914336,31.5,0.25,176.75
12973,64.918216,31.5,0.25,176.75
12974,64.923427,31.5,0.25,176.75
12975,64.928320,31.5,0.25,176.75
12976,64.933446,31.5,0.25,176.75
12977,64.938596,31.5,0.25,176.75
12978,64.943504,31.5,0.25,176.75
12979,64.948604,31.5,0.25,176.75
12980,64.954351,31.5,0.25,176.75
12981,64.959243,31.5,0.25,176.75
12982,64.963271,31.5,0.25,176.75
12983,64.969503,31.5,0.25,176.75
12984,64.974627,31.5,0.25,176.75
12985,64.978455,31.5,0.25,176.75
12986,64.983350,31.5,0.25,176.75
12987,64.988468,31.5,0.25,176.75
12988,64.993620,31.5,0.25,176.75
12989,64.998525,31.5,0.25,176.75
12990,65.003925,31.5,0.25,176.75
12991,65.009498,31.5,0.25,176.75
12992,65.014429,31.5,0.25,176.75
12993,65.018282,31.5,0.25,176.75
12994,65.023518,31.5,0.25,176.75
12995,65.028410,31.5,0.25,176.75
12996,65.033530,31.5,0.25,176.75
12997,65.038685,31.5,0.25,176.75
12998,65.043593,31.5,0.25,176.75
12999,65.048966,31.5,0.25,176.75
13000,65.053864,31.5,0.25,176.75
13001,65.058793,31.5,0.25,176.75
13002,65.064783,31.5,0.25,176.75
13003,65.068351,31.5,0.25,176.75
13004,65.073469,31.5,0.25,176.75
13005,65.078621,31.5,0.25,176.75
13006,65.083530,31.5,0.25,176.75
13007,65.088902,31.5,0.25,176.75
13008,65.093800,31.5,0.25,176.75
13009,65.098730,31.5,0.25,176.75
13010,65.104171,31.5,0.25,176.75
13011,65.109325,31.5,0.25,176.75
13012,65.114411,31.5,0.25,176.75
13013,65.118369,31.5,0.25,176.75
13014,65.123804,31.5,0.25,176.75
13015,65.128709,31.5,0.25,176.75
13016,65.134170,31.5,0.25,176.75
13017,65.139059,31.5,0.25,176.75
13018,65.144430,31.5,0.25,176.75
13019,65.149326,31.5,0.25,176.75
13020,65.154234,31.5,0.25,176.75
13021,65.158307,31.5,0.25,176.75
13022,65.163216,31.5,0.25,176.75
13023,65.174360,31.5,0.25,176.75
13024,65.176806,31.5,0.25,176.75
13025,65.180630,31.5,0.25,176.75
13026,65.185587,31.5,0.25,176.75
13027,65.190495,31.5,0.25,176.75
13028,65.195883,31.5,0.25,176.75
13029,65.199451,31.5,0.25,176.75
13030,65.204347,31.5,0.25,176.75
13031,65.209921,31.5,0.25,176.75
13032,65.215072,31.5,0.25,176.75
13033,65.219965,31.5,0.25,176.75
13034,65.225192,31.5,0.25,176.75
13035,65.230907,31.5,0.25,176.75
13036,65.234476,31.5,0.25,176.75
13037,65.239368,31.5,0.25,176.75
13038,65.244834,31.5,0.25,176.75
13039,65.249739,31.5,0.25,176.75
13040,65.254878,31.5,0.25,176.75
13041,65.260034,31.5,0.25,176.75
13042,65.264943,31.5,0.25,176.75
13043,65.270300,31.5,0.25,176.75
13044,65.275205,31.5,0.25,176.75
13045,65.280891,31.5,0.25,176.75
13046,65.284731,31.5,0.25,176.75
13047,65.289624,31.5,0.25,176.75
13048,65.294739,31.5,0.25,176.75
13049,65.299895,31.5,0.25,176.75
13050,65.304803,31.5,0.25,176.75
13051,65.310272,31.5,0.25,176.75
13052,65.315459,31.5,0.25,176.75
13053,65.320367,31.5,0.25,176.75
13054,65.325739,31.5,0.25,176.75
13055,65.331154,31.5,0.25,176.75
13056,65.334716,31.5,0.25,176.75
13057,65.340161,31.5,0.25,176.75
13058,65.345049,31.5,0.25,176.75
13059,65.350149,31.5,0.25,176.75
13060,65.355320,31.5,0.25,176.75
13061,65.360228,31.5,0.25,176.75
13062,65.365600,31.5,0.25,176.75
13063,65.370497,31.5,0.25,176.75
13064,65.375425,31.5,0.25,176.75
13065,65.379429,31.5,0.25,176.75
13066,65.384893,31.5,0.25,176.75
13067,65.390015,31.5,0.25,176.75
13068,65.395206,31.5,0.25,176.75
13069,65.400095,31.5,0.25,176.75
13070,65.405461,31.5,0.25,176.75
13071,65.410506,31.5,0.25,176.75
13072,65.415410,31.5,0.25,176.75
13073,65.420861,31.5,0.25,176.75
13074,65.424428,31.5,0.25,176.75
13075,65.429320,31.5,0.25,176.75
13076,65.434768,31.5,0.25,176.75
13077,65.440220,31.5,0.25,176.75
13078,65.445622,31.5,0.25,176.75
13079,65.450518,31.5,0.25,176.75
13080,65.455634,31.5,0.25,176.75
13081,65.459462,31.5,0.25,176.75
13082,65.464358,31.5,0.25,176.75
13083,65.469450,31.5,0.25,176.75
13084,65.474627,31.5,0.25,176.75
13085,65.479532,31.5,0.25,176.75
13086,65.484907,31.5,0.25,176.75
13087,65.489803,31.5,0.25,176.75
13088,65.494711,31.375,0.25,176.75
13089,65.500649,31.375,0.25,176.75
13090,65.505545,31.375,0.25,176.75
13091,65.509437,31.375,0.25,176.75
13092,65.514715,31.375,0.25,176.75
13093,65.519608,31.375,0.25,176.75
13094,65.524746,31.375,0.25,176.75
13095,65.529902,31.375,0.25,176.75
13096,65.534810,31.375,0.25,176.75
13097,65.539934,31.375,0.25,176.75
13098,65.545091,31.375,0.25,176.75
13099,65.549996,31.375,0.25,176.75
13100,65.555377,31.375,0.25,176.75
13101,65.559469,31.375,0.25,176.75
13102,65.564365,31.375,0.25,176.75
13103,65.569790,31.375,0.25,176.75
13104,65.574685,31.375,0.25,176.75
13105,65.579820,31.375,0.25,176.75
13106,65.584976,31.375,0.25,176.75
13107,65.589881,31.375,0.25,176.75
13108,65.595238,31.375,0.25,176.75
13109,65.600146,31.375,0.25,176.75
13110,65.605269,31.375,0.25,176.75
13111,65.611074,31.375,0.25,176.75
13112,65.614642,31.375,0.25,176.75
13113,65.619559,31.375,0.25,176.75
13114,65.624969,31.375,0.25,176.75
13115,65.629864,31.375,0.25,176.75
13116,65.634772,31.375,0.25,176.75
13117,65.640231,31.375,0.25,176.75
13118,65.645123,31.375,0.25,176.75
13119,65.650240,31.375,0.25,176.75
13120,65.655389,31.375,0.25,176.75
13121,65.660298,31.375,0.25,176.75
13122,65.665670,31.375,0.25,176.75
13123,65.669794,31.375,0.25,176.75
13124,65.674690,31.375,0.25,176.75
13125,65.680141,31.375,0.25,176.75
13126,65.685030,31.375,0.25,176.75
13127,65.690129,31.375,0.25,176.75
13128,65.695300,31.375,0.25,176.75
13129,65.700208,31.375,0.25,176.75
13130,65.705581,31.375,0.25,176.75
13131,65.710623,31.375,0.25,176.75
13132,65.715528,31.375,0.25,176.75
13133,65.719430,31.375,0.25,176.75
13134,65.725101,31.375,0.25,176.75
13135,65.729996,31.375,0.25,176.75
13136,65.735142,31.375,0.25,176.75
13137,65.740294,31.375,0.25,176.75
13138,65.745200,31.375,0.25,176.75
13139,65.750571,31.375,0.25,176.75
13140,65.755467,31.375,0.25,176.75
13141,65.760375,31.375,0.25,176.75
13142,65.764425,31.375,0.25,176.75
13143,65.769342,31.375,0.25,176.75
13144,65.774996,31.375,0.25,176.75
13145,65.780158,31.375,0.25,176.75
13146,65.785047,31.375,0.25,176.75
13147,65.790417,31.375,0.25,176.75
13148,65.795323,31.375,0.25,176.75
13149,65.800218,31.375,0.25,176.75
13150,65.805651,31.375,0.25,176.75
13151,65.809363,31.375,0.25,176.75
13152,65.814449,31.375,0.25,176.75
13153,65.819714,31.375,0.25,176.75
13154,65.825166,31.375,0.25,176.75
13155,65.830568,31.375,0.25,176.75
13156,65.835464,31.375,0.25,176.75
13157,65.840372,31.375,0.25,176.75
13158,65.844423,31.375,0.25,176.75
13159,65.849328,31.375,0.25,176.75
13160,65.855793,31.375,0.25,176.75
13161,65.859622,31.375,0.25,176.75
13162,65.864518,31.375,0.25,176.75
13163,65.869903,31.375,0.25,176.75
13164,65.875357,31.375,0.25,176.75
13165,65.880266,31.375,0.25,176.75
13166,65.885698,31.375,0.25,176.75
13167,65.890594,31.375,0.25,176.75
13168,65.895729,31.375,0.25,176.75
13169,65.899557,31.375,0.25,176.75
13170,65.904454,31.375,0.25,176.75
13171,65.909677,31.375,0.25,176.75
13172,65.914930,31.375,0.25,176.75
13173,65.919836,31.375,0.25,176.75
13174,65.924969,31.375,0.25,176.75
13175,65.930709,31.375,0.25,176.75
13176,65.935601,31.375,0.25,176.75
13177,65.939666,31.375,0.25,176.75
13178,65.944562,31.375,0.25,176.75
13179,65.949467,31.375,0.25,176.75
13180,65.954869,31.375,0.25,176.75
13181,65.959774,31.375,0.25,176.75
13182,65.964892,31.375,0.25,176.75
13183,65.970047,31.375,0.25,176.75
13184,65.974955,31.375,0.25,176.75
13185,65.980337,31.375,0.25,176.75
13186,65.984476,31.375,0.25,176.75
13187,65.989369,31.375,0.25,176.75
13188,65.994818,31.375,0.25,176.75
13189,65.999710,31.375,0.25,176.75
13190,66.004827,31.375,0.25,176.75
13191,66.010148,31.375,0.25,176.75
13192,66.015037,31.375,0.25,176.75
13193,66.020234,31.375,0.25,176.75
13194,66.025422,31.375,0.25,176.75
13195,66.030330,31.375,0.25,176.75
13196,66.035777,31.375,0.25,176.75
13197,66.039859,31.375,0.25,176.75
13198,66.044768,31.375,0.25,176.75
13199,66.050221,31.375,0.25,176.75
13200,66.055113,31.375,0.25,176.75
13201,66.060237,31.375,0.25,176.75
13202,66.065408,31.375,0.25,176.75
13203,66.070316,31.375,0.25,176.75
13204,66.075422,31.375,0.25,176.75
13205,66.080575,31.375,0.25,176.75
13206,66.085480,31.375,0.25,176.75
13207,66.090876,31.375,0.25,176.75
13208,66.094959,31.375,0.25,176.75
13209,66.099865,31.375,0.25,176.75
13210,66.105321,31.375,0.25,176.75
13211,66.110363,31.375,0.25,176.75
13212,66.115445,31.375,0.25,176.75
13213,66.120713,31.375,0.25,176.75
13214,66.125605,31.375,0.25,176.75
13215,66.130716,31.375,0.25,176.75
13216,66.134569,31.375,0.25,176.75
13217,66.139462,31.375,0.25,176.75
13218,66.144577,31.375,0.25,176.75
13219,66.150306,31.375,0.25,176.75
13220,66.155199,31.375,0.25,176.75
13221,66.160765,31.375,0.25,176.75
13222,66.164334,31.375,0.25,176.75
13223,66.173656,31.375,0.25,176.75
13224,66.175977,31.375,0.25,176.75
13225,66.179836,31.375,0.25,176.75
13226,66.184733,31.375,0.25,176.75
13227,66.189638,31.375,0.25,176.75
13228,66.195085,31.375,0.25,176.75
13229,66.200503,31.375,0.25,176.75
13230,66.205632,31.375,0.25,176.75
13231,66.209376,31.375,0.25,176.75
13232,66.215611,31.375,0.25,176.75
13233,66.220698,31.375,0.25,176.75
13234,66.224607,31.375,0.25,176.75
13235,66.229708,31.375,0.25,176.75
13236,66.234616,31.375,0.25,176.75
13237,66.239997,31.375,0.25,176.75
13238,66.244895,31.375,0.25,176.75
13239,66.249826,31.375,0.25,176.75
13240,66.255753,31.375,0.25,176.75
13241,66.260652,31.375,0.25,176.75
13242,66.264440,31.375,0.25,176.75
13243,66.269591,31.375,0.25,176.75
13244,66.274500,31.375,0.25,176.75
13245,66.279872,31.375,0.25,176.75
13246,66.284770,31.375,0.25,176.75
13247,66.289700,31.375,0.25,176.75
13248,66.295141,31.375,0.25,176.75
13249,66.300030,31.375,0.25,176.75
13250,66.305129,31.375,0.25,176.75
13251,66.310677,31.375,0.25,176.75
13252,66.315570,31.375,0.25,176.75
13253,66.320770,31.375,0.25,176.75
13254,66.324615,31.375,0.25,176.75
13255,66.329507,31.375,0.25,176.75
13256,66.334439,31.375,0.25,176.75
13257,66.339840,31.375,0.25,176.75
13258,66.344748,31.375,0.25,176.75
13259,66.349862,31.375,0.25,176.75
13260,66.355018,31.375,0.25,176.75
13261,66.360497,31.375,0.25,176.75
13262,66.365874,31.375,0.25,176.75
13263,66.369442,31.375,0.25,176.75
13264,66.374338,31.375,0.25,176.75
13265,66.379767,31.375,0.25,176.75
13266,66.384663,31.375,0.25,176.75
13267,66.390071,31.375,0.25,176.75
13268,66.394970,31.375,0.25,176.75
13269,66.399875,31.375,0.25,176.75
13270,66.405315,31.375,0.25,176.75
13271,66.410621,31.375,0.25,176.75
13272,66.415704,31.375,0.25,176.75
13273,66.419583,31.375,0.25,176.75
13274,66.424480,31.375,0.25,176.75
13275,66.429384,31.375,0.25,176.75
13276,66.434826,31.375,0.25,176.75
13277,66.439731,31.375,0.25,176.75
13278,66.444848,31.375,0.25,176.75
13279,66.450004,31.375,0.25,176.75
13280,66.454912,31.375,0.25,176.75
13281,66.460357,31.375,0.25,176.75
13282,66.464486,31.375,0.25,176.75
13283,66.469595,31.375,0.25,176.75
13284,66.474775,31.375,0.25,176.75
13285,66.479681,31.375,0.25,176.75
13286,66.485056,31.375,0.25,176.75
13287,66.489952,31.375,0.25,176.75
13288,66.494860,31.375,0.25,176.75
13289,66.500304,31.375,0.25,176.75
13290,66.505196,31.375,0.25,176.75
13291,66.510134,31.375,0.25,176.75
13292,66.515887,31.375,0.25,176.75
13293,66.519452,31.375,0.25,176.75
13294,66.524594,31.375,0.25,176.75
13295,66.529749,31.375,0.25,176.75
13296,66.534658,31.375,0.25,176.75
13297,66.540030,31.375,0.25,176.75
13298,66.544929,31.375,0.25,176.75
13299,66.549859,31.375,0.25,176.75
13300,66.555300,31.375,0.25,176.75
13301,66.560196,31.375,0.25,176.75
13302,66.565318,31.375,0.25,176.75
13303,66.569660,31.375,0.25,176.75
13304,66.574558,31.375,0.25,176.75
13305,66.579693,31.375,0.25,176.75
13306,66.584850,31.375,0.25,176.75
13307,66.589754,31.375,0.25,176.75
13308,66.595175,31.375,0.25,176.75
13309,66.600064,31.375,0.25,176.75
13310,66.605198,31.375,0.25,176.75
13311,66.610255,31.375,0.25,176.75
13312,66.615160,31.375,0.25,176.75
13313,66.619474,31.375,0.25,176.75
13314,66.624738,31.375,0.25,176.75
13315,66.629630,31.375,0.25,176.75
13316,66.635016,31.375,0.25,176.75
13317,66.639911,31.375,0.25,176.75
13318,66.644820,31.375,0.25,176.75
13319,66.650263,31.375,0.25,176.75
13320,66.655155,31.375,0.25,176.75
13321,66.660539,31.375,0.25,176.75
13322,66.665434,31.375,0.25,176.75
13323,66.669500,31.375,0.25,176.75
13324,66.674941,31.375,0.25,176.75
13325,66.679846,31.375,0.25,176.75
13326,66.685218,31.375,0.25,176.75
13327,66.690126,31.375,0.25,176.75
13328,66.695039,31.375,0.25,176.75
13329,66.700484,31.375,0.25,176.75
13330,66.705376,31.375,0.25,176.75
13331,66.710320,31.375,0.25,176.75
13332,66.715594,31.375,0.25,176.75
13333,66.720491,31.375,0.25,176.75
13334,66.724824,31.375,0.25,176.75
13335,66.729980,31.375,0.25,176.75
13336,66.734888,31.375,0.25,176.75
13337,66.740334,31.375,0.25,176.75
13338,66.745226,31.375,0.25,176.75
13339,66.750149,31.375,0.25,176.75
13340,66.755555,31.375,0.25,176.75
13341,66.760451,31.375,0.25,176.75
13342,66.765564,31.375,0.25,176.75
13343,66.769389,31.375,0.25,176.75
13344,66.774794,31.375,0.25,176.75
13345,66.780181,31.375,0.25,176.75
13346,66.785070,31.375,0.25,176.75
13347,66.790000,31.375,0.25,176.75
13348,66.795441,31.375,0.25,176.75
13349,66.800336,31.375,0.25,176.75
13350,66.805452,31.375,0.25,176.75
13351,66.810575,31.375,0.25,176.75
13352,66.815480,31.375,0.25,176.75
13353,66.819350,31.375,0.25,176.75
13354,66.824590,31.375,0.25,176.75
13355,66.830037,31.375,0.25,176.75
13356,66.835466,31.375,0.25,176.75
13357,66.840362,31.375,0.25,176.75
13358,66.845456,31.375,0.25,176.75
13359,66.850642,31.375,0.25,176.75
13360,66.855547,31.375,0.25,176.75
13361,66.860919,31.375,0.25,176.75
13362,66.864487,31.375,0.25,176.75
13363,66.869380,31.375,0.25,176.75
13364,66.874812,31.375,0.25,176.75
13365,66.880286,31.375,0.25,176.75
13366,66.885666,31.375,0.25,176.75
13367,66.890562,31.375,0.25,176.75
13368,66.895467,31.375,0.25,176.75
13369,66.899539,31.375,0.25,176.75
13370,66.904438,31.375,0.25,176.75
13371,66.910711,31.375,0.25,176.75
13372,66.914578,31.375,0.25,176.75
13373,66.919474,31.375,0.25,176.75
13374,66.924406,31.375,0.25,176.75
13375,66.930319,31.375,0.25,176.75
13376,66.935224,31.375,0.25,176.75
13377,66.940356,31.375,0.25,176.75
13378,66.945524,31.375,0.25,176.75
13379,66.950431,31.375,0.25,176.75
13380,66.955804,31.375,0.25,176.75
13381,66.959372,31.375,0.25,176.75
13382,66.965608,31.375,0.25,176.75
13383,66.969652,31.375,0.25,176.75
13384,66.974548,31.375,0.25,176.75
13385,66.979478,31.375,0.25,176.75
13386,66.985390,31.375,0.25,176.75
13387,66.990299,31.375,0.25,176.75
13388,66.995421,31.375,0.25,176.75
13389,67.000577,31.375,0.25,176.75
13390,67.005482,31.375,0.25,176.75
13391,67.010703,31.375,0.25,176.75
13392,67.015596,31.375,0.25,176.75
13393,67.020529,31.375,0.25,176.75
13394,67.024381,31.375,0.25,176.75
13395,67.029570,31.375,0.25,176.75
13396,67.035018,31.375,0.25,176.75
13397,67.040142,31.375,0.25,176.75
13398,67.045288,31.375,0.25,176.75
13399,67.050197,31.375,0.25,176.75
13400,67.055614,31.375,0.25,176.75
13401,67.060510,31.375,0.25,176.75
13402,67.065630,31.375,0.25,176.75
13403,67.069484,31.375,0.25,176.75
13404,67.074379,31.375,0.25,176.75
13405,67.079468,31.375,0.25,176.75
13406,67.084649,31.375,0.25,176.75
13407,67.089554,31.375,0.25,176.75
13408,67.094929,31.375,0.25,176.75
13409,67.100383,31.375,0.25,176.75
13410,67.105289,31.375,0.25,176.75
13411,67.110529,31.375,0.25,176.75
13412,67.115421,31.375,0.25,176.75
13413,67.120330,31.375,0.25,176.75
13414,67.125767,31.375,0.25,176.75
13415,67.129336,31.375,0.25,176.75
13416,67.135571,31.375,0.25,176.75
13417,67.139630,31.375,0.25,176.75
13418,67.144526,31.375,0.25,176.75
13419,67.149942,31.375,0.25,176.75
13420,67.155413,31.375,0.25,176.75
13421,67.160309,31.375,0.25,176.75
13422,67.165424,31.375,0.25,176.75
13423,67.174965,31.375,0.25,176.75
13424,67.177203,31.375,0.25,176.75
13425,67.181138,31.375,0.25,176.75
13426,67.184971,31.375,0.25,176.75
13427,67.191223,31.375,0.25,176.75
13428,67.196595,31.375,0.25,176.75
13429,67.200163,31.375,0.25,176.75
13430,67.205052,31.375,0.25,176.75
13431,67.210618,31.375,0.25,176.75
13432,67.216059,31.375,0.25,176.75
13433,67.221165,31.375,0.25,176.75
13434,67.225031,31.375,0.25,176.75
13435,67.231273,31.375,0.25,176.75
13436,67.235041,31.375,0.25,176.75
13437,67.240216,31.375,0.25,176.75
13438,67.245121,31.375,0.25,176.75
13439,67.250493,31.375,0.25,176.75
13440,67.255605,31.375,0.25,176.75
13441,67.261006,31.375,0.25,176.75
13442,67.265067,31.375,0.25,176.75
13443,67.271309,31.375,0.25,176.75
13444,67.276423,31.375,0.25,176.75
13445,67.280251,31.375,0.25,176.75
13446,67.285143,31.375,0.25,176.75
13447,67.290529,31.375,0.25,176.75
13448,67.295425,31.375,0.25,176.75
13449,67.300358,31.375,0.25,176.75
13450,67.305774,31.375,0.25,176.75
13451,67.310816,31.375,0.25,176.75
13452,67.315899,31.375,0.25,176.75
13453,67.321711,31.375,0.25,176.75
13454,67.325279,31.375,0.25,176.75
13455,67.330376,31.375,0.25,176.75
13456,67.335549,31.375,0.25,176.75
13457,67.340457,31.375,0.25,176.75
13458,67.345829,31.375,0.25,176.75
13459,67.350727,31.375,0.25,176.75
13460,67.355633,31.375,0.25,176.75
13461,67.361086,31.375,0.25,176.75
13462,67.365991,31.375,0.25,176.75
13463,67.371136,31.375,0.25,176.75
13464,67.375459,31.375,0.25,176.75
13465,67.380358,31.375,0.25,176.75
13466,67.385473,31.375,0.25,176.75
13467,67.390627,31.375,0.25,176.75
13468,67.395532,31.375,0.25,176.75
13469,67.400904,31.375,0.25,176.75
13470,67.405799,31.375,0.25,176.75
13471,67.410853,31.375,0.25,176.75
13472,67.416311,31.375,0.25,176.75
13473,67.421220,31.375,0.25,176.75
13474,67.425349,31.375,0.25,176.75
13475,67.430813,31.375,0.25,176.75
13476,67.435705,31.375,0.25,176.75
13477,67.441090,31.375,0.25,176.75
13478,67.445985,31.375,0.25,176.75
13479,67.450894,31.375,0.25,176.75
13480,67.456335,31.375,0.25,176.75
13481,67.461230,31.375,0.25,176.75
13482,67.466347,31.375,0.25,176.75
13483,67.470172,31.375,0.25,176.75
13484,67.475060,31.375,0.25,176.75
13485,67.480163,31.375,0.25,176.75
13486,67.485887,31.375,0.25,176.75
13487,67.490796,31.375,0.25,176.75
13488,67.496171,31.375,0.25,176.75
13489,67.501064,31.375,0.25,176.75
13490,67.505994,31.375,0.25,176.75
13491,67.511564,31.375,0.25,176.75
13492,67.515129,31.375,0.25,176.75
13493,67.520018,31.375,0.25,176.75
13494,67.525501,31.375,0.25,176.75
13495,67.530399,31.375,0.25,176.75
13496,67.535305,31.375,0.25,176.75
13497,67.541240,31.375,0.25,176.75
13498,67.546145,31.375,0.25,176.75
13499,67.551514,31.375,0.25,176.75
13500,67.555066,31.375,0.25,176.75
13501,67.559971,31.375,0.25,176.75
13502,67.565432,31.375,0.25,176.75
13503,67.570327,31.375,0.25,176.75
13504,67.575440,31.375,0.25,176.75
13505,67.580597,31.375,0.25,176.75
13506,67.585503,31.375,0.25,176.75
13507,67.590627,31.375,0.25,176.75
13508,67.596350,31.375,0.25,176.75
13509,67.601245,31.375,0.25,176.75
13510,67.606613,31.375,0.25,176.75
13511,67.611655,31.375,0.25,176.75
13512,67.615220,31.375,0.25,176.75
13513,67.620662,31.375,0.25,176.75
13514,67.625557,31.375,0.25,176.75
13515,67.630465,31.375,0.25,176.75
13516,67.635904,31.375,0.25,176.75
13517,67.640813,31.375,0.25,176.75
13518,67.646234,31.375,0.25,176.75
13519,67.650273,31.375,0.25,176.75
13520,67.655179,31.375,0.25,176.75
13521,67.660067,31.375,0.25,176.75
13522,67.665522,31.375,0.25,176.75
13523,67.670418,31.375,0.25,176.75
13524,67.675801,31.375,0.25,176.75
13525,67.680699,31.375,0.25,176.75
13526,67.685838,31.375,0.25,176.75
13527,67.690997,31.375,0.25,176.75
13528,67.695902,31.375,0.25,176.75
13529,67.701280,31.375,0.25,176.75
13530,67.705425,31.375,0.25,176.75
13531,67.710467,31.375,0.25,176.75
13532,67.715897,31.375,0.25,176.75
13533,67.720796,31.375,0.25,176.75
13534,67.725924,31.375,0.25,176.75
13535,67.731083,31.375,0.25,176.75
13536,67.735988,31.375,0.25,176.75
13537,67.741366,31.375,0.25,176.75
13538,67.746272,31.375,0.25,176.75
13539,67.751400,31.375,0.25,176.75
13540,67.755726,31.375,0.25,176.75
13541,67.760625,31.375,0.25,176.75
13542,67.765759,31.375,0.25,176.75
13543,67.770918,31.375,0.25,176.75
13544,67.775824,31.375,0.25,176.75
13545,67.781268,31.375,0.25,176.75
13546,67.786161,31.375,0.25,176.75
13547,67.791301,31.375,0.25,176.75
13548,67.795135,31.375,0.25,176.75
13549,67.800024,31.375,0.25,176.75
13550,67.805152,31.375,0.25,176.75
13551,67.812346,31.375,0.25,176.75
13552,67.815908,31.375,0.25,176.75
13553,67.821124,31.375,0.25,176.75
13554,67.824971,31.375,0.25,176.75
13555,67.831223,31.375,0.25,176.75
13556,67.836595,31.375,0.25,176.75
13557,67.840163,31.375,0.25,176.75
13558,67.845052,31.375,0.25,176.75
13559,67.850427,31.375,0.25,176.75
13560,67.855333,31.375,0.25,176.75
13561,67.860228,31.375,0.25,176.75
13562,67.865677,31.375,0.25,176.75
13563,67.871145,31.375,0.25,176.75
13564,67.876531,31.375,0.25,176.75
13565,67.880080,31.375,0.25,176.75
13566,67.884989,31.375,0.25,176.75
13567,67.890427,31.375,0.25,176.75
13568,67.895319,31.375,0.25,176.75
13569,67.900440,31.375,0.25,176.75
13570,67.905586,31.375,0.25,176.75
13571,67.910196,31.375,0.25,176.75
13572,67.916430,31.375,0.25,176.75
13573,67.920824,31.375,0.25,176.75
13574,67.925718,31.375,0.25,176.75
13575,67.930857,31.375,0.25,176.75
13576,67.936013,31.375,0.25,176.75
13577,67.940922,31.375,0.25,176.75
13578,67.946364,31.375,0.25,176.75
13579,67.951259,31.375,0.25,176.75
13580,67.956388,31.375,0.25,176.75
13581,67.960212,31.375,0.25,176.75
13582,67.965100,31.375,0.25,176.75
13583,67.970225,31.375,0.25,176.75
13584,67.975374,31.375,0.25,176.75
13585,67.980824,31.375,0.25,176.75
13586,67.986300,31.375,0.25,176.75
13587,67.991195,31.375,0.25,176.75
13588,67.996320,31.375,0.25,176.75
13589,68.000148,31.375,0.25,176.75
13590,68.005036,31.375,0.25,176.75
13591,68.011603,31.375,0.25,176.75
13592,68.015467,31.375,0.25,176.75
13593,68.020366,31.375,0.25,176.75
13594,68.025271,31.375,0.25,176.75
13595,68.030703,31.375,0.25,176.75
13596,68.036103,31.375,0.25,176.75
13597,68.041238,31.375,0.25,176.75
13598,68.045043,31.375,0.25,176.75
13599,68.051297,31.375,0.25,176.75
13600,68.055069,31.375,0.25,176.75
13601,68.060228,31.375,0.25,176.75
13602,68.065133,31.375,0.25,176.75
13603,68.070480,31.375,0.25,176.75
13604,68.075373,31.375,0.25,176.75
13605,68.080281,31.375,0.25,176.75
13606,68.085700,31.375,0.25,176.75
13607,68.090596,31.375,0.25,176.75
13608,68.096028,31.375,0.25,176.75
13609,68.100130,31.375,0.25,176.75
13610,68.105019,31.375,0.25,176.75
13611,68.111948,31.375,0.25,176.75
13612,68.115514,31.375,0.25,176.75
13613,68.120737,31.375,0.25,176.75
13614,68.125909,31.375,0.25,176.75
13615,68.130817,31.375,0.25,176.75
13616,68.136171,31.375,0.25,176.75
13617,68.141064,31.375,0.25,176.75
13618,68.145994,31.375,0.25,176.75
13619,68.150087,31.375,0.25,176.75
13620,68.155528,31.375,0.25,176.75
13621,68.160435,31.375,0.25,176.75
13622,68.165880,31.375,0.25,176.75
13623,68.176832,31.375,0.25,176.75
13624,68.179181,31.375,0.25,176.75
13625,68.183017,31.375,0.25,176.75
13626,68.187924,31.375,0.25,176.75
13627,68.193093,31.375,0.25,176.75
13628,68.196905,31.375,0.25,176.75
13629,68.201814,31.375,0.25,176.75
13630,68.207466,31.375,0.25,176.75
13631,68.212789,31.375,0.25,176.75
13632,68.217681,31.375,0.25,176.75
13633,68.222767,31.375,0.25,176.75
13634,68.228008,31.375,0.25,176.75
13635,68.232917,31.375,0.25,176.75
13636,68.238313,31.375,0.25,176.75
13637,68.241878,31.375,0.25,176.75
13638,68.246770,31.375,0.25,176.75
13639,68.252161,31.375,0.25,176.75
13640,68.257050,31.375,0.25,176.75
13641,68.261959,31.375,0.25,176.75
13642,68.267911,31.375,0.25,176.75
13643,68.273030,31.375,0.25,176.75
13644,68.277936,31.375,0.25,176.75
13645,68.283314,31.375,0.25,176.75
13646,68.286876,31.375,0.25,176.75
13647,68.291771,31.375,0.25,176.75
13648,68.297240,31.375,0.25,176.75
13649,68.302135,31.375,0.25,176.75
13650,68.307252,31.375,0.25,176.75
13651,68.312551,31.375,0.25,176.75
13652,68.318006,31.375,0.25,176.75
13653,68.321917,31.375,0.25,176.75
13654,68.327065,31.375,0.25,176.75
13655,68.331974,31.375,0.25,176.75
13656,68.337327,31.375,0.25,176.75
13657,68.342235,31.375,0.25,176.75
13658,68.347327,31.375,0.25,176.75
13659,68.352516,31.375,0.25,176.75
13660,68.357420,31.375,0.25,176.75
13661,68.362843,31.375,0.25,176.75
13662,68.368258,31.375,0.25,176.75
13663,68.371823,31.375,0.25,176.75
13664,68.377287,31.375,0.25,176.75
13665,68.382183,31.375,0.25,176.75
13666,68.387296,31.375,0.25,176.75
13667,68.392452,31.375,0.25,176.75
13668,68.397357,31.375,0.25,176.75
13669,68.402729,31.375,0.25,176.75
13670,68.407624,31.375,0.25,176.75
13671,68.412679,31.375,0.25,176.75
13672,68.418135,31.375,0.25,176.75
13673,68.422270,31.375,0.25,176.75
13674,68.427162,31.375,0.25,176.75
13675,68.432612,31.375,0.25,176.75
13676,68.437504,31.375,0.25,176.75
13677,68.442643,31.375,0.25,176.75
13678,68.447798,31.375,0.25,176.75
13679,68.452706,31.375,0.25,176.75
13680,68.458053,31.375,0.25,176.75
13681,68.462952,31.375,0.25,176.75
13682,68.467882,31.375,0.25,176.75
13683,68.471976,31.375,0.25,176.75
13684,68.477417,31.375,0.25,176.75
13685,68.482529,31.375,0.25,176.75
13686,68.487708,31.375,0.25,176.75
13687,68.492616,31.375,0.25,176.75
13688,68.497989,31.375,0.25,176.75
13689,68.502888,31.375,0.25,176.75
13690,68.507794,31.375,0.25,176.75
13691,68.513321,31.375,0.25,176.75
13692,68.517193,31.375,0.25,176.75
13693,68.522116,31.375,0.25,176.75
13694,68.527769,31.375,0.25,176.75
13695,68.532928,31.375,0.25,176.75
13696,68.537834,31.375,0.25,176.75
13697,68.542958,31.375,0.25,176.75
13698,68.546811,31.375,0.25,176.75
13699,68.553046,31.375,0.25,176.75
13700,68.557067,31.375,0.25,176.75
13701,68.561966,31.375,0.25,176.75
13702,68.566871,31.375,0.25,176.75
13703,68.572312,31.375,0.25,176.75
13704,68.577204,31.375,0.25,176.75
13705,68.582324,31.375,0.25,176.75
13706,68.588027,31.375,0.25,176.75
13707,68.592935,31.375,0.25,176.75
13708,68.596978,31.375,0.25,176.75
13709,68.601877,31.375,0.25,176.75
13710,68.606782,31.375,0.25,176.75
13711,68.612331,31.375,0.25,176.75
13712,68.617237,31.375,0.25,176.75
13713,68.622132,31.375,0.25,176.75
13714,68.627566,31.375,0.25,176.75
13715,68.632463,31.375,0.25,176.75
13716,68.637368,31.375,0.25,176.75
13717,68.643313,31.375,0.25,176.75
13718,68.646874,31.375,0.25,176.75
13719,68.651769,31.375,0.25,176.75
13720,68.657238,31.375,0.25,176.75
13721,68.662134,31.375,0.25,176.75
13722,68.667516,31.375,0.25,176.75
13723,68.672415,31.375,0.25,176.75
13724,68.677345,31.375,0.25,176.75
13725,68.682786,31.375,0.25,176.75
13726,68.687678,31.375,0.25,176.75
13727,68.691814,31.375,0.25,176.75
13728,68.697274,31.375,0.25,176.75
13729,68.702170,31.375,0.25,176.75
13730,68.707552,31.375,0.25,176.75
13731,68.712598,31.375,0.25,176.75
13732,68.717503,31.375,0.25,176.75
13733,68.722927,31.375,0.25,176.75
13734,68.727823,31.375,0.25,176.75
13735,68.732731,31.375,0.25,176.75
13736,68.738186,31.375,0.25,176.75
13737,68.743077,31.375,0.25,176.75
13738,68.748174,31.375,0.25,176.75
13739,68.752571,31.375,0.25,176.75
13740,68.757467,31.375,0.25,176.75
13741,68.762852,31.375,0.25,176.75
13742,68.767747,31.375,0.25,176.75
13743,68.772680,31.375,0.25,176.75
13744,68.778121,31.375,0.25,176.75
13745,68.783013,31.375,0.25,176.75
13746,68.788135,31.375,0.25,176.75
13747,68.791940,31.375,0.25,176.75
13748,68.796846,31.375,0.25,176.75
13749,68.802269,31.375,0.25,176.75
13750,68.807698,31.375,0.25,176.75
13751,68.812740,31.375,0.25,176.75
13752,68.817824,31.375,0.25,176.75
13753,68.823071,31.375,0.25,176.75
13754,68.827976,31.375,0.25,176.75
13755,68.833093,31.375,0.25,176.75
13756,68.836905,31.375,0.25,176.75
13757,68.841814,31.375,0.25,176.75
13758,68.847185,31.375,0.25,176.75
13759,68.852077,31.375,0.25,176.75
13760,68.857537,31.375,0.25,176.75
13761,68.862982,31.375,0.25,176.75
13762,68.867887,31.375,0.25,176.75
13763,68.872808,31.375,0.25,176.75
13764,68.876840,31.375,0.25,176.75
13765,68.883078,31.375,0.25,176.75
13766,68.888196,31.375,0.25,176.75
13767,68.892004,31.375,0.25,176.75
13768,68.896910,31.375,0.25,176.75
13769,68.902310,31.375,0.25,176.75
13770,68.907782,31.375,0.25,176.75
13771,68.913016,31.375,0.25,176.75
13772,68.916901,31.375,0.25,176.75
13773,68.921800,31.375,0.25,176.75
13774,68.928260,31.375,0.25,176.75
13775,68.932065,31.375,0.25,176.75
13776,68.936971,31.375,0.25,176.75
13777,68.941891,31.375,0.25,176.75
13778,68.947324,31.375,0.25,176.75
13779,68.952220,31.375,0.25,176.75
13780,68.957906,31.375,0.25,176.75
13781,68.963065,31.375,0.25,176.75
13782,68.967970,31.375,0.25,176.75
13783,68.972015,31.375,0.25,176.75
13784,68.976911,31.375,0.25,176.75
13785,68.981820,31.375,0.25,176.75
13786,68.987260,31.375,0.25,176.75
13787,68.992155,31.375,0.25,176.75
13788,68.997069,31.375,0.25,176.75
13789,69.002498,31.375,0.25,176.75
13790,69.007391,31.375,0.25,176.75
13791,69.012979,31.375,0.25,176.75
13792,69.016817,31.375,0.25,176.75
13793,69.022016,31.375,0.25,176.75
13794,69.026922,31.375,0.25,176.75
13795,69.032047,31.375,0.25,176.75
13796,69.037203,31.375,0.25,176.75
13797,69.042095,31.375,0.25,176.75
13798,69.047458,31.375,0.25,176.75
13799,69.052357,31.375,0.25,176.75
13800,69.057263,31.375,0.25,176.75
13801,69.062702,31.375,0.25,176.75
13802,69.068172,31.375,0.25,176.75
13803,69.071958,31.375,0.25,176.75
13804,69.077130,31.375,0.25,176.75
13805,69.082022,31.375,0.25,176.75
13806,69.087376,31.375,0.25,176.75
13807,69.092284,31.375,0.25,176.75
13808,69.097177,31.375,0.25,176.75
13809,69.102638,31.375,0.25,176.75
13810,69.107531,31.375,0.25,176.75
13811,69.112767,31.375,0.25,176.75
13812,69.118525,31.375,0.25,176.75
13813,69.122080,31.375,0.25,176.75
13814,69.127211,31.375,0.25,176.75
13815,69.132367,31.375,0.25,176.75
13816,69.137272,31.375,0.25,176.75
13817,69.142643,31.375,0.25,176.75
13818,69.147537,31.375,0.25,176.75
13819,69.152445,31.375,0.25,176.75
13820,69.157847,31.375,0.25,176.75
13821,69.162754,31.375,0.25,176.75
13822,69.168044,31.375,0.25,176.75
13823,69.178028,31.375,0.25,176.75
13824,69.180257,31.375,0.25,176.75
13825,69.184187,31.375,0.25,176.75
13826,69.188021,31.375,0.25,176.75
13827,69.194273,31.375,0.25,176.75
13828,69.199645,31.375,0.25,176.75
13829,69.203214,31.375,0.25,176.75
13830,69.208102,31.375,0.25,176.75
13831,69.213175,31.375,0.25,176.75
13832,69.218386,31.375,0.25,176.75
13833,69.223281,31.375,0.25,176.75
13834,69.228405,31.375,0.25,176.75
13835,69.233554,31.375,0.25,176.75
13836,69.239001,31.375,0.25,176.75
13837,69.244367,31.375,0.25,176.75
13838,69.249272,31.375,0.25,176.75
13839,69.254197,31.375,0.25,176.75
13840,69.258215,31.375,0.25,176.75
13841,69.263123,31.375,0.25,176.75
13842,69.268012,31.375,0.25,176.75
13843,69.273467,31.375,0.25,176.75
13844,69.278359,31.375,0.25,176.75
13845,69.283477,31.375,0.25,176.75
13846,69.289360,31.375,0.25,176.75
13847,69.294269,31.375,0.25,176.75
13848,69.298061,31.375,0.25,176.75
13849,69.303242,31.375,0.25,176.75
13850,69.308147,31.375,0.25,176.75
13851,69.313061,31.25,0.25,176.75
13852,69.318333,31.25,0.25,176.75
13853,69.323228,31.25,0.25,176.75
13854,69.328346,31.25,0.25,176.75
13855,69.333519,31.25,0.25,176.75
13856,69.338423,31.25,0.25,176.75
13857,69.344357,31.25,0.25,176.75
13858,69.349262,31.25,0.25,176.75
13859,69.354158,31.25,0.25,176.75
13860,69.358205,31.25,0.25,176.75
13861,69.363097,31.25,0.25,176.75
13862,69.368228,31.25,0.25,176.75
13863,69.373380,31.25,0.25,176.75
13864,69.378286,31.25,0.25,176.75
13865,69.383705,31.25,0.25,176.75
13866,69.388598,31.25,0.25,176.75
13867,69.393994,31.25,0.25,176.75
13868,69.398890,31.25,0.25,176.75
13869,69.403006,31.25,0.25,176.75
13870,69.408463,31.25,0.25,176.75
13871,69.413213,31.25,0.25,176.75
13872,69.418289,31.25,0.25,176.75
13873,69.423598,31.25,0.25,176.75
13874,69.428491,31.25,0.25,176.75
13875,69.433583,31.25,0.25,176.75
13876,69.438763,31.25,0.25,176.75
13877,69.443672,31.25,0.25,176.75
13878,69.448772,31.25,0.25,176.75
13879,69.453952,31.25,0.25,176.75
13880,69.458084,31.25,0.25,176.75
13881,69.463241,31.25,0.25,176.75
13882,69.468390,31.25,0.25,176.75
13883,69.473299,31.25,0.25,176.75
13884,69.478670,31.25,0.25,176.75
13885,69.483566,31.25,0.25,176.75
13886,69.488471,31.25,0.25,176.75
13887,69.493923,31.25,0.25,176.75
13888,69.498829,31.25,0.25,176.75
13889,69.503946,31.25,0.25,176.75
13890,69.508304,31.25,0.25,176.75
13891,69.513051,31.25,0.25,176.75
13892,69.518141,31.25,0.25,176.75
13893,69.523391,31.25,0.25,176.75
13894,69.528283,31.25,0.25,176.75
13895,69.533401,31.25,0.25,176.75
13896,69.538554,31.25,0.25,176.75
13897,69.543462,31.25,0.25,176.75
13898,69.548909,31.25,0.25,176.75
13899,69.553807,31.25,0.25,176.75
13900,69.559303,31.25,0.25,176.75
13901,69.563364,31.25,0.25,176.75
13902,69.568270,31.25,0.25,176.75
13903,69.573165,31.25,0.25,176.75
13904,69.578591,31.25,0.25,176.75
13905,69.583487,31.25,0.25,176.75
13906,69.588622,31.25,0.25,176.75
13907,69.593778,31.25,0.25,176.75
13908,69.598683,31.25,0.25,176.75
13909,69.604058,31.25,0.25,176.75
13910,69.608954,31.25,0.25,176.75
13911,69.613717,31.25,0.25,176.75
13912,69.619186,31.25,0.25,176.75
13913,69.623296,31.25,0.25,176.75
13914,69.628188,31.25,0.25,176.75
13915,69.633616,31.25,0.25,176.75
13916,69.638508,31.25,0.25,176.75
13917,69.643647,31.25,0.25,176.75
13918,69.648802,31.25,0.25,176.75
13919,69.653711,31.25,0.25,176.75
13920,69.659057,31.25,0.25,176.75
13921,69.663956,31.25,0.25,176.75
13922,69.668886,31.25,0.25,176.75
13923,69.674825,31.25,0.25,176.75
13924,69.678393,31.25,0.25,176.75
13925,69.683288,31.25,0.25,176.75
13926,69.688715,31.25,0.25,176.75
13927,69.693611,31.25,0.25,176.75
13928,69.699043,31.25,0.25,176.75
13929,69.703942,31.25,0.25,176.75
13930,69.708847,31.25,0.25,176.75
13931,69.713893,31.25,0.25,176.75
13932,69.719092,31.25,0.25,176.75
13933,69.724001,31.25,0.25,176.75
13934,69.728328,31.25,0.25,176.75
13935,69.733478,31.25,0.25,176.75
13936,69.738383,31.25,0.25,176.75
13937,69.743759,31.25,0.25,176.75
13938,69.748654,31.25,0.25,176.75
13939,69.753563,31.25,0.25,176.75
13940,69.759008,31.25,0.25,176.75
13941,69.763918,31.25,0.25,176.75
13942,69.769047,31.25,0.25,176.75
13943,69.774239,31.25,0.25,176.75
13944,69.779145,31.25,0.25,176.75
13945,69.784520,31.25,0.25,176.75
13946,69.788644,31.25,0.25,176.75
13947,69.793540,31.25,0.25,176.75
13948,69.798969,31.25,0.25,176.75
13949,69.803878,31.25,0.25,176.75
13950,69.808995,31.25,0.25,176.75
13951,69.814008,31.25,0.25,176.75
13952,69.818914,31.25,0.25,176.75
13953,69.823999,31.25,0.25,176.75
13954,69.829266,31.25,0.25,176.75
13955,69.834162,31.25,0.25,176.75
13956,69.838250,31.25,0.25,176.75
13957,69.843679,31.25,0.25,176.75
13958,69.848571,31.25,0.25,176.75
13959,69.853505,31.25,0.25,176.75
13960,69.858976,31.25,0.25,176.75
13961,69.863885,31.25,0.25,176.75
13962,69.868999,31.25,0.25,176.75
13963,69.874158,31.25,0.25,176.75
13964,69.879047,31.25,0.25,176.75
13965,69.884417,31.25,0.25,176.75
13966,69.889322,31.25,0.25,176.75
13967,69.894218,31.25,0.25,176.75
13968,69.898289,31.25,0.25,176.75
13969,69.903723,31.25,0.25,176.75
13970,69.908860,31.25,0.25,176.75
13971,69.914016,31.25,0.25,176.75
13972,69.918921,31.25,0.25,176.75
13973,69.923982,31.25,0.25,176.75
13974,69.929158,31.25,0.25,176.75
13975,69.934050,31.25,0.25,176.75
13976,69.939416,31.25,0.25,176.75
13977,69.942981,31.25,0.25,176.75
13978,69.949216,31.25,0.25,176.75
13979,69.953289,31.25,0.25,176.75
13980,69.958723,31.25,0.25,176.75
13981,69.963859,31.25,0.25,176.75
13982,69.969015,31.25,0.25,176.75
13983,69.973924,31.25,0.25,176.75
13984,69.979277,31.25,0.25,176.75
13985,69.984186,31.25,0.25,176.75
13986,69.989320,31.25,0.25,176.75
13987,69.993161,31.25,0.25,176.75
13988,69.998049,31.25,0.25,176.75
13989,70.003470,31.25,0.25,176.75
13990,70.008911,31.25,0.25,176.75
13991,70.013820,31.25,0.25,176.75
13992,70.019213,31.25,0.25,176.75
13993,70.023959,31.25,0.25,176.75
13994,70.028864,31.25,0.25,176.75
13995,70.034312,31.25,0.25,176.75
13996,70.039218,31.25,0.25,176.75
13997,70.044113,31.25,0.25,176.75
13998,70.048175,31.25,0.25,176.75
13999,70.053067,31.25,0.25,176.75
14000,70.058769,31.25,0.25,176.75
14001,70.063925,31.25,0.25,176.75
14002,70.068831,31.25,0.25,176.75
14003,70.074276,31.25,0.25,176.75
14004,70.079168,31.25,0.25,176.75
14005,70.084299,31.25,0.25,176.75
14006,70.088104,31.25,0.25,176.75
14007,70.093012,31.25,0.25,176.75
14008,70.099460,31.25,0.25,176.75
14009,70.103285,31.25,0.25,176.75
14010,70.108735,31.25,0.25,176.75
14011,70.114091,31.25,0.25,176.75
14012,70.118987,31.25,0.25,176.75
14013,70.123873,31.25,0.25,176.75
14014,70.129348,31.25,0.25,176.75
14015,70.134256,31.25,0.25,176.75
14016,70.139148,31.25,0.25,176.75
14017,70.143185,31.25,0.25,176.75
14018,70.148074,31.25,0.25,176.75
14019,70.152983,31.25,0.25,176.75
14020,70.158935,31.25,0.25,176.75
14021,70.163833,31.25,0.25,176.75
14022,70.169223,31.25,0.25,176.75
14023,70.177050,31.25,0.25,176.75
14024,70.179275,31.25,0.25,176.75
14025,70.183211,31.25,0.25,176.75
14026,70.188408,31.25,0.25,176.75
14027,70.193303,31.25,0.25,176.75
14028,70.198424,31.25,0.25,176.75
14029,70.203625,31.25,0.25,176.75
14030,70.208530,31.25,0.25,176.75
14031,70.213930,31.25,0.25,176.75
14032,70.218013,31.25,0.25,176.75
14033,70.224281,31.25,0.25,176.75
14034,70.228287,31.25,0.25,176.75
14035,70.233457,31.25,0.25,176.75
14036,70.238349,31.25,0.25,176.75
14037,70.243794,31.25,0.25,176.75
14038,70.248689,31.25,0.25,176.75
14039,70.253597,31.25,0.25,176.75
14040,70.259033,31.25,0.25,176.75
14041,70.263942,31.25,0.25,176.75
14042,70.269337,31.25,0.25,176.75
14043,70.273429,31.25,0.25,176.75
14044,70.278322,31.25,0.25,176.75
14045,70.283750,31.25,0.25,176.75
14046,70.288642,31.25,0.25,176.75
14047,70.294028,31.25,0.25,176.75
14048,70.298924,31.25,0.25,176.75
14049,70.303833,31.25,0.25,176.75
14050,70.309510,31.25,0.25,176.75
14051,70.313065,31.25,0.25,176.75
14052,70.319804,31.25,0.25,176.75
14053,70.323866,31.25,0.25,176.75
14054,70.328760,31.25,0.25,176.75
14055,70.333840,31.25,0.25,176.75
14056,70.339261,31.25,0.25,176.75
14057,70.344170,31.25,0.25,176.75
14058,70.349058,31.25,0.25,176.75
14059,70.353092,31.25,0.25,176.75
14060,70.357987,31.25,0.25,176.75
14061,70.364450,31.25,0.25,176.75
14062,70.368273,31.25,0.25,176.75
14063,70.373168,31.25,0.25,176.75
14064,70.378582,31.25,0.25,176.75
14065,70.384045,31.25,0.25,176.75
14066,70.388951,31.25,0.25,176.75
14067,70.394325,31.25,0.25,176.75
14068,70.399231,31.25,0.25,176.75
14069,70.404155,31.25,0.25,176.75
14070,70.408174,31.25,0.25,176.75
14071,70.413065,31.25,0.25,176.75
14072,70.419540,31.25,0.25,176.75
14073,70.423372,31.25,0.25,176.75
14074,70.428264,31.25,0.25,176.75
14075,70.433497,31.25,0.25,176.75
14076,70.439268,31.25,0.25,176.75
14077,70.444177,31.25,0.25,176.75
14078,70.449275,31.25,0.25,176.75
14079,70.453124,31.25,0.25,176.75
14080,70.458013,31.25,0.25,176.75
14081,70.463114,31.25,0.25,176.75
14082,70.468291,31.25,0.25,176.75
14083,70.473201,31.25,0.25,176.75
14084,70.478614,31.25,0.25,176.75
14085,70.483509,31.25,0.25,176.75
14086,70.489185,31.25,0.25,176.75
14087,70.492993,31.25,0.25,176.75
14088,70.499242,31.25,0.25,176.75
14089,70.504617,31.25,0.25,176.75
14090,70.508183,31.25,0.25,176.75
14091,70.513074,31.25,0.25,176.75
14092,70.518511,31.25,0.25,176.75
14093,70.523406,31.25,0.25,176.75
14094,70.528517,31.25,0.25,176.75
14095,70.533843,31.25,0.25,176.75
14096,70.538748,31.25,0.25,176.75
14097,70.543939,31.25,0.25,176.75
14098,70.548292,31.25,0.25,176.75
14099,70.553201,31.25,0.25,176.75
14100,70.558301,31.25,0.25,176.75
14101,70.563499,31.25,0.25,176.75
14102,70.568403,31.25,0.25,176.75
14103,70.573835,31.25,0.25,176.75
14104,70.578739,31.25,0.25,176.75
14105,70.583867,31.25,0.25,176.75
14106,70.589022,31.25,0.25,176.75
14107,70.593931,31.25,0.25,176.75
14108,70.599309,31.25,0.25,176.75
14109,70.603454,31.25,0.25,176.75
14110,70.608347,31.25,0.25,176.75
14111,70.613796,31.25,0.25,176.75
14112,70.618688,31.25,0.25,176.75
14113,70.623837,31.25,0.25,176.75
14114,70.629007,31.25,0.25,176.75
14115,70.634063,31.25,0.25,176.75
14116,70.639257,31.25,0.25,176.75
14117,70.643103,31.25,0.25,176.75
14118,70.648007,31.25,0.25,176.75
14119,70.653432,31.25,0.25,176.75
14120,70.658852,31.25,0.25,176.75
14121,70.663950,31.25,0.25,176.75
14122,70.669160,31.25,0.25,176.75
14123,70.674052,31.25,0.25,176.75
14124,70.679406,31.25,0.25,176.75
14125,70.684315,31.25,0.25,176.75
14126,70.689207,31.25,0.25,176.75
14127,70.693254,31.25,0.25,176.75
14128,70.698160,31.25,0.25,176.75
14129,70.703352,31.25,0.25,176.75
14130,70.709058,31.25,0.25,176.75
14131,70.713967,31.25,0.25,176.75
14132,70.719405,31.25,0.25,176.75
14133,70.724301,31.25,0.25,176.75
14134,70.729401,31.25,0.25,176.75
14135,70.734723,31.25,0.25,176.75
14136,70.738289,31.25,0.25,176.75
14137,70.743379,31.25,0.25,176.75
14138,70.748643,31.25,0.25,176.75
14139,70.753538,31.25,0.25,176.75
14140,70.758674,31.25,0.25,176.75
14141,70.764382,31.25,0.25,176.75
14142,70.769288,31.25,0.25,176.75
14143,70.773341,31.25,0.25,176.75
14144,70.778246,31.25,0.25,176.75
14145,70.783141,31.25,0.25,176.75
14146,70.788578,31.25,0.25,176.75
14147,70.793474,31.25,0.25,176.75
14148,70.798610,31.25,0.25,176.75
14149,70.803764,31.25,0.25,176.75
14150,70.808670,31.25,0.25,176.75
14151,70.814045,31.25,0.25,176.75
14152,70.818172,31.25,0.25,176.75
14153,70.823064,31.25,0.25,176.75
14154,70.828489,31.25,0.25,176.75
14155,70.833531,31.25,0.25,176.75
14156,70.838614,31.25,0.25,176.75
14157,70.843861,31.25,0.25,176.75
14158,70.848766,31.25,0.25,176.75
14159,70.853896,31.25,0.25,176.75
14160,70.859065,31.25,0.25,176.75
14161,70.863974,31.25,0.25,176.75
14162,70.868071,31.25,0.25,176.75
14163,70.873480,31.25,0.25,176.75
14164,70.878372,31.25,0.25,176.75
14165,70.883758,31.25,0.25,176.75
14166,70.888654,31.25,0.25,176.75
14167,70.893562,31.25,0.25,176.75
14168,70.899008,31.25,0.25,176.75
14169,70.903917,31.25,0.25,176.75
14170,70.909033,31.25,0.25,176.75
14171,70.914190,31.25,0.25,176.75
14172,70.918275,31.25,0.25,176.75
14173,70.923414,31.25,0.25,176.75
14174,70.928577,31.25,0.25,176.75
14175,70.933632,31.25,0.25,176.75
14176,70.938844,31.25,0.25,176.75
14177,70.944041,31.25,0.25,176.75
14178,70.948947,31.25,0.25,176.75
14179,70.954303,31.25,0.25,176.75
14180,70.959209,31.25,0.25,176.75
14181,70.964101,31.25,0.25,176.75
14182,70.968202,31.25,0.25,176.75
14183,70.973663,31.25,0.25,176.75
14184,70.978796,31.25,0.25,176.75
14185,70.983952,31.25,0.25,176.75
14186,70.988857,31.25,0.25,176.75
14187,70.993985,31.25,0.25,176.75
14188,70.999157,31.25,0.25,176.75
14189,71.004048,31.25,0.25,176.75
14190,71.009403,31.25,0.25,176.75
14191,71.014311,31.25,0.25,176.75
14192,71.019232,31.25,0.25,176.75
14193,71.023275,31.25,0.25,176.75
14194,71.028709,31.25,0.25,176.75
14195,71.034057,31.25,0.25,176.75
14196,71.039329,31.25,0.25,176.75
14197,71.044225,31.25,0.25,176.75
14198,71.049317,31.25,0.25,176.75
14199,71.053188,31.25,0.25,176.75
14200,71.058077,31.25,0.25,176.75
14201,71.063469,31.25,0.25,176.75
14202,71.068365,31.25,0.25,176.75
14203,71.073274,31.25,0.25,176.75
14204,71.079194,31.25,0.25,176.75
14205,71.084085,31.25,0.25,176.75
14206,71.089468,31.25,0.25,176.75
14207,71.093023,31.25,0.25,176.75
14208,71.099296,31.25,0.25,176.75
14209,71.103323,31.25,0.25,176.75
14210,71.108228,31.25,0.25,176.75
14211,71.113123,31.25,0.25,176.75
14212,71.118550,31.25,0.25,176.75
14213,71.123445,31.25,0.25,176.75
14214,71.128581,31.25,0.25,176.75
14215,71.133882,31.25,0.25,176.75
14216,71.139361,31.25,0.25,176.75
14217,71.143234,31.25,0.25,176.75
14218,71.148475,31.25,0.25,176.75
14219,71.153383,31.25,0.25,176.75
14220,71.158755,31.25,0.25,176.75
14221,71.163651,31.25,0.25,176.75
14222,71.168556,31.25,0.25,176.75
14223,71.178262,31.25,0.25,176.75
14224,71.180487,31.25,0.25,176.75
14225,71.184048,31.25,0.25,176.75
14226,71.188940,31.25,0.25,176.75
14227,71.194382,31.25,0.25,176.75
14228,71.199895,31.25,0.25,176.75
14229,71.203464,31.25,0.25,176.75
14230,71.208578,31.25,0.25,176.75
14231,71.213739,31.25,0.25,176.75
14232,71.218644,31.25,0.25,176.75
14233,71.224014,31.25,0.25,176.75
14234,71.228909,31.25,0.25,176.75
14235,71.233673,31.25,0.25,176.75
14236,71.239119,31.25,0.25,176.75
14237,71.244011,31.25,0.25,176.75
14238,71.248917,31.25,0.25,176.75
14239,71.254870,31.25,0.25,176.75
14240,71.258434,31.25,0.25,176.75
14241,71.263552,31.25,0.25,176.75
14242,71.268707,31.25,0.25,176.75
14243,71.273616,31.25,0.25,176.75
14244,71.278988,31.25,0.25,176.75
14245,71.283887,31.25,0.25,176.75
14246,71.289000,31.25,0.25,176.75
14247,71.294184,31.25,0.25,176.75
14248,71.299073,31.25,0.25,176.75
14249,71.304486,31.25,0.25,176.75
14250,71.308585,31.25,0.25,176.75
14251,71.313480,31.25,0.25,176.75
14252,71.318913,31.25,0.25,176.75
14253,71.323822,31.25,0.25,176.75
14254,71.328936,31.25,0.25,176.75
14255,71.334160,31.25,0.25,176.75
14256,71.339049,31.25,0.25,176.75
14257,71.343957,31.25,0.25,176.75
14258,71.349441,31.25,0.25,176.75
14259,71.354339,31.25,0.25,176.75
14260,71.358483,31.25,0.25,176.75
14261,71.363929,31.25,0.25,176.75
14262,71.368835,31.25,0.25,176.75
14263,71.374206,31.25,0.25,176.75
14264,71.379095,31.25,0.25,176.75
14265,71.384246,31.25,0.25,176.75
14266,71.389416,31.25,0.25,176.75
14267,71.394325,31.25,0.25,176.75
14268,71.399697,31.25,0.25,176.75
14269,71.403268,31.25,0.25,176.75
14270,71.409500,31.25,0.25,176.75
14271,71.413595,31.25,0.25,176.75
14272,71.419038,31.25,0.25,176.75
14273,71.423971,31.25,0.25,176.75
14274,71.429403,31.25,0.25,176.75
14275,71.434153,31.25,0.25,176.75
14276,71.439240,31.25,0.25,176.75
14277,71.444518,31.25,0.25,176.75
14278,71.449410,31.25,0.25,176.75
14279,71.454521,31.25,0.25,176.75
14280,71.458426,31.25,0.25,176.75
14281,71.463321,31.25,0.25,176.75
14282,71.468442,31.25,0.25,176.75
14283,71.474159,31.25,0.25,176.75
14284,71.479047,31.25,0.25,176.75
14285,71.484429,31.25,0.25,176.75
14286,71.489335,31.25,0.25,176.75
14287,71.494230,31.25,0.25,176.75
14288,71.498278,31.25,0.25,176.75
14289,71.504514,31.25,0.25,176.75
14290,71.509443,31.25,0.25,176.75
14291,71.513460,31.25,0.25,176.75
14292,71.518355,31.25,0.25,176.75
14293,71.523804,31.25,0.25,176.75
14294,71.529244,31.25,0.25,176.75
14295,71.533990,31.25,0.25,176.75
14296,71.539073,31.25,0.25,176.75
14297,71.544358,31.25,0.25,176.75
14298,71.549250,31.25,0.25,176.75
14299,71.554370,31.25,0.25,176.75
14300,71.559519,31.25,0.25,176.75
14301,71.564426,31.25,0.25,176.75
14302,71.568473,31.25,0.25,176.75
14303,71.573371,31.25,0.25,176.75
14304,71.579059,31.25,0.25,176.75
14305,71.584219,31.25,0.25,176.75
14306,71.589124,31.25,0.25,176.75
14307,71.594522,31.25,0.25,176.75
14308,71.599417,31.25,0.25,176.75
14309,71.604325,31.25,0.25,176.75
14310,71.608377,31.25,0.25,176.75
14311,71.613286,31.25,0.25,176.75
14312,71.619747,31.25,0.25,176.75
14313,71.623575,31.25,0.25,176.75
14314,71.629027,31.25,0.25,176.75
14315,71.633962,31.25,0.25,176.75
14316,71.639243,31.25,0.25,176.75
14317,71.644138,31.25,0.25,176.75
14318,71.649252,31.25,0.25,176.75
14319,71.654404,31.25,0.25,176.75
14320,71.659310,31.25,0.25,176.75
14321,71.664685,31.25,0.25,176.75
14322,71.668250,31.25,0.25,176.75
14323,71.674485,31.25,0.25,176.75
14324,71.678557,31.25,0.25,176.75
14325,71.683998,31.25,0.25,176.75
14326,71.689142,31.25,0.25,176.75
14327,71.694290,31.25,0.25,176.75
14328,71.699196,31.25,0.25,176.75
14329,71.704641,31.25,0.25,176.75
14330,71.709533,31.25,0.25,176.75
14331,71.713335,31.25,0.25,176.75
14332,71.718487,31.25,0.25,176.75
14333,71.723395,31.25,0.25,176.75
14334,71.728495,31.25,0.25,176.75
14335,71.735402,31.25,0.25,176.75
14336,71.738964,31.25,0.25,176.75
14337,71.744224,31.25,0.25,176.75
14338,71.749415,31.25,0.25,176.75
14339,71.754323,31.25,0.25,176.75
14340,71.759695,31.25,0.25,176.75
14341,71.763264,31.25,0.25,176.75
14342,71.769496,31.25,0.25,176.75
14343,71.773543,31.25,0.25,176.75
14344,71.778439,31.25,0.25,176.75
14345,71.784131,31.25,0.25,176.75
14346,71.789276,31.25,0.25,176.75
14347,71.794184,31.25,0.25,176.75
14348,71.799556,31.25,0.25,176.75
14349,71.804455,31.25,0.25,176.75
14350,71.809360,31.25,0.25,176.75
14351,71.813411,31.25,0.25,176.75
14352,71.818316,31.25,0.25,176.75
14353,71.823434,31.25,0.25,176.75
14354,71.828586,31.25,0.25,176.75
14355,71.835345,31.25,0.25,176.75
14356,71.839210,31.25,0.25,176.75
14357,71.844400,31.25,0.25,176.75
14358,71.849306,31.25,0.25,176.75
14359,71.854680,31.25,0.25,176.75
14360,71.858249,31.25,0.25,176.75
14361,71.864693,31.125,0.25,176.75
14362,71.868520,31.125,0.25,176.75
14363,71.873416,31.125,0.25,176.75
14364,71.878333,31.125,0.25,176.75
14365,71.883737,31.125,0.25,176.75
14366,71.889146,31.125,0.25,176.75
14367,71.894276,31.125,0.25,176.75
14368,71.899424,31.125,0.25,176.75
14369,71.904333,31.125,0.25,176.75
14370,71.909705,31.125,0.25,176.75
14371,71.913274,31.125,0.25,176.75
14372,71.919716,31.125,0.25,176.75
14373,71.923545,31.125,0.25,176.75
14374,71.928438,31.125,0.25,176.75
14375,71.934708,31.125,0.25,176.75
14376,71.938616,31.125,0.25,176.75
14377,71.944057,31.125,0.25,176.75
14378,71.948963,31.125,0.25,176.75
14379,71.954400,31.125,0.25,176.75
14380,71.959292,31.125,0.25,176.75
14381,71.964680,31.125,0.25,176.75
14382,71.968248,31.125,0.25,176.75
14383,71.974483,31.125,0.25,176.75
14384,71.978553,31.125,0.25,176.75
14385,71.983451,31.125,0.25,176.75
14386,71.988554,31.125,0.25,176.75
14387,71.994276,31.125,0.25,176.75
14388,71.999168,31.125,0.25,176.75
14389,72.004585,31.125,0.25,176.75
14390,72.009478,31.125,0.25,176.75
14391,72.014602,31.125,0.25,176.75
14392,72.018430,31.125,0.25,176.75
14393,72.023325,31.125,0.25,176.75
14394,72.028443,31.125,0.25,176.75
14395,72.034790,31.125,0.25,176.75
14396,72.038355,31.125,0.25,176.75
14397,72.043824,31.125,0.25,176.75
14398,72.049251,31.125,0.25,176.75
14399,72.054368,31.125,0.25,176.75
14400,72.059518,31.125,0.25,176.75
14401,72.064426,31.125,0.25,176.75
14402,72.069799,31.125,0.25,176.75
14403,72.073370,31.125,0.25,176.75
14404,72.078263,31.125,0.25,176.75
14405,72.083692,31.125,0.25,176.75
14406,72.088585,31.125,0.25,176.75
14407,72.093995,31.125,0.25,176.75
14408,72.099422,31.125,0.25,176.75
14409,72.104330,31.125,0.25,176.75
14410,72.108376,31.125,0.25,176.75
14411,72.113285,31.125,0.25,176.75
14412,72.119746,31.125,0.25,176.75
14413,72.123575,31.125,0.25,176.75
14414,72.128467,31.125,0.25,176.75
14415,72.134739,31.125,0.25,176.75
14416,72.138646,31.125,0.25,176.75
14417,72.143542,31.125,0.25,176.75
14418,72.149224,31.125,0.25,176.75
14419,72.154379,31.125,0.25,176.75
14420,72.159284,31.125,0.25,176.75
14421,72.164659,31.125,0.25,176.75
14422,72.169552,31.125,0.25,176.75
14423,72.180276,31.125,0.25,176.75
14424,72.182722,31.125,0.25,176.75
14425,72.186546,31.125,0.25,176.75
14426,72.191509,31.125,0.25,176.75
14427,72.196414,31.125,0.25,176.75
14428,72.201803,31.125,0.25,176.75
14429,72.205900,31.125,0.25,176.75
14430,72.210809,31.125,0.25,176.75
14431,72.216261,31.125,0.25,176.75
14432,72.221156,31.125,0.25,176.75
14433,72.226280,31.125,0.25,176.75
14434,72.231451,31.125,0.25,176.75
14435,72.236501,31.125,0.25,176.75
14436,72.241715,31.125,0.25,176.75
14437,72.245559,31.125,0.25,176.75
14438,72.250456,31.125,0.25,176.75
14439,72.255385,31.125,0.25,176.75
14440,72.261306,31.125,0.25,176.75
14441,72.266212,31.125,0.25,176.75
14442,72.271340,31.125,0.25,176.75
14443,72.276488,31.125,0.25,176.75
14444,72.281396,31.125,0.25,176.75
14445,72.286497,31.125,0.25,176.75
14446,72.290328,31.125,0.25,176.75
14447,72.296560,31.125,0.25,176.75
14448,72.301932,31.125,0.25,176.75
14449,72.305501,31.125,0.25,176.75
14450,72.310894,31.125,0.25,176.75
14451,72.316351,31.125,0.25,176.75
14452,72.321246,31.125,0.25,176.75
14453,72.326364,31.125,0.25,176.75
14454,72.331541,31.125,0.25,176.75
14455,72.336591,31.125,0.25,176.75
14456,72.340453,31.125,0.25,176.75
14457,72.345626,31.125,0.25,176.75
14458,72.350534,31.125,0.25,176.75
14459,72.355931,31.125,0.25,176.75
14460,72.361026,31.125,0.25,176.75
14461,72.365932,31.125,0.25,176.75
14462,72.371336,31.125,0.25,176.75
14463,72.375443,31.125,0.25,176.75
14464,72.380339,31.125,0.25,176.75
14465,72.385764,31.125,0.25,176.75
14466,72.390660,31.125,0.25,176.75
14467,72.395795,31.125,0.25,176.75
14468,72.400954,31.125,0.25,176.75
14469,72.405859,31.125,0.25,176.75
14470,72.411278,31.125,0.25,176.75
14471,72.416171,31.125,0.25,176.75
14472,72.421275,31.125,0.25,176.75
14473,72.426973,31.125,0.25,176.75
14474,72.430544,31.125,0.25,176.75
14475,72.435763,31.125,0.25,176.75
14476,72.441025,31.125,0.25,176.75
14477,72.445930,31.125,0.25,176.75
14478,72.451045,31.125,0.25,176.75
14479,72.456228,31.125,0.25,176.75
14480,72.461136,31.125,0.25,176.75
14481,72.466239,31.125,0.25,176.75
14482,72.471392,31.125,0.25,176.75
14483,72.476297,31.125,0.25,176.75
14484,72.480646,31.125,0.25,176.75
14485,72.485801,31.125,0.25,176.75
14486,72.490709,31.125,0.25,176.75
14487,72.496057,31.125,0.25,176.75
14488,72.500956,31.125,0.25,176.75
14489,72.506094,31.125,0.25,176.75
14490,72.511252,31.125,0.25,176.75
14491,72.516158,31.125,0.25,176.75
14492,72.521580,31.125,0.25,176.75
14493,72.526472,31.125,0.25,176.75
14494,72.530611,31.125,0.25,176.75
14495,72.536132,31.125,0.25,176.75
14496,72.541024,31.125,0.25,176.75
14497,72.545930,31.125,0.25,176.75
14498,72.551374,31.125,0.25,176.75
14499,72.556280,31.125,0.25,176.75
14500,72.561175,31.125,0.25,176.75
14501,72.566626,31.125,0.25,176.75
14502,72.571522,31.125,0.25,176.75
14503,72.576904,31.125,0.25,176.75
14504,72.581011,31.125,0.25,176.75
14505,72.585907,31.125,0.25,176.75
14506,72.591376,31.125,0.25,176.75
14507,72.596269,31.125,0.25,176.75
14508,72.601411,31.125,0.25,176.75
14509,72.606560,31.125,0.25,176.75
14510,72.611469,31.125,0.25,176.75
14511,72.615514,31.125,0.25,176.75
14512,72.620413,31.125,0.25,176.75
14513,72.625319,31.125,0.25,176.75
14514,72.630762,31.125,0.25,176.75
14515,72.635799,31.125,0.25,176.75
14516,72.641023,31.125,0.25,176.75
14517,72.645376,31.125,0.25,176.75
14518,72.651612,31.125,0.25,176.75
14519,72.655410,31.125,0.25,176.75
14520,72.660562,31.125,0.25,176.75
14521,72.665467,31.125,0.25,176.75
14522,72.670839,31.125,0.25,176.75
14523,72.675733,31.125,0.25,176.75
14524,72.680642,31.125,0.25,176.75
14525,72.686133,31.125,0.25,176.75
14526,72.691025,31.125,0.25,176.75
14527,72.696444,31.125,0.25,176.75
14528,72.700476,31.125,0.25,176.75
14529,72.705372,31.125,0.25,176.75
14530,72.711828,31.125,0.25,176.75
14531,72.715657,31.125,0.25,176.75
14532,72.720553,31.125,0.25,176.75
14533,72.725482,31.125,0.25,176.75
14534,72.730910,31.125,0.25,176.75
14535,72.736083,31.125,0.25,176.75
14536,72.741320,31.125,0.25,176.75
14537,72.746486,31.125,0.25,176.75
14538,72.750612,31.125,0.25,176.75
14539,72.755743,31.125,0.25,176.75
14540,72.760927,31.125,0.25,176.75
14541,72.765832,31.125,0.25,176.75
14542,72.771236,31.125,0.25,176.75
14543,72.776141,31.125,0.25,176.75
14544,72.781032,31.125,0.25,176.75
14545,72.786474,31.125,0.25,176.75
14546,72.791369,31.125,0.25,176.75
14547,72.796479,31.125,0.25,176.75
14548,72.800312,31.125,0.25,176.75
14549,72.805713,31.125,0.25,176.75
14550,72.811090,31.125,0.25,176.75
14551,72.815985,31.125,0.25,176.75
14552,72.820894,31.125,0.25,176.75
14553,72.826335,31.125,0.25,176.75
14554,72.831229,31.125,0.25,176.75
14555,72.836452,31.125,0.25,176.75
14556,72.840337,31.125,0.25,176.75
14557,72.846570,31.125,0.25,176.75
14558,72.851680,31.125,0.25,176.75
14559,72.855532,31.125,0.25,176.75
14560,72.860429,31.125,0.25,176.75
14561,72.865842,31.125,0.25,176.75
14562,72.871303,31.125,0.25,176.75
14563,72.876196,31.125,0.25,176.75
14564,72.881338,31.125,0.25,176.75
14565,72.886487,31.125,0.25,176.75
14566,72.891395,31.125,0.25,176.75
14567,72.896767,31.125,0.25,176.75
14568,72.900339,31.125,0.25,176.75
14569,72.906571,31.125,0.25,176.75
14570,72.910615,31.125,0.25,176.75
14571,72.915508,31.125,0.25,176.75
14572,72.920415,31.125,0.25,176.75
14573,72.926354,31.125,0.25,176.75
14574,72.931263,31.125,0.25,176.75
14575,72.936471,31.125,0.25,176.75
14576,72.940374,31.125,0.25,176.75
14577,72.946607,31.125,0.25,176.75
14578,72.951744,31.125,0.25,176.75
14579,72.955572,31.125,0.25,176.75
14580,72.960469,31.125,0.25,176.75
14581,72.965557,31.125,0.25,176.75
14582,72.970740,31.125,0.25,176.75
14583,72.975670,31.125,0.25,176.75
14584,72.981568,31.125,0.25,176.75
14585,72.986464,31.125,0.25,176.75
14586,72.991397,31.125,0.25,176.75
14587,72.995423,31.125,0.25,176.75
14588,73.000331,31.125,0.25,176.75
14589,73.006778,31.125,0.25,176.75
14590,73.010625,31.125,0.25,176.75
14591,73.015517,31.125,0.25,176.75
14592,73.020656,31.125,0.25,176.75
14593,73.025812,31.125,0.25,176.75
14594,73.030720,31.125,0.25,176.75
14595,73.035940,31.125,0.25,176.75
14596,73.041700,31.125,0.25,176.75
14597,73.046596,31.125,0.25,176.75
14598,73.051710,31.125,0.25,176.75
14599,73.055565,31.125,0.25,176.75
14600,73.060462,31.125,0.25,176.75
14601,73.065597,31.125,0.25,176.75
14602,73.070755,31.125,0.25,176.75
14603,73.075660,31.125,0.25,176.75
14604,73.081083,31.125,0.25,176.75
14605,73.085978,31.125,0.25,176.75
14606,73.090911,31.125,0.25,176.75
14607,73.096850,31.125,0.25,176.75
14608,73.100420,31.125,0.25,176.75
14609,73.105533,31.125,0.25,176.75
14610,73.110691,31.125,0.25,176.75
14611,73.115596,31.125,0.25,176.75
14612,73.120968,31.125,0.25,176.75
14613,73.125864,31.125,0.25,176.75
14614,73.130772,31.125,0.25,176.75
14615,73.136213,31.125,0.25,176.75
14616,73.141104,31.125,0.25,176.75
14617,73.146669,31.125,0.25,176.75
14618,73.150556,31.125,0.25,176.75
14619,73.155712,31.125,0.25,176.75
14620,73.160620,31.125,0.25,176.75
14621,73.165984,31.125,0.25,176.75
14622,73.170883,31.125,0.25,176.75
14623,73.180501,31.125,0.25,176.75
14624,73.182824,31.125,0.25,176.75
14625,73.186682,31.125,0.25,176.75
14626,73.191578,31.125,0.25,176.75
14627,73.196483,31.125,0.25,176.75
14628,73.200843,31.125,0.25,176.75
14629,73.206000,31.125,0.25,176.75
14630,73.210909,31.125,0.25,176.75
14631,73.216007,31.125,0.25,176.75
14632,73.221190,31.125,0.25,176.75
14633,73.226079,31.125,0.25,176.75
14634,73.231202,31.125,0.25,176.75
14635,73.236351,31.125,0.25,176.75
14636,73.241260,31.125,0.25,176.75
14637,73.246474,31.125,0.25,176.75
14638,73.252247,31.125,0.25,176.75
14639,73.255809,31.125,0.25,176.75
14640,73.260704,31.125,0.25,176.75
14641,73.266177,31.125,0.25,176.75
14642,73.271068,31.125,0.25,176.75
14643,73.276437,31.125,0.25,176.75
14644,73.281335,31.125,0.25,176.75
14645,73.286241,31.125,0.25,176.75
14646,73.291681,31.125,0.25,176.75
14647,73.296573,31.125,0.25,176.75
14648,73.301709,31.125,0.25,176.75
14649,73.306038,31.125,0.25,176.75
14650,73.310937,31.125,0.25,176.75
14651,73.316071,31.125,0.25,176.75
14652,73.321231,31.125,0.25,176.75
14653,73.326136,31.125,0.25,176.75
14654,73.331508,31.125,0.25,176.75
14655,73.336403,31.125,0.25,176.75
14656,73.341525,31.125,0.25,176.75
14657,73.346820,31.125,0.25,176.75
14658,73.351728,31.125,0.25,176.75
14659,73.355471,31.125,0.25,176.75
14660,73.361244,31.125,0.25,176.75
14661,73.366149,31.125,0.25,176.75
14662,73.371254,31.125,0.25,176.75
14663,73.376712,31.125,0.25,176.75
14664,73.381607,31.125,0.25,176.75
14665,73.386760,31.125,0.25,176.75
14666,73.390592,31.125,0.25,176.75
14667,73.395484,31.125,0.25,176.75
14668,73.400580,31.125,0.25,176.75
14669,73.405752,31.125,0.25,176.75
14670,73.410661,31.125,0.25,176.75
14671,73.416609,31.125,0.25,176.75
14672,73.421505,31.125,0.25,176.75
14673,73.426409,31.125,0.25,176.75
14674,73.431819,31.125,0.25,176.75
14675,73.436724,31.125,0.25,176.75
14676,73.441835,31.125,0.25,176.75
14677,73.447151,31.125,0.25,176.75
14678,73.450703,31.125,0.25,176.75
14679,73.455786,31.125,0.25,176.75
14680,73.461041,31.125,0.25,176.75
14681,73.465947,31.125,0.25,176.75
14682,73.471884,31.125,0.25,176.75
14683,73.475452,31.125,0.25,176.75
14684,73.481688,31.125,0.25,176.75
14685,73.485757,31.125,0.25,176.75
14686,73.490656,31.125,0.25,176.75
14687,73.495561,31.125,0.25,176.75
14688,73.500999,31.125,0.25,176.75
14689,73.505905,31.125,0.25,176.75
14690,73.511301,31.125,0.25,176.75
14691,73.516207,31.125,0.25,176.75
14692,73.521098,31.125,0.25,176.75
14693,73.527012,31.125,0.25,176.75
14694,73.530583,31.125,0.25,176.75
14695,73.535500,31.125,0.25,176.75
14696,73.540913,31.125,0.25,176.75
14697,73.546086,31.125,0.25,176.75
14698,73.551299,31.125,0.25,176.75
14699,73.556489,31.125,0.25,176.75
14700,73.561397,31.125,0.25,176.75
14701,73.566769,31.125,0.25,176.75
14702,73.571665,31.125,0.25,176.75
14703,73.576570,31.125,0.25,176.75
14704,73.580642,31.125,0.25,176.75
14705,73.586083,31.125,0.25,176.75
14706,73.591223,31.125,0.25,176.75
14707,73.596374,31.125,0.25,176.75
14708,73.601284,31.125,0.25,176.75
14709,73.606655,31.125,0.25,176.75
14710,73.611551,31.125,0.25,176.75
14711,73.616456,31.125,0.25,176.75
14712,73.620478,31.125,0.25,176.75
14713,73.626714,31.125,0.25,176.75
14714,73.631830,31.125,0.25,176.75
14715,73.636166,31.125,0.25,176.75
14716,73.641059,31.125,0.25,176.75
14717,73.646299,31.125,0.25,176.75
14718,73.651579,31.125,0.25,176.75
14719,73.656472,31.125,0.25,176.75
14720,73.661855,31.125,0.25,176.75
14721,73.665422,31.125,0.25,176.75
14722,73.671657,31.125,0.25,176.75
14723,73.675703,31.125,0.25,176.75
14724,73.680599,31.125,0.25,176.75
14725,73.686029,31.125,0.25,176.75
14726,73.691465,31.125,0.25,176.75
14727,73.696358,31.125,0.25,176.75
14728,73.701740,31.125,0.25,176.75
14729,73.706634,31.125,0.25,176.75
14730,73.711542,31.125,0.25,176.75
14731,73.715664,31.125,0.25,176.75
14732,73.720560,31.125,0.25,176.75
14733,73.725675,31.125,0.25,176.75
14734,73.730874,31.125,0.25,176.75
14735,73.735779,31.125,0.25,176.75
14736,73.741157,31.125,0.25,176.75
14737,73.746747,31.125,0.25,176.75
14738,73.751834,31.125,0.25,176.75
14739,73.755700,31.125,0.25,176.75
14740,73.760599,31.125,0.25,176.75
14741,73.765504,31.125,0.25,176.75
14742,73.770945,31.125,0.25,176.75
14743,73.775850,31.125,0.25,176.75
14744,73.780978,31.125,0.25,176.75
14745,73.786164,31.125,0.25,176.75
14746,73.791056,31.125,0.25,176.75
14747,73.796429,31.125,0.25,176.75
14748,73.800553,31.125,0.25,176.75
14749,73.805445,31.125,0.25,176.75
14750,73.810856,31.125,0.25,176.75
14751,73.815761,31.125,0.25,176.75
14752,73.820900,31.125,0.25,176.75
14753,73.826056,31.125,0.25,176.75
14754,73.830965,31.125,0.25,176.75
14755,73.836343,31.125,0.25,176.75
14756,73.841252,31.125,0.25,176.75
14757,73.846314,31.125,0.25,176.75
14758,73.851760,31.125,0.25,176.75
14759,73.855857,31.125,0.25,176.75
14760,73.860766,31.125,0.25,176.75
14761,73.866219,31.125,0.25,176.75
14762,73.871113,31.125,0.25,176.75
14763,73.876472,31.125,0.25,176.75
14764,73.881371,31.125,0.25,176.75
14765,73.886276,31.125,0.25,176.75
14766,73.891695,31.125,0.25,176.75
14767,73.896588,31.125,0.25,176.75
14768,73.901998,31.125,0.25,176.75
14769,73.906060,31.125,0.25,176.75
14770,73.910959,31.125,0.25,176.75
14771,73.915864,31.125,0.25,176.75
14772,73.921322,31.125,0.25,176.75
14773,73.926214,31.125,0.25,176.75
14774,73.931329,31.125,0.25,176.75
14775,73.936506,31.125,0.25,176.75
14776,73.941413,31.125,0.25,176.75
14777,73.946632,31.125,0.25,176.75
14778,73.950500,31.125,0.25,176.75
14779,73.955395,31.125,0.25,176.75
14780,73.961655,31.125,0.25,176.75
14781,73.965712,31.125,0.25,176.75
14782,73.971161,31.125,0.25,176.75
14783,73.976269,31.125,0.25,176.75
14784,73.981449,31.125,0.25,176.75
14785,73.986354,31.125,0.25,176.75
14786,73.991726,31.125,0.25,176.75
14787,73.996622,31.125,0.25,176.75
14788,74.001531,31.125,0.25,176.75
14789,74.005574,31.125,0.25,176.75
14790,74.010474,31.125,0.25,176.75
14791,74.016164,31.125,0.25,176.75
14792,74.021309,31.125,0.25,176.75
14793,74.026215,31.125,0.25,176.75
14794,74.031587,31.125,0.25,176.75
14795,74.036480,31.125,0.25,176.75
14796,74.041599,31.125,0.25,176.75
14797,74.046898,31.125,0.25,176.75
14798,74.050467,31.125,0.25,176.75
14799,74.055550,31.125,0.25,176.75
14800,74.060821,31.125,0.25,176.75
14801,74.066291,31.125,0.25,176.75
14802,74.071383,31.125,0.25,176.75
14803,74.076556,31.125,0.25,176.75
14804,74.081465,31.125,0.25,176.75
14805,74.085485,31.125,0.25,176.75
14806,74.091724,31.125,0.25,176.75
14807,74.096616,31.125,0.25,176.75
14808,74.100685,31.125,0.25,176.75
14809,74.105578,31.125,0.25,176.75
14810,74.110511,31.125,0.25,176.75
14811,74.116445,31.125,0.25,176.75
14812,74.121343,31.125,0.25,176.75
14813,74.126722,31.125,0.25,176.75
14814,74.131619,31.125,0.25,176.75
14815,74.136548,31.125,0.25,176.75
14816,74.140595,31.125,0.25,176.75
14817,74.146973,31.125,0.25,176.75
14818,74.150541,31.125,0.25,176.75
14819,74.155984,31.125,0.25,176.75
14820,74.160883,31.125,0.25,176.75
14821,74.165813,31.125,0.25,176.75
14822,74.171741,31.125,0.25,176.75
14823,74.181332,31.125,0.25,176.75
14824,74.183672,31.125,0.25,176.75
14825,74.187530,31.125,0.25,176.75
14826,74.192426,31.125,0.25,176.75
14827,74.197811,31.125,0.25,176.75
14828,74.201380,31.125,0.25,176.75
14829,74.206272,31.125,0.25,176.75
14830,74.211707,31.125,0.25,176.75
14831,74.216600,31.125,0.25,176.75
14832,74.222558,31.125,0.25,176.75
14833,74.227454,31.125,0.25,176.75
14834,74.232570,31.125,0.25,176.75
14835,74.236398,31.125,0.25,176.75
14836,74.241293,31.125,0.25,176.75
14837,74.248164,31.125,0.25,176.75
14838,74.251728,31.125,0.25,176.75
14839,74.256621,31.125,0.25,176.75
14840,74.261830,31.125,0.25,176.75
14841,74.267029,31.125,0.25,176.75
14842,74.272506,31.125,0.25,176.75
14843,74.277635,31.125,0.25,176.75
14844,74.281468,31.125,0.25,176.75
14845,74.286360,31.125,0.25,176.75
14846,74.291452,31.125,0.25,176.75
14847,74.296629,31.125,0.25,176.75
14848,74.301538,31.125,0.25,176.75
14849,74.306662,31.125,0.25,176.75
14850,74.311820,31.125,0.25,176.75
14851,74.316726,31.125,0.25,176.75
14852,74.322125,31.125,0.25,176.75
14853,74.327552,31.125,0.25,176.75
14854,74.332685,31.125,0.25,176.75
14855,74.336514,31.125,0.25,176.75
14856,74.341409,31.125,0.25,176.75
14857,74.348275,31.125,0.25,176.75
14858,74.351840,31.125,0.25,176.75
14859,74.356732,31.125,0.25,176.75
14860,74.361970,31.125,0.25,176.75
14861,74.367161,31.125,0.25,176.75
14862,74.372052,31.125,0.25,176.75
14863,74.376402,31.125,0.25,176.75
14864,74.381558,31.125,0.25,176.75
14865,74.386463,31.125,0.25,176.75
14866,74.391564,31.125,0.25,176.75
14867,74.396999,31.125,0.25,176.75
14868,74.401909,31.125,0.25,176.75
14869,74.407281,31.125,0.25,176.75
14870,74.412190,31.125,0.25,176.75
14871,74.417103,31.125,0.25,176.75
14872,74.422544,31.125,0.25,176.75
14873,74.427437,31.125,0.25,176.75
14874,74.431799,31.125,0.25,176.75
14875,74.436955,31.125,0.25,176.75
14876,74.441864,31.125,0.25,176.75
14877,74.447214,31.125,0.25,176.75
14878,74.452471,31.125,0.25,176.75
14879,74.457364,31.125,0.25,176.75
14880,74.462749,31.125,0.25,176.75
14881,74.466316,31.125,0.25,176.75
14882,74.472551,31.125,0.25,176.75
14883,74.476598,31.125,0.25,176.75
14884,74.481493,31.125,0.25,176.75
14885,74.486397,31.125,0.25,176.75
14886,74.492344,31.125,0.25,176.75
14887,74.497249,31.125,0.25,176.75
14888,74.502145,31.125,0.25,176.75
14889,74.507570,31.125,0.25,176.75
14890,74.512467,31.125,0.25,176.75
14891,74.517849,31.125,0.25,176.75
14892,74.521420,31.125,0.25,176.75
14893,74.526312,31.125,0.25,176.75
14894,74.531770,31.125,0.25,176.75
14895,74.536663,31.125,0.25,176.75
14896,74.541798,31.125,0.25,176.75
14897,74.547604,31.125,0.25,176.75
14898,74.552500,31.125,0.25,176.75
14899,74.557746,31.125,0.25,176.75
14900,74.561595,31.125,0.25,176.75
14901,74.566488,31.125,0.25,176.75
14902,74.571625,31.125,0.25,176.75
14903,74.576781,31.125,0.25,176.75
14904,74.581689,31.125,0.25,176.75
14905,74.587061,31.125,0.25,176.75
14906,74.591959,31.125,0.25,176.75
14907,74.597419,31.125,0.25,176.75
14908,74.601485,31.125,0.25,176.75
14909,74.606380,31.125,0.25,176.75
14910,74.611510,31.125,0.25,176.75
14911,74.616667,31.125,0.25,176.75
14912,74.621575,31.125,0.25,176.75
14913,74.626947,31.125,0.25,176.75
14914,74.631845,31.125,0.25,176.75
14915,74.636750,31.125,0.25,176.75
14916,74.642191,31.125,0.25,176.75
14917,74.647229,31.125,0.25,176.75
14918,74.652319,31.125,0.25,176.75
14919,74.658078,31.125,0.25,176.75
14920,74.661650,31.125,0.25,176.75
14921,74.666542,31.125,0.25,176.75
14922,74.671973,31.125,0.25,176.75
14923,74.676879,31.125,0.25,176.75
14924,74.682253,31.125,0.25,176.75
14925,74.687159,31.125,0.25,176.75
14926,74.692050,31.125,0.25,176.75
14927,74.697466,31.125,0.25,176.75
14928,74.702362,31.125,0.25,176.75
14929,74.707494,31.125,0.25,176.75
14930,74.711851,31.125,0.25,176.75
14931,74.716743,31.125,0.25,176.75
14932,74.721865,31.125,0.25,176.75
14933,74.727016,31.125,0.25,176.75
14934,74.731925,31.125,0.25,176.75
14935,74.737366,31.125,0.25,176.75
14936,74.742262,31.125,0.25,176.75
14937,74.747485,31.125,0.25,176.75
14938,74.751376,31.125,0.25,176.75
14939,74.756282,31.125,0.25,176.75
14940,74.761695,31.125,0.25,176.75
14941,74.767125,31.125,0.25,176.75
14942,74.772018,31.125,0.25,176.75
14943,74.777117,31.125,0.25,176.75
14944,74.782296,31.125,0.25,176.75
14945,74.787202,31.125,0.25,176.75
14946,74.792621,31.125,0.25,176.75
14947,74.797514,31.125,0.25,176.75
14948,74.802640,31.125,0.25,176.75
14949,74.806461,31.125,0.25,176.75
14950,74.811866,31.125,0.25,176.75
14951,74.817250,31.125,0.25,176.75
14952,74.822158,31.125,0.25,176.75
14953,74.827071,31.125,0.25,176.75
14954,74.832513,31.125,0.25,176.75
14955,74.837405,31.125,0.25,176.75
14956,74.842543,31.125,0.25,176.75
14957,74.847845,31.125,0.25,176.75
14958,74.851413,31.125,0.25,176.75
14959,74.856496,31.125,0.25,176.75
14960,74.861767,31.125,0.25,176.75
14961,74.867173,31.125,0.25,176.75
14962,74.872302,31.125,0.25,176.75
14963,74.877451,31.125,0.25,176.75
14964,74.882359,31.125,0.25,176.75
14965,74.887731,31.125,0.25,176.75
14966,74.891304,31.125,0.25,176.75
14967,74.897536,31.125,0.25,176.75
14968,74.901604,31.125,0.25,176.75
14969,74.906497,31.125,0.25,176.75
14970,74.911609,31.125,0.25,176.75
14971,74.916786,31.125,0.25,176.75
14972,74.922240,31.125,0.25,176.75
14973,74.927617,31.125,0.25,176.75
14974,74.932514,31.125,0.25,176.75
14975,74.937442,31.125,0.25,176.75
14976,74.941465,31.125,0.25,176.75
14977,74.947847,31.125,0.25,176.75
14978,74.951415,31.125,0.25,176.75
14979,74.956854,31.125,0.25,176.75
14980,74.961752,31.125,0.25,176.75
14981,74.966681,31.125,0.25,176.75
14982,74.972611,31.125,0.25,176.75
14983,74.977506,31.125,0.25,176.75
14984,74.982892,31.125,0.25,176.75
14985,74.986460,31.125,0.25,176.75
14986,74.991356,31.125,0.25,176.75
14987,74.996810,31.125,0.25,176.75
14988,75.001705,31.125,0.25,176.75
14989,75.006841,31.125,0.25,176.75
14990,75.012000,31.125,0.25,176.75
14991,75.016905,31.125,0.25,176.75
14992,75.022308,31.125,0.25,176.75
14993,75.026400,31.125,0.25,176.75
14994,75.031295,31.125,0.25,176.75
14995,75.036721,31.125,0.25,176.75
14996,75.041617,31.125,0.25,176.75
14997,75.048303,31.125,0.25,176.75
14998,75.052172,31.125,0.25,176.75
14999,75.057061,31.125,0.25,176.75
15000,75.062168,31.125,0.25,176.75
15001,75.067347,31.125,0.25,176.75
15002,75.072255,31.125,0.25,176.75
15003,75.077652,31.125,0.25,176.75
15004,75.081755,31.125,0.25,176.75
15005,75.086647,31.125,0.25,176.75
15006,75.092076,31.125,0.25,176.75
15007,75.096982,31.125,0.25,176.75
15008,75.102099,31.125,0.25,176.75
15009,75.107257,31.125,0.25,176.75
15010,75.112166,31.125,0.25,176.75
15011,75.117538,31.125,0.25,176.75
15012,75.122437,31.125,0.25,176.75
15013,75.127367,31.125,0.25,176.75
15014,75.131442,31.125,0.25,176.75
15015,75.136876,31.125,0.25,176.75
15016,75.141810,31.125,0.25,176.75
15017,75.148718,31.125,0.25,176.75
15018,75.152287,31.125,0.25,176.75
15019,75.157374,31.125,0.25,176.75
15020,75.162634,31.125,0.25,176.75
15021,75.167527,31.125,0.25,176.75
15022,75.172665,31.125,0.25,176.75
15023,75.182224,31.125,0.25,176.75
15024,75.184446,31.125,0.25,176.75
15025,75.188407,31.125,0.25,176.75
15026,75.192322,31.125,0.25,176.75
15027,75.197755,31.125,0.25,176.75
15028,75.202688,31.125,0.25,176.75
15029,75.208122,31.125,0.25,176.75
15030,75.213013,31.125,0.25,176.75
15031,75.217931,31.125,0.25,176.75
15032,75.223413,31.125,0.25,176.75
15033,75.228306,31.125,0.25,176.75
15034,75.233426,31.125,0.25,176.75
15035,75.237749,31.125,0.25,176.75
15036,75.242646,31.125,0.25,176.75
15037,75.248000,31.125,0.25,176.75
15038,75.253266,31.125,0.25,176.75
15039,75.258158,31.125,0.25,176.75
15040,75.263279,31.125,0.25,176.75
15041,75.268427,31.125,0.25,176.75
15042,75.273336,31.125,0.25,176.75
15043,75.278708,31.125,0.25,176.75
15044,75.282279,31.125,0.25,176.75
15045,75.288511,31.125,0.25,176.75
15046,75.292873,31.125,0.25,176.75
15047,75.298031,31.125,0.25,176.75
15048,75.302939,31.125,0.25,176.75
15049,75.308054,31.125,0.25,176.75
15050,75.313217,31.125,0.25,176.75
15051,75.318122,31.125,0.25,176.75
15052,75.323498,31.125,0.25,176.75
15053,75.328393,31.125,0.25,176.75
15054,75.333302,31.125,0.25,176.75
15055,75.337353,31.125,0.25,176.75
15056,75.342261,31.125,0.25,176.75
15057,75.348812,31.125,0.25,176.75
15058,75.352709,31.125,0.25,176.75
15059,75.358154,31.125,0.25,176.75
15060,75.363046,31.125,0.25,176.75
15061,75.368545,31.125,0.25,176.75
15062,75.373440,31.125,0.25,176.75
15063,75.378575,31.125,0.25,176.75
15064,75.382403,31.125,0.25,176.75
15065,75.387295,31.125,0.25,176.75
15066,75.392685,31.125,0.25,176.75
15067,75.397578,31.125,0.25,176.75
15068,75.403256,31.125,0.25,176.75
15069,75.407318,31.125,0.25,176.75
15070,75.412227,31.125,0.25,176.75
15071,75.417352,31.125,0.25,176.75
15072,75.422520,31.125,0.25,176.75
15073,75.427424,31.125,0.25,176.75
15074,75.432796,31.125,0.25,176.75
15075,75.437692,31.125,0.25,176.75
15076,75.442624,31.125,0.25,176.75
15077,75.448153,31.125,0.25,176.75
15078,75.453613,31.125,0.25,176.75
15079,75.458506,31.125,0.25,176.75
15080,75.462388,31.125,0.25,176.75
15081,75.467603,31.125,0.25,176.75
15082,75.472499,31.125,0.25,176.75
15083,75.477614,31.125,0.25,176.75
15084,75.482799,31.125,0.25,176.75
15085,75.487704,31.125,0.25,176.75
15086,75.492803,31.125,0.25,176.75
15087,75.497987,31.125,0.25,176.75
15088,75.503416,31.125,0.25,176.75
15089,75.508789,31.125,0.25,176.75
15090,75.512358,31.125,0.25,176.75
15091,75.517250,31.125,0.25,176.75
15092,75.522708,31.125,0.25,176.75
15093,75.527600,31.125,0.25,176.75
15094,75.532739,31.125,0.25,176.75
15095,75.537894,31.125,0.25,176.75
15096,75.542803,31.125,0.25,176.75
15097,75.548023,31.125,0.25,176.75
15098,75.553286,31.125,0.25,176.75
15099,75.557406,31.125,0.25,176.75
15100,75.562515,31.125,0.25,176.75
15101,75.567696,31.125,0.25,176.75
15102,75.572604,31.125,0.25,176.75
15103,75.577977,31.125,0.25,176.75
15104,75.582875,31.125,0.25,176.75
15105,75.587781,31.125,0.25,176.75
15106,75.593246,31.125,0.25,176.75
15107,75.598138,31.125,0.25,176.75
15108,75.603255,31.125,0.25,176.75
15109,75.607581,31.125,0.25,176.75
15110,75.612481,31.125,0.25,176.75
15111,75.617862,31.125,0.25,176.75
15112,75.622760,31.125,0.25,176.75
15113,75.627666,31.125,0.25,176.75
15114,75.633182,31.125,0.25,176.75
15115,75.638070,31.125,0.25,176.75
15116,75.642990,31.125,0.25,176.75
15117,75.648501,31.125,0.25,176.75
15118,75.653396,31.125,0.25,176.75
15119,75.658302,31.125,0.25,176.75
15120,75.662600,31.125,0.25,176.75
15121,75.667862,31.125,0.25,176.75
15122,75.672760,31.125,0.25,176.75
15123,75.677665,31.125,0.25,176.75
15124,75.683082,31.125,0.25,176.75
15125,75.687988,31.125,0.25,176.75
15126,75.693083,31.125,0.25,176.75
15127,75.698267,31.125,0.25,176.75
15128,75.703176,31.125,0.25,176.75
15129,75.708589,31.125,0.25,176.75
15130,75.712721,31.125,0.25,176.75
15131,75.717855,31.125,0.25,176.75
15132,75.723014,31.125,0.25,176.75
15133,75.727920,31.125,0.25,176.75
15134,75.733361,31.125,0.25,176.75
15135,75.738254,31.125,0.25,176.75
15136,75.743357,31.125,0.25,176.75
15137,75.748679,31.125,0.25,176.75
15138,75.752248,31.125,0.25,176.75
15139,75.757449,31.125,0.25,176.75
15140,75.763189,31.125,0.25,176.75
15141,75.768077,31.125,0.25,176.75
15142,75.773497,31.125,0.25,176.75
15143,75.778390,31.125,0.25,176.75
15144,75.783787,31.125,0.25,176.75
15145,75.787355,31.125,0.25,176.75
15146,75.792251,31.125,0.25,176.75
15147,75.797680,31.125,0.25,176.75
15148,75.802576,31.125,0.25,176.75
15149,75.807958,31.125,0.25,176.75
15150,75.813373,31.125,0.25,176.75
15151,75.818279,31.125,0.25,176.75
15152,75.822314,31.125,0.25,176.75
15153,75.828547,31.125,0.25,176.75
15154,75.833681,31.125,0.25,176.75
15155,75.837512,31.125,0.25,176.75
15156,75.842408,31.125,0.25,176.75
15157,75.848967,31.125,0.25,176.75
15158,75.852834,31.125,0.25,176.75
15159,75.857729,31.125,0.25,176.75
15160,75.862637,31.125,0.25,176.75
15161,75.868599,31.125,0.25,176.75
15162,75.873494,31.125,0.25,176.75
15163,75.878589,31.125,0.25,176.75
15164,75.882453,31.125,0.25,176.75
15165,75.887345,31.125,0.25,176.75
15166,75.892466,31.125,0.25,176.75
15167,75.897618,31.125,0.25,176.75
15168,75.902526,31.125,0.25,176.75
15169,75.907999,31.125,0.25,176.75
15170,75.912908,31.125,0.25,176.75
15171,75.918611,31.125,0.25,176.75
15172,75.922464,31.125,0.25,176.75
15173,75.927356,31.125,0.25,176.75
15174,75.932452,31.125,0.25,176.75
15175,75.937629,31.125,0.25,176.75
15176,75.942537,31.125,0.25,176.75
15177,75.949486,31.125,0.25,176.75
15178,75.953037,31.125,0.25,176.75
15179,75.957943,31.125,0.25,176.75
15180,75.963391,31.125,0.25,176.75
15181,75.968296,31.125,0.25,176.75
15182,75.973192,31.125,0.25,176.75
15183,75.979122,31.125,0.25,176.75
15184,75.982686,31.125,0.25,176.75
15185,75.987579,31.125,0.25,176.75
15186,75.993014,31.125,0.25,176.75
15187,75.997920,31.125,0.25,176.75
15188,76.003036,31.125,0.25,176.75
15189,76.008193,31.125,0.25,176.75
15190,76.013084,31.125,0.25,176.75
15191,76.018451,31.125,0.25,176.75
15192,76.023349,31.125,0.25,176.75
15193,76.028255,31.125,0.25,176.75
15194,76.032613,31.125,0.25,176.75
15195,76.037774,31.125,0.25,176.75
15196,76.042682,31.125,0.25,176.75
15197,76.049251,31.125,0.25,176.75
15198,76.053171,31.125,0.25,176.75
15199,76.058060,31.125,0.25,176.75
15200,76.062968,31.125,0.25,176.75
15201,76.068423,31.125,0.25,176.75
15202,76.073318,31.125,0.25,176.75
15203,76.078436,31.125,0.25,176.75
15204,76.082759,31.125,0.25,176.75
15205,76.087654,31.125,0.25,176.75
15206,76.093040,31.125,0.25,176.75
15207,76.097935,31.125,0.25,176.75
15208,76.102843,31.125,0.25,176.75
15209,76.108284,31.125,0.25,176.75
15210,76.113180,31.125,0.25,176.75
15211,76.118297,31.125,0.25,176.75
15212,76.123446,31.125,0.25,176.75
15213,76.128351,31.125,0.25,176.75
15214,76.132406,31.125,0.25,176.75
15215,76.137826,31.125,0.25,176.75
15216,76.142943,31.125,0.25,176.75
15217,76.148256,31.125,0.25,176.75
15218,76.153151,31.125,0.25,176.75
15219,76.158342,31.125,0.25,176.75
15220,76.163532,31.125,0.25,176.75
15221,76.168436,31.125,0.25,176.75
15222,76.173862,31.125,0.25,176.75
15223,76.183774,31.125,0.25,176.75
15224,76.186204,31.125,0.25,176.75
15225,76.190088,31.125,0.25,176.75
15226,76.194986,31.125,0.25,176.75
15227,76.199892,31.125,0.25,176.75
15228,76.203950,31.125,0.25,176.75
15229,76.208846,31.125,0.25,176.75
15230,76.213754,31.125,0.25,176.75
15231,76.219209,31.125,0.25,176.75
15232,76.224100,31.125,0.25,176.75
15233,76.229462,31.125,0.25,176.75
15234,76.234361,31.125,0.25,176.75
15235,76.240055,31.125,0.25,176.75
15236,76.243861,31.125,0.25,176.75
15237,76.248913,31.125,0.25,176.75
15238,76.253832,31.125,0.25,176.75
15239,76.259257,31.125,0.25,176.75
15240,76.264165,31.125,0.25,176.75
15241,76.269279,31.125,0.25,176.75
15242,76.274432,31.125,0.25,176.75
15243,76.279337,31.125,0.25,176.75
15244,76.284712,31.125,0.25,176.75
15245,76.290129,31.125,0.25,176.75
15246,76.295253,31.125,0.25,176.75
15247,76.299061,31.125,0.25,176.75
15248,76.303970,31.125,0.25,176.75
15249,76.309087,31.125,0.25,176.75
15250,76.314243,31.125,0.25,176.75
15251,76.319148,31.125,0.25,176.75
15252,76.324523,31.125,0.25,176.75
15253,76.329418,31.125,0.25,176.75
15254,76.334327,31.125,0.25,176.75
15255,76.339742,31.125,0.25,176.75
15256,76.343869,31.125,0.25,176.75
15257,76.349101,31.125,0.25,176.75
15258,76.354380,31.125,0.25,176.75
15259,76.359272,31.125,0.25,176.75
15260,76.364439,31.125,0.25,176.75
15261,76.369592,31.125,0.25,176.75
15262,76.374500,31.125,0.25,176.75
15263,76.379872,31.125,0.25,176.75
15264,76.384771,31.125,0.25,176.75
15265,76.389676,31.125,0.25,176.75
15266,76.395100,31.125,0.25,176.75
15267,76.399238,31.125,0.25,176.75
15268,76.404358,31.125,0.25,176.75
15269,76.409528,31.125,0.25,176.75
15270,76.414435,31.125,0.25,176.75
15271,76.419833,31.125,0.25,176.75
15272,76.424925,31.125,0.25,176.75
15273,76.429831,31.125,0.25,176.75
15274,76.435215,31.125,0.25,176.75
15275,76.438776,31.125,0.25,176.75
15276,76.445012,31.125,0.25,176.75
15277,76.448897,31.125,0.25,176.75
15278,76.454175,31.125,0.25,176.75
15279,76.459615,31.125,0.25,176.75
15280,76.464523,31.125,0.25,176.75
15281,76.469968,31.125,0.25,176.75
15282,76.474876,31.125,0.25,176.75
15283,76.480248,31.125,0.25,176.75
15284,76.483810,31.125,0.25,176.75
15285,76.490067,31.125,0.25,176.75
15286,76.494142,31.125,0.25,176.75
15287,76.499558,31.125,0.25,176.75
15288,76.504663,31.125,0.25,176.75
15289,76.509846,31.125,0.25,176.75
15290,76.514754,31.125,0.25,176.75
15291,76.520159,31.125,0.25,176.75
15292,76.525047,31.125,0.25,176.75
15293,76.529978,31.125,0.25,176.75
15294,76.534022,31.125,0.25,176.75
15295,76.538918,31.125,0.25,176.75
15296,76.543826,31.125,0.25,176.75
15297,76.549364,31.125,0.25,176.75
15298,76.554826,31.125,0.25,176.75
15299,76.559909,31.125,0.25,176.75
15300,76.565170,31.125,0.25,176.75
15301,76.570058,31.125,0.25,176.75
15302,76.575182,31.125,0.25,176.75
15303,76.579012,31.125,0.25,176.75
15304,76.583921,31.125,0.25,176.75
15305,76.589039,31.125,0.25,176.75
15306,76.594195,31.125,0.25,176.75
15307,76.599083,31.125,0.25,176.75
15308,76.604477,31.125,0.25,176.75
15309,76.609900,31.125,0.25,176.75
15310,76.614809,31.125,0.25,176.75
15311,76.618873,31.125,0.25,176.75
15312,76.623771,31.125,0.25,176.75
15313,76.630234,31.125,0.25,176.75
15314,76.634062,31.125,0.25,176.75
15315,76.638967,31.125,0.25,176.75
15316,76.644088,31.125,0.25,176.75
15317,76.649390,31.125,0.25,176.75
15318,76.654298,31.125,0.25,176.75
15319,76.660061,31.125,0.25,176.75
15320,76.663917,31.125,0.25,176.75
15321,76.668823,31.125,0.25,176.75
15322,76.673940,31.125,0.25,176.75
15323,76.679095,31.125,0.25,176.75
15324,76.684004,31.125,0.25,176.75
15325,76.689357,31.125,0.25,176.75
15326,76.694266,31.125,0.25,176.75
15327,76.699158,31.125,0.25,176.75
15328,76.704595,31.125,0.25,176.75
15329,76.710097,31.125,0.25,176.75
15330,76.713901,31.125,0.25,176.75
15331,76.719056,31.125,0.25,176.75
15332,76.723965,31.125,0.25,176.75
15333,76.729406,31.125,0.25,176.75
15334,76.734302,31.125,0.25,176.75
15335,76.739406,31.125,0.25,176.75
15336,76.744579,31.125,0.25,176.75
15337,76.749746,31.125,0.25,176.75
15338,76.754946,31.125,0.25,176.75
15339,76.758791,31.125,0.25,176.75
15340,76.764242,31.125,0.25,176.75
15341,76.769382,31.125,0.25,176.75
15342,76.774556,31.125,0.25,176.75
15343,76.779461,31.125,0.25,176.75
15344,76.784865,31.125,0.25,176.75
15345,76.789770,31.125,0.25,176.75
15346,76.795152,31.125,0.25,176.75
15347,76.800041,31.125,0.25,176.75
15348,76.804950,31.125,0.25,176.75
15349,76.808994,31.125,0.25,176.75
15350,76.814398,31.125,0.25,176.75
15351,76.819304,31.125,0.25,176.75
15352,76.824728,31.125,0.25,176.75
15353,76.829621,31.125,0.25,176.75
15354,76.834757,31.125,0.25,176.75
15355,76.839915,31.125,0.25,176.75
15356,76.844823,31.125,0.25,176.75
15357,76.850043,31.125,0.25,176.75
15358,76.853909,31.125,0.25,176.75
15359,76.858805,31.125,0.25,176.75
15360,76.865265,31.125,0.25,176.75
15361,76.869073,31.125,0.25,176.75
15362,76.874589,31.125,0.25,176.75
15363,76.879972,31.125,0.25,176.75
15364,76.884871,31.125,0.25,176.75
15365,76.889776,31.125,0.25,176.75
15366,76.893845,31.125,0.25,176.75
15367,76.898740,31.125,0.25,176.75
15368,76.905180,31.125,0.25,176.75
15369,76.909009,31.125,0.25,176.75
15370,76.913919,31.125,0.25,176.75
15371,76.919010,31.125,0.25,176.75
15372,76.924218,31.125,0.25,176.75
15373,76.929638,31.125,0.25,176.75
15374,76.935021,31.125,0.25,176.75
15375,76.939917,31.125,0.25,176.75
15376,76.944826,31.125,0.25,176.75
15377,76.950353,31.125,0.25,176.75
15378,76.953915,31.125,0.25,176.75
15379,76.958807,31.125,0.25,176.75
15380,76.964265,31.125,0.25,176.75
15381,76.969171,31.125,0.25,176.75
15382,76.974310,31.125,0.25,176.75
15383,76.980019,31.125,0.25,176.75
15384,76.984927,31.125,0.25,176.75
15385,76.990306,31.125,0.25,176.75
15386,76.993868,31.125,0.25,176.75
15387,76.998760,31.125,0.25,176.75
15388,77.004151,31.125,0.25,176.75
15389,77.009040,31.125,0.25,176.75
15390,77.014150,31.125,0.25,176.75
15391,77.019326,31.125,0.25,176.75
15392,77.024235,31.125,0.25,176.75
15393,77.029935,31.125,0.25,176.75
15394,77.033763,31.125,0.25,176.75
15395,77.039996,31.125,0.25,176.75
15396,77.045352,31.125,0.25,176.75
15397,77.049061,31.125,0.25,176.75
15398,77.053956,31.125,0.25,176.75
15399,77.059176,31.125,0.25,176.75
15400,77.064387,31.125,0.25,176.75
15401,77.069280,31.125,0.25,176.75
15402,77.074407,31.125,0.25,176.75
15403,77.079556,31.125,0.25,176.75
15404,77.084464,31.125,0.25,176.75
15405,77.090374,31.125,0.25,176.75
15406,77.093936,31.125,0.25,176.75
15407,77.099097,31.125,0.25,176.75
15408,77.104253,31.125,0.25,176.75
15409,77.109158,31.125,0.25,176.75
15410,77.114533,31.125,0.25,176.75
15411,77.119428,31.125,0.25,176.75
15412,77.124337,31.125,0.25,176.75
15413,77.129778,31.125,0.25,176.75
15414,77.134674,31.125,0.25,176.75
15415,77.140080,31.125,0.25,176.75
15416,77.144180,31.125,0.25,176.75
15417,77.149218,31.125,0.25,176.75
15418,77.154655,31.125,0.25,176.75
15419,77.159550,31.125,0.25,176.75
15420,77.164458,31.125,0.25,176.75
15421,77.169897,31.125,0.25,176.75
15422,77.174805,31.125,0.25,176.75
15423,77.184404,31.125,0.25,176.75
15424,77.186723,31.125,0.25,176.75
15425,77.190581,31.125,0.25,176.75
15426,77.195474,31.125,0.25,176.75
15427,77.200407,31.125,0.25,176.75
15428,77.204775,31.125,0.25,176.75
15429,77.209949,31.125,0.25,176.75
15430,77.214858,31.125,0.25,176.75
15431,77.219983,31.125,0.25,176.75
15432,77.225152,31.125,0.25,176.75
15433,77.230041,31.125,0.25,176.75
15434,77.235462,31.125,0.25,176.75
15435,77.240358,31.125,0.25,176.75
15436,77.245479,31.125,0.25,176.75
15437,77.249397,31.125,0.25,176.75
15438,77.255632,31.125,0.25,176.75
15439,77.261043,31.125,0.25,176.75
15440,77.264905,31.125,0.25,176.75
15441,77.270103,31.125,0.25,176.75
15442,77.275011,31.125,0.25,176.75
15443,77.280392,31.125,0.25,176.75
15444,77.285298,31.125,0.25,176.75
15445,77.290194,31.125,0.25,176.75
15446,77.295676,31.125,0.25,176.75
15447,77.300572,31.125,0.25,176.75
15448,77.305708,31.125,0.25,176.75
15449,77.309536,31.125,0.25,176.75
15450,77.314995,31.125,0.25,176.75
15451,77.320378,31.125,0.25,176.75
15452,77.325283,31.125,0.25,176.75
15453,77.330207,31.125,0.25,176.75
15454,77.335612,31.125,0.25,176.75
15455,77.340508,31.125,0.25,176.75
15456,77.345644,31.125,0.25,176.75
15457,77.349555,31.125,0.25,176.75
15458,77.354454,31.125,0.25,176.75
15459,77.359359,31.125,0.25,176.75
15460,77.364868,31.125,0.25,176.75
15461,77.370313,31.125,0.25,176.75
15462,77.375427,31.125,0.25,176.75
15463,77.380604,31.125,0.25,176.75
15464,77.385510,31.125,0.25,176.75
15465,77.389530,31.125,0.25,176.75
15466,77.394429,31.125,0.25,176.75
15467,77.399334,31.125,0.25,176.75
15468,77.404774,31.125,0.25,176.75
15469,77.409667,31.125,0.25,176.75
15470,77.414806,31.125,0.25,176.75
15471,77.420534,31.125,0.25,176.75
15472,77.425427,31.125,0.25,176.75
15473,77.429466,31.125,0.25,176.75
15474,77.434365,31.125,0.25,176.75
15475,77.440805,31.125,0.25,176.75
15476,77.444893,31.125,0.25,176.75
15477,77.449935,31.125,0.25,176.75
15478,77.454843,31.125,0.25,176.75
15479,77.460290,31.125,0.25,176.75
15480,77.465195,31.125,0.25,176.75
15481,77.469334,31.125,0.25,176.75
15482,77.474824,31.125,0.25,176.75
15483,77.479729,31.125,0.25,176.75
15484,77.484844,31.125,0.25,176.75
15485,77.489999,31.125,0.25,176.75
15486,77.494908,31.125,0.25,176.75
15487,77.500265,31.125,0.25,176.75
15488,77.505170,31.125,0.25,176.75
15489,77.510297,31.125,0.25,176.75
15490,77.515447,31.125,0.25,176.75
15491,77.520355,31.125,0.25,176.75
15492,77.524383,31.125,0.25,176.75
15493,77.529784,31.125,0.25,176.75
15494,77.534917,31.125,0.25,176.75
15495,77.540069,31.125,0.25,176.75
15496,77.544978,31.125,0.25,176.75
15497,77.550209,31.125,0.25,176.75
15498,77.555485,31.125,0.25,176.75
15499,77.560380,31.125,0.25,176.75
15500,77.565516,31.125,0.25,176.75
15501,77.569345,31.125,0.25,176.75
15502,77.575581,31.125,0.25,176.75
15503,77.580976,31.125,0.25,176.75
15504,77.585060,31.125,0.25,176.75
15505,77.589965,31.125,0.25,176.75
15506,77.595421,31.125,0.25,176.75
15507,77.600317,31.125,0.25,176.75
15508,77.605433,31.125,0.25,176.75
15509,77.610586,31.125,0.25,176.75
15510,77.615492,31.125,0.25,176.75
15511,77.620863,31.125,0.25,176.75
15512,77.624431,31.125,0.25,176.75
15513,77.629323,31.125,0.25,176.75
15514,77.635261,31.125,0.25,176.75
15515,77.640169,31.125,0.25,176.75
15516,77.645295,31.125,0.25,176.75
15517,77.650708,31.125,0.25,176.75
15518,77.655613,31.125,0.25,176.75
15519,77.660810,31.125,0.25,176.75
15520,77.664656,31.125,0.25,176.75
15521,77.669548,31.125,0.25,176.75
15522,77.674665,31.125,0.25,176.75
15523,77.679820,31.125,0.25,176.75
15524,77.684728,31.125,0.25,176.75
15525,77.690676,31.125,0.25,176.75
15526,77.695569,31.125,0.25,176.75
15527,77.700477,31.125,0.25,176.75
15528,77.704524,31.125,0.25,176.75
15529,77.709419,31.125,0.25,176.75
15530,77.714328,31.125,0.25,176.75
15531,77.719758,31.125,0.25,176.75
15532,77.724654,31.125,0.25,176.75
15533,77.729789,31.125,0.25,176.75
15534,77.734944,31.125,0.25,176.75
15535,77.740421,31.125,0.25,176.75
15536,77.744428,31.125,0.25,176.75
15537,77.750810,31.125,0.25,176.75
15538,77.754375,31.125,0.25,176.75
15539,77.759799,31.125,0.25,176.75
15540,77.764697,31.125,0.25,176.75
15541,77.769825,31.125,0.25,176.75
15542,77.774980,31.125,0.25,176.75
15543,77.779886,31.125,0.25,176.75
15544,77.785293,31.125,0.25,176.75
15545,77.790694,31.125,0.25,176.75
15546,77.795614,31.125,0.25,176.75
15547,77.799660,31.125,0.25,176.75
15548,77.804556,31.125,0.25,176.75
15549,77.809461,31.125,0.25,176.75
15550,77.814902,31.125,0.25,176.75
15551,77.819807,31.125,0.25,176.75
15552,77.824924,31.125,0.25,176.75
15553,77.830080,31.125,0.25,176.75
15554,77.834989,31.125,0.25,176.75
15555,77.840346,31.125,0.25,176.75
15556,77.844459,31.125,0.25,176.75
15557,77.851021,31.125,0.25,176.75
15558,77.854884,31.125,0.25,176.75
15559,77.859780,31.125,0.25,176.75
15560,77.864688,31.125,0.25,176.75
15561,77.870193,31.125,0.25,176.75
15562,77.875081,31.125,0.25,176.75
15563,77.880453,31.125,0.25,176.75
15564,77.885348,31.125,0.25,176.75
15565,77.890281,31.125,0.25,176.75
15566,77.896196,31.125,0.25,176.75
15567,77.899757,31.125,0.25,176.75
15568,77.904896,31.125,0.25,176.75
15569,77.910052,31.125,0.25,176.75
15570,77.914961,31.125,0.25,176.75
15571,77.920417,31.125,0.25,176.75
15572,77.925323,31.125,0.25,176.75
15573,77.930219,31.125,0.25,176.75
15574,77.935652,31.125,0.25,176.75
15575,77.940548,31.125,0.25,176.75
15576,77.945683,31.125,0.25,176.75
15577,77.950988,31.125,0.25,176.75
15578,77.955067,31.125,0.25,176.75
15579,77.960163,31.125,0.25,176.75
15580,77.965428,31.125,0.25,176.75
15581,77.970324,31.125,0.25,176.75
15582,77.975441,31.125,0.25,176.75
15583,77.980619,31.125,0.25,176.75
15584,77.985524,31.125,0.25,176.75
15585,77.990895,31.125,0.25,176.75
15586,77.994464,31.125,0.25,176.75
15587,77.999356,31.125,0.25,176.75
15588,78.004814,31.125,0.25,176.75
15589,78.010266,31.125,0.25,176.75
15590,78.015643,31.125,0.25,176.75
15591,78.020540,31.125,0.25,176.75
15592,78.025469,31.125,0.25,176.75
15593,78.029541,31.125,0.25,176.75
15594,78.034440,31.125,0.25,176.75
15595,78.039565,31.125,0.25,176.75
15596,78.044723,31.125,0.25,176.75
15597,78.051121,31.125,0.25,176.75
15598,78.054965,31.125,0.25,176.75
15599,78.060710,31.125,0.25,176.75
15600,78.065602,31.125,0.25,176.75
15601,78.069667,31.125,0.25,176.75
15602,78.074563,31.125,0.25,176.75
15603,78.079468,31.125,0.25,176.75
15604,78.084970,31.125,0.25,176.75
15605,78.089875,31.125,0.25,176.75
15606,78.094967,31.125,0.25,176.75
15607,78.100157,31.125,0.25,176.75
15608,78.105047,31.125,0.25,176.75
15609,78.110190,31.125,0.25,176.75
15610,78.115337,31.125,0.25,176.75
15611,78.119418,31.125,0.25,176.75
15612,78.124816,31.125,0.25,176.75
15613,78.129708,31.125,0.25,176.75
15614,78.134616,31.125,0.25,176.75
15615,78.140041,31.125,0.25,176.75
15616,78.144950,31.125,0.25,176.75
15617,78.150183,31.125,0.25,176.75
15618,78.155449,31.125,0.25,176.75
15619,78.160345,31.125,0.25,176.75
15620,78.165266,31.125,0.25,176.75
15621,78.171193,31.125,0.25,176.75
15622,78.174754,31.125,0.25,176.75
15623,78.185645,31.125,0.25,176.75
15624,78.187946,31.125,0.25,176.75
15625,78.191806,31.125,0.25,176.75
15626,78.196698,31.125,0.25,176.75
15627,78.201607,31.125,0.25,176.75
15628,78.207183,31.125,0.25,176.75
15629,78.210748,31.125,0.25,176.75
15630,78.215640,31.125,0.25,176.75
15631,78.221095,31.125,0.25,176.75
15632,78.226024,31.125,0.25,176.75
15633,78.231937,31.125,0.25,176.75
15634,78.236833,31.125,0.25,176.75
15635,78.241741,31.125,0.25,176.75
15636,78.245811,31.125,0.25,176.75
15637,78.250855,31.125,0.25,176.75
15638,78.255759,31.125,0.25,176.75
15639,78.261206,31.125,0.25,176.75
15640,78.266095,31.125,0.25,176.75
15641,78.271003,31.125,0.25,176.75
15642,78.276458,31.125,0.25,176.75
15643,78.281861,31.125,0.25,176.75
15644,78.285658,31.125,0.25,176.75
15645,78.290823,31.125,0.25,176.75
15646,78.295728,31.125,0.25,176.75
15647,78.301100,31.125,0.25,176.75
15648,78.305995,31.125,0.25,176.75
15649,78.310903,31.125,0.25,176.75
15650,78.316344,31.125,0.25,176.75
15651,78.321239,31.125,0.25,176.75
15652,78.326354,31.125,0.25,176.75
15653,78.332015,31.125,0.25,176.75
15654,78.335580,31.125,0.25,176.75
15655,78.340960,31.125,0.25,176.75
15656,78.345856,31.125,0.25,176.75
15657,78.350932,31.125,0.25,176.75
15658,78.356367,31.125,0.25,176.75
15659,78.361276,31.125,0.25,176.75
15660,78.366168,31.125,0.25,176.75
15661,78.371647,31.125,0.25,176.75
15662,78.376540,31.125,0.25,176.75
15663,78.381675,31.125,0.25,176.75
15664,78.386004,31.125,0.25,176.75
15665,78.390903,31.125,0.25,176.75
15666,78.396038,31.125,0.25,176.75
15667,78.401197,31.125,0.25,176.75
15668,78.406086,31.125,0.25,176.75
15669,78.411522,31.125,0.25,176.75
15670,78.416415,31.125,0.25,176.75
15671,78.421536,31.125,0.25,176.75
15672,78.426691,31.125,0.25,176.75
15673,78.431600,31.125,0.25,176.75
15674,78.436996,31.125,0.25,176.75
15675,78.441083,31.125,0.25,176.75
15676,78.445989,31.125,0.25,176.75
15677,78.451621,31.125,0.25,176.75
15678,78.456513,31.125,0.25,176.75
15679,78.461421,31.125,0.25,176.75
15680,78.466884,31.125,0.25,176.75
15681,78.470662,31.125,0.25,176.75
15682,78.475554,31.125,0.25,176.75
15683,78.480689,31.125,0.25,176.75
15684,78.485846,31.125,0.25,176.75
15685,78.490755,31.125,0.25,176.75
15686,78.496411,31.125,0.25,176.75
15687,78.501587,31.125,0.25,176.75
15688,78.506492,31.125,0.25,176.75
15689,78.511864,31.125,0.25,176.75
15690,78.516759,31.125,0.25,176.75
15691,78.521667,31.125,0.25,176.75
15692,78.525737,31.125,0.25,176.75
15693,78.530634,31.125,0.25,176.75
15694,78.535539,31.125,0.25,176.75
15695,78.540980,31.125,0.25,176.75
15696,78.545885,31.125,0.25,176.75
15697,78.551113,31.125,0.25,176.75
15698,78.556883,31.125,0.25,176.75
15699,78.561778,31.125,0.25,176.75
15700,78.566891,31.125,0.25,176.75
15701,78.570723,31.125,0.25,176.75
15702,78.575615,31.125,0.25,176.75
15703,78.580761,31.125,0.25,176.75
15704,78.585910,31.125,0.25,176.75
15705,78.590818,31.125,0.25,176.75
15706,78.596197,31.125,0.25,176.75
15707,78.601089,31.125,0.25,176.75
15708,78.605994,31.125,0.25,176.75
15709,78.611957,31.125,0.25,176.75
15710,78.616853,31.125,0.25,176.75
15711,78.620639,31.125,0.25,176.75
15712,78.625795,31.125,0.25,176.75
15713,78.630704,31.125,0.25,176.75
15714,78.636076,31.125,0.25,176.75
15715,78.640975,31.125,0.25,176.75
15716,78.646085,31.125,0.25,176.75
15717,78.651419,31.125,0.25,176.75
15718,78.656325,31.125,0.25,176.75
15719,78.661749,31.125,0.25,176.75
15720,78.665856,31.125,0.25,176.75
15721,78.670764,31.125,0.25,176.75
15722,78.676218,31.125,0.25,176.75
15723,78.681112,31.125,0.25,176.75
15724,78.686521,31.125,0.25,176.75
15725,78.691416,31.125,0.25,176.75
15726,78.696347,31.125,0.25,176.75
15727,78.701744,31.125,0.25,176.75
15728,78.706637,31.125,0.25,176.75
15729,78.711772,31.125,0.25,176.75
15730,78.716101,31.125,0.25,176.75
15731,78.721000,31.125,0.25,176.75
15732,78.726364,31.125,0.25,176.75
15733,78.731273,31.125,0.25,176.75
15734,78.736166,31.125,0.25,176.75
15735,78.741605,31.125,0.25,176.75
15736,78.746497,31.125,0.25,176.75
15737,78.751722,31.125,0.25,176.75
15738,78.755594,31.125,0.25,176.75
15739,78.761830,31.125,0.25,176.75
15740,78.765896,31.125,0.25,176.75
15741,78.771356,31.125,0.25,176.75
15742,78.776249,31.125,0.25,176.75
15743,78.781632,31.125,0.25,176.75
15744,78.786525,31.125,0.25,176.75
15745,78.791433,31.125,0.25,176.75
15746,78.796835,31.125,0.25,176.75
15747,78.801743,31.125,0.25,176.75
15748,78.806857,31.125,0.25,176.75
15749,78.810689,31.125,0.25,176.75
15750,78.815581,31.125,0.25,176.75
15751,78.820991,31.125,0.25,176.75
15752,78.826418,31.125,0.25,176.75
15753,78.831541,31.125,0.25,176.75
15754,78.836709,31.125,0.25,176.75
15755,78.841618,31.125,0.25,176.75
15756,78.845664,31.125,0.25,176.75
15757,78.850704,31.125,0.25,176.75
15758,78.855788,31.125,0.25,176.75
15759,78.861067,31.125,0.25,176.75
15760,78.865973,31.125,0.25,176.75
15761,78.871090,31.125,0.25,176.75
15762,78.876815,31.125,0.25,176.75
15763,78.881710,31.125,0.25,176.75
15764,78.885750,31.125,0.25,176.75
15765,78.890650,31.125,0.25,176.75
15766,78.895554,31.125,0.25,176.75
15767,78.900979,31.125,0.25,176.75
15768,78.905884,31.125,0.25,176.75
15769,78.911330,31.125,0.25,176.75
15770,78.916236,31.125,0.25,176.75
15771,78.921131,31.125,0.25,176.75
15772,78.927066,31.125,0.25,176.75
15773,78.930637,31.125,0.25,176.75
15774,78.935773,31.125,0.25,176.75
15775,78.940932,31.125,0.25,176.75
15776,78.945838,31.125,0.25,176.75
15777,78.951059,31.125,0.25,176.75
15778,78.956320,31.125,0.25,176.75
15779,78.961215,31.125,0.25,176.75
15780,78.966332,31.125,0.25,176.75
15781,78.971509,31.125,0.25,176.75
15782,78.976413,31.125,0.25,176.75
15783,78.982347,31.125,0.25,176.75
15784,78.985909,31.125,0.25,176.75
15785,78.990829,31.125,0.25,176.75
15786,78.996255,31.125,0.25,176.75
15787,79.001151,31.125,0.25,176.75
15788,79.006282,31.125,0.25,176.75
15789,79.011445,31.125,0.25,176.75
15790,79.016351,31.125,0.25,176.75
15791,79.021723,31.125,0.25,176.75
15792,79.026616,31.125,0.25,176.75
15793,79.031524,31.125,0.25,176.75
15794,79.035620,31.125,0.25,176.75
15795,79.041040,31.125,0.25,176.75
15796,79.045970,31.125,0.25,176.75
15797,79.051485,31.125,0.25,176.75
15798,79.056378,31.125,0.25,176.75
15799,79.061287,31.125,0.25,176.75
15800,79.066724,31.125,0.25,176.75
15801,79.071623,31.125,0.25,176.75
15802,79.076528,31.125,0.25,176.75
15803,79.080586,31.125,0.25,176.75
15804,79.085984,31.125,0.25,176.75
15805,79.090880,31.125,0.25,176.75
15806,79.096346,31.125,0.25,176.75
15807,79.101241,31.125,0.25,176.75
15808,79.106355,31.125,0.25,176.75
15809,79.111510,31.125,0.25,176.75
15810,79.116414,31.125,0.25,176.75
15811,79.121788,31.125,0.25,176.75
15812,79.126683,31.125,0.25,176.75
15813,79.131615,31.125,0.25,176.75
15814,79.135661,31.125,0.25,176.75
15815,79.141124,31.125,0.25,176.75
15816,79.146241,31.125,0.25,176.75
15817,79.151541,31.125,0.25,176.75
15818,79.156446,31.125,0.25,176.75
15819,79.161660,31.125,0.25,176.75
15820,79.166832,31.125,0.25,176.75
15821,79.171740,31.125,0.25,176.75
15822,79.176840,31.125,0.25,176.75
15823,79.186540,31.125,0.25,176.75
15824,79.188786,31.125,0.25,176.75
15825,79.193116,31.125,0.25,176.75
15826,79.196991,31.125,0.25,176.75
15827,79.201889,31.125,0.25,176.75
15828,79.206795,31.125,0.25,176.75
15829,79.212250,31.125,0.25,176.75
15830,79.217142,31.125,0.25,176.75
15831,79.222259,31.125,0.25,176.75
15832,79.227411,31.125,0.25,176.75
15833,79.232320,31.125,0.25,176.75
15834,79.237692,31.125,0.25,176.75
15835,79.242589,31.125,0.25,176.75
15836,79.247518,31.125,0.25,176.75
15837,79.252866,31.125,0.25,176.75
15838,79.256713,31.125,0.25,176.75
15839,79.262167,31.125,0.25,176.75
15840,79.267283,31.125,0.25,176.75
15841,79.272456,31.125,0.25,176.75
15842,79.277361,31.125,0.25,176.75
15843,79.282732,31.125,0.25,176.75
15844,79.287628,31.125,0.25,176.75
15845,79.292536,31.125,0.25,176.75
15846,79.296606,31.125,0.25,176.75
15847,79.303361,31.125,0.25,176.75
15848,79.307139,31.125,0.25,176.75
15849,79.312292,31.125,0.25,176.75
15850,79.317197,31.125,0.25,176.75
15851,79.322613,31.125,0.25,176.75
15852,79.327505,31.125,0.25,176.75
15853,79.332618,31.125,0.25,176.75
15854,79.337836,31.125,0.25,176.75
15855,79.342743,31.125,0.25,176.75
15856,79.348122,31.125,0.25,176.75
15857,79.351948,31.125,0.25,176.75
15858,79.356840,31.125,0.25,176.75
15859,79.362616,31.125,0.25,176.75
15860,79.367814,31.125,0.25,176.75
15861,79.372723,31.125,0.25,176.75
15862,79.377845,31.125,0.25,176.75
15863,79.381677,31.125,0.25,176.75
15864,79.386570,31.125,0.25,176.75
15865,79.391708,31.125,0.25,176.75
15866,79.396888,31.125,0.25,176.75
15867,79.401797,31.125,0.25,176.75
15868,79.407176,31.125,0.25,176.75
15869,79.412068,31.125,0.25,176.75
15870,79.416973,31.125,0.25,176.75
15871,79.422912,31.125,0.25,176.75
15872,79.427804,31.125,0.25,176.75
15873,79.432943,31.125,0.25,176.75
15874,79.436774,31.125,0.25,176.75
15875,79.441669,31.125,0.25,176.75
15876,79.447055,31.125,0.25,176.75
15877,79.452100,31.125,0.25,176.75
15878,79.457004,31.125,0.25,176.75
15879,79.462455,31.125,0.25,176.75
15880,79.467351,31.125,0.25,176.75
15881,79.472756,31.125,0.25,176.75
15882,79.476843,31.125,0.25,176.75
15883,79.481740,31.125,0.25,176.75
15884,79.486645,31.125,0.25,176.75
15885,79.492341,31.125,0.25,176.75
15886,79.497246,31.125,0.25,176.75
15887,79.502170,31.125,0.25,176.75
15888,79.507565,31.125,0.25,176.75
15889,79.512462,31.125,0.25,176.75
15890,79.517597,31.125,0.25,176.75
15891,79.522755,31.125,0.25,176.75
15892,79.527660,31.125,0.25,176.75
15893,79.532010,31.125,0.25,176.75
15894,79.537169,31.125,0.25,176.75
15895,79.542061,31.125,0.25,176.75
15896,79.547426,31.125,0.25,176.75
15897,79.552481,31.125,0.25,176.75
15898,79.557373,31.125,0.25,176.75
15899,79.562820,31.125,0.25,176.75
15900,79.567715,31.125,0.25,176.75
15901,79.572623,31.125,0.25,176.75
15902,79.576682,31.125,0.25,176.75
15903,79.581578,31.125,0.25,176.75
15904,79.588034,31.125,0.25,176.75
15905,79.592371,31.125,0.25,176.75
15906,79.597276,31.125,0.25,176.75
15907,79.602645,31.125,0.25,176.75
15908,79.607538,31.125,0.25,176.75
15909,79.612446,31.125,0.25,176.75
15910,79.617848,31.125,0.25,176.75
15911,79.622756,31.125,0.25,176.75
15912,79.627870,31.125,0.25,176.75
15913,79.631702,31.125,0.25,176.75
15914,79.636595,31.125,0.25,176.75
15915,79.641733,31.125,0.25,176.75
15916,79.647420,31.125,0.25,176.75
15917,79.652474,31.125,0.25,176.75
15918,79.657681,31.125,0.25,176.75
15919,79.662857,31.125,0.25,176.75
15920,79.667762,31.125,0.25,176.75
15921,79.672889,31.125,0.25,176.75
15922,79.676715,31.125,0.25,176.75
15923,79.681611,31.125,0.25,176.75
15924,79.686723,31.125,0.25,176.75
15925,79.691882,31.125,0.25,176.75
15926,79.696788,31.125,0.25,176.75
15927,79.701912,31.125,0.25,176.75
15928,79.707593,31.125,0.25,176.75
15929,79.712492,31.125,0.25,176.75
15930,79.717874,31.125,0.25,176.75
15931,79.722773,31.125,0.25,176.75
15932,79.727678,31.125,0.25,176.75
15933,79.731747,31.125,0.25,176.75
15934,79.736643,31.125,0.25,176.75
15935,79.741551,31.125,0.25,176.75
15936,79.746986,31.125,0.25,176.75
15937,79.752041,31.125,0.25,176.75
15938,79.757131,31.125,0.25,176.75
15939,79.762892,31.125,0.25,176.75
15940,79.767785,31.125,0.25,176.75
15941,79.773180,31.125,0.25,176.75
15942,79.776742,31.125,0.25,176.75
15943,79.781638,31.125,0.25,176.75
15944,79.787072,31.125,0.25,176.75
15945,79.791981,31.125,0.25,176.75
15946,79.797097,31.125,0.25,176.75
15947,79.802257,31.125,0.25,176.75
15948,79.807162,31.125,0.25,176.75
15949,79.812558,31.125,0.25,176.75
15950,79.816658,31.125,0.25,176.75
15951,79.821553,31.125,0.25,176.75
15952,79.826983,31.125,0.25,176.75
15953,79.831892,31.125,0.25,176.75
15954,79.837009,31.125,0.25,176.75
15955,79.842171,31.125,0.25,176.75
15956,79.847060,31.125,0.25,176.75
15957,79.852304,31.125,0.25,176.75
15958,79.857580,31.125,0.25,176.75
15959,79.862477,31.125,0.25,176.75
15960,79.867611,31.125,0.25,176.75
15961,79.871940,31.125,0.25,176.75
15962,79.876833,31.125,0.25,176.75
15963,79.881939,31.125,0.25,176.75
15964,79.887146,31.125,0.25,176.75
15965,79.892038,31.125,0.25,176.75
15966,79.897392,31.125,0.25,176.75
15967,79.902300,31.125,0.25,176.75
15968,79.907193,31.125,0.25,176.75
15969,79.912655,31.125,0.25,176.75
15970,79.917547,31.125,0.25,176.75
15971,79.922957,31.125,0.25,176.75
15972,79.927040,31.125,0.25,176.75
15973,79.931950,31.125,0.25,176.75
15974,79.937401,31.125,0.25,176.75
15975,79.942297,31.125,0.25,176.75
15976,79.947415,31.125,0.25,176.75
15977,79.952713,31.125,0.25,176.75
15978,79.957618,31.125,0.25,176.75
15979,79.962830,31.125,0.25,176.75
15980,79.966675,31.125,0.25,176.75
15981,79.971571,31.125,0.25,176.75
15982,79.976684,31.125,0.25,176.75
15983,79.982406,31.125,0.25,176.75
15984,79.987298,31.125,0.25,176.75
15985,79.992741,31.125,0.25,176.75
15986,79.997634,31.125,0.25,176.75
15987,80.003005,31.125,0.25,176.75
15988,80.006573,31.125,0.25,176.75
15989,80.012809,31.125,0.25,176.75
15990,80.016878,31.125,0.25,176.75
15991,80.021776,31.125,0.25,176.75
15992,80.026682,31.125,0.25,176.75
15993,80.032149,31.125,0.25,176.75
15994,80.037585,31.125,0.25,176.75
15995,80.042966,31.125,0.25,176.75
15996,80.047861,31.125,0.25,176.75
15997,80.052940,31.125,0.25,176.75
15998,80.056790,31.125,0.25,176.75
15999,80.062013,31.125,0.25,176.75
16000,80.066919,31.125,0.25,176.75
16001,80.072045,31.125,0.25,176.75
16002,80.077201,31.125,0.25,176.75
16003,80.082093,31.125,0.25,176.75
16004,80.087809,31.125,0.25,176.75
16005,80.091641,31.125,0.25,176.75
16006,80.097874,31.125,0.25,176.75
16007,80.101670,31.125,0.25,176.75
16008,80.106827,31.125,0.25,176.75
16009,80.111735,31.125,0.25,176.75
16010,80.117114,31.125,0.25,176.75
16011,80.122006,31.125,0.25,176.75
16012,80.126911,31.125,0.25,176.75
16013,80.132352,31.125,0.25,176.75
16014,80.137245,31.125,0.25,176.75
16015,80.143188,31.125,0.25,176.75
16016,80.146750,31.125,0.25,176.75
16017,80.151914,31.125,0.25,176.75
16018,80.157361,31.125,0.25,176.75
16019,80.162270,31.125,0.25,176.75
16020,80.167398,31.125,0.25,176.75
16021,80.172590,31.125,0.25,176.75
16022,80.177495,31.125,0.25,176.75
16023,80.187082,31.125,0.25,176.75
16024,80.189402,31.125,0.25,176.75
16025,80.193262,31.125,0.25,176.75
16026,80.197399,31.125,0.25,176.75
16027,80.202295,31.125,0.25,176.75
16028,80.207720,31.125,0.25,176.75
16029,80.212616,31.125,0.25,176.75
16030,80.217546,31.125,0.25,176.75
16031,80.222967,31.125,0.25,176.75
16032,80.227873,31.125,0.25,176.75
16033,80.232965,31.125,0.25,176.75
16034,80.238161,31.125,0.25,176.75
16035,80.243053,31.125,0.25,176.75
16036,80.247409,31.125,0.25,176.75
16037,80.252706,31.125,0.25,176.75
16038,80.257611,31.125,0.25,176.75
16039,80.262875,31.125,0.25,176.75
16040,80.268047,31.125,0.25,176.75
16041,80.272956,31.125,0.25,176.75
16042,80.278397,31.125,0.25,176.75
16043,80.283293,31.125,0.25,176.75
16044,80.288421,31.125,0.25,176.75
16045,80.292243,31.125,0.25,176.75
16046,80.297135,31.125,0.25,176.75
16047,80.302599,31.125,0.25,176.75
16048,80.308026,31.125,0.25,176.75
16049,80.312959,31.125,0.25,176.75
16050,80.318394,31.125,0.25,176.75
16051,80.323289,31.125,0.25,176.75
16052,80.328408,31.125,0.25,176.75
16053,80.332229,31.125,0.25,176.75
16054,80.337121,31.125,0.25,176.75
16055,80.342245,31.125,0.25,176.75
16056,80.347393,31.125,0.25,176.75
16057,80.352447,31.125,0.25,176.75
16058,80.357899,31.125,0.25,176.75
16059,80.361981,31.125,0.25,176.75
16060,80.368231,31.125,0.25,176.75
16061,80.372305,31.125,0.25,176.75
16062,80.377211,31.125,0.25,176.75
16063,80.382303,31.125,0.25,176.75
16064,80.387480,31.125,0.25,176.75
16065,80.392387,31.125,0.25,176.75
16066,80.397760,31.125,0.25,176.75
16067,80.402660,31.125,0.25,176.75
16068,80.407588,31.125,0.25,176.75
16069,80.413060,31.125,0.25,176.75
16070,80.417198,31.125,0.25,176.75
16071,80.422090,31.125,0.25,176.75
16072,80.427518,31.125,0.25,176.75
16073,80.432414,31.125,0.25,176.75
16074,80.437796,31.125,0.25,176.75
16075,80.442695,31.125,0.25,176.75
16076,80.447599,31.125,0.25,176.75
16077,80.453199,31.125,0.25,176.75
16078,80.458088,31.125,0.25,176.75
16079,80.462996,31.125,0.25,176.75
16080,80.468462,31.125,0.25,176.75
16081,80.472573,31.125,0.25,176.75
16082,80.477465,31.125,0.25,176.75
16083,80.482901,31.125,0.25,176.75
16084,80.487806,31.125,0.25,176.75
16085,80.493178,31.125,0.25,176.75
16086,80.498067,31.125,0.25,176.75
16087,80.502975,31.125,0.25,176.75
16088,80.508648,31.125,0.25,176.75
16089,80.512217,31.125,0.25,176.75
16090,80.517108,31.125,0.25,176.75
16091,80.522578,31.125,0.25,176.75
16092,80.527980,31.125,0.25,176.75
16093,80.533364,31.125,0.25,176.75
16094,80.538270,31.125,0.25,176.75
16095,80.543398,31.125,0.25,176.75
16096,80.547222,31.125,0.25,176.75
16097,80.552263,31.125,0.25,176.75
16098,80.557350,31.125,0.25,176.75
16099,80.562614,31.125,0.25,176.75
16100,80.567506,31.125,0.25,176.75
16101,80.572645,31.125,0.25,176.75
16102,80.577801,31.125,0.25,176.75
16103,80.583275,31.125,0.25,176.75
16104,80.587287,31.125,0.25,176.75
16105,80.592196,31.125,0.25,176.75
16106,80.597084,31.125,0.25,176.75
16107,80.602550,31.125,0.25,176.75
16108,80.607443,31.125,0.25,176.75
16109,80.612557,31.125,0.25,176.75
16110,80.617739,31.125,0.25,176.75
16111,80.622647,31.125,0.25,176.75
16112,80.628017,31.125,0.25,176.75
16113,80.632916,31.125,0.25,176.75
16114,80.637032,31.125,0.25,176.75
16115,80.642486,31.125,0.25,176.75
16116,80.647378,31.125,0.25,176.75
16117,80.652604,31.125,0.25,176.75
16118,80.657855,31.125,0.25,176.75
16119,80.662763,31.125,0.25,176.75
16120,80.667656,31.125,0.25,176.75
16121,80.673094,31.125,0.25,176.75
16122,80.677999,31.125,0.25,176.75
16123,80.683127,31.125,0.25,176.75
16124,80.687452,31.125,0.25,176.75
16125,80.692351,31.125,0.25,176.75
16126,80.697730,31.125,0.25,176.75
16127,80.702626,31.125,0.25,176.75
16128,80.707531,31.125,0.25,176.75
16129,80.712980,31.125,0.25,176.75
16130,80.717885,31.125,0.25,176.75
16131,80.723022,31.125,0.25,176.75
16132,80.728186,31.125,0.25,176.75
16133,80.733078,31.125,0.25,176.75
16134,80.737199,31.125,0.25,176.75
16135,80.742626,31.125,0.25,176.75
16136,80.747519,31.125,0.25,176.75
16137,80.752752,31.125,0.25,176.75
16138,80.757999,31.125,0.25,176.75
16139,80.762907,31.125,0.25,176.75
16140,80.768277,31.125,0.25,176.75
16141,80.773187,31.125,0.25,176.75
16142,80.778099,31.125,0.25,176.75
16143,80.782123,31.125,0.25,176.75
16144,80.787012,31.125,0.25,176.75
16145,80.793472,31.125,0.25,176.75
16146,80.797798,31.125,0.25,176.75
16147,80.802694,31.125,0.25,176.75
16148,80.807806,31.125,0.25,176.75
16149,80.812966,31.125,0.25,176.75
16150,80.817871,31.125,0.25,176.75
16151,80.823250,31.125,0.25,176.75
16152,80.828155,31.125,0.25,176.75
16153,80.833273,31.125,0.25,176.75
16154,80.837091,31.125,0.25,176.75
16155,80.842000,31.125,0.25,176.75
16156,80.847131,31.125,0.25,176.75
16157,80.852948,31.125,0.25,176.75
16158,80.857840,31.125,0.25,176.75
16159,80.863286,31.125,0.25,176.75
16160,80.868191,31.125,0.25,176.75
16161,80.873083,31.125,0.25,176.75
16162,80.877133,31.125,0.25,176.75
16163,80.882025,31.125,0.25,176.75
16164,80.888504,31.125,0.25,176.75
16165,80.892333,31.125,0.25,176.75
16166,80.897225,31.125,0.25,176.75
16167,80.902345,31.125,0.25,176.75
16168,80.908051,31.125,0.25,176.75
16169,80.912959,31.125,0.25,176.75
16170,80.918398,31.125,0.25,176.75
16171,80.923293,31.125,0.25,176.75
16172,80.928422,31.125,0.25,176.75
16173,80.932244,31.125,0.25,176.75
16174,80.937136,31.125,0.25,176.75
16175,80.942259,31.125,0.25,176.75
16176,80.947408,31.125,0.25,176.75
16177,80.953912,31.125,0.25,176.75
16178,80.957800,31.125,0.25,176.75
16179,80.962153,31.125,0.25,176.75
16180,80.967041,31.125,0.25,176.75
16181,80.972187,31.125,0.25,176.75
16182,80.977336,31.125,0.25,176.75
16183,80.982244,31.125,0.25,176.75
16184,80.987616,31.125,0.25,176.75
16185,80.992512,31.125,0.25,176.75
16186,80.997416,31.125,0.25,176.75
16187,81.002844,31.125,0.25,176.75
16188,81.007748,31.125,0.25,176.75
16189,81.013424,31.125,0.25,176.75
16190,81.017245,31.125,0.25,176.75
16191,81.022141,31.125,0.25,176.75
16192,81.027236,31.125,0.25,176.75
16193,81.032413,31.125,0.25,176.75
16194,81.037319,31.125,0.25,176.75
16195,81.042690,31.125,0.25,176.75
16196,81.047583,31.125,0.25,176.75
16197,81.052636,31.125,0.25,176.75
16198,81.058090,31.125,0.25,176.75
16199,81.062988,31.125,0.25,176.75
16200,81.067065,31.125,0.25,176.75
16201,81.072523,31.125,0.25,176.75
16202,81.077415,31.125,0.25,176.75
16203,81.082554,31.125,0.25,176.75
16204,81.087709,31.125,0.25,176.75
16205,81.092617,31.125,0.25,176.75
16206,81.097990,31.125,0.25,176.75
16207,81.102889,31.125,0.25,176.75
16208,81.107818,31.125,0.25,176.75
16209,81.113260,31.125,0.25,176.75
16210,81.118152,31.125,0.25,176.75
16211,81.123248,31.125,0.25,176.75
16212,81.127620,31.125,0.25,176.75
16213,81.132519,31.125,0.25,176.75
16214,81.137901,31.125,0.25,176.75
16215,81.142800,31.125,0.25,176.75
16216,81.147705,31.125,0.25,176.75
16217,81.153232,31.125,0.25,176.75
16218,81.158137,31.125,0.25,176.75
16219,81.163029,31.125,0.25,176.75
16220,81.168464,31.125,0.25,176.75
16221,81.172019,31.125,0.25,176.75
16222,81.178268,31.125,0.25,176.75
16223,81.188160,31.125,0.25,176.75
16224,81.190902,31.125,0.25,176.75
16225,81.193127,31.125,0.25,176.75
16226,81.199567,31.125,0.25,176.75
16227,81.203431,31.125,0.25,176.75
16228,81.208388,31.125,0.25,176.75
16229,81.213297,31.125,0.25,176.75
16230,81.218576,31.125,0.25,176.75
16231,81.223737,31.125,0.25,176.75
16232,81.228643,31.125,0.25,176.75
16233,81.233563,31.125,0.25,176.75
16234,81.239495,31.125,0.25,176.75
16235,81.244394,31.125,0.25,176.75
16236,81.249505,31.125,0.25,176.75
16237,81.253444,31.125,0.25,176.75
16238,81.258340,31.125,0.25,176.75
16239,81.263248,31.125,0.25,176.75
16240,81.268671,31.125,0.25,176.75
16241,81.273570,31.125,0.25,176.75
16242,81.278662,31.125,0.25,176.75
16243,81.283836,31.125,0.25,176.75
16244,81.289287,31.125,0.25,176.75
16245,81.294667,31.125,0.25,176.75
16246,81.298232,31.125,0.25,176.75
16247,81.303127,31.125,0.25,176.75
16248,81.308560,31.125,0.25,176.75
16249,81.313456,31.125,0.25,176.75
16250,81.318588,31.125,0.25,176.75
16251,81.323746,31.125,0.25,176.75
16252,81.328651,31.125,0.25,176.75
16253,81.334027,31.125,0.25,176.75
16254,81.339439,31.125,0.25,176.75
16255,81.344572,31.125,0.25,176.75
16256,81.348393,31.125,0.25,176.75
16257,81.353433,31.125,0.25,176.75
16258,81.358515,31.125,0.25,176.75
16259,81.363822,31.125,0.25,176.75
16260,81.368727,31.125,0.25,176.75
16261,81.374088,31.125,0.25,176.75
16262,81.378984,31.125,0.25,176.75
16263,81.383893,31.125,0.25,176.75
16264,81.389358,31.125,0.25,176.75
16265,81.394253,31.125,0.25,176.75
16266,81.399371,31.125,0.25,176.75
16267,81.403718,31.125,0.25,176.75
16268,81.408614,31.125,0.25,176.75
16269,81.413999,31.125,0.25,176.75
16270,81.418895,31.125,0.25,176.75
16271,81.423804,31.125,0.25,176.75
16272,81.429269,31.125,0.25,176.75
16273,81.434165,31.125,0.25,176.75
16274,81.439278,31.125,0.25,176.75
16275,81.444430,31.125,0.25,176.75
16276,81.449336,31.125,0.25,176.75
16277,81.453225,31.125,0.25,176.75
16278,81.458993,31.125,0.25,176.75
16279,81.463888,31.125,0.25,176.75
16280,81.469256,31.125,0.25,176.75
16281,81.474164,31.125,0.25,176.75
16282,81.479053,31.125,0.25,176.75
16283,81.484493,31.125,0.25,176.75
16284,81.489386,31.125,0.25,176.75
16285,81.494524,31.125,0.25,176.75
16286,81.498353,31.125,0.25,176.75
16287,81.503248,31.125,0.25,176.75
16288,81.508988,31.125,0.25,176.75
16289,81.514159,31.125,0.25,176.75
16290,81.519047,31.125,0.25,176.75
16291,81.524692,31.125,0.25,176.75
16292,81.528258,31.125,0.25,176.75
16293,81.533153,31.125,0.25,176.75
16294,81.538617,31.125,0.25,176.75
16295,81.543512,31.125,0.25,176.75
16296,81.548895,31.125,0.25,176.75
16297,81.553939,31.125,0.25,176.75
16298,81.559586,31.125,0.25,176.75
16299,81.563469,31.125,0.25,176.75
16300,81.568365,31.125,0.25,176.75
16301,81.573274,31.125,0.25,176.75
16302,81.578728,31.125,0.25,176.75
16303,81.583624,31.125,0.25,176.75
16304,81.588759,31.125,0.25,176.75
16305,81.593915,31.125,0.25,176.75
16306,81.598820,31.125,0.25,176.75
16307,81.604177,31.125,0.25,176.75
16308,81.608259,31.125,0.25,176.75
16309,81.613168,31.125,0.25,176.75
16310,81.618589,31.125,0.25,176.75
16311,81.623485,31.125,0.25,176.75
16312,81.628620,31.125,0.25,176.75
16313,81.633775,31.125,0.25,176.75
16314,81.638681,31.125,0.25,176.75
16315,81.644056,31.125,0.25,176.75
16316,81.648952,31.125,0.25,176.75
16317,81.654030,31.125,0.25,176.75
16318,81.659456,31.125,0.25,176.75
16319,81.663594,31.125,0.25,176.75
16320,81.668487,31.125,0.25,176.75
16321,81.673922,31.125,0.25,176.75
16322,81.678828,31.125,0.25,176.75
16323,81.684224,31.125,0.25,176.75
16324,81.689129,31.125,0.25,176.75
16325,81.694045,31.125,0.25,176.75
16326,81.699462,31.125,0.25,176.75
16327,81.704357,31.125,0.25,176.75
16328,81.709471,31.125,0.25,176.75
16329,81.713797,31.125,0.25,176.75
16330,81.718692,31.125,0.25,176.75
16331,81.723831,31.125,0.25,176.75
16332,81.728986,31.125,0.25,176.75
16333,81.733895,31.125,0.25,176.75
16334,81.739273,31.125,0.25,176.75
16335,81.744182,31.125,0.25,176.75
16336,81.749070,31.125,0.25,176.75
16337,81.754591,31.125,0.25,176.75
16338,81.758156,31.125,0.25,176.75
16339,81.763567,31.125,0.25,176.75
16340,81.769004,31.125,0.25,176.75
16341,81.773903,31.125,0.25,176.75
16342,81.778808,31.125,0.25,176.75
16343,81.784314,31.125,0.25,176.75
16344,81.789206,31.125,0.25,176.75
16345,81.794322,31.125,0.25,176.75
16346,81.798147,31.125,0.25,176.75
16347,81.804382,31.125,0.25,176.75
16348,81.809755,31.125,0.25,176.75
16349,81.813327,31.125,0.25,176.75
16350,81.818786,31.125,0.25,176.75
16351,81.824224,31.125,0.25,176.75
16352,81.829116,31.125,0.25,176.75
16353,81.834237,31.125,0.25,176.75
16354,81.839386,31.125,0.25,176.75
16355,81.844295,31.125,0.25,176.75
16356,81.849666,31.125,0.25,176.75
16357,81.853502,31.125,0.25,176.75
16358,81.858395,31.125,0.25,176.75
16359,81.863890,31.125,0.25,176.75
16360,81.868785,31.125,0.25,176.75
16361,81.873694,31.125,0.25,176.75
16362,81.879646,31.125,0.25,176.75
16363,81.883218,31.125,0.25,176.75
16364,81.888383,31.125,0.25,176.75
16365,81.893560,31.125,0.25,176.75
16366,81.898465,31.125,0.25,176.75
16367,81.903840,31.125,0.25,176.75
16368,81.908734,31.125,0.25,176.75
16369,81.913643,31.125,0.25,176.75
16370,81.919090,31.125,0.25,176.75
16371,81.923999,31.125,0.25,176.75
16372,81.928916,31.125,0.25,176.75
16373,81.934846,31.125,0.25,176.75
16374,81.938413,31.125,0.25,176.75
16375,81.943528,31.125,0.25,176.75
16376,81.948684,31.125,0.25,176.75
16377,81.953737,31.125,0.25,176.75
16378,81.958926,31.125,0.25,176.75
16379,81.964139,31.125,0.25,176.75
16380,81.969028,31.125,0.25,176.75
16381,81.973923,31.125,0.25,176.75
16382,81.978829,31.125,0.25,176.75
16383,81.983724,31.125,0.25,176.75
16384,81.989213,31.125,0.25,176.75
16385,81.993341,31.125,0.25,176.75
16386,81.998233,31.125,0.25,176.75
16387,82.003660,31.125,0.25,176.75
16388,82.008553,31.125,0.25,176.75
16389,82.013461,31.125,0.25,176.75
16390,82.018854,31.125,0.25,176.75
16391,82.023751,31.125,0.25,176.75
16392,82.028656,31.125,0.25,176.75
16393,82.034043,31.125,0.25,176.75
16394,82.038938,31.125,0.25,176.75
16395,82.043847,31.125,0.25,176.75
16396,82.049237,31.125,0.25,176.75
16397,82.054817,31.125,0.25,176.75
16398,82.058382,31.125,0.25,176.75
16399,82.063468,31.125,0.25,176.75
16400,82.068742,31.125,0.25,176.75
16401,82.073639,31.125,0.25,176.75
16402,82.078544,31.125,0.25,176.75
16403,82.083439,31.125,0.25,176.75
16404,82.088345,31.125,0.25,176.75
16405,82.093477,31.125,0.25,176.75
16406,82.098687,31.125,0.25,176.75
16407,82.103582,31.125,0.25,176.75
16408,82.108487,31.125,0.25,176.75
16409,82.114436,31.125,0.25,176.75
16410,82.119331,31.125,0.25,176.75
16411,82.124240,31.125,0.25,176.75
16412,82.128284,31.125,0.25,176.75
16413,82.133193,31.125,0.25,176.75
16414,82.139424,31.125,0.25,176.75
16415,82.143466,31.125,0.25,176.75
16416,82.148362,31.125,0.25,176.75
16417,82.154743,31.125,0.25,176.75
16418,82.158630,31.125,0.25,176.75
16419,82.164359,31.125,0.25,176.75
16420,82.169265,31.125,0.25,176.75
16421,82.174161,31.125,0.25,176.75
16422,82.179050,31.125,0.25,176.75
16423,82.188669,31.125,0.25,176.75
16424,82.190972,31.125,0.25,176.75
16425,82.194852,31.125,0.25,176.75
16426,82.199747,31.125,0.25,176.75
16427,82.204655,31.125,0.25,176.75
16428,82.209548,31.125,0.25,176.75
16429,82.214456,31.125,0.25,176.75
16430,82.219772,31.125,0.25,176.75
16431,82.223906,31.125,0.25,176.75
16432,82.228799,31.125,0.25,176.75
16433,82.233707,31.125,0.25,176.75
16434,82.238600,31.125,0.25,176.75
16435,82.244836,31.125,0.25,176.75
16436,82.250181,31.125,0.25,176.75
16437,82.253956,31.125,0.25,176.75
16438,82.258851,31.125,0.25,176.75
16439,82.263759,31.125,0.25,176.75
16440,82.268652,31.125,0.25,176.75
16441,82.273560,31.125,0.25,176.75
16442,82.279971,31.125,0.25,176.75
16443,82.283788,31.125,0.25,176.75
16444,82.289360,31.125,0.25,176.75
16445,82.294256,31.125,0.25,176.75
16446,82.299161,31.125,0.25,176.75
16447,82.304053,31.125,0.25,176.75
16448,82.309186,31.125,0.25,176.75
16449,82.314381,31.125,0.25,176.75
16450,82.319273,31.125,0.25,176.75
16451,82.324410,31.125,0.25,176.75
16452,82.329577,31.125,0.25,176.75
16453,82.334485,31.125,0.25,176.75
16454,82.339885,31.125,0.25,176.75
16455,82.343947,31.125,0.25,176.75
16456,82.348842,31.125,0.25,176.75
16457,82.353896,31.125,0.25,176.75
16458,82.359342,31.125,0.25,176.75
16459,82.364251,31.125,0.25,176.75
16460,82.369143,31.125,0.25,176.75
16461,82.374594,31.125,0.25,176.75
16462,82.379487,31.125,0.25,176.75
16463,82.384395,31.125,0.25,176.75
16464,82.389820,31.125,0.25,176.75
16465,82.395238,31.125,0.25,176.75
16466,82.398801,31.125,0.25,176.75
16467,82.404182,31.125,0.25,176.75
16468,82.409071,31.125,0.25,176.75
16469,82.413980,31.125,0.25,176.75
16470,82.419371,31.125,0.25,176.75
16471,82.424280,31.125,0.25,176.75
16472,82.429172,31.125,0.25,176.75
16473,82.434301,31.125,0.25,176.75
16474,82.439472,31.125,0.25,176.75
16475,82.444368,31.125,0.25,176.75
16476,82.449784,31.125,0.25,176.75
16477,82.454826,31.125,0.25,176.75
16478,82.459731,31.125,0.25,176.75
16479,82.464627,31.125,0.25,176.75
16480,82.470025,31.125,0.25,176.75
16481,82.473697,31.125,0.25,176.75
16482,82.478589,31.125,0.25,176.75
16483,82.484825,31.125,0.25,176.75
16484,82.489730,31.125,0.25,176.75
16485,82.494823,31.125,0.25,176.75
16486,82.498701,31.125,0.25,176.75
16487,82.503597,31.125,0.25,176.75
16488,82.510349,31.125,0.25,176.75
16489,82.513911,31.125,0.25,176.75
16490,82.518803,31.125,0.25,176.75
16491,82.523712,31.125,0.25,176.75
16492,82.529185,31.125,0.25,176.75
16493,82.534077,31.125,0.25,176.75
16494,82.539007,31.125,0.25,176.75
16495,82.544679,31.125,0.25,176.75
16496,82.549575,31.125,0.25,176.75
16497,82.554629,31.125,0.25,176.75
16498,82.559522,31.125,0.25,176.75
16499,82.564429,31.125,0.25,176.75
16500,82.569321,31.125,0.25,176.75
16501,82.574728,31.125,0.25,176.75
16502,82.578900,31.125,0.25,176.75
16503,82.583799,31.125,0.25,176.75
16504,82.588704,31.125,0.25,176.75
16505,82.593599,31.125,0.25,176.75
16506,82.599831,31.125,0.25,176.75
16507,82.603843,31.125,0.25,176.75
16508,82.608819,31.125,0.25,176.75
16509,82.613728,31.125,0.25,176.75
16510,82.618620,31.125,0.25,176.75
16511,82.624856,31.125,0.25,176.75
16512,82.629761,31.125,0.25,176.75
16513,82.633745,31.125,0.25,176.75
16514,82.639297,31.125,0.25,176.75
16515,82.644193,31.125,0.25,176.75
16516,82.649571,31.125,0.25,176.75
16517,82.654739,31.125,0.25,176.75
16518,82.659644,31.125,0.25,176.75
16519,82.665116,31.125,0.25,176.75
16520,82.668678,31.125,0.25,176.75
16521,82.673574,31.125,0.25,176.75
16522,82.678973,31.125,0.25,176.75
16523,82.683871,31.125,0.25,176.75
16524,82.688777,31.125,0.25,176.75
16525,82.693904,31.125,0.25,176.75
16526,82.699584,31.125,0.25,176.75
16527,82.704483,31.125,0.25,176.75
16528,82.709598,31.125,0.25,176.75
16529,82.714748,31.125,0.25,176.75
16530,82.719653,31.125,0.25,176.75
16531,82.724746,31.125,0.25,176.75
16532,82.728610,31.125,0.25,176.75
16533,82.734845,31.125,0.25,176.75
16534,82.739969,31.125,0.25,176.75
16535,82.743798,31.125,0.25,176.75
16536,82.748691,31.125,0.25,176.75
16537,82.755260,31.125,0.25,176.75
16538,82.759151,31.125,0.25,176.75
16539,82.764589,31.125,0.25,176.75
16540,82.769494,31.125,0.25,176.75
16541,82.774938,31.125,0.25,176.75
16542,82.779843,31.125,0.25,176.75
16543,82.784738,31.125,0.25,176.75
16544,82.788822,31.125,0.25,176.75
16545,82.793720,31.125,0.25,176.75
16546,82.798625,31.125,0.25,176.75
16547,82.804010,31.125,0.25,176.75
16548,82.808906,31.125,0.25,176.75
16549,82.813815,31.125,0.25,176.75
16550,82.819205,31.125,0.25,176.75
16551,82.824640,31.125,0.25,176.75
16552,82.829545,31.125,0.25,176.75
16553,82.834938,31.125,0.25,176.75
16554,82.839834,31.125,0.25,176.75
16555,82.844741,31.125,0.25,176.75
16556,82.850102,31.125,0.25,176.75
16557,82.855162,31.125,0.25,176.75
16558,82.858710,31.125,0.25,176.75
16559,82.863619,31.125,0.25,176.75
16560,82.869009,31.125,0.25,176.75
16561,82.873986,31.125,0.25,176.75
16562,82.878891,31.125,0.25,176.75
16563,82.884346,31.125,0.25,176.75
16564,82.889252,31.125,0.25,176.75
16565,82.894147,31.125,0.25,176.75
16566,82.899637,31.125,0.25,176.75
16567,82.904533,31.125,0.25,176.75
16568,82.909437,31.125,0.25,176.75
16569,82.914839,31.125,0.25,176.75
16570,82.919744,31.125,0.25,176.75
16571,82.925115,31.125,0.25,176.75
16572,82.928677,31.125,0.25,176.75
16573,82.934154,31.125,0.25,176.75
16574,82.939577,31.125,0.25,176.75
16575,82.944473,31.125,0.25,176.75
16576,82.949856,31.125,0.25,176.75
16577,82.954899,31.125,0.25,176.75
16578,82.959805,31.125,0.25,176.75
16579,82.963680,31.125,0.25,176.75
16580,82.968879,31.125,0.25,176.75
16581,82.973788,31.125,0.25,176.75
16582,82.978909,31.125,0.25,176.75
16583,82.984685,31.125,0.25,176.75
16584,82.989578,31.125,0.25,176.75
16585,82.993620,31.125,0.25,176.75
16586,82.999853,31.125,0.25,176.75
16587,83.004983,31.125,0.25,176.75
16588,83.008812,31.125,0.25,176.75
16589,83.013706,31.125,0.25,176.75
16590,83.018636,31.125,0.25,176.75
16591,83.024062,31.125,0.25,176.75
16592,83.028968,31.125,0.25,176.75
16593,83.034441,31.125,0.25,176.75
16594,83.039829,31.125,0.25,176.75
16595,83.044737,31.125,0.25,176.75
16596,83.049873,31.125,0.25,176.75
16597,83.055192,31.125,0.25,176.75
16598,83.058740,31.125,0.25,176.75
16599,83.063945,31.125,0.25,176.75
16600,83.069133,31.125,0.25,176.75
16601,83.074025,31.125,0.25,176.75
16602,83.079404,31.125,0.25,176.75
16603,83.084313,31.125,0.25,176.75
16604,83.089205,31.125,0.25,176.75
16605,83.095146,31.125,0.25,176.75
16606,83.098708,31.125,0.25,176.75
16607,83.103844,31.125,0.25,176.75
16608,83.109003,31.125,0.25,176.75
16609,83.113912,31.125,0.25,176.75
16610,83.119315,31.125,0.25,176.75
16611,83.124224,31.125,0.25,176.75
16612,83.129116,31.125,0.25,176.75
16613,83.134553,31.125,0.25,176.75
16614,83.139446,31.125,0.25,176.75
16615,83.144884,31.125,0.25,176.75
16616,83.148921,31.125,0.25,176.75
16617,83.155309,31.125,0.25,176.75
16618,83.158871,31.125,0.25,176.75
16619,83.164316,31.125,0.25,176.75
16620,83.169222,31.125,0.25,176.75
16621,83.174117,31.125,0.25,176.75
16622,83.179568,31.125,0.25,176.75
16623,83.190499,31.125,0.25,176.75
16624,83.192825,31.125,0.25,176.75
16625,83.197188,31.125,0.25,176.75
16626,83.200753,31.125,0.25,176.75
16627,83.205669,31.125,0.25,176.75
16628,83.211083,31.125,0.25,176.75
16629,83.215989,31.125,0.25,176.75
16630,83.221135,31.125,0.25,176.75
16631,83.226333,31.125,0.25,176.75
16632,83.231242,31.125,0.25,176.75
16633,83.236614,31.125,0.25,176.75
16634,83.241510,31.125,0.25,176.75
16635,83.246413,31.125,0.25,176.75
16636,83.252338,31.125,0.25,176.75
16637,83.256045,31.125,0.25,176.75
16638,83.260965,31.125,0.25,176.75
16639,83.266383,31.125,0.25,176.75
16640,83.271292,31.125,0.25,176.75
16641,83.276393,31.125,0.25,176.75
16642,83.281586,31.125,0.25,176.75
16643,83.286492,31.125,0.25,176.75
16644,83.291864,31.125,0.25,176.75
16645,83.295431,31.125,0.25,176.75
16646,83.301666,31.125,0.25,176.75
16647,83.305712,31.125,0.25,176.75
16648,83.311161,31.125,0.25,176.75
16649,83.316051,31.25,0.25,176.75
16650,83.321499,31.25,0.25,176.75
16651,83.326392,31.25,0.25,176.75
16652,83.331507,31.25,0.25,176.75
16653,83.336683,31.25,0.25,176.75
16654,83.341591,31.25,0.25,176.75
16655,83.346963,31.25,0.25,176.75
16656,83.350534,31.25,0.25,176.75
16657,83.355572,31.25,0.25,176.75
16658,83.361012,31.25,0.25,176.75
16659,83.366477,31.25,0.25,176.75
16660,83.371385,31.25,0.25,176.75
16661,83.376833,31.25,0.25,176.75
16662,83.381741,31.25,0.25,176.75
16663,83.386877,31.25,0.25,176.75
16664,83.390708,31.25,0.25,176.75
16665,83.395601,31.25,0.25,176.75
16666,83.400987,31.25,0.25,176.75
16667,83.405882,31.25,0.25,176.75
16668,83.410790,31.25,0.25,176.75
16669,83.416231,31.25,0.25,176.75
16670,83.421679,31.25,0.25,176.75
16671,83.426813,31.25,0.25,176.75
16672,83.430644,31.25,0.25,176.75
16673,83.435537,31.25,0.25,176.75
16674,83.440923,31.25,0.25,176.75
16675,83.445818,31.25,0.25,176.75
16676,83.450726,31.25,0.25,176.75
16677,83.456254,31.25,0.25,176.75
16678,83.461163,31.25,0.25,176.75
16679,83.466051,31.25,0.25,176.75
16680,83.471486,31.25,0.25,176.75
16681,83.476883,31.25,0.25,176.75
16682,83.480454,31.25,0.25,176.75
16683,83.485903,31.25,0.25,176.75
16684,83.490811,31.25,0.25,176.75
16685,83.495925,31.25,0.25,176.75
16686,83.501084,31.25,0.25,176.75
16687,83.505990,31.25,0.25,176.75
16688,83.511368,31.25,0.25,176.75
16689,83.516273,31.25,0.25,176.75
16690,83.521401,31.25,0.25,176.75
16691,83.526603,31.25,0.25,176.75
16692,83.530727,31.25,0.25,176.75
16693,83.536083,31.25,0.25,176.75
16694,83.540982,31.25,0.25,176.75
16695,83.546127,31.25,0.25,176.75
16696,83.551279,31.25,0.25,176.75
16697,83.556452,31.25,0.25,176.75
16698,83.561668,31.25,0.25,176.75
16699,83.565512,31.25,0.25,176.75
16700,83.571748,31.25,0.25,176.75
16701,83.575497,31.25,0.25,176.75
16702,83.581431,31.25,0.25,176.75
16703,83.586327,31.25,0.25,176.75
16704,83.591708,31.25,0.25,176.75
16705,83.596601,31.25,0.25,176.75
16706,83.601730,31.25,0.25,176.75
16707,83.605573,31.25,0.25,176.75
16708,83.610470,31.25,0.25,176.75
16709,83.615583,31.25,0.25,176.75
16710,83.620741,31.25,0.25,176.75
16711,83.625646,31.25,0.25,176.75
16712,83.631019,31.25,0.25,176.75
16713,83.636473,31.25,0.25,176.75
16714,83.641581,31.25,0.25,176.75
16715,83.645434,31.25,0.25,176.75
16716,83.651670,31.25,0.25,176.75
16717,83.655555,31.25,0.25,176.75
16718,83.660816,31.25,0.25,176.75
16719,83.665722,31.25,0.25,176.75
16720,83.670861,31.25,0.25,176.75
16721,83.676013,31.25,0.25,176.75
16722,83.680922,31.25,0.25,176.75
16723,83.686597,31.25,0.25,176.75
16724,83.690453,31.25,0.25,176.75
16725,83.696685,31.25,0.25,176.75
16726,83.702058,31.25,0.25,176.75
16727,83.705626,31.25,0.25,176.75
16728,83.710522,31.25,0.25,176.75
16729,83.715906,31.25,0.25,176.75
16730,83.720805,31.25,0.25,176.75
16731,83.725734,31.25,0.25,176.75
16732,83.731165,31.25,0.25,176.75
16733,83.736567,31.25,0.25,176.75
16734,83.741944,31.25,0.25,176.75
16735,83.745512,31.25,0.25,176.75
16736,83.751747,31.25,0.25,176.75
16737,83.755627,31.25,0.25,176.75
16738,83.760890,31.25,0.25,176.75
16739,83.765785,31.25,0.25,176.75
16740,83.770694,31.25,0.25,176.75
16741,83.776152,31.25,0.25,176.75
16742,83.781044,31.25,0.25,176.75
16743,83.786169,31.25,0.25,176.75
16744,83.790490,31.25,0.25,176.75
16745,83.796726,31.25,0.25,176.75
16746,83.800772,31.25,0.25,176.75
16747,83.805667,31.25,0.25,176.75
16748,83.810575,31.25,0.25,176.75
16749,83.816021,31.25,0.25,176.75
16750,83.820931,31.25,0.25,176.75
16751,83.826047,31.25,0.25,176.75
16752,83.831206,31.25,0.25,176.75
16753,83.836095,31.25,0.25,176.75
16754,83.841483,31.25,0.25,176.75
16755,83.845607,31.25,0.25,176.75
16756,83.850503,31.25,0.25,176.75
16757,83.856032,31.25,0.25,176.75
16758,83.860928,31.25,0.25,176.75
16759,83.865834,31.25,0.25,176.75
16760,83.871275,31.25,0.25,176.75
16761,83.876181,31.25,0.25,176.75
16762,83.881072,31.25,0.25,176.75
16763,83.886505,31.25,0.25,176.75
16764,83.891400,31.25,0.25,176.75
16765,83.896511,31.25,0.25,176.75
16766,83.900865,31.25,0.25,176.75
16767,83.905759,31.25,0.25,176.75
16768,83.911152,31.25,0.25,176.75
16769,83.916041,31.25,0.25,176.75
16770,83.920950,31.25,0.25,176.75
16771,83.926389,31.25,0.25,176.75
16772,83.931285,31.25,0.25,176.75
16773,83.936400,31.25,0.25,176.75
16774,83.941555,31.25,0.25,176.75
16775,83.946460,31.25,0.25,176.75
16776,83.950531,31.25,0.25,176.75
16777,83.956102,31.25,0.25,176.75
16778,83.961207,31.25,0.25,176.75
16779,83.966476,31.25,0.25,176.75
16780,83.971372,31.25,0.25,176.75
16781,83.976482,31.25,0.25,176.75
16782,83.981644,31.25,0.25,176.75
16783,83.986549,31.25,0.25,176.75
16784,83.991918,31.25,0.25,176.75
16785,83.995487,31.25,0.25,176.75
16786,84.002309,31.25,0.25,176.75
16787,84.006324,31.25,0.25,176.75
16788,84.011233,31.25,0.25,176.75
16789,84.016125,31.25,0.25,176.75
16790,84.021554,31.25,0.25,176.75
16791,84.026447,31.25,0.25,176.75
16792,84.031829,31.25,0.25,176.75
16793,84.036724,31.25,0.25,176.75
16794,84.041633,31.25,0.25,176.75
16795,84.045703,31.25,0.25,176.75
16796,84.050599,31.25,0.25,176.75
16797,84.055673,31.25,0.25,176.75
16798,84.061122,31.25,0.25,176.75
16799,84.066557,31.25,0.25,176.75
16800,84.071693,31.25,0.25,176.75
16801,84.075521,31.25,0.25,176.75
16802,84.080417,31.25,0.25,176.75
16803,84.085530,31.25,0.25,176.75
16804,84.090690,31.25,0.25,176.75
16805,84.095594,31.25,0.25,176.75
16806,84.100991,31.25,0.25,176.75
16807,84.105887,31.25,0.25,176.75
16808,84.111350,31.25,0.25,176.75
16809,84.116811,31.25,0.25,176.75
16810,84.121706,31.25,0.25,176.75
16811,84.126842,31.25,0.25,176.75
16812,84.130674,31.25,0.25,176.75
16813,84.135566,31.25,0.25,176.75
16814,84.141028,31.25,0.25,176.75
16815,84.145923,31.25,0.25,176.75
16816,84.150832,31.25,0.25,176.75
16817,84.156455,31.25,0.25,176.75
16818,84.160523,31.25,0.25,176.75
16819,84.165418,31.25,0.25,176.75
16820,84.170865,31.25,0.25,176.75
16821,84.175759,31.25,0.25,176.75
16822,84.180668,31.25,0.25,176.75
16823,84.190483,31.25,0.25,176.75
16824,84.192704,31.25,0.25,176.75
16825,84.196269,31.25,0.25,176.75
16826,84.201189,31.25,0.25,176.75
16827,84.206609,31.25,0.25,176.75
16828,84.211567,31.25,0.25,176.75
16829,84.215702,31.25,0.25,176.75
16830,84.221117,31.25,0.25,176.75
16831,84.226006,31.25,0.25,176.75
16832,84.231112,31.25,0.25,176.75
16833,84.236545,31.25,0.25,176.75
16834,84.241440,31.25,0.25,176.75
16835,84.246575,31.25,0.25,176.75
16836,84.251733,31.25,0.25,176.75
16837,84.256785,31.25,0.25,176.75
16838,84.260540,31.25,0.25,176.75
16839,84.265818,31.25,0.25,176.75
16840,84.270713,31.25,0.25,176.75
16841,84.276177,31.25,0.25,176.75
16842,84.281603,31.25,0.25,176.75
16843,84.286736,31.25,0.25,176.75
16844,84.290568,31.25,0.25,176.75
16845,84.295460,31.25,0.25,176.75
16846,84.300574,31.25,0.25,176.75
16847,84.305754,31.25,0.25,176.75
16848,84.310662,31.25,0.25,176.75
16849,84.316035,31.25,0.25,176.75
16850,84.320934,31.25,0.25,176.75
16851,84.326072,31.25,0.25,176.75
16852,84.331231,31.25,0.25,176.75
16853,84.336699,31.25,0.25,176.75
16854,84.340757,31.25,0.25,176.75
16855,84.345650,31.25,0.25,176.75
16856,84.350778,31.25,0.25,176.75
16857,84.356210,31.25,0.25,176.75
16858,84.361101,31.25,0.25,176.75
16859,84.366323,31.25,0.25,176.75
16860,84.371492,31.25,0.25,176.75
16861,84.376396,31.25,0.25,176.75
16862,84.381769,31.25,0.25,176.75
16863,84.386665,31.25,0.25,176.75
16864,84.390730,31.25,0.25,176.75
16865,84.396185,31.25,0.25,176.75
16866,84.401076,31.25,0.25,176.75
16867,84.406202,31.25,0.25,176.75
16868,84.411402,31.25,0.25,176.75
16869,84.416308,31.25,0.25,176.75
16870,84.421680,31.25,0.25,176.75
16871,84.426573,31.25,0.25,176.75
16872,84.431717,31.25,0.25,176.75
16873,84.435545,31.25,0.25,176.75
16874,84.440441,31.25,0.25,176.75
16875,84.445851,31.25,0.25,176.75
16876,84.451281,31.25,0.25,176.75
16877,84.456500,31.25,0.25,176.75
16878,84.461771,31.25,0.25,176.75
16879,84.466663,31.25,0.25,176.75
16880,84.472050,31.25,0.25,176.75
16881,84.475619,31.25,0.25,176.75
16882,84.480515,31.25,0.25,176.75
16883,84.485952,31.25,0.25,176.75
16884,84.490861,31.25,0.25,176.75
16885,84.496229,31.25,0.25,176.75
16886,84.501701,31.25,0.25,176.75
16887,84.506834,31.25,0.25,176.75
16888,84.510666,31.25,0.25,176.75
16889,84.515558,31.25,0.25,176.75
16890,84.520697,31.25,0.25,176.75
16891,84.525852,31.25,0.25,176.75
16892,84.530760,31.25,0.25,176.75
16893,84.536140,31.25,0.25,176.75
16894,84.541032,31.25,0.25,176.75
16895,84.545937,31.25,0.25,176.75
16896,84.551380,31.25,0.25,176.75
16897,84.556930,31.25,0.25,176.75
16898,84.560525,31.25,0.25,176.75
16899,84.565946,31.25,0.25,176.75
16900,84.570845,31.25,0.25,176.75
16901,84.575749,31.25,0.25,176.75
16902,84.581232,31.25,0.25,176.75
16903,84.586124,31.25,0.25,176.75
16904,84.591267,31.125,0.25,176.75
16905,84.596668,31.125,0.25,176.75
16906,84.601564,31.125,0.25,176.75
16907,84.606675,31.125,0.25,176.75
16908,84.610531,31.125,0.25,176.75
16909,84.615976,31.125,0.25,176.75
16910,84.621392,31.125,0.25,176.75
16911,84.626297,31.125,0.25,176.75
16912,84.631427,31.125,0.25,176.75
16913,84.636602,31.125,0.25,176.75
16914,84.641511,31.125,0.25,176.75
16915,84.646882,31.125,0.25,176.75
16916,84.650454,31.125,0.25,176.75
16917,84.656832,31.125,0.25,176.75
16918,84.660707,31.125,0.25,176.75
16919,84.666432,31.125,0.25,176.75
16920,84.671331,31.125,0.25,176.75
16921,84.676710,31.125,0.25,176.75
16922,84.681606,31.125,0.25,176.75
16923,84.686735,31.125,0.25,176.75
16924,84.690578,31.125,0.25,176.75
16925,84.695470,31.125,0.25,176.75
16926,84.700609,31.125,0.25,176.75
16927,84.705764,31.125,0.25,176.75
16928,84.710672,31.125,0.25,176.75
16929,84.716624,31.125,0.25,176.75
16930,84.721522,31.125,0.25,176.75
16931,84.726955,31.125,0.25,176.75
16932,84.730526,31.125,0.25,176.75
16933,84.736758,31.125,0.25,176.75
16934,84.740828,31.125,0.25,176.75
16935,84.745723,31.125,0.25,176.75
16936,84.750631,31.125,0.25,176.75
16937,84.756174,31.125,0.25,176.75
16938,84.761066,31.125,0.25,176.75
16939,84.765971,31.125,0.25,176.75
16940,84.771437,31.125,0.25,176.75
16941,84.775544,31.125,0.25,176.75
16942,84.780440,31.125,0.25,176.75
16943,84.785872,31.125,0.25,176.75
16944,84.790780,31.125,0.25,176.75
16945,84.795697,31.125,0.25,176.75
16946,84.801130,31.125,0.25,176.75
16947,84.806019,31.125,0.25,176.75
16948,84.811164,31.125,0.25,176.75
16949,84.816314,31.125,0.25,176.75
16950,84.821718,31.125,0.25,176.75
16951,84.827070,31.125,0.25,176.75
16952,84.830641,31.125,0.25,176.75
16953,84.835534,31.125,0.25,176.75
16954,84.840918,31.125,0.25,176.75
16955,84.845813,31.125,0.25,176.75
16956,84.850722,31.125,0.25,176.75
16957,84.856264,31.125,0.25,176.75
16958,84.861173,31.125,0.25,176.75
16959,84.866062,31.125,0.25,176.75
16960,84.871520,31.125,0.25,176.75
16961,84.875634,31.125,0.25,176.75
16962,84.880530,31.125,0.25,176.75
16963,84.885959,31.125,0.25,176.75
16964,84.890868,31.125,0.25,176.75
16965,84.895988,31.125,0.25,176.75
16966,84.901160,31.125,0.25,176.75
16967,84.906048,31.125,0.25,176.75
16968,84.911427,31.125,0.25,176.75
16969,84.916332,31.125,0.25,176.75
16970,84.921228,31.125,0.25,176.75
16971,84.927170,31.125,0.25,176.75
16972,84.930735,31.125,0.25,176.75
16973,84.935627,31.125,0.25,176.75
16974,84.941062,31.125,0.25,176.75
16975,84.945968,31.125,0.25,176.75
16976,84.951141,31.125,0.25,176.75
16977,84.956461,31.125,0.25,176.75
16978,84.961369,31.125,0.25,176.75
16979,84.966582,31.125,0.25,176.75
16980,84.971756,31.125,0.25,176.75
16981,84.976661,31.125,0.25,176.75
16982,84.981011,31.125,0.25,176.75
16983,84.986171,31.125,0.25,176.75
16984,84.991063,31.125,0.25,176.75
16985,84.996206,31.125,0.25,176.75
16986,85.001359,31.125,0.25,176.75
16987,85.006264,31.125,0.25,176.75
16988,85.011636,31.125,0.25,176.75
16989,85.016529,31.125,0.25,176.75
16990,85.021461,31.125,0.25,176.75
16991,85.026839,31.125,0.25,176.75
16992,85.031747,31.125,0.25,176.75
16993,85.036861,31.125,0.25,176.75
16994,85.041222,31.125,0.25,176.75
16995,85.046127,31.125,0.25,176.75
16996,85.051256,31.125,0.25,176.75
16997,85.056551,31.125,0.25,176.75
16998,85.061460,31.125,0.25,176.75
16999,85.066672,31.125,0.25,176.75
17000,85.070519,31.125,0.25,176.75
17001,85.076752,31.125,0.25,176.75
17002,85.080551,31.125,0.25,176.75
17003,85.086698,31.125,0.25,176.75
17004,85.091593,31.125,0.25,176.75
17005,85.095661,31.125,0.25,176.75
17006,85.101132,31.125,0.25,176.75
17007,85.106021,31.125,0.25,176.75
17008,85.111485,31.125,0.25,176.75
17009,85.116377,31.125,0.25,176.75
17010,85.121760,31.125,0.25,176.75
17011,85.126655,31.125,0.25,176.75
17012,85.131588,31.125,0.25,176.75
17013,85.135633,31.125,0.25,176.75
17014,85.140530,31.125,0.25,176.75
17015,85.145434,31.125,0.25,176.75
17016,85.151372,31.125,0.25,176.75
17017,85.156277,31.125,0.25,176.75
17018,85.161402,31.125,0.25,176.75
17019,85.166554,31.125,0.25,176.75
17020,85.171463,31.125,0.25,176.75
17021,85.176834,31.125,0.25,176.75
17022,85.181731,31.125,0.25,176.75
17023,85.191158,31.125,0.25,176.75
17024,85.193496,31.125,0.25,176.75
17025,85.197364,31.125,0.25,176.75
17026,85.202272,31.125,0.25,176.75
17027,85.207193,31.125,0.25,176.75
17028,85.211519,31.125,0.25,176.75
17029,85.216696,31.125,0.25,176.75
17030,85.221591,31.125,0.25,176.75
17031,85.226520,31.125,0.25,176.75
17032,85.231923,31.125,0.25,176.75
17033,85.236829,31.125,0.25,176.75
17034,85.242200,31.125,0.25,176.75
17035,85.247089,31.125,0.25,176.75
17036,85.252022,31.125,0.25,176.75
17037,85.257463,31.125,0.25,176.75
17038,85.262865,31.125,0.25,176.75
17039,85.266643,31.125,0.25,176.75
17040,85.271801,31.125,0.25,176.75
17041,85.276707,31.125,0.25,176.75
17042,85.282079,31.125,0.25,176.75
17043,85.286974,31.125,0.25,176.75
17044,85.291883,31.125,0.25,176.75
17045,85.297324,31.125,0.25,176.75
17046,85.302219,31.125,0.25,176.75
17047,85.307334,31.125,0.25,176.75
17048,85.311161,31.125,0.25,176.75
17049,85.316609,31.125,0.25,176.75
17050,85.321990,31.125,0.25,176.75
17051,85.326885,31.125,0.25,176.75
17052,85.331794,31.125,0.25,176.75
17053,85.337235,31.125,0.25,176.75
17054,85.342130,31.125,0.25,176.75
17055,85.347244,31.125,0.25,176.75
17056,85.352400,31.125,0.25,176.75
17057,85.357305,31.125,0.25,176.75
17058,85.362677,31.125,0.25,176.75
17059,85.366803,31.125,0.25,176.75
17060,85.371698,31.125,0.25,176.75
17061,85.377142,31.125,0.25,176.75
17062,85.382034,31.125,0.25,176.75
17063,85.386951,31.125,0.25,176.75
17064,85.392383,31.125,0.25,176.75
17065,85.397276,31.125,0.25,176.75
17066,85.402406,31.125,0.25,176.75
17067,85.406243,31.125,0.25,176.75
17068,85.411139,31.125,0.25,176.75
17069,85.416259,31.125,0.25,176.75
17070,85.421961,31.125,0.25,176.75
17071,85.426867,31.125,0.25,176.75
17072,85.432310,31.125,0.25,176.75
17073,85.437202,31.125,0.25,176.75
17074,85.442598,31.125,0.25,176.75
17075,85.446166,31.125,0.25,176.75
17076,85.452614,31.125,0.25,176.75
17077,85.456438,31.125,0.25,176.75
17078,85.461334,31.125,0.25,176.75
17079,85.466429,31.125,0.25,176.75
17080,85.472173,31.125,0.25,176.75
17081,85.477062,31.125,0.25,176.75
17082,85.482504,31.125,0.25,176.75
17083,85.487396,31.125,0.25,176.75
17084,85.492521,31.125,0.25,176.75
17085,85.496350,31.125,0.25,176.75
17086,85.501245,31.125,0.25,176.75
17087,85.506656,31.125,0.25,176.75
17088,85.511551,31.125,0.25,176.75
17089,85.516457,31.125,0.25,176.75
17090,85.522380,31.125,0.25,176.75
17091,85.527285,31.125,0.25,176.75
17092,85.532679,31.125,0.25,176.75
17093,85.536245,31.125,0.25,176.75
17094,85.541139,31.125,0.25,176.75
17095,85.546598,31.125,0.25,176.75
17096,85.551493,31.125,0.25,176.75
17097,85.556876,31.125,0.25,176.75
17098,85.561774,31.125,0.25,176.75
17099,85.566680,31.125,0.25,176.75
17100,85.572618,31.125,0.25,176.75
17101,85.576187,31.125,0.25,176.75
17102,85.581286,31.125,0.25,176.75
17103,85.586457,31.125,0.25,176.75
17104,85.591365,31.125,0.25,176.75
17105,85.596737,31.125,0.25,176.75
17106,85.601635,31.125,0.25,176.75
17107,85.606773,31.125,0.25,176.75
17108,85.612165,31.125,0.25,176.75
17109,85.617053,31.125,0.25,176.75
17110,85.622195,31.125,0.25,176.75
17111,85.626517,31.125,0.25,176.75
17112,85.631415,31.125,0.25,176.75
17113,85.636551,31.125,0.25,176.75
17114,85.641709,31.125,0.25,176.75
17115,85.646614,31.125,0.25,176.75
17116,85.651987,31.125,0.25,176.75
17117,85.656882,31.125,0.25,176.75
17118,85.661815,31.125,0.25,176.75
17119,85.667256,31.125,0.25,176.75
17120,85.672152,31.125,0.25,176.75
17121,85.677294,31.125,0.25,176.75
17122,85.681622,31.125,0.25,176.75
17123,85.686515,31.125,0.25,176.75
17124,85.691654,31.125,0.25,176.75
17125,85.696806,31.125,0.25,176.75
17126,85.701714,31.125,0.25,176.75
17127,85.707061,31.125,0.25,176.75
17128,85.711960,31.125,0.25,176.75
17129,85.716865,31.125,0.25,176.75
17130,85.722331,31.125,0.25,176.75
17131,85.727223,31.125,0.25,176.75
17132,85.732343,31.125,0.25,176.75
17133,85.736165,31.125,0.25,176.75
17134,85.741618,31.125,0.25,176.75
17135,85.746750,31.125,0.25,176.75
17136,85.751908,31.125,0.25,176.75
17137,85.756814,31.125,0.25,176.75
17138,85.762193,31.125,0.25,176.75
17139,85.767081,31.125,0.25,176.75
17140,85.771990,31.125,0.25,176.75
17141,85.777430,31.125,0.25,176.75
17142,85.782326,31.125,0.25,176.75
17143,85.787443,31.125,0.25,176.75
17144,85.791318,31.125,0.25,176.75
17145,85.796766,31.125,0.25,176.75
17146,85.802153,31.125,0.25,176.75
17147,85.807042,31.125,0.25,176.75
17148,85.811976,31.125,0.25,176.75
17149,85.817416,31.125,0.25,176.75
17150,85.822311,31.125,0.25,176.75
17151,85.827429,31.125,0.25,176.75
17152,85.831254,31.125,0.25,176.75
17153,85.836146,31.125,0.25,176.75
17154,85.841557,31.125,0.25,176.75
17155,85.847008,31.125,0.25,176.75
17156,85.852152,31.125,0.25,176.75
17157,85.857303,31.125,0.25,176.75
17158,85.862212,32.875,0.25,176.75
17159,85.867580,32.875,0.25,176.75
17160,85.871152,32.875,0.25,176.75
17161,85.877383,32.875,0.25,176.75
17162,85.881455,32.875,0.25,176.75
17163,85.886350,32.875,0.25,176.75
17164,85.891275,32.875,0.25,176.75
17165,85.897192,32.875,0.25,176.75
17166,85.902084,32.875,0.25,176.75
17167,85.907466,32.875,0.25,176.75
17168,85.912365,32.875,0.25,176.75
17169,85.917295,32.875,0.25,176.75
17170,85.921346,32.875,0.25,176.75
17171,85.926251,32.875,0.25,176.75
17172,85.931175,32.875,0.25,176.75
17173,85.936573,32.875,0.25,176.75
17174,85.941469,32.875,0.25,176.75
17175,85.946604,32.875,0.25,176.75
17176,85.951787,32.875,0.25,176.75
17177,85.957256,32.875,0.25,176.75
17178,85.962666,32.875,0.25,176.75
17179,85.966231,32.875,0.25,176.75
17180,85.971127,32.875,0.25,176.75
17181,85.976584,32.875,0.25,176.75
17182,85.981480,32.875,0.25,176.75
17183,85.986863,32.875,0.25,176.75
17184,85.991760,32.875,0.25,176.75
17185,85.996666,32.875,0.25,176.75
17186,86.002131,32.875,0.25,176.75
17187,86.007534,32.875,0.25,176.75
17188,86.011090,32.875,0.25,176.75
17189,86.016520,32.875,0.25,176.75
17190,86.021415,32.875,0.25,176.75
17191,86.026551,32.875,0.25,176.75
17192,86.031709,32.875,0.25,176.75
17193,86.036614,32.875,0.25,176.75
17194,86.042129,32.875,0.25,176.75
17195,86.047018,32.875,0.25,176.75
17196,86.052156,32.875,0.25,176.75
17197,86.057332,32.875,0.25,176.75
17198,86.061428,32.875,0.25,176.75
17199,86.066809,32.875,0.25,176.75
17200,86.071707,32.875,0.25,176.75
17201,86.076842,32.875,0.25,176.75
17202,86.082005,32.875,0.25,176.75
17203,86.086910,32.875,0.25,176.75
17204,86.092289,32.875,0.25,176.75
17205,86.097195,32.875,0.25,176.75
17206,86.102086,32.875,0.25,176.75
17207,86.106137,32.875,0.25,176.75
17208,86.111601,32.875,0.25,176.75
17209,86.116732,32.875,0.25,176.75
17210,86.121940,32.875,0.25,176.75
17211,86.126846,32.875,0.25,176.75
17212,86.132289,32.875,0.25,176.75
17213,86.137181,32.875,0.25,176.75
17214,86.142312,32.875,0.25,176.75
17215,86.146133,32.875,0.25,176.75
17216,86.152369,32.875,0.25,176.75
17217,86.156125,32.875,0.25,176.75
17218,86.161301,32.875,0.25,176.75
17219,86.166206,32.875,0.25,176.75
17220,86.172104,32.875,0.25,176.75
17221,86.176999,32.875,0.25,176.75
17222,86.181908,32.875,0.25,176.75
17223,86.193128,32.875,0.25,176.75
17224,86.195350,32.875,0.25,176.75
17225,86.199256,32.875,0.25,176.75
17226,86.204437,32.875,0.25,176.75
17227,86.209342,32.875,0.25,176.75
17228,86.214717,32.875,0.25,176.75
17229,86.218286,32.875,0.25,176.75
17230,86.223724,32.875,0.25,176.75
17231,86.229183,32.875,0.25,176.75
17232,86.234075,32.875,0.25,176.75
17233,86.239196,32.875,0.25,176.75
17234,86.244348,32.875,0.25,176.75
17235,86.249253,32.875,0.25,176.75
17236,86.254628,32.875,0.25,176.75
17237,86.258194,32.875,0.25,176.75
17238,86.264428,32.875,0.25,176.75
17239,86.268455,32.875,0.25,176.75
17240,86.273902,32.875,0.25,176.75
17241,86.279028,32.875,0.25,176.75
17242,86.284184,32.875,0.25,176.75
17243,86.289073,32.875,0.25,176.75
17244,86.294442,32.875,0.25,176.75
17245,86.299338,32.875,0.25,176.75
17246,86.304455,32.875,0.25,176.75
17247,86.308279,32.875,0.25,176.75
17248,86.313175,32.875,0.25,176.75
17249,86.318295,32.875,0.25,176.75
17250,86.323951,32.875,0.25,176.75
17251,86.328844,32.875,0.25,176.75
17252,86.334207,32.875,0.25,176.75
17253,86.339096,32.875,0.25,176.75
17254,86.344004,32.875,0.25,176.75
17255,86.349469,32.875,0.25,176.75
17256,86.354365,32.875,0.25,176.75
17257,86.359748,32.875,0.25,176.75
17258,86.363317,32.875,0.25,176.75
17259,86.368210,32.875,0.25,176.75
17260,86.373641,32.875,0.25,176.75
17261,86.378534,32.875,0.25,176.75
17262,86.383648,32.875,0.25,176.75
17263,86.389455,32.875,0.25,176.75
17264,86.394351,32.875,0.25,176.75
17265,86.399465,32.875,0.25,176.75
17266,86.403290,32.875,0.25,176.75
17267,86.408182,32.875,0.25,176.75
17268,86.413306,32.875,0.25,176.75
17269,86.418455,32.875,0.25,176.75
17270,86.423363,32.875,0.25,176.75
17271,86.428780,32.875,0.25,176.75
17272,86.433675,32.875,0.25,176.75
17273,86.439097,32.875,0.25,176.75
17274,86.444505,32.875,0.25,176.75
17275,86.449397,32.875,0.25,176.75
17276,86.454536,32.875,0.25,176.75
17277,86.458364,32.875,0.25,176.75
17278,86.463259,32.875,0.25,176.75
17279,86.468388,32.875,0.25,176.75
17280,86.473554,32.875,0.25,176.75
17281,86.478459,32.875,0.25,176.75
17282,86.483913,32.875,0.25,176.75
17283,86.488818,32.875,0.25,176.75
17284,86.493947,32.875,0.25,176.75
17285,86.498283,32.875,0.25,176.75
17286,86.503191,32.875,0.25,176.75
17287,86.508582,32.875,0.25,176.75
17288,86.513477,32.875,0.25,176.75
17289,86.518382,32.875,0.25,176.75
17290,86.523813,32.875,0.25,176.75
17291,86.528718,32.875,0.25,176.75
17292,86.534080,32.875,0.25,176.75
17293,86.538975,32.875,0.25,176.75
17294,86.543908,32.875,0.25,176.75
17295,86.549847,32.875,0.25,176.75
17296,86.553417,32.875,0.25,176.75
17297,86.558310,32.875,0.25,176.75
17298,86.563737,32.875,0.25,176.75
17299,86.568630,32.875,0.25,176.75
17300,86.573744,32.875,0.25,176.75
17301,86.578924,32.875,0.25,176.75
17302,86.583833,32.875,0.25,176.75
17303,86.589211,32.875,0.25,176.75
17304,86.594103,32.875,0.25,176.75
17305,86.599007,32.875,0.25,176.75
17306,86.604972,32.875,0.25,176.75
17307,86.608537,32.875,0.25,176.75
17308,86.613654,32.875,0.25,176.75
17309,86.618809,32.875,0.25,176.75
17310,86.623718,32.875,0.25,176.75
17311,86.629089,32.875,0.25,176.75
17312,86.634182,32.875,0.25,176.75
17313,86.639071,32.875,0.25,176.75
17314,86.644487,32.875,0.25,176.75
17315,86.649380,32.875,0.25,176.75
17316,86.653507,32.875,0.25,176.75
17317,86.658956,32.875,0.25,176.75
17318,86.663865,32.875,0.25,176.75
17319,86.668979,32.875,0.25,176.75
17320,86.674150,32.875,0.25,176.75
17321,86.679039,32.875,0.25,176.75
17322,86.684421,32.875,0.25,176.75
17323,86.689327,32.875,0.25,176.75
17324,86.694223,32.875,0.25,176.75
17325,86.698244,32.875,0.25,176.75
17326,86.703710,32.875,0.25,176.75
17327,86.708206,32.875,0.25,176.75
17328,86.713672,32.875,0.25,176.75
17329,86.718564,32.875,0.25,176.75
17330,86.723753,32.875,0.25,176.75
17331,86.728908,32.875,0.25,176.75
17332,86.733817,32.875,0.25,176.75
17333,86.739196,32.875,0.25,176.75
17334,86.744088,32.875,0.25,176.75
17335,86.748993,32.875,0.25,176.75
17336,86.754458,32.875,0.25,176.75
17337,86.759351,32.875,0.25,176.75
17338,86.764790,32.875,0.25,176.75
17339,86.768826,32.875,0.25,176.75
17340,86.773722,32.875,0.25,176.75
17341,86.778627,32.875,0.25,176.75
17342,86.784065,32.875,0.25,176.75
17343,86.788971,32.875,0.25,176.75
17344,86.794067,32.875,0.25,176.75
17345,86.799247,32.875,0.25,176.75
17346,86.804155,32.875,0.25,176.75
17347,86.809527,32.875,0.25,176.75
17348,86.814426,32.875,0.25,176.75
17349,86.819331,32.875,0.25,176.75
17350,86.823453,32.875,0.25,176.75
17351,86.828891,32.875,0.25,176.75
17352,86.833800,32.875,0.25,176.75
17353,86.839259,32.875,0.25,176.75
17354,86.844155,32.875,0.25,176.75
17355,86.849273,32.875,0.25,176.75
17356,86.854421,32.875,0.25,176.75
17357,86.859327,32.875,0.25,176.75
17358,86.864702,32.875,0.25,176.75
17359,86.868267,32.875,0.25,176.75
17360,86.873163,32.875,0.25,176.75
17361,86.879100,32.875,0.25,176.75
17362,86.883999,32.875,0.25,176.75
17363,86.888904,32.875,0.25,176.75
17364,86.894359,32.875,0.25,176.75
17365,86.899251,32.875,0.25,176.75
17366,86.904369,32.875,0.25,176.75
17367,86.908194,32.875,0.25,176.75
17368,86.914428,32.875,0.25,176.75
17369,86.918525,32.875,0.25,176.75
17370,86.923424,32.875,0.25,176.75
17371,86.928329,32.875,0.25,176.75
17372,86.934249,32.875,0.25,176.75
17373,86.939155,32.875,0.25,176.75
17374,86.944283,32.875,0.25,176.75
17375,86.949432,32.875,0.25,176.75
17376,86.954340,32.875,0.25,176.75
17377,86.959712,32.875,0.25,176.75
17378,86.963282,32.875,0.25,176.75
17379,86.968174,32.875,0.25,176.75
17380,86.973630,32.875,0.25,176.75
17381,86.978523,32.875,0.25,176.75
17382,86.983661,32.875,0.25,176.75
17383,86.988817,32.875,0.25,176.75
17384,86.994228,32.875,0.25,176.75
17385,86.998254,32.875,0.25,176.75
17386,87.003162,32.875,0.25,176.75
17387,87.009586,32.875,0.25,176.75
17388,87.013438,32.875,0.25,176.75
17389,87.018330,32.875,0.25,176.75
17390,87.023720,32.875,0.25,176.75
17391,87.028613,32.875,0.25,176.75
17392,87.033546,32.875,0.25,176.75
17393,87.039020,32.875,0.25,176.75
17394,87.043929,32.875,0.25,176.75
17395,87.048249,32.875,0.25,176.75
17396,87.053400,32.875,0.25,176.75
17397,87.058306,32.875,0.25,176.75
17398,87.063681,32.875,0.25,176.75
17399,87.068574,32.875,0.25,176.75
17400,87.073715,32.875,0.25,176.75
17401,87.078873,32.875,0.25,176.75
17402,87.083782,32.875,0.25,176.75
17403,87.089135,32.875,0.25,176.75
17404,87.094027,32.875,0.25,176.75
17405,87.098932,32.875,0.25,176.75
17406,87.104871,32.875,0.25,176.75
17407,87.108436,32.875,0.25,176.75
17408,87.113554,32.875,0.25,176.75
17409,87.118708,32.875,0.25,176.75
17410,87.123617,32.875,0.25,176.75
17411,87.129093,32.875,0.25,176.75
17412,87.134002,32.875,0.25,176.75
17413,87.139133,41.375,0.25,176.75
17414,87.144282,41.375,0.25,176.75
17415,87.149188,41.375,-0.0249062479,175.375
17416,87.154562,41.375,-0.0249062479,175.375
17417,87.158644,41.375,-0.0249062479,175.375
17418,87.163543,41.375,-0.0249062479,175.375
17419,87.168987,41.375,-0.0249062479,175.375
17420,87.173896,41.375,-0.0249062479,175.375
17421,87.178989,41.375,-0.0249062479,175.375
17422,87.184175,41.375,-0.0249062479,175.375
17423,87.194212,41.375,-0.0249062479,175.375
17424,87.196533,41.375,-0.0249062479,175.375
17425,87.200384,41.375,-0.0249062479,175.375
17426,87.205276,41.375,-0.0249062479,175.375
17427,87.210691,41.375,-0.0249062479,175.375
17428,87.214802,41.375,-0.0249062479,175.375
17429,87.219697,41.375,-0.0249062479,175.375
17430,87.224821,41.375,-0.0249062479,175.375
17431,87.229984,41.375,-0.0249062479,175.375
17432,87.234892,41.375,-0.0249062479,175.375
17433,87.240224,41.375,-0.0249062479,175.375
17434,87.245373,41.375,-0.0249062479,175.375
17435,87.250281,41.375,-0.025249999,174
17436,87.254309,41.375,-0.025249999,174
17437,87.259215,41.375,-0.025249999,174
17438,87.265665,41.375,-0.025249999,174
17439,87.269493,41.375,-0.025249999,174
17440,87.274942,41.375,-0.025249999,174
17441,87.280336,41.375,-0.025249999,174
17442,87.285241,41.375,-0.025249999,174
17443,87.290165,41.375,-0.025249999,174
17444,87.294181,41.375,-0.025249999,174
17445,87.300416,41.375,-0.025249999,174
17446,87.305527,41.375,-0.025249999,174
17447,87.309379,41.375,-0.025249999,174
17448,87.314275,41.375,-0.025249999,174
17449,87.319392,41.375,-0.025249999,174
17450,87.325098,41.375,-0.025249999,174
17451,87.330002,41.375,-0.025249999,174
17452,87.335445,41.375,-0.025249999,174
17453,87.340341,41.375,-0.025249999,174
17454,87.345441,41.375,-0.025249999,174
17455,87.349291,41.375,-0.0255937502,172.625
17456,87.354187,41.375,-0.0255937502,172.625
17457,87.359572,41.375,-0.0255937502,172.625
17458,87.364471,41.375,-0.0255937502,172.625
17459,87.369376,41.375,-0.0255937502,172.625
17460,87.375321,41.375,-0.0255937502,172.625
17461,87.380229,41.375,-0.0255937502,172.625
17462,87.385620,41.375,-0.0255937502,172.625
17463,87.389186,41.375,-0.0255937502,172.625
17464,87.395420,41.375,-0.0255937502,172.625
17465,87.399447,41.375,-0.0255937502,172.625
17466,87.404346,41.375,-0.0255937502,172.625
17467,87.409251,41.375,-0.0255937502,172.625
17468,87.414677,41.375,-0.0255937502,172.625
17469,87.419570,41.375,-0.0255937502,172.625
17470,87.424503,41.375,-0.0255937502,172.625
17471,87.430445,41.375,-0.0255937502,172.625
17472,87.435341,41.375,-0.0255937502,172.625
17473,87.440745,41.375,-0.0255937502,172.625
17474,87.444311,41.375,-0.0255937502,172.625
17475,87.449203,41.375,-0.0259374976,171.25
17476,87.454638,41.375,-0.0259374976,171.25
17477,87.459531,41.375,-0.0259374976,171.25
17478,87.464917,41.375,-0.0259374976,171.25
17479,87.469812,41.375,-0.0259374976,171.25
17480,87.474944,41.375,-0.0259374976,171.25
17481,87.479340,41.375,-0.0259374976,171.25
17482,87.484248,41.375,-0.0259374976,171.25
17483,87.489614,41.375,-0.0259374976,171.25
17484,87.494510,41.375,-0.0259374976,171.25
17485,87.499414,41.375,-0.0259374976,171.25
17486,87.504842,41.375,-0.0259374976,171.25
17487,87.509746,41.375,-0.0259374976,171.25
17488,87.514865,41.375,-0.0259374976,171.25
17489,87.520020,41.375,-0.0259374976,171.25
17490,87.524929,41.375,-0.0259374976,171.25
17491,87.530285,41.375,-0.0259374976,171.25
17492,87.535191,41.375,-0.0259374976,171.25
17493,87.539304,41.375,-0.0259374976,171.25
17494,87.544719,41.375,-0.0259374976,171.25
17495,87.549612,41.375,-0.0262812488,169.875
17496,87.554998,41.375,-0.0262812488,169.875
17497,87.559893,41.375,-0.0262812488,169.875
17498,87.564801,41.375,-0.0262812488,169.875
17499,87.570270,41.375,-0.0262812488,169.875
17500,87.575162,41.375,-0.0262812488,169.875
17501,87.580545,41.375,-0.0262812488,169.875
17502,87.585442,41.375,-0.0262812488,169.875
17503,87.590350,41.375,-0.0262812488,169.875
17504,87.594425,41.375,-0.0262812488,169.875
17505,87.599859,41.375,-0.0262812488,169.875
17506,87.604995,41.375,-0.0262812488,169.875
17507,87.610158,41.375,-0.0262812488,169.875
17508,87.615047,41.375,-0.0262812488,169.875
17509,87.620416,41.375,-0.0262812488,169.875
17510,87.625322,41.375,-0.0262812488,169.875
17511,87.630449,41.375,-0.0262812488,169.875
17512,87.634272,41.375,-0.0262812488,169.875
17513,87.639164,41.375,-0.0262812488,169.875
17514,87.644284,41.375,-0.0262812488,169.875
17515,87.649672,41.375,-0.0266249999,168.5
17516,87.655152,41.375,-0.0266249999,168.5
17517,87.660592,41.375,-0.0266249999,168.5
17518,87.664161,41.375,-0.0266249999,168.5
17519,87.670395,41.375,-0.0266249999,168.5
17520,87.674444,41.375,-0.0266249999,168.5
17521,87.679339,41.375,-0.0266249999,168.5
17522,87.684248,41.375,-0.0266249999,168.5
17523,87.689674,41.375,-0.0266249999,168.5
17524,87.694570,41.375,-0.0266249999,168.5
17525,87.699706,41.375,-0.0266249999,168.5
17526,87.705428,41.375,-0.0266249999,168.5
17527,87.710323,41.375,-0.0266249999,168.5
17528,87.715692,41.375,-0.0266249999,168.5
17529,87.719260,41.375,-0.0266249999,168.5
17530,87.724156,41.375,-0.0266249999,168.5
17531,87.729635,41.375,-0.0266249999,168.5
17532,87.734531,41.375,-0.0266249999,168.5
17533,87.739914,41.375,-0.0266249999,168.5
17534,87.744812,41.375,-0.0266249999,168.5
17535,87.749742,41.375,-0.0269687511,167.125
17536,87.755681,41.375,-0.0269687511,167.125
17537,87.759249,41.375,-0.0269687511,167.125
17538,87.764355,41.375,-0.0269687511,167.125
17539,87.769545,41.375,-0.0269687511,167.125
17540,87.774452,41.375,-0.0269687511,167.125
17541,87.779825,41.375,-0.0269687511,167.125
17542,87.784723,41.375,-0.0269687511,167.125
17543,87.789628,41.375,-0.0269687511,167.125
17544,87.795099,41.375,-0.0269687511,167.125
17545,87.800004,41.375,-0.0269687511,167.125
17546,87.805133,41.375,-0.0269687511,167.125
17547,87.809455,41.375,-0.0269687511,167.125
17548,87.814354,41.375,-0.0269687511,167.125
17549,87.819735,41.375,-0.0269687511,167.125
17550,87.824634,41.375,-0.0269687511,167.125
17551,87.829539,41.375,-0.0269687511,167.125
17552,87.834985,41.375,-0.0269687511,167.125
17553,87.839890,41.375,-0.0269687511,167.125
17554,87.845011,41.375,-0.0269687511,167.125
17555,87.850174,41.375,-0.0273124985,165.75
17556,87.855062,41.375,-0.0273124985,165.75
17557,87.860184,41.375,-0.0273124985,165.75
17558,87.864504,41.375,-0.0273124985,165.75
17559,87.869399,41.375,-0.0273124985,165.75
17560,87.874785,41.375,-0.0273124985,165.75
17561,87.879680,41.375,-0.0273124985,165.75
17562,87.884588,41.375,-0.0273124985,165.75
17563,87.890035,41.375,-0.0273124985,165.75
17564,87.894944,41.375,-0.0273124985,165.75
17565,87.899836,41.375,-0.0273124985,165.75
17566,87.904744,41.375,-0.0273124985,165.75
17567,87.909636,41.375,-0.0273124985,165.75
17568,87.914544,41.375,-0.0273124985,165.75
17569,87.919437,41.375,-0.0273124985,165.75
17570,87.924345,41.375,-0.0273124985,165.75
17571,87.929238,41.375,-0.0273124985,165.75
17572,87.935165,41.375,-0.0273124985,165.75
17573,87.940131,41.375,-0.0273124985,165.75
17574,87.945020,41.375,-0.0273124985,165.75
17575,87.949926,41.375,-0.0276562497,164.375
17576,87.955260,41.375,-0.0276562497,164.375
17577,87.960214,41.375,-0.0276562497,164.375
17578,87.965103,41.375,-0.0276562497,164.375
17579,87.970482,41.375,-0.0276562497,164.375
17580,87.975377,41.375,-0.0276562497,164.375
17581,87.980285,41.375,-0.0276562497,164.375
17582,87.984351,41.375,-0.0276562497,164.375
17583,87.989257,41.375,-0.0276562497,164.375
17584,87.994714,41.375,-0.0276562497,164.375
17585,88.000182,41.375,-0.0276562497,164.375
17586,88.005069,41.375,-0.0276562497,164.375
17587,88.010170,41.375,-0.0276562497,164.375
17588,88.015340,41.375,-0.0276562497,164.375
17589,88.020249,41.375,-0.0276562497,164.375
17590,88.025621,41.375,-0.0276562497,164.375
17591,88.029189,41.375,-0.0276562497,164.375
17592,88.035424,41.375,-0.0276562497,164.375
17593,88.039544,41.375,-0.0276562497,164.375
17594,88.044987,41.375,-0.0276562497,164.375
17595,88.050096,41.375,-0.0280000009,163
17596,88.055279,41.375,-0.0280000009,163
17597,88.060188,41.375,-0.0280000009,163
17598,88.065557,41.375,-0.0280000009,163
17599,88.070456,41.375,-0.0280000009,163
17600,88.075361,41.375,-0.0280000009,163
17601,88.079433,41.375,-0.0280000009,163
17602,88.084332,41.375,-0.0280000009,163
17603,88.089238,41.375,-0.0280000009,163
17604,88.095176,41.375,-0.0280000009,163
17605,88.100065,41.375,-0.0280000009,163
17606,88.104998,41.375,-0.0280000009,163
17607,88.110430,41.375,-0.0280000009,163
17608,88.115322,41.375,-0.0280000009,163
17609,88.120419,41.375,-0.0280000009,163
17610,88.124262,41.375,-0.0280000009,163
17611,88.129154,41.375,-0.0280000009,163
17612,88.135622,41.375,-0.0280000009,163
17613,88.139450,41.375,-0.0280000009,163
17614,88.144346,41.375,-0.0280000009,163
17615,88.149439,41.375,-0.0283437483,161.625
17616,88.155186,41.375,-0.0283437483,161.625
17617,88.160073,41.375,-0.0283437483,161.625
17618,88.165450,41.375,-0.0283437483,161.625
17619,88.170349,41.375,-0.0283437483,161.625
17620,88.175254,41.375,-0.0283437483,161.625
17621,88.179326,41.375,-0.0283437483,161.625
17622,88.184235,41.375,-0.0283437483,161.625
17623,88.192980,41.375,-0.0283437483,161.625
17624,88.197047,41.375,-0.0283437483,161.625
17625,88.199453,41.375,-0.0283437483,161.625
17626,88.204964,41.375,-0.0283437483,161.625
17627,88.209869,41.375,-0.0283437483,161.625
17628,88.215359,41.375,-0.0283437483,161.625
17629,88.220268,41.375,-0.0283437483,161.625
17630,88.225184,41.375,-0.0283437483,161.625
17631,88.229196,41.375,-0.0283437483,161.625
17632,88.235432,41.375,-0.0283437483,161.625
17633,88.240365,41.375,-0.0283437483,161.625
17634,88.244385,41.375,-0.0283437483,161.625
17635,88.249291,41.375,-0.0286874995,160.25
17636,88.254186,41.375,-0.0286874995,160.25
17637,88.259612,41.375,-0.0286874995,160.25
17638,88.265065,41.375,-0.0286874995,160.25
17639,88.270447,41.375,-0.0286874995,160.25
17640,88.275343,41.375,-0.0286874995,160.25
17641,88.280251,41.375,-0.0286874995,160.25
17642,88.284296,41.375,-0.0286874995,160.25
17643,88.289202,41.375,-0.0286874995,160.25
17644,88.294319,41.375,-0.0286874995,160.25
17645,88.299471,41.375,-0.0286874995,160.25
17646,88.304379,41.375,-0.0286874995,160.25
17647,88.309776,41.375,-0.0286874995,160.25
17648,88.315188,41.375,-0.0286874995,160.25
17649,88.320321,41.375,-0.0286874995,160.25
17650,88.324141,41.375,-0.0286874995,160.25
17651,88.330377,41.375,-0.0286874995,160.25
17652,88.334204,41.375,-0.0286874995,160.25
17653,88.339357,41.375,-0.0286874995,160.25
17654,88.344265,41.375,-0.0286874995,160.25
17655,88.349637,41.375,-0.0290312506,158.875
17656,88.354536,41.375,-0.0290312506,158.875
17657,88.359440,41.375,-0.0290312506,158.875
17658,88.364862,41.375,-0.0290312506,158.875
17659,88.370334,41.375,-0.0290312506,158.875
17660,88.375710,41.375,-0.0290312506,158.875
17661,88.379276,41.375,-0.0290312506,158.875
17662,88.384172,41.375,-0.0290312506,158.875
17663,88.389559,41.375,-0.0290312506,158.875
17664,88.394458,41.375,-0.0290312506,158.875
17665,88.399363,41.375,-0.0290312506,158.875
17666,88.404792,41.375,-0.0290312506,158.875
17667,88.409685,41.375,-0.0290312506,158.875
17668,88.415071,46.875,-0.0290312506,158.875
17669,88.419195,46.875,-0.0290312506,158.875
17670,88.425430,46.875,-0.0290312506,158.875
17671,88.429469,46.875,-0.0290312506,158.875
17672,88.434368,46.875,-0.0290312506,158.875
17673,88.439298,46.875,-0.0290312506,158.875
17674,88.444703,46.875,-0.0290312506,158.875
17675,88.449595,46.875,-0.25,158.875
17676,88.454982,46.875,-0.25,158.875
17677,88.459877,46.875,-0.25,158.875
17678,88.464786,46.875,-0.25,158.875
17679,88.470724,46.875,-0.25,158.875
17680,88.474293,46.875,-0.25,158.875
17681,88.479414,46.875,-0.25,158.875
17682,88.484587,46.875,-0.25,158.875
17683,88.489493,46.875,-0.25,158.875
17684,88.494943,46.875,-0.25,158.875
17685,88.499838,46.875,-0.25,158.875
17686,88.504967,46.875,-0.25,158.875
17687,88.510154,46.875,-0.25,158.875
17688,88.515043,46.875,-0.25,158.875
17689,88.520401,46.875,-0.25,158.875
17690,88.525799,46.875,-0.25,158.875
17691,88.529365,46.875,-0.25,158.875
17692,88.534784,46.875,-0.25,158.875
17693,88.539676,46.875,-0.25,158.875
17694,88.545063,46.875,-0.25,158.875
17695,88.549958,46.875,-0.25,158.875
17696,88.554891,46.875,-0.25,158.875
17697,88.560336,46.875,-0.25,158.875
17698,88.565228,46.875,-0.25,158.875
17699,88.570344,46.875,-0.25,158.875
17700,88.574167,46.875,-0.25,158.875
17701,88.579615,46.875,-0.25,158.875
17702,88.584751,46.875,-0.25,158.875
17703,88.589907,46.875,-0.25,158.875
17704,88.594815,46.875,-0.25,158.875
17705,88.600173,46.875,-0.25,158.875
17706,88.605061,46.875,-0.25,158.875
17707,88.609991,46.875,-0.25,158.875
17708,88.615457,46.875,-0.25,158.875
17709,88.620353,46.875,-0.25,158.875
17710,88.625466,46.875,-0.25,158.875
17711,88.629792,46.875,-0.25,158.875
17712,88.634688,46.875,-0.25,158.875
17713,88.639801,46.875,-0.25,158.875
17714,88.644956,46.875,-0.25,158.875
17715,88.649862,46.875,-0.25,158.875
17716,88.655307,46.875,-0.25,158.875
17717,88.660203,46.875,-0.25,158.875
17718,88.665331,46.875,-0.25,158.875
17719,88.669425,46.875,-0.25,158.875
17720,88.674324,46.875,-0.25,158.875
17721,88.679229,46.875,-0.25,158.875
17722,88.685174,46.875,-0.25,158.875
17723,88.690063,46.875,-0.25,158.875
17724,88.695207,46.875,-0.25,158.875
17725,88.700360,46.875,-0.25,158.875
17726,88.705265,46.875,-0.25,158.875
17727,88.709292,46.875,-0.25,158.875
17728,88.714201,46.875,-0.25,158.875
17729,88.720624,46.875,-0.25,158.875
17730,88.724480,46.875,-0.25,158.875
17731,88.729372,46.875,-0.25,158.875
17732,88.734783,46.875,-0.25,158.875
17733,88.740263,46.875,-0.25,158.875
17734,88.745168,46.875,-0.25,158.875
17735,88.749214,46.875,-0.25,158.875
17736,88.755450,46.875,-0.25,158.875
17737,88.759217,46.875,-0.25,158.875
17738,88.764414,46.875,-0.25,158.875
17739,88.769319,46.875,-0.25,158.875
17740,88.774694,46.875,-0.25,158.875
17741,88.779587,46.875,-0.25,158.875
17742,88.784496,46.875,-0.25,158.875
17743,88.790512,46.875,-0.25,158.875
17744,88.795407,46.875,-0.25,158.875
17745,88.800546,46.875,-0.25,158.875
17746,88.804374,46.875,-0.25,158.875
17747,88.809266,46.875,-0.25,158.875
17748,88.814365,46.875,-0.25,158.875
17749,88.819539,46.875,-0.25,158.875
17750,88.824446,46.875,-0.25,158.875
17751,88.829847,46.875,-0.25,158.875
17752,88.834755,46.875,-0.25,158.875
17753,88.840138,46.875,-0.25,158.875
17754,88.844227,46.875,-0.25,158.875
17755,88.850462,46.875,-0.25,158.875
17756,88.854527,46.875,-0.25,158.875
17757,88.859420,46.875,-0.25,158.875
17758,88.864328,46.875,-0.25,158.875
17759,88.869761,46.875,-0.25,158.875
17760,88.874657,46.875,-0.25,158.875
17761,88.880039,46.875,-0.25,158.875
17762,88.884938,46.875,-0.25,158.875
17763,88.889843,46.875,-0.25,158.875
17764,88.895789,46.875,-0.25,158.875
17765,88.899357,46.875,-0.25,158.875
17766,88.904253,46.875,-0.25,158.875
17767,88.909696,46.875,-0.25,158.875
17768,88.914592,46.875,-0.25,158.875
17769,88.919728,46.875,-0.25,158.875
17770,88.924883,46.875,-0.25,158.875
17771,88.929788,46.875,-0.25,158.875
17772,88.935171,46.875,-0.25,158.875
17773,88.940060,46.875,-0.25,158.875
17774,88.944968,46.875,-0.25,158.875
17775,88.950906,46.875,-0.25,158.875
17776,88.954474,46.875,-0.25,158.875
17777,88.959367,46.875,-0.25,158.875
17778,88.964796,46.875,-0.25,158.875
17779,88.969688,46.875,-0.25,158.875
17780,88.974827,46.875,-0.25,158.875
17781,88.979983,46.875,-0.25,158.875
17782,88.984891,46.875,-0.25,158.875
17783,88.990273,46.875,-0.25,158.875
17784,88.995179,46.875,-0.25,158.875
17785,89.000067,46.875,-0.25,158.875
17786,89.005507,46.875,-0.25,158.875
17787,89.009629,46.875,-0.25,158.875
17788,89.014813,46.875,-0.25,158.875
17789,89.019968,46.875,-0.25,158.875
17790,89.024877,46.875,-0.25,158.875
17791,89.030234,46.875,-0.25,158.875
17792,89.035139,46.875,-0.25,158.875
17793,89.040268,46.875,-0.25,158.875
17794,89.045416,46.875,-0.25,158.875
17795,89.050325,46.875,-0.25,158.875
17796,89.055697,46.875,-0.25,158.875
17797,89.059265,46.875,-0.25,158.875
17798,89.064161,46.875,-0.25,158.875
17799,89.069545,46.875,-0.25,158.875
17800,89.074989,46.875,-0.25,158.875
17801,89.080097,46.875,-0.25,158.875
17802,89.085280,46.875,-0.25,158.875
17803,89.090189,46.875,-0.25,158.875
17804,89.095555,46.875,-0.25,158.875
17805,89.100451,46.875,-0.25,158.875
17806,89.105357,46.875,-0.25,158.875
17807,89.109413,46.875,-0.25,158.875
17808,89.114321,46.875,-0.25,158.875
17809,89.119213,46.875,-0.25,158.875
17810,89.125144,46.875,-0.25,158.875
17811,89.130033,46.875,-0.25,158.875
17812,89.135179,46.875,-0.25,158.875
17813,89.140330,46.875,-0.25,158.875
17814,89.145236,46.875,-0.25,158.875
17815,89.150607,46.875,-0.25,158.875
17816,89.154173,46.875,-0.25,158.875
17817,89.160408,46.875,-0.25,158.875
17818,89.164434,46.875,-0.25,158.875
17819,89.169329,46.875,-0.25,158.875
17820,89.174442,46.875,-0.25,158.875
17821,89.180257,46.875,-0.25,158.875
17822,89.185149,46.875,-0.25,158.875
17823,89.195151,46.875,-0.25,158.875
17824,89.197372,46.875,-0.25,158.875
17825,89.200937,46.875,-0.25,158.875
17826,89.205829,46.875,-0.25,158.875
17827,89.211268,46.875,-0.25,158.875
17828,89.216215,46.875,-0.25,158.875
17829,89.221123,46.875,-0.25,158.875
17830,89.226536,46.875,-0.25,158.875
17831,89.230653,46.875,-0.25,158.875
17832,89.235545,46.875,-0.25,158.875
17833,89.241003,46.875,-0.25,158.875
17834,89.245909,46.875,-0.25,158.875
17835,89.251026,46.875,-0.25,158.875
17836,89.256181,46.875,-0.25,158.875
17837,89.261074,46.875,-0.25,158.875
17838,89.266506,46.875,-0.25,158.875
17839,89.271401,46.875,-0.25,158.875
17840,89.276524,46.875,-0.25,158.875
17841,89.280355,46.875,-0.25,158.875
17842,89.285247,46.875,-0.25,158.875
17843,89.291266,46.875,-0.25,158.875
17844,89.296171,46.875,-0.25,158.875
17845,89.301063,46.875,-0.25,158.875
17846,89.306503,46.875,-0.25,158.875
17847,89.311398,46.875,-0.25,158.875
17848,89.316534,46.875,-0.25,158.875
17849,89.320366,46.875,-0.25,158.875
17850,89.325258,46.875,-0.25,158.875
17851,89.330380,46.875,-0.25,158.875
17852,89.335528,46.875,-0.25,158.875
17853,89.340435,46.875,-0.25,158.875
17854,89.346365,46.875,-0.25,158.875
17855,89.351274,46.875,-0.25,158.875
17856,89.356399,46.875,-0.25,158.875
17857,89.360227,46.875,-0.25,158.875
17858,89.365118,46.875,-0.25,158.875
17859,89.370242,46.875,-0.25,158.875
17860,89.375388,46.875,-0.25,158.875
17861,89.380297,46.875,-0.25,158.875
17862,89.385669,46.875,-0.25,158.875
17863,89.390567,46.875,-0.25,158.875
17864,89.395981,46.875,-0.25,158.875
17865,89.401442,46.875,-0.25,158.875
17866,89.406334,46.875,-0.25,158.875
17867,89.411474,46.875,-0.25,158.875
17868,89.415298,46.875,-0.25,158.875
17869,89.420194,46.875,-0.25,158.875
17870,89.425314,46.875,-0.25,158.875
17871,89.430466,46.875,-0.25,158.875
17872,89.435372,46.875,-0.25,158.875
17873,89.440793,46.875,-0.25,158.875
17874,89.445688,46.875,-0.25,158.875
17875,89.450621,46.875,-0.25,158.875
17876,89.456561,46.875,-0.25,158.875
17877,89.460132,46.875,-0.25,158.875
17878,89.465247,46.875,-0.25,158.875
17879,89.470402,46.875,-0.25,158.875
17880,89.475308,46.875,-0.25,158.875
17881,89.480727,46.875,-0.25,158.875
17882,89.485620,46.875,-0.25,158.875
17883,89.490741,46.875,-0.25,158.875
17884,89.495896,46.875,-0.25,158.875
17885,89.500805,46.875,-0.25,158.875
17886,89.506756,46.875,-0.25,158.875
17887,89.510327,46.875,-0.25,158.875
17888,89.515220,46.875,-0.25,158.875
17889,89.520673,46.875,-0.25,158.875
17890,89.525566,46.875,-0.25,158.875
17891,89.530702,46.875,-0.25,158.875
17892,89.535857,46.875,-0.25,158.875
17893,89.540765,46.875,-0.25,158.875
17894,89.546283,46.875,-0.25,158.875
17895,89.551178,46.875,-0.25,158.875
17896,89.556572,46.875,-0.25,158.875
17897,89.560700,46.875,-0.25,158.875
17898,89.565592,46.875,-0.25,158.875
17899,89.571025,46.875,-0.25,158.875
17900,89.575931,46.875,-0.25,158.875
17901,89.581047,46.875,-0.25,158.875
17902,89.586203,46.875,-0.25,158.875
17903,89.591096,46.875,-0.25,158.875
17904,89.596458,46.875,-0.25,158.875
17905,89.601357,46.875,-0.25,158.875
17906,89.606262,46.875,-0.25,158.875
17907,89.610291,46.875,-0.25,158.875
17908,89.615746,46.875,-0.25,158.875
17909,89.620654,46.875,-0.25,158.875
17910,89.626096,46.875,-0.25,158.875
17911,89.631004,46.875,-0.25,158.875
17912,89.636376,46.875,-0.25,158.875
17913,89.641285,46.875,-0.25,158.875
17914,89.646177,46.875,-0.25,158.875
17915,89.650227,46.875,-0.25,158.875
17916,89.655132,46.875,-0.25,158.875
17917,89.661595,46.875,-0.25,158.875
17918,89.665924,46.875,-0.25,158.875
17919,89.670823,46.875,-0.25,158.875
17920,89.675958,46.875,-0.25,158.875
17921,89.681158,46.875,-0.25,158.875
17922,89.686046,46.875,-0.25,158.875
17923,89.691449,46.875,-0.25,158.875
17924,89.695209,47,-0.25,158.875
17925,89.701444,47,-0.25,158.875
17926,89.705241,47,-0.25,158.875
17927,89.710414,47,-0.25,158.875
17928,89.715306,47,-0.25,158.875
17929,89.721048,47,-0.25,158.875
17930,89.726204,47,-0.25,158.875
17931,89.731096,47,-0.25,158.875
17932,89.736530,47,-0.25,158.875
17933,89.741425,47,-0.25,158.875
17934,89.745212,47,-0.25,158.875
17935,89.750378,47,-0.25,158.875
17936,89.755284,47,-0.25,158.875
17937,89.760656,47,-0.25,158.875
17938,89.765549,47,-0.25,158.875
17939,89.770457,47,-0.25,158.875
17940,89.776413,47,-0.25,158.875
17941,89.781322,47,-0.25,158.875
17942,89.786242,47,-0.25,158.875
17943,89.790253,47,-0.25,158.875
17944,89.795159,47,-0.25,158.875
17945,89.801621,47,-0.25,158.875
17946,89.805448,47,-0.25,158.875
17947,89.810344,47,-0.25,158.875
17948,89.815437,47,-0.25,158.875
17949,89.820617,47,-0.25,158.875
17950,89.825522,47,-0.25,158.875
17951,89.830919,47,-0.25,158.875
17952,89.836346,47,-0.25,158.875
17953,89.841457,47,-0.25,158.875
17954,89.845313,47,-0.25,158.875
17955,89.850209,47,-0.25,158.875
17956,89.855591,47,-0.25,158.875
17957,89.860491,47,-0.25,158.875
17958,89.865420,47,-0.25,158.875
17959,89.870826,47,-0.25,158.875
17960,89.875731,47,-0.25,158.875
17961,89.880867,47,-0.25,158.875
17962,89.885203,47,-0.25,158.875
17963,89.891439,47,-0.25,158.875
17964,89.895477,47,-0.25,158.875
17965,89.900373,47,-0.25,158.875
17966,89.905303,47,-0.25,158.875
17967,89.910699,47,-0.25,158.875
17968,89.915592,47,-0.25,158.875
17969,89.920525,47,-0.25,158.875
17970,89.925944,47,-0.25,158.875
17971,89.930852,47,-0.25,158.875
17972,89.935966,47,-0.25,158.875
17973,89.940306,47,-0.25,158.875
17974,89.945212,47,-0.25,158.875
17975,89.950337,47,-0.25,158.875
17976,89.955485,47,-0.25,158.875
17977,89.960392,47,-0.25,158.875
17978,89.965765,47,-0.25,158.875
17979,89.970665,47,-0.25,158.875
17980,89.975593,47,-0.25,158.875
17981,89.981068,47,-0.25,158.875
17982,89.985974,47,-0.25,158.875
17983,89.991692,47,-0.25,158.875
17984,89.995520,47,-0.25,158.875
17985,90.000415,47,-0.25,158.875
17986,90.005529,47,-0.25,158.875
17987,90.010688,47,-0.25,158.875
17988,90.015593,47,-0.25,158.875
17989,90.020965,47,-0.25,158.875
17990,90.025860,47,-0.25,158.875
17991,90.031002,47,-0.25,158.875
17992,90.036161,47,-0.25,158.875
17993,90.041054,47,-0.25,158.875
17994,90.046992,47,-0.25,158.875
17995,90.050560,47,-0.25,158.875
17996,90.055749,47,-0.25,158.875
17997,90.060908,47,-0.25,158.875
17998,90.065814,47,-0.25,158.875
17999,90.071192,47,-0.25,158.875
18000,90.076081,47,-0.25,158.875
18001,90.081014,47,-0.25,158.875
18002,90.086455,47,-0.25,158.875
18003,90.091350,47,-0.25,158.875
18004,90.096464,47,-0.25,158.875
18005,90.100790,47,-0.25,158.875
18006,90.105686,47,-0.25,158.875
18007,90.110799,47,-0.25,158.875
18008,90.115979,47,-0.25,158.875
18009,90.120887,47,-0.25,158.875
18010,90.126266,47,-0.25,158.875
18011,90.131176,47,-0.25,158.875
18012,90.136064,47,-0.25,158.875
18013,90.141507,47,-0.25,158.875
18014,90.146400,47,-0.25,158.875
18015,90.150460,47,-0.25,158.875
18016,90.155901,47,-0.25,158.875
18017,90.160809,47,-0.25,158.875
18018,90.165924,47,-0.25,158.875
18019,90.171083,47,-0.25,158.875
18020,90.175988,47,-0.25,158.875
18021,90.181366,47,-0.25,158.875
18022,90.186272,47,-0.25,158.875
18023,90.196182,47,-0.25,158.875
18024,90.198508,47,-0.25,158.875
18025,90.202364,47,-0.25,158.875
18026,90.206477,47,-0.25,158.875
18027,90.211373,47,-0.25,158.875
18028,90.216856,47,-0.25,158.875
18029,90.221764,47,-0.25,158.875
18030,90.227132,47,-0.25,158.875
18031,90.232023,47,-0.25,158.875
18032,90.236929,47,-0.25,158.875
18033,90.242370,47,-0.25,158.875
18034,90.247262,47,-0.25,158.875
18035,90.252375,47,-0.25,158.875
18036,90.256418,47,-0.25,158.875
18037,90.261856,47,-0.25,158.875
18038,90.266989,47,-0.25,158.875
18039,90.272167,47,-0.25,158.875
18040,90.277055,47,-0.25,158.875
18041,90.282429,47,-0.25,158.875
18042,90.287335,47,-0.25,158.875
18043,90.292463,47,-0.25,158.875
18044,90.296291,47,-0.25,158.875
18045,90.301186,47,-0.25,158.875
18046,90.306303,47,-0.25,158.875
18047,90.312009,47,-0.25,158.875
18048,90.316914,47,-0.25,158.875
18049,90.322293,47,-0.25,158.875
18050,90.327198,47,-0.25,158.875
18051,90.332302,47,-0.25,158.875
18052,90.336151,47,-0.25,158.875
18053,90.342385,47,-0.25,158.875
18054,90.347759,47,-0.25,158.875
18055,90.351328,47,-0.25,158.875
18056,90.356221,47,-0.25,158.875
18057,90.361632,47,-0.25,158.875
18058,90.367098,47,-0.25,158.875
18059,90.372006,47,-0.25,158.875
18060,90.377467,47,-0.25,158.875
18061,90.382362,47,-0.25,158.875
18062,90.387745,47,-0.25,158.875
18063,90.391314,47,-0.25,158.875
18064,90.396207,47,-0.25,158.875
18065,90.401641,47,-0.25,158.875
18066,90.406534,47,-0.25,158.875
18067,90.411669,47,-0.25,158.875
18068,90.417441,47,-0.25,158.875
18069,90.422337,47,-0.25,158.875
18070,90.426386,47,-0.25,158.875
18071,90.431295,47,-0.25,158.875
18072,90.436188,47,-0.25,158.875
18073,90.441628,47,-0.25,158.875
18074,90.446520,47,-0.25,158.875
18075,90.451452,47,-0.25,158.875
18076,90.456847,47,-0.25,158.875
18077,90.461754,47,-0.25,158.875
18078,90.467448,47,-0.25,158.875
18079,90.471276,47,-0.25,158.875
18080,90.476169,47,-0.25,158.875
18081,90.481289,47,-0.25,158.875
18082,90.486437,47,-0.25,158.875
18083,90.491346,47,-0.25,158.875
18084,90.496763,47,-0.25,158.875
18085,90.501658,47,-0.25,158.875
18086,90.506755,47,-0.25,158.875
18087,90.511938,47,-0.25,158.875
18088,90.516844,47,-0.25,158.875
18089,90.522222,47,-0.25,158.875
18090,90.526340,47,-0.25,158.875
18091,90.531235,47,-0.25,158.875
18092,90.536685,47,-0.25,158.875
18093,90.541580,47,-0.25,158.875
18094,90.546715,47,-0.25,158.875
18095,90.551924,47,-0.25,158.875
18096,90.556830,47,-0.25,158.875
18097,90.562208,47,-0.25,158.875
18098,90.567097,47,-0.25,158.875
18099,90.572006,47,-0.25,158.875
18100,90.577944,47,-0.25,158.875
18101,90.581513,47,-0.25,158.875
18102,90.586406,47,-0.25,158.875
18103,90.591824,47,-0.25,158.875
18104,90.596729,47,-0.25,158.875
18105,90.601851,47,-0.25,158.875
18106,90.607021,47,-0.25,158.875
18107,90.611930,47,-0.25,158.875
18108,90.617283,47,-0.25,158.875
18109,90.622192,47,-0.25,158.875
18110,90.627317,47,-0.25,158.875
18111,90.631643,47,-0.25,158.875
18112,90.636536,47,-0.25,158.875
18113,90.641676,47,-0.25,158.875
18114,90.646831,47,-0.25,158.875
18115,90.651739,47,-0.25,158.875
18116,90.657180,47,-0.25,158.875
18117,90.662071,47,-0.25,158.875
18118,90.667182,47,-0.25,158.875
18119,90.672358,47,-0.25,158.875
18120,90.677264,47,-0.25,158.875
18121,90.681316,47,-0.25,158.875
18122,90.686759,47,-0.25,158.875
18123,90.691897,47,-0.25,158.875
18124,90.697052,47,-0.25,158.875
18125,90.701961,47,-0.25,158.875
18126,90.707363,47,-0.25,158.875
18127,90.711145,47,-0.25,158.875
18128,90.717377,47,-0.25,158.875
18129,90.721180,47,-0.25,158.875
18130,90.726350,47,-0.25,158.875
18131,90.731245,47,-0.25,158.875
18132,90.736368,47,-0.25,158.875
18133,90.742070,47,-0.25,158.875
18134,90.746976,47,-0.25,158.875
18135,90.752380,47,-0.25,158.875
18136,90.757285,47,-0.25,158.875
18137,90.762414,47,-0.25,158.875
18138,90.766238,47,-0.25,158.875
18139,90.771133,47,-0.25,158.875
18140,90.776252,47,-0.25,158.875
18141,90.781405,47,-0.25,158.875
18142,90.786311,47,-0.25,158.875
18143,90.791708,47,-0.25,158.875
18144,90.797150,47,-0.25,158.875
18145,90.802278,47,-0.25,158.875
18146,90.807426,47,-0.25,158.875
18147,90.812335,47,-0.25,158.875
18148,90.817707,47,-0.25,158.875
18149,90.821276,47,-0.25,158.875
18150,90.826168,47,-0.25,158.875
18151,90.831603,47,-0.25,158.875
18152,90.836496,47,-0.25,158.875
18153,90.841631,47,-0.25,158.875
18154,90.847357,47,-0.25,158.875
18155,90.852252,47,-0.25,158.875
18156,90.856299,47,-0.25,158.875
18157,90.861207,47,-0.25,158.875
18158,90.866342,47,-0.25,158.875
18159,90.871512,47,-0.25,158.875
18160,90.876416,47,-0.25,158.875
18161,90.881789,47,-0.25,158.875
18162,90.886684,47,-0.25,158.875
18163,90.891593,47,-0.25,158.875
18164,90.897532,47,-0.25,158.875
18165,90.902431,47,-0.25,158.875
18166,90.906218,47,-0.25,158.875
18167,90.911373,47,-0.25,158.875
18168,90.916278,47,-0.25,158.875
18169,90.921650,47,-0.25,158.875
18170,90.926543,47,-0.25,158.875
18171,90.931451,47,-0.25,158.875
18172,90.936853,47,-0.25,158.875
18173,90.941761,47,-0.25,158.875
18174,90.947129,47,-0.25,158.875
18175,90.951250,47,-0.25,158.875
18176,90.956142,47,-0.25,158.875
18177,90.961570,47,-0.25,158.875
18178,90.966463,47,-0.25,158.875
18179,90.971845,45.75,-0.25,158.875
18180,90.976740,45.75,-0.25,158.875
18181,90.981649,45.75,-0.25,158.875
18182,90.987070,45.75,-0.25,158.875
18183,90.991979,45.75,-0.25,158.875
18184,90.997096,45.75,-0.25,158.875
18185,91.001428,45.75,-0.25,158.875
18186,91.006334,45.75,-0.25,158.875
18187,91.011438,45.75,-0.25,158.875
18188,91.016614,45.75,-0.25,158.875
18189,91.021523,45.75,-0.25,158.875
18190,91.026895,45.75,-0.25,158.875
18191,91.031793,45.75,-0.25,158.875
18192,91.036699,45.75,-0.25,158.875
18193,91.042161,45.75,-0.25,158.875
18194,91.047049,45.75,-0.25,158.875
18195,91.052424,45.75,-0.249218747,153.125
18196,91.056542,45.75,-0.249218747,153.125
18197,91.061437,45.75,-0.249218747,153.125
18198,91.066845,45.75,-0.249218747,153.125
18199,91.071753,45.75,-0.249218747,153.125
18200,91.076843,45.75,-0.249218747,153.125
18201,91.082026,45.75,-0.249218747,153.125
18202,91.086932,45.75,-0.249218747,153.125
18203,91.092311,45.75,-0.249218747,153.125
18204,91.097217,45.75,-0.249218747,153.125
18205,91.102112,45.75,-0.249218747,153.125
18206,91.108021,45.75,-0.249218747,153.125
18207,91.111590,45.75,-0.249218747,153.125
18208,91.116703,45.75,-0.249218747,153.125
18209,91.121862,45.75,-0.249218747,153.125
18210,91.126767,45.75,-0.249218747,153.125
18211,91.132146,45.75,-0.249218747,153.125
18212,91.137035,45.75,-0.249218747,153.125
18213,91.141944,45.75,-0.249218747,153.125
18214,91.147383,45.75,-0.249218747,153.125
18215,91.152279,45.75,-0.25,149.999969
18216,91.157377,45.75,-0.25,149.999969
18217,91.161744,45.75,-0.25,149.999969
18218,91.166640,45.75,-0.25,149.999969
18219,91.172026,45.75,-0.25,149.999969
18220,91.176921,45.75,-0.25,149.999969
18221,91.181830,45.75,-0.25,149.999969
18222,91.187270,45.75,-0.25,149.999969
18223,91.197184,45.75,-0.25,149.999969
18224,91.199507,45.75,-0.25,149.999969
18225,91.203357,45.75,-0.25,149.999969
18226,91.208249,45.75,-0.25,149.999969
18227,91.212601,45.75,-0.25,149.999969
18228,91.217771,45.75,-0.25,149.999969
18229,91.222679,45.75,-0.25,149.999969
18230,91.228051,45.75,-0.25,149.999969
18231,91.232950,45.75,-0.25,149.999969
18232,91.237856,45.75,-0.25,149.999969
18233,91.243296,45.75,-0.25,149.999969
18234,91.248188,45.75,-0.25,149.999969
18235,91.253574,45.75,-0.25,149.999969
18236,91.257142,45.75,-0.25,149.999969
18237,91.263378,45.75,-0.25,149.999969
18238,91.267428,45.75,-0.25,149.999969
18239,91.272891,45.75,-0.25,149.999969
18240,91.277820,45.75,-0.25,149.999969
18241,91.283256,45.75,-0.25,149.999969
18242,91.288149,45.75,-0.25,149.999969
18243,91.293280,45.75,-0.25,149.999969
18244,91.297099,45.75,-0.25,149.999969
18245,91.303351,45.75,-0.25,149.999969
18246,91.308724,45.75,-0.25,149.999969
18247,91.312296,45.75,-0.25,149.999969
18248,91.317188,45.75,-0.25,149.999969
18249,91.323129,45.75,-0.25,149.999969
18250,91.328018,45.75,-0.25,149.999969
18251,91.332951,45.75,-0.25,149.999969
18252,91.338381,45.75,-0.25,149.999969
18253,91.343276,45.75,-0.25,149.999969
18254,91.348366,45.75,-0.25,149.999969
18255,91.352216,45.75,-0.25,149.999969
18256,91.357104,45.75,-0.25,149.999969
18257,91.362204,45.75,-0.25,149.999969
18258,91.367380,45.75,-0.25,149.999969
18259,91.372289,45.75,-0.25,149.999969
18260,91.378218,45.75,-0.25,149.999969
18261,91.383126,45.75,-0.25,149.999969
18262,91.388040,45.75,-0.25,149.999969
18263,91.393481,45.75,-0.25,149.999969
18264,91.398373,45.75,-0.25,149.999969
18265,91.403487,45.75,-0.25,149.999969
18266,91.407365,45.75,-0.25,149.999969
18267,91.412261,45.75,-0.25,149.999969
18268,91.417646,45.75,-0.25,149.999969
18269,91.422543,45.75,-0.25,149.999969
18270,91.427472,45.75,-0.25,149.999969
18271,91.433395,45.75,-0.25,149.999969
18272,91.438301,45.75,-0.25,149.999969
18273,91.443405,45.75,-0.25,149.999969
18274,91.447251,45.75,-0.25,149.999969
18275,91.452147,45.75,-0.25,149.999969
18276,91.457263,45.75,-0.25,149.999969
18277,91.462419,45.75,-0.25,149.999969
18278,91.467325,45.75,-0.25,149.999969
18279,91.472696,45.75,-0.25,149.999969
18280,91.477591,45.75,-0.25,149.999969
18281,91.482740,45.75,-0.25,149.999969
18282,91.488458,45.75,-0.25,149.999969
18283,91.493354,45.75,-0.25,149.999969
18284,91.497400,45.75,-0.25,149.999969
18285,91.502308,45.75,-0.25,149.999969
18286,91.507201,45.75,-0.25,149.999969
18287,91.512663,45.75,-0.25,149.999969
18288,91.517555,45.75,-0.25,149.999969
18289,91.522694,45.75,-0.25,149.999969
18290,91.527849,45.75,-0.25,149.999969
18291,91.532757,45.75,-0.25,149.999969
18292,91.538439,45.75,-0.25,149.999969
18293,91.542262,45.75,-0.25,149.999969
18294,91.547154,45.75,-0.25,149.999969
18295,91.552277,45.75,-0.25,149.999969
18296,91.557426,45.75,-0.25,149.999969
18297,91.562335,45.75,-0.25,149.999969
18298,91.567707,45.75,-0.25,149.999969
18299,91.572606,45.75,-0.25,149.999969
18300,91.577511,45.75,-0.25,149.999969
18301,91.582960,45.75,-0.25,149.999969
18302,91.587865,45.75,-0.25,149.999969
18303,91.592957,45.75,-0.25,149.999969
18304,91.597318,45.75,-0.25,149.999969
18305,91.602227,45.75,-0.25,149.999969
18306,91.607617,45.75,-0.25,149.999969
18307,91.612514,45.75,-0.25,149.999969
18308,91.617418,45.75,-0.25,149.999969
18309,91.622846,45.75,-0.25,149.999969
18310,91.627751,45.75,-0.25,149.999969
18311,91.632873,45.75,-0.25,149.999969
18312,91.638024,45.75,-0.25,149.999969
18313,91.642932,45.75,-0.25,149.999969
18314,91.648311,45.75,-0.25,149.999969
18315,91.652402,45.75,-0.25,149.999969
18316,91.657294,45.75,-0.25,149.999969
18317,91.662748,45.75,-0.25,149.999969
18318,91.667641,45.75,-0.25,149.999969
18319,91.672779,45.75,-0.25,149.999969
18320,91.677934,45.75,-0.25,149.999969
18321,91.682843,45.75,-0.25,149.999969
18322,91.688221,45.75,-0.25,149.999969
18323,91.693130,45.75,-0.25,149.999969
18324,91.698043,45.75,-0.25,149.999969
18325,91.702362,45.75,-0.25,149.999969
18326,91.707532,45.75,-0.25,149.999969
18327,91.712428,45.75,-0.25,149.999969
18328,91.717519,45.75,-0.25,149.999969
18329,91.722703,45.75,-0.25,149.999969
18330,91.727608,45.75,-0.25,149.999969
18331,91.733305,45.75,-0.25,149.999969
18332,91.738211,45.75,-0.25,149.999969
18333,91.743345,45.75,-0.25,149.999969
18334,91.747171,45.75,-0.25,149.999969
18335,91.753406,45.75,-0.25,149.999969
18336,91.757187,45.75,-0.25,149.999969
18337,91.762889,45.75,-0.25,149.999969
18338,91.767794,45.75,-0.25,149.999969
18339,91.773287,45.75,-0.25,149.999969
18340,91.778179,45.75,-0.25,149.999969
18341,91.783310,45.75,-0.25,149.999969
18342,91.787131,45.75,-0.25,149.999969
18343,91.793367,45.75,-0.25,149.999969
18344,91.797395,45.75,-0.25,149.999969
18345,91.802303,45.75,-0.25,149.999969
18346,91.807196,45.75,-0.25,149.999969
18347,91.813162,45.75,-0.25,149.999969
18348,91.818051,45.75,-0.25,149.999969
18349,91.823171,45.75,-0.25,149.999969
18350,91.828345,45.75,-0.25,149.999969
18351,91.833254,45.75,-0.25,149.999969
18352,91.837281,45.75,-0.25,149.999969
18353,91.842189,45.75,-0.25,149.999969
18354,91.848636,45.75,-0.25,149.999969
18355,91.852465,45.75,-0.25,149.999969
18356,91.857358,45.75,-0.25,149.999969
18357,91.863049,45.75,-0.25,149.999969
18358,91.868206,45.75,-0.25,149.999969
18359,91.873098,45.75,-0.25,149.999969
18360,91.878461,45.75,-0.25,149.999969
18361,91.883360,45.75,-0.25,149.999969
18362,91.888265,45.75,-0.25,149.999969
18363,91.892316,45.75,-0.25,149.999969
18364,91.897222,45.75,-0.25,149.999969
18365,91.902117,45.75,-0.25,149.999969
18366,91.907543,45.75,-0.25,149.999969
18367,91.912945,45.75,-0.25,149.999969
18368,91.918050,45.75,-0.25,149.999969
18369,91.923230,45.75,-0.25,149.999969
18370,91.928135,45.75,-0.25,149.999969
18371,91.932166,45.75,-0.25,149.999969
18372,91.938399,45.75,-0.25,149.999969
18373,91.943522,45.75,-0.25,149.999969
18374,91.947351,45.75,-0.25,149.999969
18375,91.952247,45.75,-0.25,149.999969
18376,91.957367,45.75,-0.25,149.999969
18377,91.962519,45.75,-0.25,149.999969
18378,91.967990,45.75,-0.25,149.999969
18379,91.973466,45.75,-0.25,149.999969
18380,91.978359,45.75,-0.25,149.999969
18381,91.983482,45.75,-0.25,149.999969
18382,91.987312,45.75,-0.25,149.999969
18383,91.992208,45.75,-0.25,149.999969
18384,91.997593,45.75,-0.25,149.999969
18385,92.002490,45.75,-0.25,149.999969
18386,92.007394,45.75,-0.25,149.999969
18387,92.012825,45.75,-0.25,149.999969
18388,92.018310,45.75,-0.25,149.999969
18389,92.023667,45.75,-0.25,149.999969
18390,92.027232,45.75,-0.25,149.999969
18391,92.032128,45.75,-0.25,149.999969
18392,92.037560,45.75,-0.25,149.999969
18393,92.042456,45.75,-0.25,149.999969
18394,92.047591,45.75,-0.25,149.999969
18395,92.052749,45.75,-0.25,149.999969
18396,92.057655,45.75,-0.25,149.999969
18397,92.063077,45.75,-0.25,149.999969
18398,92.067983,45.75,-0.25,149.999969
18399,92.072324,45.75,-0.25,149.999969
18400,92.077494,45.75,-0.25,149.999969
18401,92.082401,45.75,-0.25,149.999969
18402,92.087774,45.75,-0.25,149.999969
18403,92.092674,45.75,-0.25,149.999969
18404,92.097579,45.75,-0.25,149.999969
18405,92.103024,45.75,-0.25,149.999969
18406,92.107930,45.75,-0.25,149.999969
18407,92.113304,45.75,-0.25,149.999969
18408,92.118210,45.75,-0.25,149.999969
18409,92.123101,45.75,-0.25,149.999969
18410,92.127224,45.75,-0.25,149.999969
18411,92.132664,45.75,-0.25,149.999969
18412,92.137569,45.75,-0.25,149.999969
18413,92.143013,45.75,-0.25,149.999969
18414,92.147919,45.75,-0.25,149.999969
18415,92.153035,45.75,-0.25,149.999969
18416,92.158192,45.75,-0.25,149.999969
18417,92.163084,45.75,-0.25,149.999969
18418,92.168517,45.75,-0.25,149.999969
18419,92.173412,45.75,-0.25,149.999969
18420,92.178540,45.75,-0.25,149.999969
18421,92.182888,45.75,-0.25,149.999969
18422,92.187780,45.75,-0.25,149.999969
18423,92.192373,45.75,-0.25,149.999969
18424,92.200612,45.75,-0.25,149.999969
18425,92.202833,45.75,-0.25,149.999969
18426,92.207725,45.75,-0.25,149.999969
18427,92.212849,45.75,-0.25,149.999969
18428,92.218152,45.75,-0.25,149.999969
18429,92.223044,45.75,-0.25,149.999969
18430,92.227950,45.75,-0.25,149.999969
18431,92.233909,45.75,-0.25,149.999969
18432,92.237477,45.75,-0.25,149.999969
18433,92.242397,45.75,-0.25,149.999969
18434,92.247799,45.75,-0.25,149.999969
18435,92.252695,44.125,-0.169781253,145.874969
18436,92.257830,44.125,-0.169781253,145.874969
18437,92.262989,44.125,-0.169781253,145.874969
18438,92.267895,44.125,-0.169781253,145.874969
18439,92.273323,44.125,-0.169781253,145.874969
18440,92.278228,44.125,-0.169781253,145.874969
18441,92.283123,44.125,-0.169781253,145.874969
18442,92.287196,44.125,-0.169781253,145.874969
18443,92.292633,44.125,-0.169781253,145.874969
18444,92.297563,44.125,-0.169781253,145.874969
18445,92.302982,44.125,-0.169781253,145.874969
18446,92.307888,44.125,-0.169781253,145.874969
18447,92.313004,44.125,-0.169781253,145.874969
18448,92.318164,44.125,-0.169781253,145.874969
18449,92.323056,44.125,-0.169781253,145.874969
18450,92.328176,44.125,-0.169781253,145.874969
18451,92.333349,44.125,-0.169781253,145.874969
18452,92.337409,44.125,-0.169781253,145.874969
18453,92.342506,44.125,-0.169781253,145.874969
18454,92.347687,44.125,-0.169781253,145.874969
18455,92.352595,44.125,-0.170812503,145.874969
18456,92.358018,44.125,-0.170812503,141.749969
18457,92.362927,44.125,-0.170812503,141.749969
18458,92.368054,44.125,-0.170812503,141.749969
18459,92.373210,44.125,-0.170812503,141.749969
18460,92.378099,44.125,-0.170812503,141.749969
18461,92.383490,44.125,-0.170812503,141.749969
18462,92.388898,44.125,-0.170812503,141.749969
18463,92.392469,44.125,-0.170812503,141.749969
18464,92.397918,44.125,-0.170812503,141.749969
18465,92.402826,44.125,-0.170812503,141.749969
18466,92.407940,44.125,-0.170812503,141.749969
18467,92.413099,44.125,-0.170812503,141.749969
18468,92.418004,44.125,-0.170812503,141.749969
18469,92.423446,44.125,-0.170812503,141.749969
18470,92.428339,44.125,-0.170812503,141.749969
18471,92.433466,44.125,-0.170812503,141.749969
18472,92.437291,44.125,-0.170812503,141.749969
18473,92.442187,44.125,-0.170812503,141.749969
18474,92.447901,44.125,-0.170812503,141.749969
18475,92.453060,44.125,-0.171843752,137.624969
18476,92.457966,44.125,-0.171843752,137.624969
18477,92.463344,44.125,-0.171843752,137.624969
18478,92.468249,44.125,-0.171843752,137.624969
18479,92.473145,44.125,-0.171843752,137.624969
18480,92.477167,44.125,-0.171843752,137.624969
18481,92.483403,44.125,-0.171843752,137.624969
18482,92.488538,44.125,-0.171843752,137.624969
18483,92.492366,44.125,-0.171843752,137.624969
18484,92.497771,44.125,-0.171843752,137.624969
18485,92.503155,44.125,-0.171843752,137.624969
18486,92.508044,44.125,-0.171843752,137.624969
18487,92.512952,44.125,-0.171843752,137.624969
18488,92.518417,44.125,-0.171843752,137.624969
18489,92.523313,44.125,-0.171843752,137.624969
18490,92.528430,44.125,-0.171843752,137.624969
18491,92.532252,44.125,-0.171843752,137.624969
18492,92.537144,44.125,-0.171843752,137.624969
18493,92.542267,44.125,-0.171843752,137.624969
18494,92.547966,44.125,-0.171843752,137.624969
18495,92.552865,44.125,-0.172875002,137.624969
18496,92.558318,44.125,-0.172875002,133.499969
18497,92.563213,44.125,-0.172875002,133.499969
18498,92.568607,44.125,-0.172875002,133.499969
18499,92.572175,44.125,-0.172875002,133.499969
18500,92.578407,44.125,-0.172875002,133.499969
18501,92.582480,44.125,-0.172875002,133.499969
18502,92.587376,44.125,-0.172875002,133.499969
18503,92.592284,44.125,-0.172875002,133.499969
18504,92.597714,44.125,-0.172875002,133.499969
18505,92.602610,44.125,-0.172875002,133.499969
18506,92.608274,44.125,-0.172875002,133.499969
18507,92.612123,44.125,-0.172875002,133.499969
18508,92.618356,44.125,-0.172875002,133.499969
18509,92.623731,44.125,-0.172875002,133.499969
18510,92.627297,44.125,-0.172875002,133.499969
18511,92.632193,44.125,-0.172875002,133.499969
18512,92.637580,44.125,-0.172875002,133.499969
18513,92.642479,44.125,-0.172875002,133.499969
18514,92.647408,44.125,-0.172875002,133.499969
18515,92.652825,44.125,-0.173906252,133.499969
18516,92.658284,44.125,-0.173906252,129.374969
18517,92.663692,44.125,-0.173906252,129.374969
18518,92.667258,44.125,-0.173906252,129.374969
18519,92.672154,44.125,-0.173906252,129.374969
18520,92.677586,44.125,-0.173906252,129.374969
18521,92.682482,44.125,-0.173906252,129.374969
18522,92.687410,44.125,-0.173906252,129.374969
18523,92.692835,44.125,-0.173906252,129.374969
18524,92.697739,44.125,-0.173906252,129.374969
18525,92.703134,44.125,-0.173906252,129.374969
18526,92.707257,44.125,-0.173906252,129.374969
18527,92.712153,44.125,-0.173906252,129.374969
18528,92.717572,44.125,-0.173906252,129.374969
18529,92.722468,44.125,-0.173906252,129.374969
18530,92.727557,44.125,-0.173906252,129.374969
18531,92.732736,44.125,-0.173906252,129.374969
18532,92.737642,44.125,-0.173906252,129.374969
18533,92.743038,44.125,-0.173906252,129.374969
18534,92.748150,44.125,-0.173906252,129.374969
18535,92.753042,44.125,-0.174937502,129.374969
18536,92.759006,44.125,-0.174937502,125.249969
18537,92.762574,44.125,-0.174937502,125.249969
18538,92.767700,44.125,-0.174937502,125.249969
18539,92.772922,44.125,-0.174937502,125.249969
18540,92.777828,44.125,-0.174937502,125.249969
18541,92.783231,44.125,-0.174937502,125.249969
18542,92.788137,44.125,-0.174937502,125.249969
18543,92.793028,44.125,-0.174937502,125.249969
18544,92.798469,44.125,-0.174937502,125.249969
18545,92.803365,44.125,-0.174937502,125.249969
18546,92.808479,44.125,-0.174937502,125.249969
18547,92.812804,44.125,-0.174937502,125.249969
18548,92.817700,44.125,-0.174937502,125.249969
18549,92.822838,44.125,-0.174937502,125.249969
18550,92.827994,44.125,-0.174937502,125.249969
18551,92.832902,44.125,-0.174937502,125.249969
18552,92.838344,44.125,-0.174937502,125.249969
18553,92.843240,44.125,-0.174937502,125.249969
18554,92.848368,44.125,-0.174937502,125.249969
18555,92.852190,44.125,-0.174937502,125.249969
18556,92.858421,44.125,-0.175968751,121.124969
18557,92.862749,44.125,-0.175968751,121.124969
18558,92.867905,44.125,-0.175968751,121.124969
18559,92.872813,44.125,-0.175968751,121.124969
18560,92.878167,44.125,-0.175968751,121.124969
18561,92.883059,44.125,-0.175968751,121.124969
18562,92.888191,44.125,-0.175968751,121.124969
18563,92.893353,44.125,-0.175968751,121.124969
18564,92.898259,44.125,-0.175968751,121.124969
18565,92.903633,44.125,-0.175968751,121.124969
18566,92.907199,44.125,-0.175968751,121.124969
18567,92.913945,44.125,-0.175968751,121.124969
18568,92.918007,44.125,-0.175968751,121.124969
18569,92.922906,44.125,-0.175968751,121.124969
18570,92.928037,44.125,-0.175968751,121.124969
18571,92.933189,44.125,-0.175968751,121.124969
18572,92.938078,44.125,-0.175968751,121.124969
18573,92.943469,44.125,-0.175968751,121.124969
18574,92.948362,44.125,-0.175968751,121.124969
18575,92.953271,44.125,-0.177000001,116.999969
18576,92.957374,44.125,-0.177000001,116.999969
18577,92.962283,44.125,-0.177000001,116.999969
18578,92.967175,44.125,-0.177000001,116.999969
18579,92.973130,44.125,-0.177000001,116.999969
18580,92.978019,44.125,-0.177000001,116.999969
18581,92.983433,44.125,-0.177000001,116.999969
18582,92.988329,44.125,-0.177000001,116.999969
18583,92.993445,44.125,-0.177000001,116.999969
18584,92.997270,44.125,-0.177000001,116.999969
18585,93.002167,44.125,-0.177000001,116.999969
18586,93.007290,44.125,-0.177000001,116.999969
18587,93.012464,44.125,-0.177000001,116.999969
18588,93.017369,44.125,-0.177000001,116.999969
18589,93.022740,44.125,-0.177000001,116.999969
18590,93.028190,44.125,-0.177000001,116.999969
18591,93.033305,44.125,-0.177000001,116.999969
18592,93.037131,44.125,-0.177000001,116.999969
18593,93.043367,44.125,-0.177000001,116.999969
18594,93.048469,44.125,-0.177000001,116.999969
18595,93.052295,44.125,-0.177000001,116.999969
18596,93.057188,44.125,-0.178031251,112.874969
18597,93.062310,44.125,-0.178031251,112.874969
18598,93.067460,44.125,-0.178031251,112.874969
18599,93.072368,44.125,-0.178031251,112.874969
18600,93.077764,44.125,-0.178031251,112.874969
18601,93.083191,44.125,-0.178031251,112.874969
18602,93.088304,44.125,-0.178031251,112.874969
18603,93.092130,44.125,-0.178031251,112.874969
18604,93.098363,44.125,-0.178031251,112.874969
18605,93.103738,44.125,-0.178031251,112.874969
18606,93.107304,44.125,-0.178031251,112.874969
18607,93.112200,44.125,-0.178031251,112.874969
18608,93.117656,44.125,-0.178031251,112.874969
18609,93.122552,44.125,-0.178031251,112.874969
18610,93.127687,44.125,-0.178031251,112.874969
18611,93.133412,44.125,-0.178031251,112.874969
18612,93.138304,44.125,-0.178031251,112.874969
18613,93.142330,44.125,-0.178031251,112.874969
18614,93.147235,44.125,-0.178031251,112.874969
18615,93.152131,44.125,-0.178031251,112.874969
18616,93.157542,44.125,-0.179062501,108.749969
18617,93.162438,44.125,-0.179062501,108.749969
18618,93.167573,44.125,-0.179062501,108.749969
18619,93.172732,44.125,-0.179062501,108.749969
18620,93.177637,44.125,-0.179062501,108.749969
18621,93.183033,44.125,-0.179062501,108.749969
18622,93.187133,44.125,-0.179062501,108.749969
18623,93.199701,44.125,-0.179062501,108.749969
18624,93.202008,44.125,-0.179062501,108.749969
18625,93.205859,44.125,-0.179062501,108.749969
18626,93.210757,44.125,-0.179062501,108.749969
18627,93.215662,44.125,-0.179062501,108.749969
18628,93.219728,44.125,-0.179062501,108.749969
18629,93.224627,44.125,-0.179062501,108.749969
18630,93.231081,44.125,-0.179062501,108.749969
18631,93.235438,44.125,-0.179062501,108.749969
18632,93.240337,44.125,-0.179062501,108.749969
18633,93.245471,44.125,-0.179062501,108.749969
18634,93.250628,44.125,-0.179062501,108.749969
18635,93.255533,44.125,-0.18009375,104.624969
18636,93.260832,44.125,-0.18009375,104.624969
18637,93.264661,44.125,-0.18009375,104.624969
18638,93.270896,44.125,-0.18009375,104.624969
18639,93.276250,44.125,-0.18009375,104.624969
18640,93.279812,44.125,-0.18009375,104.624969
18641,93.284707,44.125,-0.18009375,104.624969
18642,93.290659,44.125,-0.18009375,104.624969
18643,93.295554,44.125,-0.18009375,104.624969
18644,93.300941,44.125,-0.18009375,104.624969
18645,93.305836,44.125,-0.18009375,104.624969
18646,93.310977,44.125,-0.18009375,104.624969
18647,93.314806,44.125,-0.18009375,104.624969
18648,93.319698,44.125,-0.18009375,104.624969
18649,93.324798,44.125,-0.18009375,104.624969
18650,93.329971,44.125,-0.18009375,104.624969
18651,93.334879,44.125,-0.18009375,104.624969
18652,93.340286,44.125,-0.18009375,104.624969
18653,93.345192,44.125,-0.18009375,104.624969
18654,93.350888,44.125,-0.18009375,104.624969
18655,93.354717,44.125,-0.181125,100.499969
18656,93.360953,44.125,-0.181125,100.499969
18657,93.364725,44.125,-0.181125,100.499969
18658,93.369881,44.125,-0.181125,100.499969
18659,93.374790,44.125,-0.181125,100.499969
18660,93.380210,44.125,-0.181125,100.499969
18661,93.385098,44.125,-0.181125,100.499969
18662,93.390230,44.125,-0.181125,100.499969
18663,93.395379,44.125,-0.181125,100.499969
18664,93.400783,44.125,-0.181125,100.499969
18665,93.406167,44.125,-0.181125,100.499969
18666,93.409729,44.125,-0.181125,100.499969
18667,93.414625,44.125,-0.181125,100.499969
18668,93.420059,44.125,-0.181125,100.499969
18669,93.424968,44.125,-0.181125,100.499969
18670,93.430085,44.125,-0.181125,100.499969
18671,93.435240,44.125,-0.181125,100.499969
18672,93.440148,44.125,-0.181125,100.499969
18673,93.445254,44.125,-0.181125,100.499969
18674,93.450407,44.125,-0.181125,100.499969
18675,93.455858,44.125,-0.18215625,96.3749695
18676,93.459908,44.125,-0.18215625,96.3749695
18677,93.464807,44.125,-0.18215625,96.3749695
18678,93.469712,44.125,-0.18215625,96.3749695
18679,93.475228,44.125,-0.18215625,96.3749695
18680,93.480123,44.125,-0.18215625,96.3749695
18681,93.485216,44.125,-0.18215625,96.3749695
18682,93.490393,44.125,-0.18215625,96.3749695
18683,93.495298,44.125,-0.18215625,96.3749695
18684,93.500718,44.125,-0.18215625,96.3749695
18685,93.505611,44.125,-0.18215625,96.3749695
18686,93.509775,44.125,-0.18215625,96.3749695
18687,93.515264,44.125,-0.18215625,96.3749695
18688,93.520159,44.125,-0.18215625,96.3749695
18689,93.525273,44.125,-0.18215625,96.3749695
18690,93.530430,42.75,-0.18215625,96.3749695
18691,93.535335,42.75,-0.18215625,96.3749695
18692,93.540706,42.75,-0.18215625,96.3749695
18693,93.545599,42.75,-0.18215625,96.3749695
18694,93.550532,42.75,-0.18215625,96.3749695
18695,93.555959,42.75,-0.114093758,93.6249695
18696,93.560080,42.75,-0.114093758,93.6249695
18697,93.565210,42.75,-0.114093758,93.6249695
18698,93.570390,42.75,-0.114093758,93.6249695
18699,93.575296,42.75,-0.114093758,93.6249695
18700,93.580667,42.75,-0.114093758,93.6249695
18701,93.585560,42.75,-0.114093758,93.6249695
18702,93.590661,42.75,-0.114093758,93.6249695
18703,93.595835,42.75,-0.114093758,93.6249695
18704,93.600742,42.75,-0.114093758,93.6249695
18705,93.606090,42.75,-0.114093758,93.6249695
18706,93.609658,42.75,-0.114093758,93.6249695
18707,93.615894,42.75,-0.114093758,93.6249695
18708,93.619988,42.75,-0.114093758,93.6249695
18709,93.625429,42.75,-0.114093758,93.6249695
18710,93.630522,42.75,-0.114093758,93.6249695
18711,93.635695,42.75,-0.114093758,93.6249695
18712,93.640603,42.75,-0.114093758,93.6249695
18713,93.645976,42.75,-0.114093758,93.6249695
18714,93.650875,42.75,-0.114093758,93.6249695
18715,93.655780,42.75,-0.11478126,90.8749695
18716,93.659849,42.75,-0.11478126,90.8749695
18717,93.664747,42.75,-0.11478126,90.8749695
18718,93.669860,42.75,-0.11478126,90.8749695
18719,93.675600,42.75,-0.11478126,90.8749695
18720,93.680497,42.75,-0.11478126,90.8749695
18721,93.685987,42.75,-0.11478126,90.8749695
18722,93.690896,42.75,-0.11478126,90.8749695
18723,93.696023,42.75,-0.11478126,90.8749695
18724,93.699836,42.75,-0.11478126,90.8749695
18725,93.704744,42.75,-0.11478126,90.8749695
18726,93.709861,42.75,-0.11478126,90.8749695
18727,93.715017,42.75,-0.11478126,90.8749695
18728,93.719923,42.75,-0.11478126,90.8749695
18729,93.725353,42.75,-0.11478126,90.8749695
18730,93.730776,42.75,-0.11478126,90.8749695
18731,93.735919,42.75,-0.11478126,90.8749695
18732,93.739763,42.75,-0.11478126,90.8749695
18733,93.744659,42.75,-0.11478126,90.8749695
18734,93.749794,42.75,-0.11478126,90.8749695
18735,93.754953,42.75,-0.115468755,88.1249695
18736,93.759858,42.75,-0.115468755,88.1249695
18737,93.765237,42.75,-0.115468755,88.1249695
18738,93.770328,42.75,-0.115468755,88.1249695
18739,93.775234,42.75,-0.115468755,88.1249695
18740,93.780925,42.75,-0.115468755,88.1249695
18741,93.784755,42.75,-0.115468755,88.1249695
18742,93.789648,42.75,-0.115468755,88.1249695
18743,93.794775,42.75,-0.115468755,88.1249695
18744,93.799943,42.75,-0.115468755,88.1249695
18745,93.804851,42.75,-0.115468755,88.1249695
18746,93.810208,42.75,-0.115468755,88.1249695
18747,93.815097,42.75,-0.115468755,88.1249695
18748,93.820002,42.75,-0.115468755,88.1249695
18749,93.825468,42.75,-0.115468755,88.1249695
18750,93.830364,42.75,-0.115468755,88.1249695
18751,93.835477,42.75,-0.115468755,88.1249695
18752,93.839803,42.75,-0.115468755,88.1249695
18753,93.844702,42.75,-0.115468755,88.1249695
18754,93.850059,42.75,-0.115468755,88.1249695
18755,93.854958,42.75,-0.116156258,85.3749695
18756,93.859864,42.75,-0.116156258,85.3749695
18757,93.865329,42.75,-0.116156258,85.3749695
18758,93.870225,42.75,-0.116156258,85.3749695
18759,93.875338,42.75,-0.116156258,85.3749695
18760,93.880494,42.75,-0.116156258,85.3749695
18761,93.885398,42.75,-0.116156258,85.3749695
18762,93.890820,42.75,-0.116156258,85.3749695
18763,93.894903,42.75,-0.116156258,85.3749695
18764,93.899809,42.75,-0.116156258,85.3749695
18765,93.905265,42.75,-0.116156258,85.3749695
18766,93.910160,42.75,-0.116156258,85.3749695
18767,93.915277,42.75,-0.116156258,85.3749695
18768,93.920430,42.75,-0.116156258,85.3749695
18769,93.925335,42.75,-0.116156258,85.3749695
18770,93.930444,42.75,-0.116156258,85.3749695
18771,93.935590,42.75,-0.116156258,85.3749695
18772,93.940499,42.75,-0.116156258,85.3749695
18773,93.946181,42.75,-0.116156258,85.3749695
18774,93.949985,42.75,-0.116156258,85.3749695
18775,93.954894,42.75,-0.11684376,82.6249695
18776,93.960028,42.75,-0.11684376,82.6249695
18777,93.965192,42.75,-0.11684376,82.6249695
18778,93.970081,42.75,-0.11684376,82.6249695
18779,93.975206,42.75,-0.11684376,82.6249695
18780,93.980359,42.75,-0.11684376,82.6249695
18781,93.985265,42.75,-0.11684376,82.6249695
18782,93.990636,42.75,-0.11684376,82.6249695
18783,93.996044,42.75,-0.11684376,82.6249695
18784,93.999612,42.75,-0.11684376,82.6249695
18785,94.005035,42.75,-0.11684376,82.6249695
18786,94.009941,42.75,-0.11684376,82.6249695
18787,94.015061,42.75,-0.11684376,82.6249695
18788,94.020222,42.75,-0.11684376,82.6249695
18789,94.025128,42.75,-0.11684376,82.6249695
18790,94.030472,42.75,-0.11684376,82.6249695
18791,94.035367,42.75,-0.11684376,82.6249695
18792,94.040276,42.75,-0.11684376,82.6249695
18793,94.045741,42.75,-0.11684376,82.6249695
18794,94.049855,42.75,-0.11684376,82.6249695
18795,94.054787,42.75,-0.117531262,79.8749695
18796,94.060232,42.75,-0.117531262,79.8749695
18797,94.065124,42.75,-0.117531262,79.8749695
18798,94.070245,42.75,-0.117531262,79.8749695
18799,94.075391,42.75,-0.117531262,79.8749695
18800,94.080300,42.75,-0.117531262,79.8749695
18801,94.085672,42.75,-0.117531262,79.8749695
18802,94.090568,42.75,-0.117531262,79.8749695
18803,94.095473,42.75,-0.117531262,79.8749695
18804,94.100878,42.75,-0.117531262,79.8749695
18805,94.105808,42.75,-0.117531262,79.8749695
18806,94.110131,42.75,-0.117531262,79.8749695
18807,94.115277,42.75,-0.117531262,79.8749695
18808,94.120186,42.75,-0.117531262,79.8749695
18809,94.125602,42.75,-0.117531262,79.8749695
18810,94.130499,42.75,-0.117531262,79.8749695
18811,94.135619,42.75,-0.117531262,79.8749695
18812,94.140778,42.75,-0.117531262,79.8749695
18813,94.145683,42.75,-0.117531262,79.8749695
18814,94.149729,42.75,-0.117531262,79.8749695
18815,94.154626,42.75,-0.118218757,77.1249695
18816,94.161067,42.75,-0.118218757,77.1249695
18817,94.165427,42.75,-0.118218757,77.1249695
18818,94.170335,42.75,-0.118218757,77.1249695
18819,94.175458,42.75,-0.118218757,77.1249695
18820,94.180614,42.75,-0.118218757,77.1249695
18821,94.185519,42.75,-0.118218757,77.1249695
18822,94.190891,42.75,-0.118218757,77.1249695
18823,94.200741,42.75,-0.118218757,77.1249695
18824,94.203171,42.75,-0.118218757,77.1249695
18825,94.207066,42.75,-0.118218757,77.1249695
18826,94.211965,42.75,-0.118218757,77.1249695
18827,94.216870,42.75,-0.118218757,77.1249695
18828,94.221203,42.75,-0.118218757,77.1249695
18829,94.226373,42.75,-0.118218757,77.1249695
18830,94.231268,42.75,-0.118218757,77.1249695
18831,94.236657,42.75,-0.118218757,77.1249695
18832,94.241553,42.75,-0.118218757,77.1249695
18833,94.246458,42.75,-0.118218757,77.1249695
18834,94.251910,42.75,-0.118218757,77.1249695
18835,94.256816,42.75,-0.11890626,74.3749695
18836,94.261908,42.75,-0.11890626,74.3749695
18837,94.265762,42.75,-0.11890626,74.3749695
18838,94.271997,42.75,-0.11890626,74.3749695
18839,94.276043,42.75,-0.11890626,74.3749695
18840,94.281500,42.75,-0.11890626,74.3749695
18841,94.286634,42.75,-0.11890626,74.3749695
18842,94.291788,42.75,-0.11890626,74.3749695
18843,94.296694,42.75,-0.11890626,74.3749695
18844,94.302066,42.75,-0.11890626,74.3749695
18845,94.306962,42.75,-0.11890626,74.3749695
18846,94.311895,42.75,-0.11890626,74.3749695
18847,94.315939,42.75,-0.11890626,74.3749695
18848,94.320838,42.75,-0.11890626,74.3749695
18849,94.325768,42.75,-0.11890626,74.3749695
18850,94.331696,42.75,-0.11890626,74.3749695
18851,94.336591,42.75,-0.11890626,74.3749695
18852,94.341705,42.75,-0.11890626,74.3749695
18853,94.346885,42.75,-0.11890626,74.3749695
18854,94.351794,42.75,-0.11890626,74.3749695
18855,94.356918,42.75,-0.119593762,71.6249695
18856,94.360750,42.75,-0.119593762,71.6249695
18857,94.366983,42.75,-0.119593762,71.6249695
18858,94.371028,42.75,-0.119593762,71.6249695
18859,94.375924,42.75,-0.119593762,71.6249695
18860,94.381369,42.75,-0.119593762,71.6249695
18861,94.386798,42.75,-0.119593762,71.6249695
18862,94.391693,42.75,-0.119593762,71.6249695
18863,94.396829,42.75,-0.119593762,71.6249695
18864,94.401988,42.75,-0.119593762,71.6249695
18865,94.406893,42.75,-0.119593762,71.6249695
18866,94.412272,42.75,-0.119593762,71.6249695
18867,94.415834,42.75,-0.119593762,71.6249695
18868,94.422069,42.75,-0.119593762,71.6249695
18869,94.426120,42.75,-0.119593762,71.6249695
18870,94.431012,42.75,-0.119593762,71.6249695
18871,94.436510,42.75,-0.119593762,71.6249695
18872,94.441931,42.75,-0.119593762,71.6249695
18873,94.446837,42.75,-0.119593762,71.6249695
18874,94.451953,42.75,-0.119593762,71.6249695
18875,94.455782,42.75,-0.120281264,68.8749695
18876,94.462018,42.75,-0.120281264,68.8749695
18877,94.467372,42.75,-0.120281264,68.8749695
18878,94.470936,42.75,-0.120281264,68.8749695
18879,94.475829,42.75,-0.120281264,68.8749695
18880,94.481286,42.75,-0.120281264,68.8749695
18881,94.486179,42.75,-0.120281264,68.8749695
18882,94.491865,42.75,-0.120281264,68.8749695
18883,94.497046,42.75,-0.120281264,68.8749695
18884,94.501954,42.75,-0.120281264,68.8749695
18885,94.507333,42.75,-0.120281264,68.8749695
18886,94.510897,42.75,-0.120281264,68.8749695
18887,94.515790,42.75,-0.120281264,68.8749695
18888,94.521247,42.75,-0.120281264,68.8749695
18889,94.526139,42.75,-0.120281264,68.8749695
18890,94.531278,42.75,-0.120281264,68.8749695
18891,94.536431,42.75,-0.120281264,68.8749695
18892,94.541340,42.75,-0.120281264,68.8749695
18893,94.546736,42.75,-0.120281264,68.8749695
18894,94.550825,42.75,-0.120281264,68.8749695
18895,94.557302,42.75,-0.120968759,66.1249695
18896,94.561130,42.75,-0.120968759,66.1249695
18897,94.566019,42.75,-0.120968759,66.1249695
18898,94.571118,42.75,-0.120968759,66.1249695
18899,94.576295,42.75,-0.120968759,66.1249695
18900,94.581204,42.75,-0.120968759,66.1249695
18901,94.586572,42.75,-0.120968759,66.1249695
18902,94.591471,42.75,-0.120968759,66.1249695
18903,94.596376,42.75,-0.120968759,66.1249695
18904,94.602321,42.75,-0.120968759,66.1249695
18905,94.605883,42.75,-0.120968759,66.1249695
18906,94.611021,42.75,-0.120968759,66.1249695
18907,94.616178,42.75,-0.120968759,66.1249695
18908,94.621070,42.75,-0.120968759,66.1249695
18909,94.626503,42.75,-0.120968759,66.1249695
18910,94.631398,42.75,-0.120968759,66.1249695
18911,94.636495,42.75,-0.120968759,66.1249695
18912,94.641679,42.75,-0.120968759,66.1249695
18913,94.646583,42.75,-0.120968759,66.1249695
18914,94.651980,42.75,-0.120968759,66.1249695
18915,94.656063,42.75,-0.121656261,63.3749695
18916,94.660972,42.75,-0.121656261,63.3749695
18917,94.666424,42.75,-0.121656261,63.3749695
18918,94.671319,42.75,-0.121656261,63.3749695
18919,94.676703,42.75,-0.121656261,63.3749695
18920,94.681599,42.75,-0.121656261,63.3749695
18921,94.686504,42.75,-0.121656261,63.3749695
18922,94.691956,42.75,-0.121656261,63.3749695
18923,94.696862,42.75,-0.121656261,63.3749695
18924,94.702233,42.75,-0.121656261,63.3749695
18925,94.706350,42.75,-0.121656261,63.3749695
18926,94.711245,42.75,-0.121656261,63.3749695
18927,94.716670,42.75,-0.121656261,63.3749695
18928,94.721565,42.75,-0.121656261,63.3749695
18929,94.726948,42.75,-0.121656261,63.3749695
18930,94.731847,42.75,-0.121656261,63.3749695
18931,94.736752,42.75,-0.121656261,63.3749695
18932,94.740822,42.75,-0.121656261,63.3749695
18933,94.747057,42.75,-0.121656261,63.3749695
18934,94.752156,42.75,-0.121656261,63.3749695
18935,94.756503,42.75,-0.122343764,60.6249695
18936,94.761401,42.75,-0.122343764,60.6249695
18937,94.766784,42.75,-0.122343764,60.6249695
18938,94.771683,42.75,-0.122343764,60.6249695
18939,94.776612,42.75,-0.122343764,60.6249695
18940,94.782273,42.75,-0.122343764,60.6249695
18941,94.785835,42.75,-0.122343764,60.6249695
18942,94.792070,42.75,-0.122343764,60.6249695
18943,94.796096,42.75,-0.122343764,60.6249695
18944,94.800995,42.75,-0.122343764,60.6249695
18945,94.805901,41.375,-0.122343764,60.6249695
18946,94.811853,41.375,-0.122343764,60.6249695
18947,94.816744,41.375,-0.122343764,60.6249695
18948,94.821861,41.375,-0.122343764,60.6249695
18949,94.827018,41.375,-0.122343764,60.6249695
18950,94.831927,41.375,-0.122343764,60.6249695
18951,94.837305,41.375,-0.122343764,60.6249695
18952,94.840870,41.375,-0.122343764,60.6249695
18953,94.845761,41.375,-0.122343764,60.6249695
18954,94.851219,41.375,-0.122343764,60.6249695
18955,94.856111,41.375,-0.0539375097,59.2499695
18956,94.861494,41.375,-0.0539375097,59.2499695
18957,94.866956,41.375,-0.0539375097,59.2499695
18958,94.871889,41.375,-0.0539375097,59.2499695
18959,94.875918,41.375,-0.0539375097,59.2499695
18960,94.880817,41.375,-0.0539375097,59.2499695
18961,94.887074,41.375,-0.0539375097,59.2499695
18962,94.891113,41.375,-0.0539375097,59.2499695
18963,94.896001,41.375,-0.0539375097,59.2499695
18964,94.901140,41.375,-0.0539375097,59.2499695
18965,94.906289,41.375,-0.0539375097,59.2499695
18966,94.911198,41.375,-0.0539375097,59.2499695
18967,94.916569,41.375,-0.0539375097,59.2499695
18968,94.922023,41.375,-0.0539375097,59.2499695
18969,94.927163,41.375,-0.0539375097,59.2499695
18970,94.930971,41.375,-0.0539375097,59.2499695
18971,94.935877,41.375,-0.0539375097,59.2499695
18972,94.940797,41.375,-0.0539375097,59.2499695
18973,94.946226,41.375,-0.0539375097,59.2499695
18974,94.951121,41.375,-0.0539375097,59.2499695
18975,94.956236,41.375,-0.0542812571,57.8749695
18976,94.961391,41.375,-0.0542812571,57.8749695
18977,94.966297,41.375,-0.0542812571,57.8749695
18978,94.971693,41.375,-0.0542812571,57.8749695
18979,94.975792,41.375,-0.0542812571,57.8749695
18980,94.982238,41.375,-0.0542812571,57.8749695
18981,94.986068,41.375,-0.0542812571,57.8749695
18982,94.990976,41.375,-0.0542812571,57.8749695
18983,94.996347,41.375,-0.0542812571,57.8749695
18984,95.001256,41.375,-0.0542812571,57.8749695
18985,95.006148,41.375,-0.0542812571,57.8749695
18986,95.011613,41.375,-0.0542812571,57.8749695
18987,95.016505,41.375,-0.0542812571,57.8749695
18988,95.021438,41.375,-0.0542812571,57.8749695
18989,95.027353,41.375,-0.0542812571,57.8749695
18990,95.030918,41.375,-0.0542812571,57.8749695
18991,95.035835,41.375,-0.0542812571,57.8749695
18992,95.041265,41.375,-0.0542812571,57.8749695
18993,95.046157,41.375,-0.0542812571,57.8749695
18994,95.051074,41.375,-0.0542812571,57.8749695
18995,95.056476,41.375,-0.0546250083,56.4999695
18996,95.061371,41.375,-0.0546250083,56.4999695
18997,95.066481,41.375,-0.0546250083,56.4999695
18998,95.071640,41.375,-0.0546250083,56.4999695
18999,95.077041,41.375,-0.0546250083,56.4999695
19000,95.081092,41.375,-0.0546250083,56.4999695
19001,95.085987,41.375,-0.0546250083,56.4999695
19002,95.090896,41.375,-0.0546250083,56.4999695
19003,95.096337,41.375,-0.0546250083,56.4999695
19004,95.101232,41.375,-0.0546250083,56.4999695
19005,95.106349,41.375,-0.0546250083,56.4999695
19006,95.111501,41.375,-0.0546250083,56.4999695
19007,95.116405,41.375,-0.0546250083,56.4999695
19008,95.121779,41.375,-0.0546250083,56.4999695
19009,95.126674,41.375,-0.0546250083,56.4999695
19010,95.130812,41.375,-0.0546250083,56.4999695
19011,95.136323,41.375,-0.0546250083,56.4999695
19012,95.141218,41.375,-0.0546250083,56.4999695
19013,95.146601,41.375,-0.0546250083,56.4999695
19014,95.151497,41.375,-0.0546250083,56.4999695
19015,95.156426,41.375,-0.0549687594,55.1249695
19016,95.161821,41.375,-0.0549687594,55.1249695
19017,95.166713,41.375,-0.0549687594,55.1249695
19018,95.171840,41.375,-0.0549687594,55.1249695
19019,95.177007,41.375,-0.0549687594,55.1249695
19020,95.182418,41.375,-0.0549687594,55.1249695
19021,95.186462,41.375,-0.0549687594,55.1249695
19022,95.191360,41.375,-0.0549687594,55.1249695
19023,95.201447,41.375,-0.0549687594,55.1249695
19024,95.203760,41.375,-0.0549687594,55.1249695
19025,95.207610,41.375,-0.0549687594,55.1249695
19026,95.212506,41.375,-0.0549687594,55.1249695
19027,95.217643,41.375,-0.0549687594,55.1249695
19028,95.221474,41.375,-0.0549687594,55.1249695
19029,95.226367,41.375,-0.0549687594,55.1249695
19030,95.231481,41.375,-0.0549687594,55.1249695
19031,95.237205,41.375,-0.0549687594,55.1249695
19032,95.242097,41.375,-0.0549687594,55.1249695
19033,95.247511,41.375,-0.0549687594,55.1249695
19034,95.252407,41.375,-0.0549687594,55.1249695
19035,95.257801,41.375,-0.0553125069,53.7499695
19036,95.261372,41.375,-0.0553125069,53.7499695
19037,95.267629,41.375,-0.0553125069,53.7499695
19038,95.271674,41.375,-0.0553125069,53.7499695
19039,95.276567,41.375,-0.0553125069,53.7499695
19040,95.281476,41.375,-0.0553125069,53.7499695
19041,95.287433,41.375,-0.0553125069,53.7499695
19042,95.292333,41.375,-0.0553125069,53.7499695
19043,95.297468,41.375,-0.0553125069,53.7499695
19044,95.302624,41.375,-0.0553125069,53.7499695
19045,95.307529,41.375,-0.0553125069,53.7499695
19046,95.311574,41.375,-0.0553125069,53.7499695
19047,95.316467,41.375,-0.0553125069,53.7499695
19048,95.321376,41.375,-0.0553125069,53.7499695
19049,95.326794,41.375,-0.0553125069,53.7499695
19050,95.331689,41.375,-0.0553125069,53.7499695
19051,95.336824,41.375,-0.0553125069,53.7499695
19052,95.342550,41.375,-0.0553125069,53.7499695
19053,95.347443,41.375,-0.0553125069,53.7499695
19054,95.351510,41.375,-0.0553125069,53.7499695
19055,95.356405,41.375,-0.055656258,52.3749695
19056,95.361521,41.375,-0.055656258,52.3749695
19057,95.366678,41.375,-0.055656258,52.3749695
19058,95.371586,41.375,-0.055656258,52.3749695
19059,95.376958,41.375,-0.055656258,52.3749695
19060,95.381856,41.375,-0.055656258,52.3749695
19061,95.387002,41.375,-0.055656258,52.3749695
19062,95.392720,41.375,-0.055656258,52.3749695
19063,95.397613,41.375,-0.055656258,52.3749695
19064,95.403007,41.375,-0.055656258,52.3749695
19065,95.406575,41.375,-0.055656258,52.3749695
19066,95.411471,41.375,-0.055656258,52.3749695
19067,95.416959,41.375,-0.055656258,52.3749695
19068,95.421868,41.375,-0.055656258,52.3749695
19069,95.426956,41.375,-0.055656258,52.3749695
19070,95.432156,41.375,-0.055656258,52.3749695
19071,95.437044,41.375,-0.055656258,52.3749695
19072,95.442448,41.375,-0.055656258,52.3749695
19073,95.446540,41.375,-0.055656258,52.3749695
19074,95.451436,41.375,-0.055656258,52.3749695
19075,95.456816,41.375,-0.0560000092,50.9999695
19076,95.461714,41.375,-0.0560000092,50.9999695
19077,95.466644,41.375,-0.0560000092,50.9999695
19078,95.472055,41.375,-0.0560000092,50.9999695
19079,95.476961,41.375,-0.0560000092,50.9999695
19080,95.482080,41.375,-0.0560000092,50.9999695
19081,95.487236,41.375,-0.0560000092,50.9999695
19082,95.492144,41.375,-0.0560000092,50.9999695
19083,95.496472,41.375,-0.0560000092,50.9999695
19084,95.501627,41.375,-0.0560000092,50.9999695
19085,95.506532,41.375,-0.0560000092,50.9999695
19086,95.511904,41.375,-0.0560000092,50.9999695
19087,95.516800,41.375,-0.0560000092,50.9999695
19088,95.521708,41.375,-0.0560000092,50.9999695
19089,95.527149,41.375,-0.0560000092,50.9999695
19090,95.532041,41.375,-0.0560000092,50.9999695
19091,95.537409,41.375,-0.0560000092,50.9999695
19092,95.542318,41.375,-0.0560000092,50.9999695
19093,95.547239,41.375,-0.0560000092,50.9999695
19094,95.553201,41.375,-0.0560000092,50.9999695
19095,95.556763,41.375,-0.0563437566,49.6249695
19096,95.561902,41.375,-0.0563437566,49.6249695
19097,95.567058,41.375,-0.0563437566,49.6249695
19098,95.571967,41.375,-0.0563437566,49.6249695
19099,95.577091,41.375,-0.0563437566,49.6249695
19100,95.582250,41.375,-0.0563437566,49.6249695
19101,95.587155,41.375,-0.0563437566,49.6249695
19102,95.592527,41.375,-0.0563437566,49.6249695
19103,95.597422,41.375,-0.0563437566,49.6249695
19104,95.601488,41.375,-0.0563437566,49.6249695
19105,95.606876,41.375,-0.0563437566,49.6249695
19106,95.611774,41.375,-0.0563437566,49.6249695
19107,95.616679,41.375,-0.0563437566,49.6249695
19108,95.622156,41.375,-0.0563437566,49.6249695
19109,95.627044,41.375,-0.0563437566,49.6249695
19110,95.632169,41.375,-0.0563437566,49.6249695
19111,95.637321,41.375,-0.0563437566,49.6249695
19112,95.642230,41.375,-0.0563437566,49.6249695
19113,95.647335,41.375,-0.0563437566,49.6249695
19114,95.653034,41.375,-0.0563437566,49.6249695
19115,95.656603,41.375,-0.0566875078,48.2499695
19116,95.661989,41.375,-0.0566875078,48.2499695
19117,95.666885,41.375,-0.0566875078,48.2499695
19118,95.671819,41.375,-0.0566875078,48.2499695
19119,95.677259,41.375,-0.0566875078,48.2499695
19120,95.682155,41.375,-0.0566875078,48.2499695
19121,95.687271,41.375,-0.0566875078,48.2499695
19122,95.692424,41.375,-0.0566875078,48.2499695
19123,95.697330,41.375,-0.0566875078,48.2499695
19124,95.702725,41.375,-0.0566875078,48.2499695
19125,95.706811,41.375,-0.0566875078,48.2499695
19126,95.711720,41.375,-0.0566875078,48.2499695
19127,95.717170,41.375,-0.0566875078,48.2499695
19128,95.722062,41.375,-0.0566875078,48.2499695
19129,95.727182,41.375,-0.0566875078,48.2499695
19130,95.732335,41.375,-0.0566875078,48.2499695
19131,95.737241,41.375,-0.0566875078,48.2499695
19132,95.742612,41.375,-0.0566875078,48.2499695
19133,95.747508,41.375,-0.0566875078,48.2499695
19134,95.752415,41.375,-0.0566875078,48.2499695
19135,95.756460,41.375,-0.0570312589,46.8749695
19136,95.761906,41.375,-0.0570312589,46.8749695
19137,95.767037,41.375,-0.0570312589,46.8749695
19138,95.772196,41.375,-0.0570312589,46.8749695
19139,95.777085,41.375,-0.0570312589,46.8749695
19140,95.782473,41.375,-0.0570312589,46.8749695
19141,95.787368,41.375,-0.0570312589,46.8749695
19142,95.792495,41.375,-0.0570312589,46.8749695
19143,95.796573,41.375,-0.0570312589,46.8749695
19144,95.801472,41.375,-0.0570312589,46.8749695
19145,95.806594,41.375,-0.0570312589,46.8749695
19146,95.812320,41.375,-0.0570312589,46.8749695
19147,95.817213,41.375,-0.0570312589,46.8749695
19148,95.822654,41.375,-0.0570312589,46.8749695
19149,95.827547,41.375,-0.0570312589,46.8749695
19150,95.832943,41.375,-0.0570312589,46.8749695
19151,95.836511,41.375,-0.0570312589,46.8749695
19152,95.841406,41.375,-0.0570312589,46.8749695
19153,95.846845,41.375,-0.0570312589,46.8749695
19154,95.851754,41.375,-0.0570312589,46.8749695
19155,95.857147,41.375,-0.0573750064,45.4999695
19156,95.862038,41.375,-0.0573750064,45.4999695
19157,95.867479,41.375,-0.0573750064,45.4999695
19158,95.871514,41.375,-0.0573750064,45.4999695
19159,95.876409,41.375,-0.0573750064,45.4999695
19160,95.882866,41.375,-0.0573750064,45.4999695
19161,95.886695,41.375,-0.0573750064,45.4999695
19162,95.891590,41.375,-0.0573750064,45.4999695
19163,95.896703,41.375,-0.0573750064,45.4999695
19164,95.901862,41.375,-0.0573750064,45.4999695
19165,95.906767,41.375,-0.0573750064,45.4999695
19166,95.912146,41.375,-0.0573750064,45.4999695
19167,95.917035,41.375,-0.0573750064,45.4999695
19168,95.921944,41.375,-0.0573750064,45.4999695
19169,95.927932,41.375,-0.0573750064,45.4999695
19170,95.931501,41.375,-0.0573750064,45.4999695
19171,95.936418,41.375,-0.0573750064,45.4999695
19172,95.941822,41.375,-0.0573750064,45.4999695
19173,95.946714,41.375,-0.0573750064,45.4999695
19174,95.951853,41.375,-0.0573750064,45.4999695
19175,95.957009,41.375,-0.0577187575,44.1249695
19176,95.961918,41.375,-0.0577187575,44.1249695
19177,95.967271,41.375,-0.0577187575,44.1249695
19178,95.972179,41.375,-0.0577187575,44.1249695
19179,95.977068,41.375,-0.0577187575,44.1249695
19180,95.983056,41.375,-0.0577187575,44.1249695
19181,95.986622,41.375,-0.0577187575,44.1249695
19182,95.991714,41.375,-0.0577187575,44.1249695
19183,95.996894,41.375,-0.0577187575,44.1249695
19184,96.001804,41.375,-0.0577187575,44.1249695
19185,96.007245,41.375,-0.0577187575,44.1249695
19186,96.012141,41.375,-0.0577187575,44.1249695
19187,96.017509,41.375,-0.0577187575,44.1249695
19188,96.022408,41.375,-0.0577187575,44.1249695
19189,96.027313,41.375,-0.0577187575,44.1249695
19190,96.033283,41.375,-0.0577187575,44.1249695
19191,96.036845,41.375,-0.0577187575,44.1249695
19192,96.041764,41.375,-0.0577187575,44.1249695
19193,96.047192,41.375,-0.0577187575,44.1249695
19194,96.052084,41.375,-0.0577187575,44.1249695
19195,96.057201,41.375,-0.0580625087,42.7499695
19196,96.062357,41.375,-0.0580625087,42.7499695
19197,96.067263,41.375,-0.0580625087,42.7499695
19198,96.072659,41.375,-0.0580625087,42.7499695
19199,96.077552,41.375,-0.0580625087,42.7499695
19200,96.082460,40.25,-0.0580625087,42.7499695
19201,96.086556,40.25,-0.0580625087,42.7499695
19202,96.092000,40.25,-0.0580625087,42.7499695
19203,96.097187,40.25,-0.0580625087,42.7499695
19204,96.102343,40.25,-0.0580625087,42.7499695
19205,96.107249,40.25,-0.0580625087,42.7499695
19206,96.112690,40.25,-0.0580625087,42.7499695
19207,96.117582,40.25,-0.0580625087,42.7499695
19208,96.122707,40.25,-0.0580625087,42.7499695
19209,96.126535,40.25,-0.0580625087,42.7499695
19210,96.131430,40.25,-0.0580625087,42.7499695
19211,96.137127,40.25,-0.0580625087,42.7499695
19212,96.142279,40.25,-0.0580625087,42.7499695
19213,96.147185,40.25,-0.0580625087,42.7499695
19214,96.152556,40.25,-0.0580625087,42.7499695
19215,96.157451,40.25,-0.00187500753,42.4999695
19216,96.162360,40.25,-0.00187500753,42.4999695
19217,96.166411,40.25,-0.00187500753,42.4999695
19218,96.172647,40.25,-0.00187500753,42.4999695
19219,96.177781,40.25,-0.00187500753,42.4999695
19220,96.181663,40.25,-0.00187500753,42.4999695
19221,96.187104,40.25,-0.00187500753,42.4999695
19222,96.192276,40.25,-0.00187500753,42.4999695
19223,96.202438,40.25,-0.00187500753,42.4999695
19224,96.204660,40.25,-0.00187500753,42.4999695
19225,96.208565,40.25,-0.00187500753,42.4999695
19226,96.213739,40.25,-0.00187500753,42.4999695
19227,96.218644,40.25,-0.00187500753,42.4999695
19228,96.224020,40.25,-0.00187500753,42.4999695
19229,96.227588,40.25,-0.00187500753,42.4999695
19230,96.232485,40.25,-0.00187500753,42.4999695
19231,96.237947,40.25,-0.00187500753,42.4999695
19232,96.243384,40.25,-0.00187500753,42.4999695
19233,96.248767,40.25,-0.00187500753,42.4999695
19234,96.253666,40.25,-0.00187500753,42.4999695
19235,96.258595,40.25,-0.00193750765,42.2499695
19236,96.262641,40.25,-0.00193750765,42.2499695
19237,96.267534,40.25,-0.00193750765,42.2499695
19238,96.272442,40.25,-0.00193750765,42.2499695
19239,96.278005,40.25,-0.00193750765,42.2499695
19240,96.282904,40.25,-0.00193750765,42.2499695
19241,96.287810,40.25,-0.00193750765,42.2499695
19242,96.293264,40.25,-0.00193750765,42.2499695
19243,96.298156,40.25,-0.00193750765,42.2499695
19244,96.303844,40.25,-0.00193750765,42.2499695
19245,96.307674,40.25,-0.00193750765,42.2499695
19246,96.312570,40.25,-0.00193750765,42.2499695
19247,96.317658,40.25,-0.00193750765,42.2499695
19248,96.322842,40.25,-0.00193750765,42.2499695
19249,96.327747,40.25,-0.00193750765,42.2499695
19250,96.333125,40.25,-0.00193750765,42.2499695
19251,96.338014,40.25,-0.00193750765,42.2499695
19252,96.342947,40.25,-0.00193750765,42.2499695
19253,96.348413,40.25,-0.00193750765,42.2499695
19254,96.352529,40.25,-0.00193750765,42.2499695
19255,96.357643,40.25,-0.00200000778,41.9999695
19256,96.362803,40.25,-0.00200000778,41.9999695
19257,96.367708,40.25,-0.00200000778,41.9999695
19258,96.373079,40.25,-0.00200000778,41.9999695
19259,96.377975,40.25,-0.00200000778,41.9999695
19260,96.382908,40.25,-0.00200000778,41.9999695
19261,96.388349,40.25,-0.00200000778,41.9999695
19262,96.393244,40.25,-0.00200000778,41.9999695
19263,96.398334,40.25,-0.00200000778,41.9999695
19264,96.403511,40.25,-0.00200000778,41.9999695
19265,96.407633,40.25,-0.00200000778,41.9999695
19266,96.413065,40.25,-0.00200000778,41.9999695
19267,96.417961,40.25,-0.00200000778,41.9999695
19268,96.423090,40.25,-0.00200000778,41.9999695
19269,96.428258,40.25,-0.00200000778,41.9999695
19270,96.433167,40.25,-0.00200000778,41.9999695
19271,96.438538,40.25,-0.00200000778,41.9999695
19272,96.443437,40.25,-0.00200000778,41.9999695
19273,96.448550,40.25,-0.00200000778,41.9999695
19274,96.453705,40.25,-0.00200000778,41.9999695
19275,96.457862,40.25,-0.00206250697,41.7499695
19276,96.463242,40.25,-0.00206250697,41.7499695
19277,96.468147,40.25,-0.00206250697,41.7499695
19278,96.473039,40.25,-0.00206250697,41.7499695
19279,96.478505,40.25,-0.00206250697,41.7499695
19280,96.483401,40.25,-0.00206250697,41.7499695
19281,96.488535,40.25,-0.00206250697,41.7499695
19282,96.493691,40.25,-0.00206250697,41.7499695
19283,96.498596,40.25,-0.00206250697,41.7499695
19284,96.503972,40.25,-0.00206250697,41.7499695
19285,96.507540,40.25,-0.00206250697,41.7499695
19286,96.512982,40.25,-0.00206250697,41.7499695
19287,96.518441,40.25,-0.00206250697,41.7499695
19288,96.523336,40.25,-0.00206250697,41.7499695
19289,96.528719,40.25,-0.00206250697,41.7499695
19290,96.533615,40.25,-0.00206250697,41.7499695
19291,96.538544,40.25,-0.00206250697,41.7499695
19292,96.542592,40.25,-0.00206250697,41.7499695
19293,96.547485,40.25,-0.00206250697,41.7499695
19294,96.553944,40.25,-0.00206250697,41.7499695
19295,96.557774,40.25,-0.0021250071,41.4999695
19296,96.563296,40.25,-0.0021250071,41.4999695
19297,96.568680,40.25,-0.0021250071,41.4999695
19298,96.573576,40.25,-0.0021250071,41.4999695
19299,96.578481,40.25,-0.0021250071,41.4999695
19300,96.582528,40.25,-0.0021250071,41.4999695
19301,96.588764,40.25,-0.0021250071,41.4999695
19302,96.593684,40.25,-0.0021250071,41.4999695
19303,96.597717,40.25,-0.0021250071,41.4999695
19304,96.602614,40.25,-0.0021250071,41.4999695
19305,96.607519,40.25,-0.0021250071,41.4999695
19306,96.613473,40.25,-0.0021250071,41.4999695
19307,96.618369,40.25,-0.0021250071,41.4999695
19308,96.623489,40.25,-0.0021250071,41.4999695
19309,96.628641,40.25,-0.0021250071,41.4999695
19310,96.633549,40.25,-0.0021250071,41.4999695
19311,96.638918,40.25,-0.0021250071,41.4999695
19312,96.642490,40.25,-0.0021250071,41.4999695
19313,96.648723,40.25,-0.0021250071,41.4999695
19314,96.652767,40.25,-0.0021250071,41.4999695
19315,96.657662,40.25,-0.00218750723,41.2499695
19316,96.662570,40.25,-0.00218750723,41.2499695
19317,96.668523,40.25,-0.00218750723,41.2499695
19318,96.673421,40.25,-0.00218750723,41.2499695
19319,96.678804,40.25,-0.00218750723,41.2499695
19320,96.683702,40.25,-0.00218750723,41.2499695
19321,96.688632,40.25,-0.00218750723,41.2499695
19322,96.692727,40.25,-0.00218750723,41.2499695
19323,96.697621,40.25,-0.00218750723,41.2499695
19324,96.702528,40.25,-0.00218750723,41.2499695
19325,96.707970,40.25,-0.00218750723,41.2499695
19326,96.712879,40.25,-0.00218750723,41.2499695
19327,96.717992,40.25,-0.00218750723,41.2499695
19328,96.723718,40.25,-0.00218750723,41.2499695
19329,96.728611,40.25,-0.00218750723,41.2499695
19330,96.732678,40.25,-0.00218750723,41.2499695
19331,96.737574,40.25,-0.00218750723,41.2499695
19332,96.742482,40.25,-0.00218750723,41.2499695
19333,96.747931,40.25,-0.00218750723,41.2499695
19334,96.752840,40.25,-0.00218750723,41.2499695
19335,96.757929,40.25,-0.00225000735,40.9999695
19336,96.763129,40.25,-0.00225000735,40.9999695
19337,96.768017,40.25,-0.00225000735,40.9999695
19338,96.773968,40.25,-0.00225000735,40.9999695
19339,96.777533,40.25,-0.00225000735,40.9999695
19340,96.783977,40.25,-0.00225000735,40.9999695
19341,96.787805,40.25,-0.00225000735,40.9999695
19342,96.792701,40.25,-0.00225000735,40.9999695
19343,96.798087,40.25,-0.00225000735,40.9999695
19344,96.802986,40.25,-0.00225000735,40.9999695
19345,96.807891,40.25,-0.00225000735,40.9999695
19346,96.813588,40.25,-0.00225000735,40.9999695
19347,96.818481,40.25,-0.00225000735,40.9999695
19348,96.823389,40.25,-0.00225000735,40.9999695
19349,96.829325,40.25,-0.00225000735,40.9999695
19350,96.832890,40.25,-0.00225000735,40.9999695
19351,96.838025,40.25,-0.00225000735,40.9999695
19352,96.843181,40.25,-0.00225000735,40.9999695
19353,96.848070,40.25,-0.00225000735,40.9999695
19354,96.853440,40.25,-0.00225000735,40.9999695
19355,96.858336,40.25,-0.00231250748,40.7499695
19356,96.863244,40.25,-0.00231250748,40.7499695
19357,96.868681,40.25,-0.00231250748,40.7499695
19358,96.873576,40.25,-0.00231250748,40.7499695
19359,96.878506,40.25,-0.00231250748,40.7499695
19360,96.882573,40.25,-0.00231250748,40.7499695
19361,96.888013,40.25,-0.00231250748,40.7499695
19362,96.893157,40.25,-0.00231250748,40.7499695
19363,96.898309,40.25,-0.00231250748,40.7499695
19364,96.903218,40.25,-0.00231250748,40.7499695
19365,96.908656,40.25,-0.00231250748,40.7499695
19366,96.913552,40.25,-0.00231250748,40.7499695
19367,96.918945,40.25,-0.00231250748,40.7499695
19368,96.922517,40.25,-0.00231250748,40.7499695
19369,96.928982,40.25,-0.00231250748,40.7499695
19370,96.933318,40.25,-0.00231250748,40.7499695
19371,96.938224,40.25,-0.00231250748,40.7499695
19372,96.943618,40.25,-0.00231250748,40.7499695
19373,96.948511,40.25,-0.00231250748,40.7499695
19374,96.953418,40.25,-0.00231250748,40.7499695
19375,96.958824,40.25,-0.00237500761,40.4999695
19376,96.963733,40.25,-0.00237500761,40.4999695
19377,96.967517,40.25,-0.00237500761,40.4999695
19378,96.972701,40.25,-0.00237500761,40.4999695
19379,96.977606,40.25,-0.00237500761,40.4999695
19380,96.982978,40.25,-0.00237500761,40.4999695
19381,96.988429,40.25,-0.00237500761,40.4999695
19382,96.993353,40.25,-0.00237500761,40.4999695
19383,96.998748,40.25,-0.00237500761,40.4999695
19384,97.003644,40.25,-0.00237500761,40.4999695
19385,97.008777,40.25,-0.00237500761,40.4999695
19386,97.012607,40.25,-0.00237500761,40.4999695
19387,97.017500,40.25,-0.00237500761,40.4999695
19388,97.022598,40.25,-0.00237500761,40.4999695
19389,97.027772,40.25,-0.00237500761,40.4999695
19390,97.032680,40.25,-0.00237500761,40.4999695
19391,97.038631,40.25,-0.00237500761,40.4999695
19392,97.043530,40.25,-0.00237500761,40.4999695
19393,97.048912,40.25,-0.00237500761,40.4999695
19394,97.052484,40.25,-0.00237500761,40.4999695
19395,97.058716,40.25,-0.00243750773,40.2499695
19396,97.062761,40.25,-0.00243750773,40.2499695
19397,97.067657,40.25,-0.00243750773,40.2499695
19398,97.072564,40.25,-0.00243750773,40.2499695
19399,97.078050,40.25,-0.00243750773,40.2499695
19400,97.082959,40.25,-0.00243750773,40.2499695
19401,97.088354,40.25,-0.00243750773,40.2499695
19402,97.092446,40.25,-0.00243750773,40.2499695
19403,97.098908,40.25,-0.00243750773,40.2499695
19404,97.102739,40.25,-0.00243750773,40.2499695
19405,97.107632,40.25,-0.00243750773,40.2499695
19406,97.112723,40.25,-0.00243750773,40.2499695
19407,97.117903,40.25,-0.00243750773,40.2499695
19408,97.122812,40.25,-0.00243750773,40.2499695
19409,97.128166,40.25,-0.00243750773,40.2499695
19410,97.133058,40.25,-0.00243750773,40.2499695
19411,97.137964,40.25,-0.00243750773,40.2499695
19412,97.143901,40.25,-0.00243750773,40.2499695
19413,97.147466,40.25,-0.00243750773,40.2499695
19414,97.152583,40.25,-0.00243750773,40.2499695
19415,97.157738,40.25,-0.00250000693,39.9999695
19416,97.162647,40.25,-0.00250000693,39.9999695
19417,97.168137,40.25,-0.00250000693,39.9999695
19418,97.173028,40.25,-0.00250000693,39.9999695
19419,97.178164,40.25,-0.00250000693,39.9999695
19420,97.183313,40.25,-0.00250000693,39.9999695
19421,97.188218,40.25,-0.00250000693,39.9999695
19422,97.193593,40.25,-0.00250000693,39.9999695
19423,97.204088,40.25,-0.00250000693,39.9999695
19424,97.206494,40.25,-0.00250000693,39.9999695
19425,97.210404,40.25,-0.00250000693,39.9999695
19426,97.215309,40.25,-0.00250000693,39.9999695
19427,97.220233,40.25,-0.00250000693,39.9999695
19428,97.224238,40.25,-0.00250000693,39.9999695
19429,97.229143,40.25,-0.00250000693,39.9999695
19430,97.235583,40.25,-0.00250000693,39.9999695
19431,97.239436,40.25,-0.00250000693,39.9999695
19432,97.244332,40.25,-0.00250000693,39.9999695
19433,97.249746,40.25,-0.00250000693,39.9999695
19434,97.255229,40.25,-0.00250000693,39.9999695
19435,97.260124,40.25,-0.00256250706,39.7499695
19436,97.265241,40.25,-0.00256250706,39.7499695
19437,97.270394,40.25,-0.00256250706,39.7499695
19438,97.275300,40.25,-0.00256250706,39.7499695
19439,97.280671,40.25,-0.00256250706,39.7499695
19440,97.284236,40.25,-0.00256250706,39.7499695
19441,97.289129,40.25,-0.00256250706,39.7499695
19442,97.294589,40.25,-0.00256250706,39.7499695
19443,97.299482,40.25,-0.00256250706,39.7499695
19444,97.304596,40.25,-0.00256250706,39.7499695
19445,97.310311,40.25,-0.00256250706,39.7499695
19446,97.315216,40.25,-0.00256250706,39.7499695
19447,97.320607,40.25,-0.00256250706,39.7499695
19448,97.324173,40.25,-0.00256250706,39.7499695
19449,97.330594,40.25,-0.00256250706,39.7499695
19450,97.334447,40.25,-0.00256250706,39.7499695
19451,97.339340,40.25,-0.00256250706,39.7499695
19452,97.344460,40.25,-0.00256250706,39.7499695
19453,97.349612,40.25,-0.00256250706,39.7499695
19454,97.354520,40.25,-0.00256250706,39.7499695
19455,97.359917,39.125,0.0539062433,40.6249695
19456,97.365368,39.125,0.0539062433,40.6249695
19457,97.370457,39.125,0.0539062433,40.6249695
19458,97.374311,39.125,0.0539062433,40.6249695
19459,97.379204,39.125,0.0539062433,40.6249695
19460,97.384349,39.125,0.0539062433,40.6249695
19461,97.389498,39.125,0.0539062433,40.6249695
19462,97.394405,39.125,0.0539062433,40.6249695
19463,97.399778,39.125,0.0539062433,40.6249695
19464,97.404674,39.125,0.0539062433,40.6249695
19465,97.409579,39.125,0.0539062433,40.6249695
19466,97.415545,39.125,0.0539062433,40.6249695
19467,97.419098,39.125,0.0539062433,40.6249695
19468,97.424194,39.125,0.0539062433,40.6249695
19469,97.429384,39.125,0.0539062433,40.6249695
19470,97.434292,39.125,0.0539062433,40.6249695
19471,97.439784,39.125,0.0539062433,40.6249695
19472,97.444679,39.125,0.0539062433,40.6249695
19473,97.449776,39.125,0.0539062433,40.6249695
19474,97.454956,39.125,0.0539062433,40.6249695
19475,97.459862,39.125,0.0541249923,41.4999695
19476,97.465243,39.125,0.0541249923,41.4999695
19477,97.469336,39.125,0.0541249923,41.4999695
19478,97.474232,39.125,0.0541249923,41.4999695
19479,97.479656,39.125,0.0541249923,41.4999695
19480,97.484551,39.125,0.0541249923,41.4999695
19481,97.489662,39.125,0.0541249923,41.4999695
19482,97.494842,39.125,0.0541249923,41.4999695
19483,97.499747,39.125,0.0541249923,41.4999695
19484,97.505098,39.125,0.0541249923,41.4999695
19485,97.509993,39.125,0.0541249923,41.4999695
19486,97.514901,39.125,0.0541249923,41.4999695
19487,97.519220,39.125,0.0541249923,41.4999695
19488,97.524415,39.125,0.0541249923,41.4999695
19489,97.529307,39.125,0.0541249923,41.4999695
19490,97.534479,39.125,0.0541249923,41.4999695
19491,97.539633,39.125,0.0541249923,41.4999695
19492,97.544541,39.125,0.0541249923,41.4999695
19493,97.549913,39.125,0.0541249923,41.4999695
19494,97.554812,39.125,0.0541249923,41.4999695
19495,97.559742,39.125,0.0543437414,42.3749695
19496,97.565183,39.125,0.0543437414,42.3749695
19497,97.569304,39.125,0.0543437414,42.3749695
19498,97.574200,39.125,0.0543437414,42.3749695
19499,97.579621,39.125,0.0543437414,42.3749695
19500,97.584517,39.125,0.0543437414,42.3749695
19501,97.589651,39.125,0.0543437414,42.3749695
19502,97.594807,39.125,0.0543437414,42.3749695
19503,97.599713,39.125,0.0543437414,42.3749695
19504,97.605158,39.125,0.0543437414,42.3749695
19505,97.610046,39.125,0.0543437414,42.3749695
19506,97.615151,39.125,0.0543437414,42.3749695
19507,97.619528,39.125,0.0543437414,42.3749695
19508,97.624427,39.125,0.0543437414,42.3749695
19509,97.629785,39.125,0.0543437414,42.3749695
19510,97.634684,39.125,0.0543437414,42.3749695
19511,97.639588,39.125,0.0543437414,42.3749695
19512,97.645035,39.125,0.0543437414,42.3749695
19513,97.649941,39.125,0.0543437414,42.3749695
19514,97.655060,39.125,0.0543437414,42.3749695
19515,97.660222,39.125,0.0545624942,43.2499695
19516,97.665127,39.125,0.0545624942,43.2499695
19517,97.670472,39.125,0.0545624942,43.2499695
19518,97.674578,39.125,0.0545624942,43.2499695
19519,97.679474,39.125,0.0545624942,43.2499695
19520,97.684924,39.125,0.0545624942,43.2499695
19521,97.689830,39.125,0.0545624942,43.2499695
19522,97.694922,39.125,0.0545624942,43.2499695
19523,97.700102,39.125,0.0545624942,43.2499695
19524,97.705010,39.125,0.0545624942,43.2499695
19525,97.710367,39.125,0.0545624942,43.2499695
19526,97.715273,39.125,0.0545624942,43.2499695
19527,97.720169,39.125,0.0545624942,43.2499695
19528,97.724262,39.125,0.0545624942,43.2499695
19529,97.729696,39.125,0.0545624942,43.2499695
19530,97.734832,39.125,0.0545624942,43.2499695
19531,97.739988,39.125,0.0545624942,43.2499695
19532,97.744896,39.125,0.0545624942,43.2499695
19533,97.750253,39.125,0.0545624942,43.2499695
19534,97.755159,39.125,0.0545624942,43.2499695
19535,97.760047,39.125,0.0547812432,44.1249695
19536,97.765488,39.125,0.0547812432,44.1249695
19537,97.770384,39.125,0.0547812432,44.1249695
19538,97.775794,39.125,0.0547812432,44.1249695
19539,97.779856,39.125,0.0547812432,44.1249695
19540,97.784754,39.125,0.0547812432,44.1249695
19541,97.789659,39.125,0.0547812432,44.1249695
19542,97.795095,39.125,0.0547812432,44.1249695
19543,97.800000,39.125,0.0547812432,44.1249695
19544,97.805127,39.125,0.0547812432,44.1249695
19545,97.810280,39.125,0.0547812432,44.1249695
19546,97.815186,39.125,0.0547812432,44.1249695
19547,97.820557,39.125,0.0547812432,44.1249695
19548,97.824125,39.125,0.0547812432,44.1249695
19549,97.830360,39.125,0.0547812432,44.1249695
19550,97.834387,39.125,0.0547812432,44.1249695
19551,97.840124,39.125,0.0547812432,44.1249695
19552,97.845013,39.125,0.0547812432,44.1249695
19553,97.850467,39.125,0.0547812432,44.1249695
19554,97.855360,39.125,0.0547812432,44.1249695
19555,97.859123,39.125,0.0549999923,44.9999695
19556,97.864300,39.125,0.0549999923,44.9999695
19557,97.869205,39.125,0.0549999923,44.9999695
19558,97.874580,39.125,0.0549999923,44.9999695
19559,97.879476,39.125,0.0549999923,44.9999695
19560,97.884949,39.125,0.0549999923,44.9999695
19561,97.890378,39.125,0.0549999923,44.9999695
19562,97.895270,39.125,0.0549999923,44.9999695
19563,97.900405,39.125,0.0549999923,44.9999695
19564,97.904235,39.125,0.0549999923,44.9999695
19565,97.909127,39.125,0.0549999923,44.9999695
19566,97.914247,39.125,0.0549999923,44.9999695
19567,97.919399,39.125,0.0549999923,44.9999695
19568,97.924308,39.125,0.0549999923,44.9999695
19569,97.929680,39.125,0.0549999923,44.9999695
19570,97.935088,39.125,0.0549999923,44.9999695
19571,97.940202,39.125,0.0549999923,44.9999695
19572,97.945373,39.125,0.0549999923,44.9999695
19573,97.950281,39.125,0.0549999923,44.9999695
19574,97.955653,39.125,0.0549999923,44.9999695
19575,97.959219,39.125,0.0552187413,45.8749695
19576,97.964115,39.125,0.0552187413,45.8749695
19577,97.969547,39.125,0.0552187413,45.8749695
19578,97.974443,39.125,0.0552187413,45.8749695
19579,97.979577,39.125,0.0552187413,45.8749695
19580,97.984733,39.125,0.0552187413,45.8749695
19581,97.990184,39.125,0.0552187413,45.8749695
19582,97.994245,39.125,0.0552187413,45.8749695
19583,97.999150,39.125,0.0552187413,45.8749695
19584,98.005600,39.125,0.0552187413,45.8749695
19585,98.009429,39.125,0.0552187413,45.8749695
19586,98.014325,39.125,0.0552187413,45.8749695
19587,98.019445,39.125,0.0552187413,45.8749695
19588,98.024644,39.125,0.0552187413,45.8749695
19589,98.029549,39.125,0.0552187413,45.8749695
19590,98.034924,39.125,0.0552187413,45.8749695
19591,98.040340,39.125,0.0552187413,45.8749695
19592,98.045245,39.125,0.0552187413,45.8749695
19593,98.049280,39.125,0.0552187413,45.8749695
19594,98.054189,39.125,0.0552187413,45.8749695
19595,98.059077,39.125,0.0554374903,46.7499695
19596,98.064507,39.125,0.0554374903,46.7499695
19597,98.069399,39.125,0.0554374903,46.7499695
19598,98.074785,39.125,0.0554374903,46.7499695
19599,98.079681,39.125,0.0554374903,46.7499695
19600,98.084588,39.125,0.0554374903,46.7499695
19601,98.090010,39.125,0.0554374903,46.7499695
19602,98.094150,39.125,0.0554374903,46.7499695
19603,98.100612,39.125,0.0554374903,46.7499695
19604,98.104440,39.125,0.0554374903,46.7499695
19605,98.109332,39.125,0.0554374903,46.7499695
19606,98.114721,39.125,0.0554374903,46.7499695
19607,98.119617,39.125,0.0554374903,46.7499695
19608,98.124525,39.125,0.0554374903,46.7499695
19609,98.129996,39.125,0.0554374903,46.7499695
19610,98.134905,39.125,0.0554374903,46.7499695
19611,98.140022,39.125,0.0554374903,46.7499695
19612,98.144358,39.125,0.0554374903,46.7499695
19613,98.149263,39.125,0.0554374903,46.7499695
19614,98.154657,39.125,0.0554374903,46.7499695
19615,98.159550,39.125,0.0556562431,47.6249695
19616,98.164666,39.125,0.0556562431,47.6249695
19617,98.169825,39.125,0.0556562431,47.6249695
19618,98.174733,39.125,0.0556562431,47.6249695
19619,98.180080,39.125,0.0556562431,47.6249695
19620,98.184979,39.125,0.0556562431,47.6249695
19621,98.189908,39.125,0.0556562431,47.6249695
19622,98.195847,39.125,0.0556562431,47.6249695
19623,98.204443,39.125,0.0556562431,47.6249695
19624,98.206762,39.125,0.0556562431,47.6249695
19625,98.210614,39.125,0.0556562431,47.6249695
19626,98.215506,39.125,0.0556562431,47.6249695
19627,98.220892,39.125,0.0556562431,47.6249695
19628,98.224460,39.125,0.0556562431,47.6249695
19629,98.230939,39.125,0.0556562431,47.6249695
19630,98.234783,39.125,0.0556562431,47.6249695
19631,98.239675,39.125,0.0556562431,47.6249695
19632,98.244767,39.125,0.0556562431,47.6249695
19633,98.250520,39.125,0.0556562431,47.6249695
19634,98.255412,39.125,0.0556562431,47.6249695
19635,98.259455,39.125,0.0558749922,48.4999695
19636,98.265694,39.125,0.0558749922,48.4999695
19637,98.270814,39.125,0.0558749922,48.4999695
19638,98.274643,39.125,0.0558749922,48.4999695
19639,98.279536,39.125,0.0558749922,48.4999695
19640,98.284627,39.125,0.0558749922,48.4999695
19641,98.289808,39.125,0.0558749922,48.4999695
19642,98.294716,39.125,0.0558749922,48.4999695
19643,98.300063,39.125,0.0558749922,48.4999695
19644,98.305517,39.125,0.0558749922,48.4999695
19645,98.310650,39.125,0.0558749922,48.4999695
19646,98.314479,39.125,0.0558749922,48.4999695
19647,98.319371,39.125,0.0558749922,48.4999695
19648,98.324488,39.125,0.0558749922,48.4999695
19649,98.329644,39.125,0.0558749922,48.4999695
19650,98.334552,39.125,0.0558749922,48.4999695
19651,98.339974,39.125,0.0558749922,48.4999695
19652,98.344883,39.125,0.0558749922,48.4999695
19653,98.350010,39.125,0.0558749922,48.4999695
19654,98.355736,39.125,0.0558749922,48.4999695
19655,98.360632,39.125,0.0560937412,49.3749695
19656,98.364671,39.125,0.0560937412,49.3749695
19657,98.369564,39.125,0.0560937412,49.3749695
19658,98.374696,39.125,0.0560937412,49.3749695
19659,98.379864,39.125,0.0560937412,49.3749695
19660,98.384772,39.125,0.0560937412,49.3749695
19661,98.390239,39.125,0.0560937412,49.3749695
19662,98.395131,39.125,0.0560937412,49.3749695
19663,98.400266,39.125,0.0560937412,49.3749695
19664,98.405412,39.125,0.0560937412,49.3749695
19665,98.410320,39.125,0.0560937412,49.3749695
19666,98.414669,39.125,0.0560937412,49.3749695
19667,98.419825,39.125,0.0560937412,49.3749695
19668,98.424733,39.125,0.0560937412,49.3749695
19669,98.430080,39.125,0.0560937412,49.3749695
19670,98.434979,39.125,0.0560937412,49.3749695
19671,98.439884,39.125,0.0560937412,49.3749695
19672,98.445350,39.125,0.0560937412,49.3749695
19673,98.450246,39.125,0.0560937412,49.3749695
19674,98.455628,39.125,0.0560937412,49.3749695
19675,98.460524,39.125,0.056312494,50.2499695
19676,98.465429,39.125,0.056312494,50.2499695
19677,98.469744,39.125,0.056312494,50.2499695
19678,98.474926,39.125,0.056312494,50.2499695
19679,98.479832,39.125,0.056312494,50.2499695
19680,98.484936,39.125,0.056312494,50.2499695
19681,98.490136,39.125,0.056312494,50.2499695
19682,98.495024,39.125,0.056312494,50.2499695
19683,98.500404,39.125,0.056312494,50.2499695
19684,98.505309,39.125,0.056312494,50.2499695
19685,98.510205,39.125,0.056312494,50.2499695
19686,98.515638,39.125,0.056312494,50.2499695
19687,98.519756,39.125,0.056312494,50.2499695
19688,98.524893,39.125,0.056312494,50.2499695
19689,98.530099,39.125,0.056312494,50.2499695
19690,98.535006,39.125,0.056312494,50.2499695
19691,98.540452,39.125,0.056312494,50.2499695
19692,98.545345,39.125,0.056312494,50.2499695
19693,98.550473,39.125,0.056312494,50.2499695
19694,98.555623,39.125,0.056312494,50.2499695
19695,98.560531,39.125,0.056531243,51.1249695
19696,98.565654,39.125,0.056531243,51.1249695
19697,98.569984,39.125,0.056531243,51.1249695
19698,98.574880,39.125,0.056531243,51.1249695
19699,98.580250,39.125,0.056531243,51.1249695
19700,98.585155,39.125,0.056531243,51.1249695
19701,98.590043,39.125,0.056531243,51.1249695
19702,98.595510,39.125,0.056531243,51.1249695
19703,98.600405,39.125,0.056531243,51.1249695
19704,98.605788,39.125,0.056531243,51.1249695
19705,98.610687,39.125,0.056531243,51.1249695
19706,98.615592,39.125,0.056531243,51.1249695
19707,98.619637,39.125,0.056531243,51.1249695
19708,98.625084,39.125,0.056531243,51.1249695
19709,98.629990,39.125,0.056531243,51.1249695
19710,98.635471,39.25,0.056531243,51.1249695
19711,98.640367,39.25,0.056531243,51.1249695
19712,98.645479,39.25,0.056531243,51.1249695
19713,98.650636,39.25,0.056531243,51.1249695
19714,98.655541,39.25,0.056531243,51.1249695
19715,98.660913,39.25,0.0504687428,51.8749695
19716,98.664481,39.25,0.0504687428,51.8749695
19717,98.669373,39.25,0.0504687428,51.8749695
19718,98.674830,39.25,0.0504687428,51.8749695
19719,98.680255,39.25,0.0504687428,51.8749695
19720,98.685394,39.25,0.0504687428,51.8749695
19721,98.690547,39.25,0.0504687428,51.8749695
19722,98.695452,39.25,0.0504687428,51.8749695
19723,98.700552,39.25,0.0504687428,51.8749695
19724,98.704404,39.25,0.0504687428,51.8749695
19725,98.710639,39.25,0.0504687428,51.8749695
19726,98.716012,39.25,0.0504687428,51.8749695
19727,98.719581,39.25,0.0504687428,51.8749695
19728,98.724477,39.25,0.0504687428,51.8749695
19729,98.730457,39.25,0.0504687428,51.8749695
19730,98.735353,39.25,0.0504687428,51.8749695
19731,98.740458,39.25,0.0504687428,51.8749695
19732,98.745643,39.25,0.0504687428,51.8749695
19733,98.750551,39.25,0.0504687428,51.8749695
19734,98.755923,39.25,0.0504687428,51.8749695
19735,98.759492,39.25,0.0506562442,52.6249695
19736,98.764387,39.25,0.0506562442,52.6249695
19737,98.769816,39.25,0.0506562442,52.6249695
19738,98.774711,39.25,0.0506562442,52.6249695
19739,98.780130,39.25,0.0506562442,52.6249695
19740,98.785546,39.25,0.0506562442,52.6249695
19741,98.790454,39.25,0.0506562442,52.6249695
19742,98.794519,39.25,0.0506562442,52.6249695
19743,98.799414,39.25,0.0506562442,52.6249695
19744,98.804544,39.25,0.0506562442,52.6249695
19745,98.809700,39.25,0.0506562442,52.6249695
19746,98.814608,39.25,0.0506562442,52.6249695
19747,98.819981,39.25,0.0506562442,52.6249695
19748,98.824880,39.25,0.0506562442,52.6249695
19749,98.829785,39.25,0.0506562442,52.6249695
19750,98.835723,39.25,0.0506562442,52.6249695
19751,98.840623,39.25,0.0506562442,52.6249695
19752,98.846004,39.25,0.0506562442,52.6249695
19753,98.849573,39.25,0.0506562442,52.6249695
19754,98.854469,39.25,0.0506562442,52.6249695
19755,98.860165,39.25,0.0508437455,53.3749695
19756,98.865054,39.25,0.0508437455,53.3749695
19757,98.869984,39.25,0.0508437455,53.3749695
19758,98.875411,39.25,0.0508437455,53.3749695
19759,98.880307,39.25,0.0508437455,53.3749695
19760,98.885426,39.25,0.0508437455,53.3749695
19761,98.889772,39.25,0.0508437455,53.3749695
19762,98.894670,39.25,0.0508437455,53.3749695
19763,98.900053,39.25,0.0508437455,53.3749695
19764,98.904952,39.25,0.0508437455,53.3749695
19765,98.909881,39.25,0.0508437455,53.3749695
19766,98.915323,39.25,0.0508437455,53.3749695
19767,98.920218,39.25,0.0508437455,53.3749695
19768,98.925336,39.25,0.0508437455,53.3749695
19769,98.930488,39.25,0.0508437455,53.3749695
19770,98.935392,39.25,0.0508437455,53.3749695
19771,98.940789,39.25,0.0508437455,53.3749695
19772,98.944872,39.25,0.0508437455,53.3749695
19773,98.949777,39.25,0.0508437455,53.3749695
19774,98.955234,39.25,0.0508437455,53.3749695
19775,98.960129,39.25,0.0510312468,54.1249695
19776,98.965512,39.25,0.0510312468,54.1249695
19777,98.970410,39.25,0.0510312468,54.1249695
19778,98.975316,39.25,0.0510312468,54.1249695
19779,98.980760,39.25,0.0510312468,54.1249695
19780,98.985652,39.25,0.0510312468,54.1249695
19781,98.990787,39.25,0.0510312468,54.1249695
19782,98.995123,39.25,0.0510312468,54.1249695
19783,99.000012,39.25,0.0510312468,54.1249695
19784,99.005405,39.25,0.0510312468,54.1249695
19785,99.010313,39.25,0.0510312468,54.1249695
19786,99.015234,39.25,0.0510312468,54.1249695
19787,99.020646,39.25,0.0510312468,54.1249695
19788,99.025538,39.25,0.0510312468,54.1249695
19789,99.030661,39.25,0.0510312468,54.1249695
19790,99.034502,39.25,0.0510312468,54.1249695
19791,99.039394,39.25,0.0510312468,54.1249695
19792,99.044835,39.25,0.0510312468,54.1249695
19793,99.050272,39.25,0.0510312468,54.1249695
19794,99.055164,39.25,0.0510312468,54.1249695
19795,99.060267,39.25,0.0512187444,54.8749695
19796,99.065456,39.25,0.0512187444,54.8749695
19797,99.070364,39.25,0.0512187444,54.8749695
19798,99.075736,39.25,0.0512187444,54.8749695
19799,99.080636,39.25,0.0512187444,54.8749695
19800,99.085541,39.25,0.0512187444,54.8749695
19801,99.089610,39.25,0.0512187444,54.8749695
19802,99.094506,39.25,0.0512187444,54.8749695
19803,99.099410,39.25,0.0512187444,54.8749695
19804,99.105373,39.25,0.0512187444,54.8749695
19805,99.110281,39.25,0.0512187444,54.8749695
19806,99.115672,39.25,0.0512187444,54.8749695
19807,99.120571,39.25,0.0512187444,54.8749695
19808,99.125501,39.25,0.0512187444,54.8749695
19809,99.129546,39.25,0.0512187444,54.8749695
19810,99.134445,39.25,0.0512187444,54.8749695
19811,99.140922,39.25,0.0512187444,54.8749695
19812,99.144752,39.25,0.0512187444,54.8749695
19813,99.149644,39.25,0.0512187444,54.8749695
19814,99.154768,39.25,0.0512187444,54.8749695
19815,99.160489,39.25,0.0514062457,55.6249695
19816,99.165381,39.25,0.0514062457,55.6249695
19817,99.169426,39.25,0.0514062457,55.6249695
19818,99.175662,39.25,0.0514062457,55.6249695
19819,99.179458,39.25,0.0514062457,55.6249695
19820,99.184613,39.25,0.0514062457,55.6249695
19821,99.189518,39.25,0.0514062457,55.6249695
19822,99.194893,39.25,0.0514062457,55.6249695
19823,99.204638,39.25,0.0514062457,55.6249695
19824,99.207065,39.25,0.0514062457,55.6249695
19825,99.211018,39.25,0.0514062457,55.6249695
19826,99.215131,39.25,0.0514062457,55.6249695
19827,99.220020,39.25,0.0514062457,55.6249695
19828,99.225477,39.25,0.0514062457,55.6249695
19829,99.230373,39.25,0.0514062457,55.6249695
19830,99.235458,39.25,0.0514062457,55.6249695
19831,99.240642,39.25,0.0514062457,55.6249695
19832,99.245547,39.25,0.0514062457,55.6249695
19833,99.250998,39.25,0.0514062457,55.6249695
19834,99.255903,39.25,0.0514062457,55.6249695
19835,99.261030,39.25,0.0515937433,56.3749695
19836,99.265367,39.25,0.0515937433,56.3749695
19837,99.270275,39.25,0.0515937433,56.3749695
19838,99.275666,39.25,0.0515937433,56.3749695
19839,99.280563,39.25,0.0515937433,56.3749695
19840,99.285468,39.25,0.0515937433,56.3749695
19841,99.291066,39.25,0.0515937433,56.3749695
19842,99.295961,39.25,0.0515937433,56.3749695
19843,99.300894,39.25,0.0515937433,56.3749695
19844,99.304928,39.25,0.0515937433,56.3749695
19845,99.309824,39.25,0.0515937433,56.3749695
19846,99.315236,39.25,0.0515937433,56.3749695
19847,99.320666,39.25,0.0515937433,56.3749695
19848,99.325558,39.25,0.0515937433,56.3749695
19849,99.330657,39.25,0.0515937433,56.3749695
19850,99.335849,39.25,0.0515937433,56.3749695
19851,99.340757,39.25,0.0515937433,56.3749695
19852,99.346104,39.25,0.0515937433,56.3749695
19853,99.349672,39.25,0.0515937433,56.3749695
19854,99.355932,39.25,0.0515937433,56.3749695
19855,99.359978,39.25,0.0517812446,57.1249695
19856,99.364877,39.25,0.0517812446,57.1249695
19857,99.370315,39.25,0.0517812446,57.1249695
19858,99.375712,39.25,0.0517812446,57.1249695
19859,99.380608,39.25,0.0517812446,57.1249695
19860,99.385743,39.25,0.0517812446,57.1249695
19861,99.390902,39.25,0.0517812446,57.1249695
19862,99.395807,39.25,0.0517812446,57.1249695
19863,99.399853,39.25,0.0517812446,57.1249695
19864,99.404750,39.25,0.0517812446,57.1249695
19865,99.409681,39.25,0.0517812446,57.1249695
19866,99.415173,39.25,0.0517812446,57.1249695
19867,99.420061,39.25,0.0517812446,57.1249695
19868,99.425160,39.25,0.0517812446,57.1249695
19869,99.430888,39.25,0.0517812446,57.1249695
19870,99.435794,39.25,0.0517812446,57.1249695
19871,99.441197,39.25,0.0517812446,57.1249695
19872,99.444758,39.25,0.0517812446,57.1249695
19873,99.449651,39.25,0.0517812446,57.1249695
19874,99.455089,39.25,0.0517812446,57.1249695
19875,99.459994,39.25,0.0519687459,57.8749695
19876,99.465369,39.25,0.0519687459,57.8749695
19877,99.470277,39.25,0.0519687459,57.8749695
19878,99.475169,39.25,0.0519687459,57.8749695
19879,99.480634,39.25,0.0519687459,57.8749695
19880,99.485527,39.25,0.0519687459,57.8749695
19881,99.490662,39.25,0.0519687459,57.8749695
19882,99.494991,39.25,0.0519687459,57.8749695
19883,99.499884,39.25,0.0519687459,57.8749695
19884,99.505254,39.25,0.0519687459,57.8749695
19885,99.510162,39.25,0.0519687459,57.8749695
19886,99.515051,39.25,0.0519687459,57.8749695
19887,99.520470,39.25,0.0519687459,57.8749695
19888,99.525363,39.25,0.0519687459,57.8749695
19889,99.530480,39.25,0.0519687459,57.8749695
19890,99.535629,39.25,0.0519687459,57.8749695
19891,99.540537,39.25,0.0519687459,57.8749695
19892,99.546462,39.25,0.0519687459,57.8749695
19893,99.550014,39.25,0.0519687459,57.8749695
19894,99.555146,39.25,0.0519687459,57.8749695
19895,99.560308,39.25,0.0521562435,58.6249695
19896,99.565213,39.25,0.0521562435,58.6249695
19897,99.570581,39.25,0.0521562435,58.6249695
19898,99.575477,39.25,0.0521562435,58.6249695
19899,99.580410,39.25,0.0521562435,58.6249695
19900,99.585813,39.25,0.0521562435,58.6249695
19901,99.590721,39.25,0.0521562435,58.6249695
19902,99.595857,39.25,0.0521562435,58.6249695
19903,99.600246,39.25,0.0521562435,58.6249695
19904,99.605151,39.25,0.0521562435,58.6249695
19905,99.610352,39.25,0.0521562435,58.6249695
19906,99.615501,39.25,0.0521562435,58.6249695
19907,99.620408,39.25,0.0521562435,58.6249695
19908,99.625781,39.25,0.0521562435,58.6249695
19909,99.630680,39.25,0.0521562435,58.6249695
19910,99.635794,39.25,0.0521562435,58.6249695
19911,99.639646,39.25,0.0521562435,58.6249695
19912,99.645882,39.25,0.0521562435,58.6249695
19913,99.649978,39.25,0.0521562435,58.6249695
19914,99.655429,39.25,0.0521562435,58.6249695
19915,99.660565,39.25,0.0523437448,59.3749695
19916,99.665721,39.25,0.0523437448,59.3749695
19917,99.670629,39.25,0.0523437448,59.3749695
19918,99.676001,39.25,0.0523437448,59.3749695
19919,99.680900,39.25,0.0523437448,59.3749695
19920,99.685806,39.25,0.0523437448,59.3749695
19921,99.689875,39.25,0.0523437448,59.3749695
19922,99.694773,39.25,0.0523437448,59.3749695
19923,99.699898,39.25,0.0523437448,59.3749695
19924,99.705626,39.25,0.0523437448,59.3749695
19925,99.710522,39.25,0.0523437448,59.3749695
19926,99.715963,39.25,0.0523437448,59.3749695
19927,99.720871,39.25,0.0523437448,59.3749695
19928,99.725787,39.25,0.0523437448,59.3749695
19929,99.729811,39.25,0.0523437448,59.3749695
19930,99.734708,39.25,0.0523437448,59.3749695
19931,99.741177,39.25,0.0523437448,59.3749695
19932,99.745000,39.25,0.0523437448,59.3749695
19933,99.749906,39.25,0.0523437448,59.3749695
19934,99.755022,39.25,0.0523437448,59.3749695
19935,99.760779,39.25,0.0525312424,60.1249695
19936,99.765671,39.25,0.0525312424,60.1249695
19937,99.769736,39.25,0.0525312424,60.1249695
19938,99.775974,39.25,0.0525312424,60.1249695
19939,99.781098,39.25,0.0525312424,60.1249695
19940,99.784911,39.25,0.0525312424,60.1249695
19941,99.789816,39.25,0.0525312424,60.1249695
19942,99.794911,39.25,0.0525312424,60.1249695
19943,99.800095,39.25,0.0525312424,60.1249695
19944,99.805003,39.25,0.0525312424,60.1249695
19945,99.810407,39.25,0.0525312424,60.1249695
19946,99.815823,39.25,0.0525312424,60.1249695
19947,99.820960,39.25,0.0525312424,60.1249695
19948,99.824789,39.25,0.0525312424,60.1249695
19949,99.829681,39.25,0.0525312424,60.1249695
19950,99.834797,39.25,0.0525312424,60.1249695
19951,99.839953,39.25,0.0525312424,60.1249695
19952,99.844861,39.25,0.0525312424,60.1249695
19953,99.850306,39.25,0.0525312424,60.1249695
19954,99.855199,39.25,0.0525312424,60.1249695
19955,99.860305,39.25,0.0527187437,60.8749695
19956,99.865476,39.25,0.0527187437,60.8749695
19957,99.870926,39.25,0.0527187437,60.8749695
19958,99.875005,39.25,0.0527187437,60.8749695
19959,99.880183,39.25,0.0527187437,60.8749695
19960,99.885071,39.25,0.0527187437,60.8749695
19961,99.890480,39.25,0.0527187437,60.8749695
19962,99.895376,39.25,0.0527187437,60.8749695
19963,99.900284,39.25,0.0527187437,60.8749695
19964,99.905714,39.25,0.0527187437,60.8749695
19965,99.910610,40.375,0.0527187437,60.8749695
19966,99.915993,40.375,0.0527187437,60.8749695
19967,99.920103,40.375,0.0527187437,60.8749695
19968,99.925010,40.375,0.0527187437,60.8749695
19969,99.930464,40.375,0.0527187437,60.8749695
19970,99.935357,40.375,0.0527187437,60.8749695
19971,99.940482,40.375,0.0527187437,60.8749695
19972,99.945648,40.375,0.0527187437,60.8749695
19973,99.950556,40.375,0.0527187437,60.8749695
19974,99.955928,40.375,0.0527187437,60.8749695
19975,99.960827,40.375,-0.00362500735,60.4999695
19976,99.965732,40.375,-0.00362500735,60.4999695
19977,99.969802,40.375,-0.00362500735,60.4999695
19978,99.975267,40.375,-0.00362500735,60.4999695
19979,99.980407,40.375,-0.00362500735,60.4999695
19980,99.985559,40.375,-0.00362500735,60.4999695
19981,99.990467,40.375,-0.00362500735,60.4999695
19982,99.995839,40.375,-0.00362500735,60.4999695
19983,100.000737,40.375,-0.00362500735,60.4999695
19984,100.005642,40.375,-0.00362500735,60.4999695
19985,100.009712,40.375,-0.00362500735,60.4999695
19986,100.015949,40.375,-0.00362500735,60.4999695
19987,100.021064,40.375,-0.00362500735,60.4999695
19988,100.025400,40.375,-0.00362500735,60.4999695
19989,100.030309,40.375,-0.00362500735,60.4999695
19990,100.035725,40.375,-0.00362500735,60.4999695
19991,100.040621,40.375,-0.00362500735,60.4999695
19992,100.045526,40.375,-0.00362500735,60.4999695
19993,100.050956,40.375,-0.00362500735,60.4999695
19994,100.055862,40.375,-0.00362500735,60.4999695
19995,100.060757,40.375,-0.003718758,60.1249695
19996,100.064812,40.375,-0.003718758,60.1249695
19997,100.069707,40.375,-0.003718758,60.1249695
19998,100.076170,40.375,-0.003718758,60.1249695
19999,100.079976,40.375,-0.003718758,60.1249695
20000,100.085404,40.375,-0.003718758,60.1249695
20001,100.090800,40.375,-0.003718758,60.1249695
20002,100.095695,40.375,-0.003718758,60.1249695
20003,100.100602,40.375,-0.003718758,60.1249695
20004,100.106050,40.375,-0.003718758,60.1249695
20005,100.110958,40.375,-0.003718758,60.1249695
20006,100.116075,40.375,-0.003718758,60.1249695
20007,100.119887,40.375,-0.003718758,60.1249695
20008,100.124796,40.375,-0.003718758,60.1249695
20009,100.129912,40.375,-0.003718758,60.1249695
20010,100.135093,40.375,-0.003718758,60.1249695
20011,100.140519,40.375,-0.003718758,60.1249695
20012,100.145899,40.375,-0.003718758,60.1249695
20013,100.150798,40.375,-0.003718758,60.1249695
20014,100.155703,40.375,-0.003718758,60.1249695
20015,100.159748,40.375,-0.00381250773,60.1249695
20016,100.164647,40.375,-0.00381250773,59.7499695
20017,100.171100,40.375,-0.00381250773,59.7499695
20018,100.174940,40.375,-0.00381250773,59.7499695
20019,100.179846,40.375,-0.00381250773,59.7499695
20020,100.184962,40.375,-0.00381250773,59.7499695
20021,100.190690,40.375,-0.00381250773,59.7499695
20022,100.195583,40.375,-0.00381250773,59.7499695
20023,100.205953,40.375,-0.00381250773,59.7499695
20024,100.208179,40.375,-0.00381250773,59.7499695
20025,100.211744,40.375,-0.00381250773,59.7499695
20026,100.216636,40.375,-0.00381250773,59.7499695
20027,100.222065,40.375,-0.00381250773,59.7499695
20028,100.227021,40.375,-0.00381250773,59.7499695
20029,100.231930,40.375,-0.00381250773,59.7499695
20030,100.237034,40.375,-0.00381250773,59.7499695
20031,100.242739,40.375,-0.00381250773,59.7499695
20032,100.246308,40.375,-0.00381250773,59.7499695
20033,100.251203,40.375,-0.00381250773,59.7499695
20034,100.256630,40.375,-0.00381250773,59.7499695
20035,100.261525,40.375,-0.00390625745,59.3749695
20036,100.266660,40.375,-0.00390625745,59.3749695
20037,100.271820,40.375,-0.00390625745,59.3749695
20038,100.276725,40.375,-0.00390625745,59.3749695
20039,100.282167,40.375,-0.00390625745,59.3749695
20040,100.287055,40.375,-0.00390625745,59.3749695
20041,100.292459,40.375,-0.00390625745,59.3749695
20042,100.296571,40.375,-0.00390625745,59.3749695
20043,100.301470,40.375,-0.00390625745,59.3749695
20044,100.306375,40.375,-0.00390625745,59.3749695
20045,100.311807,40.375,-0.00390625745,59.3749695
20046,100.316699,40.375,-0.00390625745,59.3749695
20047,100.321838,40.375,-0.00390625745,59.3749695
20048,100.326991,40.375,-0.00390625745,59.3749695
20049,100.331900,40.375,-0.00390625745,59.3749695
20050,100.337253,40.375,-0.00390625745,59.3749695
20051,100.342162,40.375,-0.00390625745,59.3749695
20052,100.347050,40.375,-0.00390625745,59.3749695
20053,100.351127,40.375,-0.00390625745,59.3749695
20054,100.356560,40.375,-0.00390625745,59.3749695
20055,100.361672,40.375,-0.00400000811,58.9999695
20056,100.366852,40.375,-0.00400000811,58.9999695
20057,100.371760,40.375,-0.00400000811,58.9999695
20058,100.377114,40.375,-0.00400000811,58.9999695
20059,100.382005,40.375,-0.00400000811,58.9999695
20060,100.386911,40.375,-0.00400000811,58.9999695
20061,100.390956,40.375,-0.00400000811,58.9999695
20062,100.397195,40.375,-0.00400000811,58.9999695
20063,100.402311,40.375,-0.00400000811,58.9999695
20064,100.406637,40.375,-0.00400000811,58.9999695
20065,100.411536,40.375,-0.00400000811,58.9999695
20066,100.416918,40.375,-0.00400000811,58.9999695
20067,100.421817,40.375,-0.00400000811,58.9999695
20068,100.426722,40.375,-0.00400000811,58.9999695
20069,100.432185,40.375,-0.00400000811,58.9999695
20070,100.437073,40.375,-0.00400000811,58.9999695
20071,100.442198,40.375,-0.00400000811,58.9999695
20072,100.446006,40.375,-0.00400000811,58.9999695
20073,100.450915,40.375,-0.00400000811,58.9999695
20074,100.456607,40.375,-0.00400000811,58.9999695
20075,100.461765,40.375,-0.00409375783,58.6249695
20076,100.466670,40.375,-0.00409375783,58.6249695
20077,100.472043,40.375,-0.00409375783,58.6249695
20078,100.476938,40.375,-0.00409375783,58.6249695
20079,100.481847,40.375,-0.00409375783,58.6249695
20080,100.487288,40.375,-0.00409375783,58.6249695
20081,100.492183,40.375,-0.00409375783,58.6249695
20082,100.497300,40.375,-0.00409375783,58.6249695
20083,100.501125,40.375,-0.00409375783,58.6249695
20084,100.506014,40.375,-0.00409375783,58.6249695
20085,100.511954,40.375,-0.00409375783,58.6249695
20086,100.516849,40.375,-0.00409375783,58.6249695
20087,100.521757,40.375,-0.00409375783,58.6249695
20088,100.527224,40.375,-0.00409375783,58.6249695
20089,100.532119,40.375,-0.00409375783,58.6249695
20090,100.537236,40.375,-0.00409375783,58.6249695
20091,100.541045,40.375,-0.00409375783,58.6249695
20092,100.545951,40.375,-0.00409375783,58.6249695
20093,100.551346,40.375,-0.00409375783,58.6249695
20094,100.556252,40.375,-0.00409375783,58.6249695
20095,100.561147,40.375,-0.00418750755,58.2499695
20096,100.567113,40.375,-0.00418750755,58.2499695
20097,100.572004,40.375,-0.00418750755,58.2499695
20098,100.577147,40.375,-0.00418750755,58.2499695
20099,100.580956,40.375,-0.00418750755,58.2499695
20100,100.587205,40.375,-0.00418750755,58.2499695
20101,100.592576,40.375,-0.00418750755,58.2499695
20102,100.596144,40.375,-0.00418750755,58.2499695
20103,100.601036,40.375,-0.00418750755,58.2499695
20104,100.606407,40.375,-0.00418750755,58.2499695
20105,100.611316,40.375,-0.00418750755,58.2499695
20106,100.616208,40.375,-0.00418750755,58.2499695
20107,100.621661,40.375,-0.00418750755,58.2499695
20108,100.627104,40.375,-0.00418750755,58.2499695
20109,100.632247,40.375,-0.00418750755,58.2499695
20110,100.636077,40.375,-0.00418750755,58.2499695
20111,100.640986,40.375,-0.00418750755,58.2499695
20112,100.646357,40.375,-0.00418750755,58.2499695
20113,100.651266,40.375,-0.00418750755,58.2499695
20114,100.656158,40.375,-0.00418750755,58.2499695
20115,100.661598,40.375,-0.00428125728,57.8749695
20116,100.666491,40.375,-0.00428125728,57.8749695
20117,100.671625,40.375,-0.00428125728,57.8749695
20118,100.675954,40.375,-0.00428125728,57.8749695
20119,100.682194,40.375,-0.00428125728,57.8749695
20120,100.686217,40.375,-0.00428125728,57.8749695
20121,100.691126,40.375,-0.00428125728,57.8749695
20122,100.696014,40.375,-0.00428125728,57.8749695
20123,100.701458,40.375,-0.00428125728,57.8749695
20124,100.706351,40.375,-0.00428125728,57.8749695
20125,100.711486,40.375,-0.00428125728,57.8749695
20126,100.716642,40.375,-0.00428125728,57.8749695
20127,100.721550,40.375,-0.00428125728,57.8749695
20128,100.727501,40.375,-0.00428125728,57.8749695
20129,100.731053,40.375,-0.00428125728,57.8749695
20130,100.736187,40.375,-0.00428125728,57.8749695
20131,100.741342,40.375,-0.00428125728,57.8749695
20132,100.746248,40.375,-0.00428125728,57.8749695
20133,100.751619,40.375,-0.00428125728,57.8749695
20134,100.756515,40.375,-0.00428125728,57.8749695
20135,100.761448,40.375,-0.00437500793,57.4999695
20136,100.766848,40.375,-0.00437500793,57.4999695
20137,100.771756,40.375,-0.00437500793,57.4999695
20138,100.776870,40.375,-0.00437500793,57.4999695
20139,100.782028,40.375,-0.00437500793,57.4999695
20140,100.786103,40.375,-0.00437500793,57.4999695
20141,100.791480,40.375,-0.00437500793,57.4999695
20142,100.796376,40.375,-0.00437500793,57.4999695
20143,100.801285,40.375,-0.00437500793,57.4999695
20144,100.806700,40.375,-0.00437500793,57.4999695
20145,100.811595,40.375,-0.00437500793,57.4999695
20146,100.816739,40.375,-0.00437500793,57.4999695
20147,100.821889,40.375,-0.00437500793,57.4999695
20148,100.826795,40.375,-0.00437500793,57.4999695
20149,100.832237,40.375,-0.00437500793,57.4999695
20150,100.837650,40.375,-0.00437500793,57.4999695
20151,100.841456,40.375,-0.00437500793,57.4999695
20152,100.846609,40.375,-0.00437500793,57.4999695
20153,100.851518,40.375,-0.00437500793,57.4999695
20154,100.856943,40.375,-0.00437500793,57.4999695
20155,100.861852,40.375,-0.00446875766,57.1249695
20156,100.866976,40.375,-0.00446875766,57.1249695
20157,100.872151,40.375,-0.00446875766,57.1249695
20158,100.877039,40.375,-0.00446875766,57.1249695
20159,100.882419,40.375,-0.00446875766,57.1249695
20160,100.885980,40.375,-0.00446875766,57.1249695
20161,100.891444,40.375,-0.00446875766,57.1249695
20162,100.897145,40.375,-0.00446875766,57.1249695
20163,100.902036,40.375,-0.00446875766,57.1249695
20164,100.906942,40.375,-0.00446875766,57.1249695
20165,100.910999,40.375,-0.00446875766,57.1249695
20166,100.917238,40.375,-0.00446875766,57.1249695
20167,100.922356,40.375,-0.00446875766,57.1249695
20168,100.926180,40.375,-0.00446875766,57.1249695
20169,100.931071,40.375,-0.00446875766,57.1249695
20170,100.936201,40.375,-0.00446875766,57.1249695
20171,100.941372,40.375,-0.00446875766,57.1249695
20172,100.946816,40.375,-0.00446875766,57.1249695
20173,100.952207,40.375,-0.00446875766,57.1249695
20174,100.957096,40.375,-0.00446875766,57.1249695
20175,100.962004,40.375,-0.00456250738,56.7499695
20176,100.966048,40.375,-0.00456250738,56.7499695
20177,100.970947,40.375,-0.00456250738,56.7499695
20178,100.976074,40.375,-0.00456250738,56.7499695
20179,100.981233,40.375,-0.00456250738,56.7499695
20180,100.986138,40.375,-0.00456250738,56.7499695
20181,100.991510,40.375,-0.00456250738,56.7499695
20182,100.996969,40.375,-0.00456250738,56.7499695
20183,101.001878,40.375,-0.00456250738,56.7499695
20184,101.007330,40.375,-0.00456250738,56.7499695
20185,101.012226,40.375,-0.00456250738,56.7499695
20186,101.016010,40.375,-0.00456250738,56.7499695
20187,101.021173,40.375,-0.00456250738,56.7499695
20188,101.026062,40.375,-0.00456250738,56.7499695
20189,101.031203,40.375,-0.00456250738,56.7499695
20190,101.036354,40.375,-0.00456250738,56.7499695
20191,101.041263,40.375,-0.00456250738,56.7499695
20192,101.046369,40.375,-0.00456250738,56.7499695
20193,101.052071,40.375,-0.00456250738,56.7499695
20194,101.056977,40.375,-0.00456250738,56.7499695
20195,101.061023,40.375,-0.00465625804,56.3749695
20196,101.065919,40.375,-0.00465625804,56.3749695
20197,101.072381,40.375,-0.00465625804,56.3749695
20198,101.076215,40.375,-0.00465625804,56.3749695
20199,101.081109,40.375,-0.00465625804,56.3749695
20200,101.085998,40.375,-0.00465625804,56.3749695
20201,101.091459,40.375,-0.00465625804,56.3749695
20202,101.096352,40.375,-0.00465625804,56.3749695
20203,101.101470,40.375,-0.00465625804,56.3749695
20204,101.107185,40.375,-0.00465625804,56.3749695
20205,101.112076,40.375,-0.00465625804,56.3749695
20206,101.116129,40.375,-0.00465625804,56.3749695
20207,101.121021,40.375,-0.00465625804,56.3749695
20208,101.125927,40.375,-0.00465625804,56.3749695
20209,101.131370,40.375,-0.00465625804,56.3749695
20210,101.136263,40.375,-0.00465625804,56.3749695
20211,101.141358,40.375,-0.00465625804,56.3749695
20212,101.146529,40.375,-0.00465625804,56.3749695
20213,101.151437,40.375,-0.00465625804,56.3749695
20214,101.156809,40.375,-0.00465625804,56.3749695
20215,101.161729,40.375,-0.00475000776,55.9999695
20216,101.167168,40.375,-0.00475000776,55.9999695
20217,101.171240,40.375,-0.00475000776,55.9999695
20218,101.176145,40.375,-0.00475000776,55.9999695
20219,101.181263,40.375,-0.00475000776,55.9999695
20220,101.186415,41,-0.00475000776,55.9999695
20221,101.191324,41,-0.00475000776,55.9999695
20222,101.196695,41,-0.00475000776,55.9999695
20223,101.206460,41,-0.00475000776,55.9999695
20224,101.208862,41,-0.00475000776,55.9999695
20225,101.212795,41,-0.00475000776,55.9999695
20226,101.216917,41,-0.00475000776,55.9999695
20227,101.221826,41,-0.00475000776,55.9999695
20228,101.227278,41,-0.00475000776,55.9999695
20229,101.232174,41,-0.00475000776,55.9999695
20230,101.237557,41,-0.00475000776,55.9999695
20231,101.242456,41,-0.00475000776,55.9999695
20232,101.247361,41,-0.00475000776,55.9999695
20233,101.252754,41,-0.00475000776,55.9999695
20234,101.257650,41,-0.00475000776,55.9999695
20235,101.262558,41,-0.0362500064,54.9999695
20236,101.266619,41,-0.0362500064,54.9999695
20237,101.272069,41,-0.0362500064,54.9999695
20238,101.277199,41,-0.0362500064,54.9999695
20239,101.282355,41,-0.0362500064,54.9999695
20240,101.287260,41,-0.0362500064,54.9999695
20241,101.292631,41,-0.0362500064,54.9999695
20242,101.297524,41,-0.0362500064,54.9999695
20243,101.302431,41,-0.0362500064,54.9999695
20244,101.307835,41,-0.0362500064,54.9999695
20245,101.312743,41,-0.0362500064,54.9999695
20246,101.317882,41,-0.0362500064,54.9999695
20247,101.321714,41,-0.0362500064,54.9999695
20248,101.327165,41,-0.0362500064,54.9999695
20249,101.332301,41,-0.0362500064,54.9999695
20250,101.337451,41,-0.0362500064,54.9999695
20251,101.342359,41,-0.0362500064,54.9999695
20252,101.347731,41,-0.0362500064,54.9999695
20253,101.352627,41,-0.0362500064,54.9999695
20254,101.357532,41,-0.0362500064,54.9999695
20255,101.361604,41,-0.0365000069,53.9999695
20256,101.366497,41,-0.0365000069,53.9999695
20257,101.372956,41,-0.0365000069,53.9999695
20258,101.376785,41,-0.0365000069,53.9999695
20259,101.382197,41,-0.0365000069,53.9999695
20260,101.387567,41,-0.0365000069,53.9999695
20261,101.392466,41,-0.0365000069,53.9999695
20262,101.397396,41,-0.0365000069,53.9999695
20263,101.402823,41,-0.0365000069,53.9999695
20264,101.407728,41,-0.0365000069,53.9999695
20265,101.411516,41,-0.0365000069,53.9999695
20266,101.416696,41,-0.0365000069,53.9999695
20267,101.421604,41,-0.0365000069,53.9999695
20268,101.427028,41,-0.0365000069,53.9999695
20269,101.431937,41,-0.0365000069,53.9999695
20270,101.437615,41,-0.0365000069,53.9999695
20271,101.441447,41,-0.0365000069,53.9999695
20272,101.447679,41,-0.0365000069,53.9999695
20273,101.453051,41,-0.0365000069,53.9999695
20274,101.456619,41,-0.0365000069,53.9999695
20275,101.461515,41,-0.0367500074,52.9999695
20276,101.466999,41,-0.0367500074,52.9999695
20277,101.471908,41,-0.0367500074,52.9999695
20278,101.477024,41,-0.0367500074,52.9999695
20279,101.482185,41,-0.0367500074,52.9999695
20280,101.487655,41,-0.0367500074,52.9999695
20281,101.491710,41,-0.0367500074,52.9999695
20282,101.496603,41,-0.0367500074,52.9999695
20283,101.501744,41,-0.0367500074,52.9999695
20284,101.506903,41,-0.0367500074,52.9999695
20285,101.511812,41,-0.0367500074,52.9999695
20286,101.517190,41,-0.0367500074,52.9999695
20287,101.522082,41,-0.0367500074,52.9999695
20288,101.527224,41,-0.0367500074,52.9999695
20289,101.532380,41,-0.0367500074,52.9999695
20290,101.537285,41,-0.0367500074,52.9999695
20291,101.541659,41,-0.0367500074,52.9999695
20292,101.546839,41,-0.0367500074,52.9999695
20293,101.551747,41,-0.0367500074,52.9999695
20294,101.557094,41,-0.0367500074,52.9999695
20295,101.561992,41,-0.0370000079,51.9999695
20296,101.566922,41,-0.0370000079,51.9999695
20297,101.572364,41,-0.0370000079,51.9999695
20298,101.577256,41,-0.0370000079,51.9999695
20299,101.582377,41,-0.0370000079,51.9999695
20300,101.587526,41,-0.0370000079,51.9999695
20301,101.592433,41,-0.0370000079,51.9999695
20302,101.598366,41,-0.0370000079,51.9999695
20303,101.601932,41,-0.0370000079,51.9999695
20304,101.606824,41,-0.0370000079,51.9999695
20305,101.612275,41,-0.0370000079,51.9999695
20306,101.617167,41,-0.0370000079,51.9999695
20307,101.622553,41,-0.0370000079,51.9999695
20308,101.627449,41,-0.0370000079,51.9999695
20309,101.632357,41,-0.0370000079,51.9999695
20310,101.637773,41,-0.0370000079,51.9999695
20311,101.642669,41,-0.0370000079,51.9999695
20312,101.647805,41,-0.0370000079,51.9999695
20313,101.652164,41,-0.0370000079,51.9999695
20314,101.657053,41,-0.0370000079,51.9999695
20315,101.662195,41,-0.0372500084,50.9999695
20316,101.667347,41,-0.0372500084,50.9999695
20317,101.672256,41,-0.0372500084,50.9999695
20318,101.677628,41,-0.0372500084,50.9999695
20319,101.682524,41,-0.0372500084,50.9999695
20320,101.687428,41,-0.0372500084,50.9999695
20321,101.692856,41,-0.0372500084,50.9999695
20322,101.697761,41,-0.0372500084,50.9999695
20323,101.702878,41,-0.0372500084,50.9999695
20324,101.707214,41,-0.0372500084,50.9999695
20325,101.712122,41,-0.0372500084,50.9999695
20326,101.717248,41,-0.0372500084,50.9999695
20327,101.722401,41,-0.0372500084,50.9999695
20328,101.727306,41,-0.0372500084,50.9999695
20329,101.732747,41,-0.0372500084,50.9999695
20330,101.737640,41,-0.0372500084,50.9999695
20331,101.742775,41,-0.0372500084,50.9999695
20332,101.746667,41,-0.0372500084,50.9999695
20333,101.751563,41,-0.0372500084,50.9999695
20334,101.757284,41,-0.0372500084,50.9999695
20335,101.762437,41,-0.0375000089,49.9999695
20336,101.767342,41,-0.0375000089,49.9999695
20337,101.772713,41,-0.0375000089,49.9999695
20338,101.777609,41,-0.0375000089,49.9999695
20339,101.782739,41,-0.0375000089,49.9999695
20340,101.786579,41,-0.0375000089,49.9999695
20341,101.791474,41,-0.0375000089,49.9999695
20342,101.796588,41,-0.0375000089,49.9999695
20343,101.801746,41,-0.0375000089,49.9999695
20344,101.807161,41,-0.0375000089,49.9999695
20345,101.812594,41,-0.0375000089,49.9999695
20346,101.817487,41,-0.0375000089,49.9999695
20347,101.822611,41,-0.0375000089,49.9999695
20348,101.826439,41,-0.0375000089,49.9999695
20349,101.832675,41,-0.0375000089,49.9999695
20350,101.836721,41,-0.0375000089,49.9999695
20351,101.841617,41,-0.0375000089,49.9999695
20352,101.846522,41,-0.0375000089,49.9999695
20353,101.851971,41,-0.0375000089,49.9999695
20354,101.856876,41,-0.0375000089,49.9999695
20355,101.861972,41,-0.0377500057,48.9999695
20356,101.867747,41,-0.0377500057,48.9999695
20357,101.872643,41,-0.0377500057,48.9999695
20358,101.878033,41,-0.0377500057,48.9999695
20359,101.881605,41,-0.0377500057,48.9999695
20360,101.886498,41,-0.0377500057,48.9999695
20361,101.891936,41,-0.0377500057,48.9999695
20362,101.896841,41,-0.0377500057,48.9999695
20363,101.902212,41,-0.0377500057,48.9999695
20364,101.907101,41,-0.0377500057,48.9999695
20365,101.912009,41,-0.0377500057,48.9999695
20366,101.917711,41,-0.0377500057,48.9999695
20367,101.921820,41,-0.0377500057,48.9999695
20368,101.926715,41,-0.0377500057,48.9999695
20369,101.932185,41,-0.0377500057,48.9999695
20370,101.937073,41,-0.0377500057,48.9999695
20371,101.942466,41,-0.0377500057,48.9999695
20372,101.947362,41,-0.0377500057,48.9999695
20373,101.952271,41,-0.0377500057,48.9999695
20374,101.957711,41,-0.0377500057,48.9999695
20375,101.962607,41,-0.03800001,47.9999695
20376,101.968042,41,-0.03800001,47.9999695
20377,101.972079,41,-0.03800001,47.9999695
20378,101.976974,41,-0.03800001,47.9999695
20379,101.982123,41,-0.03800001,47.9999695
20380,101.987286,41,-0.03800001,47.9999695
20381,101.992194,41,-0.03800001,47.9999695
20382,101.997566,41,-0.03800001,47.9999695
20383,102.002465,41,-0.03800001,47.9999695
20384,102.007370,41,-0.03800001,47.9999695
20385,102.012810,41,-0.03800001,47.9999695
20386,102.017702,41,-0.03800001,47.9999695
20387,102.021790,41,-0.03800001,47.9999695
20388,102.027249,41,-0.03800001,47.9999695
20389,102.032144,41,-0.03800001,47.9999695
20390,102.037258,41,-0.03800001,47.9999695
20391,102.042414,41,-0.03800001,47.9999695
20392,102.047320,41,-0.03800001,47.9999695
20393,102.052690,41,-0.03800001,47.9999695
20394,102.057583,41,-0.03800001,47.9999695
20395,102.062516,41,-0.0382500067,46.9999695
20396,102.066563,41,-0.0382500067,46.9999695
20397,102.071462,41,-0.0382500067,46.9999695
20398,102.078247,41,-0.0382500067,46.9999695
20399,102.082260,41,-0.0382500067,46.9999695
20400,102.087165,41,-0.0382500067,46.9999695
20401,102.092057,41,-0.0382500067,46.9999695
20402,102.097512,41,-0.0382500067,46.9999695
20403,102.102407,41,-0.0382500067,46.9999695
20404,102.107592,41,-0.0382500067,46.9999695
20405,102.112751,41,-0.0382500067,46.9999695
20406,102.117656,41,-0.0382500067,46.9999695
20407,102.121727,41,-0.0382500067,46.9999695
20408,102.126620,41,-0.0382500067,46.9999695
20409,102.132327,41,-0.0382500067,46.9999695
20410,102.137496,41,-0.0382500067,46.9999695
20411,102.142402,41,-0.0382500067,46.9999695
20412,102.147776,41,-0.0382500067,46.9999695
20413,102.152673,41,-0.0382500067,46.9999695
20414,102.157577,41,-0.0382500067,46.9999695
20415,102.161649,41,-0.0385000072,45.9999695
20416,102.166542,41,-0.0385000072,45.9999695
20417,102.171675,41,-0.0385000072,45.9999695
20418,102.176831,41,-0.0385000072,45.9999695
20419,102.181739,41,-0.0385000072,45.9999695
20420,102.187118,41,-0.0385000072,45.9999695
20421,102.192541,41,-0.0385000072,45.9999695
20422,102.197446,41,-0.0385000072,45.9999695
20423,102.207816,41,-0.0385000072,45.9999695
20424,102.210038,41,-0.0385000072,45.9999695
20425,102.213606,41,-0.0385000072,45.9999695
20426,102.218707,41,-0.0385000072,45.9999695
20427,102.223999,41,-0.0385000072,45.9999695
20428,102.228894,41,-0.0385000072,45.9999695
20429,102.233804,41,-0.0385000072,45.9999695
20430,102.237893,41,-0.0385000072,45.9999695
20431,102.243333,41,-0.0385000072,45.9999695
20432,102.248451,41,-0.0385000072,45.9999695
20433,102.253600,41,-0.0385000072,45.9999695
20434,102.258505,41,-0.0385000072,45.9999695
20435,102.263880,41,-0.0387500077,44.9999695
20436,102.268776,41,-0.0387500077,44.9999695
20437,102.273685,41,-0.0387500077,44.9999695
20438,102.279147,41,-0.0387500077,44.9999695
20439,102.284039,41,-0.0387500077,44.9999695
20440,102.289164,41,-0.0387500077,44.9999695
20441,102.292968,41,-0.0387500077,44.9999695
20442,102.298393,41,-0.0387500077,44.9999695
20443,102.303462,41,-0.0387500077,44.9999695
20444,102.308910,41,-0.0387500077,44.9999695
20445,102.313819,41,-0.0387500077,44.9999695
20446,102.318933,41,-0.0387500077,44.9999695
20447,102.324089,41,-0.0387500077,44.9999695
20448,102.328994,41,-0.0387500077,44.9999695
20449,102.333043,41,-0.0387500077,44.9999695
20450,102.337938,41,-0.0387500077,44.9999695
20451,102.342847,41,-0.0387500077,44.9999695
20452,102.348313,41,-0.0387500077,44.9999695
20453,102.353208,41,-0.0387500077,44.9999695
20454,102.359148,41,-0.0387500077,44.9999695
20455,102.364040,41,-0.0390000083,43.9999695
20456,102.368945,41,-0.0390000083,43.9999695
20457,102.372990,41,-0.0390000083,43.9999695
20458,102.377885,41,-0.0390000083,43.9999695
20459,102.382794,41,-0.0390000083,43.9999695
20460,102.388248,41,-0.0390000083,43.9999695
20461,102.393144,41,-0.0390000083,43.9999695
20462,102.398261,41,-0.0390000083,43.9999695
20463,102.403410,41,-0.0390000083,43.9999695
20464,102.408316,41,-0.0390000083,43.9999695
20465,102.414251,41,-0.0390000083,43.9999695
20466,102.417813,41,-0.0390000083,43.9999695
20467,102.422952,41,-0.0390000083,43.9999695
20468,102.428123,41,-0.0390000083,43.9999695
20469,102.433015,41,-0.0390000083,43.9999695
20470,102.438394,41,-0.0390000083,43.9999695
20471,102.443304,41,-0.0390000083,43.9999695
20472,102.448196,41,-0.0390000083,43.9999695
20473,102.453632,41,-0.0390000083,43.9999695
20474,102.458525,41,-0.0390000083,43.9999695
20475,102.463665,40.375,-0.00784375798,43.6249695
20476,102.467992,40.375,-0.00784375798,43.6249695
20477,102.472888,40.375,-0.00784375798,43.6249695
20478,102.478280,40.375,-0.00784375798,43.6249695
20479,102.483189,40.375,-0.00784375798,43.6249695
20480,102.488077,40.375,-0.00784375798,43.6249695
20481,102.493543,40.375,-0.00784375798,43.6249695
20482,102.498436,40.375,-0.00784375798,43.6249695
20483,102.503821,40.375,-0.00784375798,43.6249695
20484,102.508717,40.375,-0.00784375798,43.6249695
20485,102.513625,40.375,-0.00784375798,43.6249695
20486,102.519046,40.375,-0.00784375798,43.6249695
20487,102.523955,40.375,-0.00784375798,43.6249695
20488,102.528300,40.375,-0.00784375798,43.6249695
20489,102.533452,40.375,-0.00784375798,43.6249695
20490,102.538357,40.375,-0.00784375798,43.6249695
20491,102.543713,40.375,-0.00784375798,43.6249695
20492,102.548609,40.375,-0.00784375798,43.6249695
20493,102.553518,40.375,-0.00784375798,43.6249695
20494,102.558986,40.375,-0.00784375798,43.6249695
20495,102.563895,40.375,-0.0079375077,43.2499695
20496,102.569287,40.375,-0.0079375077,43.2499695
20497,102.572852,40.375,-0.0079375077,43.2499695
20498,102.578312,40.375,-0.0079375077,43.2499695
20499,102.583749,40.375,-0.0079375077,43.2499695
20500,102.588642,40.375,-0.0079375077,43.2499695
20501,102.593768,40.375,-0.0079375077,43.2499695
20502,102.598936,40.375,-0.0079375077,43.2499695
20503,102.603845,40.375,-0.0079375077,43.2499695
20504,102.609198,40.375,-0.0079375077,43.2499695
20505,102.614090,40.375,-0.0079375077,43.2499695
20506,102.618995,40.375,-0.0079375077,43.2499695
20507,102.623064,40.375,-0.0079375077,43.2499695
20508,102.627960,40.375,-0.0079375077,43.2499695
20509,102.633409,40.375,-0.0079375077,43.2499695
20510,102.638835,40.375,-0.0079375077,43.2499695
20511,102.643743,40.375,-0.0079375077,43.2499695
20512,102.648862,40.375,-0.0079375077,43.2499695
20513,102.654036,40.375,-0.0079375077,43.2499695
20514,102.658941,40.375,-0.0079375077,43.2499695
20515,102.664298,40.375,-0.00803125743,42.8749695
20516,102.667860,40.375,-0.00803125743,42.8749695
20517,102.674331,40.375,-0.00803125743,42.8749695
20518,102.678156,40.375,-0.00803125743,42.8749695
20519,102.683604,40.375,-0.00803125743,42.8749695
20520,102.688988,40.375,-0.00803125743,42.8749695
20521,102.693886,40.375,-0.00803125743,42.8749695
20522,102.698792,40.375,-0.00803125743,42.8749695
20523,102.702861,40.375,-0.00803125743,42.8749695
20524,102.709096,40.375,-0.00803125743,42.8749695
20525,102.714220,40.375,-0.00803125743,42.8749695
20526,102.718025,40.375,-0.00803125743,42.8749695
20527,102.722934,40.375,-0.00803125743,42.8749695
20528,102.728026,40.375,-0.00803125743,42.8749695
20529,102.733776,40.375,-0.00803125743,42.8749695
20530,102.738669,40.375,-0.00803125743,42.8749695
20531,102.744063,40.375,-0.00803125743,42.8749695
20532,102.748958,40.375,-0.00803125743,42.8749695
20533,102.753868,40.375,-0.00803125743,42.8749695
20534,102.757911,40.375,-0.00803125743,42.8749695
20535,102.762811,40.375,-0.00812500808,42.4999695
20536,102.767949,40.375,-0.00812500808,42.4999695
20537,102.773137,40.375,-0.00812500808,42.4999695
20538,102.778026,40.375,-0.00812500808,42.4999695
20539,102.783429,40.375,-0.00812500808,42.4999695
20540,102.788898,40.375,-0.00812500808,42.4999695
20541,102.794033,40.375,-0.00812500808,42.4999695
20542,102.797847,40.375,-0.00812500808,42.4999695
20543,102.804083,40.375,-0.00812500808,42.4999695
20544,102.807882,40.375,-0.00812500808,42.4999695
20545,102.813032,40.375,-0.00812500808,42.4999695
20546,102.817938,40.375,-0.00812500808,42.4999695
20547,102.823379,40.375,-0.00812500808,42.4999695
20548,102.828271,40.375,-0.00812500808,42.4999695
20549,102.833402,40.375,-0.00812500808,42.4999695
20550,102.839105,40.375,-0.00812500808,42.4999695
20551,102.844013,40.375,-0.00812500808,42.4999695
20552,102.848056,40.375,-0.00812500808,42.4999695
20553,102.852955,40.375,-0.00812500808,42.4999695
20554,102.857861,40.375,-0.00812500808,42.4999695
20555,102.863301,40.375,-0.00821875781,42.1249695
20556,102.868193,40.375,-0.00821875781,42.1249695
20557,102.873554,40.375,-0.00821875781,42.1249695
20558,102.878450,40.375,-0.00821875781,42.1249695
20559,102.883359,40.375,-0.00821875781,42.1249695
20560,102.889303,40.375,-0.00821875781,42.1249695
20561,102.892868,40.375,-0.00821875781,42.1249695
20562,102.899337,40.375,-0.00821875781,42.1249695
20563,102.903184,40.375,-0.00821875781,42.1249695
20564,102.908072,40.375,-0.00821875781,42.1249695
20565,102.913208,40.375,-0.00821875781,42.1249695
20566,102.918374,40.375,-0.00821875781,42.1249695
20567,102.923282,40.375,-0.00821875781,42.1249695
20568,102.928679,40.375,-0.00821875781,42.1249695
20569,102.933790,40.375,-0.00821875781,42.1249695
20570,102.938695,40.375,-0.00821875781,42.1249695
20571,102.943820,40.375,-0.00821875781,42.1249695
20572,102.949501,40.375,-0.00821875781,42.1249695
20573,102.953055,40.375,-0.00821875781,42.1249695
20574,102.958189,40.375,-0.00821875781,42.1249695
20575,102.963339,40.375,-0.00831250753,41.7499695
20576,102.968245,40.375,-0.00831250753,41.7499695
20577,102.973619,40.375,-0.00831250753,41.7499695
20578,102.978512,40.375,-0.00831250753,41.7499695
20579,102.983444,40.375,-0.00831250753,41.7499695
20580,102.988826,40.375,-0.00831250753,41.7499695
20581,102.993734,40.375,-0.00831250753,41.7499695
20582,102.999176,40.375,-0.00831250753,41.7499695
20583,103.003189,40.375,-0.00831250753,41.7499695
20584,103.008077,40.375,-0.00831250753,41.7499695
20585,103.012986,40.375,-0.00831250753,41.7499695
20586,103.018440,40.375,-0.00831250753,41.7499695
20587,103.023335,40.375,-0.00831250753,41.7499695
20588,103.028425,40.375,-0.00831250753,41.7499695
20589,103.033602,40.375,-0.00831250753,41.7499695
20590,103.038507,40.375,-0.00831250753,41.7499695
20591,103.043882,40.375,-0.00831250753,41.7499695
20592,103.049305,40.375,-0.00831250753,41.7499695
20593,103.052870,40.375,-0.00831250753,41.7499695
20594,103.058238,40.375,-0.00831250753,41.7499695
20595,103.063146,40.375,-0.00840625819,41.3749695
20596,103.068035,40.375,-0.00840625819,41.3749695
20597,103.073465,40.375,-0.00840625819,41.3749695
20598,103.078358,40.375,-0.00840625819,41.3749695
20599,103.083267,40.375,-0.00840625819,41.3749695
20600,103.088704,40.375,-0.00840625819,41.3749695
20601,103.093599,40.375,-0.00840625819,41.3749695
20602,103.098735,40.375,-0.00840625819,41.3749695
20603,103.104465,40.375,-0.00840625819,41.3749695
20604,103.108017,40.375,-0.00840625819,41.3749695
20605,103.113129,40.375,-0.00840625819,41.3749695
20606,103.118303,40.375,-0.00840625819,41.3749695
20607,103.123212,40.375,-0.00840625819,41.3749695
20608,103.128629,40.375,-0.00840625819,41.3749695
20609,103.133525,40.375,-0.00840625819,41.3749695
20610,103.138646,40.375,-0.00840625819,41.3749695
20611,103.143801,40.375,-0.00840625819,41.3749695
20612,103.148706,40.375,-0.00840625819,41.3749695
20613,103.154148,40.375,-0.00840625819,41.3749695
20614,103.159037,40.375,-0.00840625819,41.3749695
20615,103.164175,40.375,-0.00850000791,40.9999695
20616,103.168522,40.375,-0.00850000791,40.9999695
20617,103.173420,40.375,-0.00850000791,40.9999695
20618,103.178804,40.375,-0.00850000791,40.9999695
20619,103.183702,40.375,-0.00850000791,40.9999695
20620,103.188607,40.375,-0.00850000791,40.9999695
20621,103.194054,40.375,-0.00850000791,40.9999695
20622,103.198960,40.375,-0.00850000791,40.9999695
20623,103.208983,40.375,-0.00850000791,40.9999695
20624,103.211293,40.375,-0.00850000791,40.9999695
20625,103.215147,40.375,-0.00850000791,40.9999695
20626,103.219261,40.375,-0.00850000791,40.9999695
20627,103.224156,40.375,-0.00850000791,40.9999695
20628,103.229580,40.375,-0.00850000791,40.9999695
20629,103.234476,40.375,-0.00850000791,40.9999695
20630,103.239611,40.375,-0.00850000791,40.9999695
20631,103.244767,40.375,-0.00850000791,40.9999695
20632,103.249672,40.375,-0.00850000791,40.9999695
20633,103.255048,40.375,-0.00850000791,40.9999695
20634,103.259943,40.375,-0.00850000791,40.9999695
20635,103.264852,40.375,-0.00859375764,40.6249695
20636,103.270815,40.375,-0.00859375764,40.6249695
20637,103.274383,40.375,-0.00859375764,40.6249695
20638,103.279498,40.375,-0.00859375764,40.6249695
20639,103.284653,40.375,-0.00859375764,40.6249695
20640,103.289558,40.375,-0.00859375764,40.6249695
20641,103.294934,40.375,-0.00859375764,40.6249695
20642,103.299829,40.375,-0.00859375764,40.6249695
20643,103.304737,40.375,-0.00859375764,40.6249695
20644,103.310181,40.375,-0.00859375764,40.6249695
20645,103.315069,40.375,-0.00859375764,40.6249695
20646,103.319161,40.375,-0.00859375764,40.6249695
20647,103.324566,40.375,-0.00859375764,40.6249695
20648,103.329459,40.375,-0.00859375764,40.6249695
20649,103.334596,40.375,-0.00859375764,40.6249695
20650,103.339752,40.375,-0.00859375764,40.6249695
20651,103.344660,40.375,-0.00859375764,40.6249695
20652,103.350033,40.375,-0.00859375764,40.6249695
20653,103.354932,40.375,-0.00859375764,40.6249695
20654,103.359837,40.375,-0.00859375764,40.6249695
20655,103.365278,40.375,-0.00868750829,40.2499695
20656,103.370174,40.375,-0.00868750829,40.2499695
20657,103.375287,40.375,-0.00868750829,40.2499695
20658,103.379638,40.375,-0.00868750829,40.2499695
20659,103.384537,40.375,-0.00868750829,40.2499695
20660,103.389919,40.375,-0.00868750829,40.2499695
20661,103.394817,40.375,-0.00868750829,40.2499695
20662,103.399723,40.375,-0.00868750829,40.2499695
20663,103.405163,40.375,-0.00868750829,40.2499695
20664,103.410052,40.375,-0.00868750829,40.2499695
20665,103.415148,40.375,-0.00868750829,40.2499695
20666,103.418981,40.375,-0.00868750829,40.2499695
20667,103.425234,40.375,-0.00868750829,40.2499695
20668,103.429007,40.375,-0.00868750829,40.2499695
20669,103.434662,40.375,-0.00868750829,40.2499695
20670,103.439557,40.375,-0.00868750829,40.2499695
20671,103.444994,40.375,-0.00868750829,40.2499695
20672,103.449900,40.375,-0.00868750829,40.2499695
20673,103.455030,40.375,-0.00868750829,40.2499695
20674,103.460190,40.375,-0.00868750829,40.2499695
20675,103.465079,40.375,-0.00878125802,39.8749695
20676,103.470448,40.375,-0.00878125802,39.8749695
20677,103.474000,40.375,-0.00878125802,39.8749695
20678,103.478905,40.375,-0.00878125802,39.8749695
20679,103.484857,40.375,-0.00878125802,39.8749695
20680,103.489752,40.375,-0.00878125802,39.8749695
20681,103.495145,40.375,-0.00878125802,39.8749695
20682,103.500034,40.375,-0.00878125802,39.8749695
20683,103.504942,40.375,-0.00878125802,39.8749695
20684,103.509012,40.375,-0.00878125802,39.8749695
20685,103.513911,40.375,-0.00878125802,39.8749695
20686,103.520353,40.375,-0.00878125802,39.8749695
20687,103.524268,40.375,-0.00878125802,39.8749695
20688,103.529160,40.375,-0.00878125802,39.8749695
20689,103.534262,40.375,-0.00878125802,39.8749695
20690,103.539433,40.375,-0.00878125802,39.8749695
20691,103.544880,40.375,-0.00878125802,39.8749695
20692,103.550337,40.375,-0.00878125802,39.8749695
20693,103.555229,40.375,-0.00878125802,39.8749695
20694,103.560360,40.375,-0.00878125802,39.8749695
20695,103.564204,40.375,-0.00887500774,39.4999695
20696,103.569092,40.375,-0.00887500774,39.4999695
20697,103.574192,40.375,-0.00887500774,39.4999695
20698,103.579368,40.375,-0.00887500774,39.4999695
20699,103.584277,40.375,-0.00887500774,39.4999695
20700,103.589649,40.375,-0.00887500774,39.4999695
20701,103.594545,40.375,-0.00887500774,39.4999695
20702,103.599450,40.375,-0.00887500774,39.4999695
20703,103.605444,40.375,-0.00887500774,39.4999695
20704,103.608996,40.375,-0.00887500774,39.4999695
20705,103.614130,40.375,-0.00887500774,39.4999695
20706,103.619279,40.375,-0.00887500774,39.4999695
20707,103.624188,40.375,-0.00887500774,39.4999695
20708,103.629605,40.375,-0.00887500774,39.4999695
20709,103.634501,40.375,-0.00887500774,39.4999695
20710,103.639619,40.375,-0.00887500774,39.4999695
20711,103.644802,40.375,-0.00887500774,39.4999695
20712,103.649707,40.375,-0.00887500774,39.4999695
20713,103.654835,40.375,-0.00887500774,39.4999695
20714,103.659171,40.375,-0.00887500774,39.4999695
20715,103.664063,40.375,-0.00896875747,39.1249695
20716,103.669449,40.375,-0.00896875747,39.1249695
20717,103.674348,40.375,-0.00896875747,39.1249695
20718,103.679253,40.375,-0.00896875747,39.1249695
20719,103.684690,40.375,-0.00896875747,39.1249695
20720,103.689582,40.375,-0.00896875747,39.1249695
20721,103.694694,40.375,-0.00896875747,39.1249695
20722,103.699877,40.375,-0.00896875747,39.1249695
20723,103.704785,40.375,-0.00896875747,39.1249695
20724,103.710192,40.375,-0.00896875747,39.1249695
20725,103.714281,40.375,-0.00896875747,39.1249695
20726,103.719173,40.375,-0.00896875747,39.1249695
20727,103.724601,40.375,-0.00896875747,39.1249695
20728,103.729494,40.375,-0.00896875747,39.1249695
20729,103.734632,40.375,-0.00896875747,39.1249695
20730,103.739787,39.5,-0.00896875747,39.1249695
20731,103.744696,39.5,-0.00896875747,39.1249695
20732,103.750068,39.5,-0.00896875747,39.1249695
20733,103.754967,39.5,-0.00896875747,39.1249695
20734,103.759872,39.5,-0.00896875747,39.1249695
20735,103.765835,39.5,0.034906242,39.6249695
20736,103.769402,39.5,0.034906242,39.6249695
20737,103.774298,39.5,0.034906242,39.6249695
20738,103.779726,39.5,0.034906242,39.6249695
20739,103.784622,39.5,0.034906242,39.6249695
20740,103.789749,39.5,0.034906242,39.6249695
20741,103.794912,39.5,0.034906242,39.6249695
20742,103.799818,39.5,0.034906242,39.6249695
20743,103.805175,39.5,0.034906242,39.6249695
20744,103.810064,39.5,0.034906242,39.6249695
20745,103.814972,39.5,0.034906242,39.6249695
20746,103.819040,39.5,0.034906242,39.6249695
20747,103.824481,39.5,0.034906242,39.6249695
20748,103.829410,39.5,0.034906242,39.6249695
20749,103.834812,39.5,0.034906242,39.6249695
20750,103.839717,39.5,0.034906242,39.6249695
20751,103.844638,39.5,0.034906242,39.6249695
20752,103.850044,39.5,0.034906242,39.6249695
20753,103.854953,39.5,0.034906242,39.6249695
20754,103.860068,39.5,0.034906242,39.6249695
20755,103.865226,39.5,0.0350312442,40.1249695
20756,103.870134,39.5,0.0350312442,40.1249695
20757,103.874437,39.5,0.0350312442,40.1249695
20758,103.879614,39.5,0.0350312442,40.1249695
20759,103.884522,39.5,0.0350312442,40.1249695
20760,103.889948,39.5,0.0350312442,40.1249695
20761,103.894856,39.5,0.0350312442,40.1249695
20762,103.899947,39.5,0.0350312442,40.1249695
20763,103.905155,39.5,0.0350312442,40.1249695
20764,103.910044,39.5,0.0350312442,40.1249695
20765,103.915423,39.5,0.0350312442,40.1249695
20766,103.918985,39.5,0.0350312442,40.1249695
20767,103.925224,39.5,0.0350312442,40.1249695
20768,103.929296,39.5,0.0350312442,40.1249695
20769,103.934729,39.5,0.0350312442,40.1249695
20770,103.939864,39.5,0.0350312442,40.1249695
20771,103.945023,39.5,0.0350312442,40.1249695
20772,103.949928,39.5,0.0350312442,40.1249695
20773,103.955334,39.5,0.0350312442,40.1249695
20774,103.959075,39.5,0.0350312442,40.1249695
20775,103.963985,39.5,0.0351562425,40.6249695
20776,103.969125,39.5,0.0351562425,40.6249695
20777,103.974295,39.5,0.0351562425,40.6249695
20778,103.979188,39.5,0.0351562425,40.6249695
20779,103.984857,39.5,0.0351562425,40.6249695
20780,103.990013,39.5,0.0351562425,40.6249695
20781,103.994922,39.5,0.0351562425,40.6249695
20782,104.000304,39.5,0.0351562425,40.6249695
20783,104.005209,39.5,0.0351562425,40.6249695
20784,104.010337,39.5,0.0351562425,40.6249695
20785,104.014159,39.5,0.0351562425,40.6249695
20786,104.019048,39.5,0.0351562425,40.6249695
20787,104.024171,39.5,0.0351562425,40.6249695
20788,104.029324,39.5,0.0351562425,40.6249695
20789,104.034233,39.5,0.0351562425,40.6249695
20790,104.039338,39.5,0.0351562425,40.6249695
20791,104.045040,39.5,0.0351562425,40.6249695
20792,104.049946,39.5,0.0351562425,40.6249695
20793,104.053992,39.5,0.0351562425,40.6249695
20794,104.060235,39.5,0.0351562425,40.6249695
20795,104.065358,39.5,0.0352812409,41.1249695
20796,104.069184,39.5,0.0352812409,41.1249695
20797,104.074076,39.5,0.0352812409,41.1249695
20798,104.079199,39.5,0.0352812409,41.1249695
20799,104.084348,39.5,0.0352812409,41.1249695
20800,104.089253,39.5,0.0352812409,41.1249695
20801,104.094957,39.5,0.0352812409,41.1249695
20802,104.100156,39.5,0.0352812409,41.1249695
20803,104.105044,39.5,0.0352812409,41.1249695
20804,104.110402,39.5,0.0352812409,41.1249695
20805,104.113964,39.5,0.0352812409,41.1249695
20806,104.120204,39.5,0.0352812409,41.1249695
20807,104.124248,39.5,0.0352812409,41.1249695
20808,104.129153,39.5,0.0352812409,41.1249695
20809,104.134044,39.5,0.0352812409,41.1249695
20810,104.139474,39.5,0.0352812409,41.1249695
20811,104.144927,39.5,0.0352812409,41.1249695
20812,104.150056,39.5,0.0352812409,41.1249695
20813,104.155215,39.5,0.0352812409,41.1249695
20814,104.160103,39.5,0.0352812409,41.1249695
20815,104.165467,39.5,0.0354062431,41.6249695
20816,104.169019,39.5,0.0354062431,41.6249695
20817,104.173928,39.5,0.0354062431,41.6249695
20818,104.179385,39.5,0.0354062431,41.6249695
20819,104.184280,39.5,0.0354062431,41.6249695
20820,104.189470,39.5,0.0354062431,41.6249695
20821,104.195139,39.5,0.0354062431,41.6249695
20822,104.200028,39.5,0.0354062431,41.6249695
20823,104.210214,39.5,0.0354062431,41.6249695
20824,104.212436,39.5,0.0354062431,41.6249695
20825,104.215997,39.5,0.0354062431,41.6249695
20826,104.221101,39.5,0.0354062431,41.6249695
20827,104.226426,39.5,0.0354062431,41.6249695
20828,104.231325,39.5,0.0354062431,41.6249695
20829,104.236230,39.5,0.0354062431,41.6249695
20830,104.240280,39.5,0.0354062431,41.6249695
20831,104.245186,39.5,0.0354062431,41.6249695
20832,104.251647,39.5,0.0354062431,41.6249695
20833,104.255976,39.5,0.0354062431,41.6249695
20834,104.260873,39.5,0.0354062431,41.6249695
20835,104.265985,39.5,0.0355312452,42.1249695
20836,104.271161,39.5,0.0355312452,42.1249695
20837,104.276049,39.5,0.0355312452,42.1249695
20838,104.281156,39.5,0.0355312452,42.1249695
20839,104.286330,39.5,0.0355312452,42.1249695
20840,104.291239,39.5,0.0355312452,42.1249695
20841,104.296610,39.5,0.0355312452,42.1249695
20842,104.300181,39.5,0.0355312452,42.1249695
20843,104.306412,39.5,0.0355312452,42.1249695
20844,104.310458,39.5,0.0355312452,42.1249695
20845,104.315901,39.5,0.0355312452,42.1249695
20846,104.321035,39.5,0.0355312452,42.1249695
20847,104.326191,39.5,0.0355312452,42.1249695
20848,104.331083,39.5,0.0355312452,42.1249695
20849,104.336450,39.5,0.0355312452,42.1249695
20850,104.341348,39.5,0.0355312452,42.1249695
20851,104.346254,39.5,0.0355312452,42.1249695
20852,104.350304,39.5,0.0355312452,42.1249695
20853,104.355210,39.5,0.0355312452,42.1249695
20854,104.360595,39.5,0.0355312452,42.1249695
20855,104.366034,39.5,0.0356562436,42.6249695
20856,104.370943,39.5,0.0356562436,42.6249695
20857,104.376314,39.5,0.0356562436,42.6249695
20858,104.381223,39.5,0.0356562436,42.6249695
20859,104.386115,39.5,0.0356562436,42.6249695
20860,104.391530,39.5,0.0356562436,42.6249695
20861,104.396422,39.5,0.0356562436,42.6249695
20862,104.401557,39.5,0.0356562436,42.6249695
20863,104.405385,39.5,0.0356562436,42.6249695
20864,104.410309,39.5,0.0356562436,42.6249695
20865,104.415970,39.5,0.0356562436,42.6249695
20866,104.421146,39.5,0.0356562436,42.6249695
20867,104.426034,39.5,0.0356562436,42.6249695
20868,104.431454,39.5,0.0356562436,42.6249695
20869,104.436347,39.5,0.0356562436,42.6249695
20870,104.441472,39.5,0.0356562436,42.6249695
20871,104.445297,39.5,0.0356562436,42.6249695
20872,104.450193,39.5,0.0356562436,42.6249695
20873,104.455312,39.5,0.0356562436,42.6249695
20874,104.460465,39.5,0.0356562436,42.6249695
20875,104.465865,39.5,0.035781242,43.1249695
20876,104.471316,39.5,0.035781242,43.1249695
20877,104.476208,39.5,0.035781242,43.1249695
20878,104.481336,39.5,0.035781242,43.1249695
20879,104.486485,39.5,0.035781242,43.1249695
20880,104.491393,39.5,0.035781242,43.1249695
20881,104.495442,39.5,0.035781242,43.1249695
20882,104.500342,39.5,0.035781242,43.1249695
20883,104.505258,39.5,0.035781242,43.1249695
20884,104.510686,39.5,0.035781242,43.1249695
20885,104.516086,39.5,0.035781242,43.1249695
20886,104.521487,39.5,0.035781242,43.1249695
20887,104.526383,39.5,0.035781242,43.1249695
20888,104.531292,39.5,0.035781242,43.1249695
20889,104.535368,39.5,0.035781242,43.1249695
20890,104.540276,39.5,0.035781242,43.1249695
20891,104.545169,39.5,0.035781242,43.1249695
20892,104.550598,39.5,0.035781242,43.1249695
20893,104.555491,39.5,0.035781242,43.1249695
20894,104.560625,39.5,0.035781242,43.1249695
20895,104.566313,39.5,0.0359062441,43.6249695
20896,104.571222,39.5,0.0359062441,43.6249695
20897,104.575268,39.5,0.0359062441,43.6249695
20898,104.581504,39.5,0.0359062441,43.6249695
20899,104.586624,39.5,0.0359062441,43.6249695
20900,104.590455,39.5,0.0359062441,43.6249695
20901,104.595348,39.5,0.0359062441,43.6249695
20902,104.600465,39.5,0.0359062441,43.6249695
20903,104.605617,39.5,0.0359062441,43.6249695
20904,104.610525,39.5,0.0359062441,43.6249695
20905,104.615897,39.5,0.0359062441,43.6249695
20906,104.620796,39.5,0.0359062441,43.6249695
20907,104.626463,39.5,0.0359062441,43.6249695
20908,104.630292,39.5,0.0359062441,43.6249695
20909,104.635184,39.5,0.0359062441,43.6249695
20910,104.640280,39.5,0.0359062441,43.6249695
20911,104.645453,39.5,0.0359062441,43.6249695
20912,104.650361,39.5,0.0359062441,43.6249695
20913,104.655778,39.5,0.0359062441,43.6249695
20914,104.660675,39.5,0.0359062441,43.6249695
20915,104.665795,39.5,0.0360312425,44.1249695
20916,104.670954,39.5,0.0360312425,44.1249695
20917,104.675860,39.5,0.0360312425,44.1249695
20918,104.681535,39.5,0.0360312425,44.1249695
20919,104.685388,39.5,0.0360312425,44.1249695
20920,104.690283,39.5,0.0360312425,44.1249695
20921,104.695384,39.5,0.0360312425,44.1249695
20922,104.700581,39.5,0.0360312425,44.1249695
20923,104.705487,39.5,0.0360312425,44.1249695
20924,104.710858,39.5,0.0360312425,44.1249695
20925,104.715753,39.5,0.0360312425,44.1249695
20926,104.720686,39.5,0.0360312425,44.1249695
20927,104.726124,39.5,0.0360312425,44.1249695
20928,104.731016,39.5,0.0360312425,44.1249695
20929,104.736140,39.5,0.0360312425,44.1249695
20930,104.740463,39.5,0.0360312425,44.1249695
20931,104.745358,39.5,0.0360312425,44.1249695
20932,104.750744,39.5,0.0360312425,44.1249695
20933,104.755637,39.5,0.0360312425,44.1249695
20934,104.760546,39.5,0.0360312425,44.1249695
20935,104.765994,39.5,0.0361562446,44.6249695
20936,104.770903,39.5,0.0361562446,44.6249695
20937,104.776274,39.5,0.0361562446,44.6249695
20938,104.781183,39.5,0.0361562446,44.6249695
20939,104.786071,39.5,0.0361562446,44.6249695
20940,104.792009,39.5,0.0361562446,44.6249695
20941,104.795575,39.5,0.0361562446,44.6249695
20942,104.800696,39.5,0.0361562446,44.6249695
20943,104.805847,39.5,0.0361562446,44.6249695
20944,104.810755,39.5,0.0361562446,44.6249695
20945,104.816103,39.5,0.0361562446,44.6249695
20946,104.821001,39.5,0.0361562446,44.6249695
20947,104.825907,39.5,0.0361562446,44.6249695
20948,104.831375,39.5,0.0361562446,44.6249695
20949,104.836268,39.5,0.0361562446,44.6249695
20950,104.841407,39.5,0.0361562446,44.6249695
20951,104.845732,39.5,0.0361562446,44.6249695
20952,104.850632,39.5,0.0361562446,44.6249695
20953,104.856064,39.5,0.0361562446,44.6249695
20954,104.860963,39.5,0.0361562446,44.6249695
20955,104.865868,39.5,0.036281243,45.1249695
20956,104.871312,39.5,0.036281243,45.1249695
20957,104.876204,39.5,0.036281243,45.1249695
20958,104.881343,39.5,0.036281243,45.1249695
20959,104.886495,39.5,0.036281243,45.1249695
20960,104.891402,39.5,0.036281243,45.1249695
20961,104.896478,39.5,0.036281243,45.1249695
20962,104.900832,39.5,0.036281243,45.1249695
20963,104.905726,39.5,0.036281243,45.1249695
20964,104.911119,39.5,0.036281243,45.1249695
20965,104.916008,39.5,0.036281243,45.1249695
20966,104.920941,39.5,0.036281243,45.1249695
20967,104.926382,39.5,0.036281243,45.1249695
20968,104.931278,39.5,0.036281243,45.1249695
20969,104.936396,39.5,0.036281243,45.1249695
20970,104.940220,39.5,0.036281243,45.1249695
20971,104.946452,39.5,0.036281243,45.1249695
20972,104.950777,39.5,0.036281243,45.1249695
20973,104.955957,39.5,0.036281243,45.1249695
20974,104.960866,39.5,0.036281243,45.1249695
20975,104.966244,39.5,0.0364062414,45.6249695
20976,104.971153,39.5,0.0364062414,45.6249695
20977,104.976042,39.5,0.0364062414,45.6249695
20978,104.981695,39.5,0.0364062414,45.6249695
20979,104.985263,39.5,0.0364062414,45.6249695
20980,104.991722,39.5,0.0364062414,45.6249695
20981,104.995592,39.5,0.0364062414,45.6249695
20982,105.000488,39.5,0.0364062414,45.6249695
20983,105.005601,39.5,0.0364062414,45.6249695
20984,105.011327,39.5,0.0364062414,45.6249695
20985,105.016219,39.25,0.0364062414,45.6249695
20986,105.021588,39.25,0.0364062414,45.6249695
20987,105.026480,39.25,0.0364062414,45.6249695
20988,105.031388,39.25,0.0364062414,45.6249695
20989,105.035418,39.25,0.0364062414,45.6249695
20990,105.040326,39.25,0.0364062414,45.6249695
20991,105.045416,39.25,0.0364062414,45.6249695
20992,105.050596,39.25,0.0364062414,45.6249695
20993,105.055501,39.25,0.0364062414,45.6249695
20994,105.061158,39.25,0.0364062414,45.6249695
20995,105.066332,39.25,0.0490937456,46.3749695
20996,105.071241,39.25,0.0490937456,46.3749695
20997,105.076612,39.25,0.0490937456,46.3749695
20998,105.080181,39.25,0.0490937456,46.3749695
20999,105.086412,39.25,0.0490937456,46.3749695
21000,105.090442,39.25,0.0490937456,46.3749695
21001,105.095337,39.25,0.0490937456,46.3749695
21002,105.100270,39.25,0.0490937456,46.3749695
21003,105.105694,39.25,0.0490937456,46.3749695
21004,105.110590,39.25,0.0490937456,46.3749695
21005,105.116307,39.25,0.0490937456,46.3749695
21006,105.121460,39.25,0.0490937456,46.3749695
21007,105.126365,39.25,0.0490937456,46.3749695
21008,105.131737,39.25,0.0490937456,46.3749695
21009,105.135303,39.25,0.0490937456,46.3749695
21010,105.140199,39.25,0.0490937456,46.3749695
21011,105.145585,39.25,0.0490937456,46.3749695
21012,105.150484,39.25,0.0490937456,46.3749695
21013,105.155597,39.25,0.0490937456,46.3749695
21014,105.160770,39.25,0.0490937456,46.3749695
21015,105.165675,39.25,0.0492812432,47.1249695
21016,105.171072,39.25,0.0492812432,47.1249695
21017,105.176499,39.25,0.0492812432,47.1249695
21018,105.181616,39.25,0.0492812432,47.1249695
21019,105.185438,39.25,0.0492812432,47.1249695
21020,105.190333,39.25,0.0492812432,47.1249695
21021,105.195719,39.25,0.0492812432,47.1249695
21022,105.200616,39.25,0.0492812432,47.1249695
21023,105.210532,39.25,0.0492812432,47.1249695
21024,105.212842,39.25,0.0492812432,47.1249695
21025,105.216693,39.25,0.0492812432,47.1249695
21026,105.221589,39.25,0.0492812432,47.1249695
21027,105.225767,39.25,0.0492812432,47.1249695
21028,105.231169,39.25,0.0492812432,47.1249695
21029,105.236058,39.25,0.0492812432,47.1249695
21030,105.240967,39.25,0.0492812432,47.1249695
21031,105.246420,39.25,0.0492812432,47.1249695
21032,105.251316,39.25,0.0492812432,47.1249695
21033,105.256433,39.25,0.0492812432,47.1249695
21034,105.261586,39.25,0.0492812432,47.1249695
21035,105.266491,39.25,0.0494687445,47.8749695
21036,105.270537,39.25,0.0494687445,47.8749695
21037,105.276773,39.25,0.0494687445,47.8749695
21038,105.281888,39.25,0.0494687445,47.8749695
21039,105.286235,39.25,0.0494687445,47.8749695
21040,105.291144,39.25,0.0494687445,47.8749695
21041,105.296510,39.25,0.0494687445,47.8749695
21042,105.301408,39.25,0.0494687445,47.8749695
21043,105.306314,39.25,0.0494687445,47.8749695
21044,105.311885,39.25,0.0494687445,47.8749695
21045,105.315454,39.25,0.0494687445,47.8749695
21046,105.321917,39.25,0.0494687445,47.8749695
21047,105.325740,39.25,0.0494687445,47.8749695
21048,105.330636,39.25,0.0494687445,47.8749695
21049,105.335773,39.25,0.0494687445,47.8749695
21050,105.340957,39.25,0.0494687445,47.8749695
21051,105.346401,39.25,0.0494687445,47.8749695
21052,105.351785,39.25,0.0494687445,47.8749695
21053,105.356681,39.25,0.0494687445,47.8749695
21054,105.361589,39.25,0.0494687445,47.8749695
21055,105.365634,39.25,0.0496562421,48.6249695
21056,105.370530,39.25,0.0496562421,48.6249695
21057,105.376985,39.25,0.0496562421,48.6249695
21058,105.380817,39.25,0.0496562421,48.6249695
21059,105.385709,39.25,0.0496562421,48.6249695
21060,105.390848,39.25,0.0496562421,48.6249695
21061,105.396573,39.25,0.0496562421,48.6249695
21062,105.401469,39.25,0.0496562421,48.6249695
21063,105.405558,39.25,0.0496562421,48.6249695
21064,105.410457,39.25,0.0496562421,48.6249695
21065,105.416897,39.25,0.0496562421,48.6249695
21066,105.420753,39.25,0.0496562421,48.6249695
21067,105.425646,39.25,0.0496562421,48.6249695
21068,105.431031,39.25,0.0496562421,48.6249695
21069,105.435927,39.25,0.0496562421,48.6249695
21070,105.441073,39.25,0.0496562421,48.6249695
21071,105.446793,39.25,0.0496562421,48.6249695
21072,105.451689,39.25,0.0496562421,48.6249695
21073,105.455729,39.25,0.0496562421,48.6249695
21074,105.460626,39.25,0.0496562421,48.6249695
21075,105.465531,39.25,0.0498437434,49.3749695
21076,105.471009,39.25,0.0498437434,49.3749695
21077,105.475915,39.25,0.0498437434,49.3749695
21078,105.480836,39.25,0.0498437434,49.3749695
21079,105.486262,39.25,0.0498437434,49.3749695
21080,105.491157,39.25,0.0498437434,49.3749695
21081,105.496046,39.25,0.0498437434,49.3749695
21082,105.501998,39.25,0.0498437434,49.3749695
21083,105.505564,39.25,0.0498437434,49.3749695
21084,105.510656,39.25,0.0498437434,49.3749695
21085,105.515836,39.25,0.0498437434,49.3749695
21086,105.520744,39.25,0.0498437434,49.3749695
21087,105.526092,39.25,0.0498437434,49.3749695
21088,105.530991,39.25,0.0498437434,49.3749695
21089,105.535896,39.25,0.0498437434,49.3749695
21090,105.541339,39.25,0.0498437434,49.3749695
21091,105.546232,39.25,0.0498437434,49.3749695
21092,105.551371,39.25,0.0498437434,49.3749695
21093,105.555696,39.25,0.0498437434,49.3749695
21094,105.560596,39.25,0.0498437434,49.3749695
21095,105.565978,39.25,0.0500312448,50.1249695
21096,105.570877,39.25,0.0500312448,50.1249695
21097,105.576014,39.25,0.0500312448,50.1249695
21098,105.581177,39.25,0.0500312448,50.1249695
21099,105.586066,39.25,0.0500312448,50.1249695
21100,105.591454,39.25,0.0500312448,50.1249695
21101,105.596350,39.25,0.0500312448,50.1249695
21102,105.601259,39.25,0.0500312448,50.1249695
21103,105.607224,39.25,0.0500312448,50.1249695
21104,105.610789,39.25,0.0500312448,50.1249695
21105,105.615706,39.25,0.0500312448,50.1249695
21106,105.621158,39.25,0.0500312448,50.1249695
21107,105.626047,39.25,0.0500312448,50.1249695
21108,105.631172,39.25,0.0500312448,50.1249695
21109,105.636320,39.25,0.0500312448,50.1249695
21110,105.641229,39.25,0.0500312448,50.1249695
21111,105.646600,39.25,0.0500312448,50.1249695
21112,105.651497,39.25,0.0500312448,50.1249695
21113,105.655561,39.25,0.0500312448,50.1249695
21114,105.661003,39.25,0.0500312448,50.1249695
21115,105.665909,39.25,0.0502187461,50.8749695
21116,105.671304,39.25,0.0502187461,50.8749695
21117,105.676210,39.25,0.0502187461,50.8749695
21118,105.681101,39.25,0.0502187461,50.8749695
21119,105.686517,39.25,0.0502187461,50.8749695
21120,105.691412,39.25,0.0502187461,50.8749695
21121,105.696547,39.25,0.0502187461,50.8749695
21122,105.701706,39.25,0.0502187461,50.8749695
21123,105.707114,39.25,0.0502187461,50.8749695
21124,105.710886,39.25,0.0502187461,50.8749695
21125,105.716042,39.25,0.0502187461,50.8749695
21126,105.720950,39.25,0.0502187461,50.8749695
21127,105.726074,39.25,0.0502187461,50.8749695
21128,105.731233,39.25,0.0502187461,50.8749695
21129,105.736138,39.25,0.0502187461,50.8749695
21130,105.741511,39.25,0.0502187461,50.8749695
21131,105.746406,39.25,0.0502187461,50.8749695
21132,105.751315,39.25,0.0502187461,50.8749695
21133,105.757260,39.25,0.0502187461,50.8749695
21134,105.760825,39.25,0.0502187461,50.8749695
21135,105.765717,39.25,0.0504062437,51.6249695
21136,105.771171,39.25,0.0504062437,51.6249695
21137,105.776060,39.25,0.0504062437,51.6249695
21138,105.781506,39.25,0.0504062437,51.6249695
21139,105.786401,39.25,0.0504062437,51.6249695
21140,105.791335,39.25,0.0504062437,51.6249695
21141,105.796766,39.25,0.0504062437,51.6249695
21142,105.801662,39.25,0.0504062437,51.6249695
21143,105.806779,39.25,0.0504062437,51.6249695
21144,105.811101,39.25,0.0504062437,51.6249695
21145,105.815996,39.25,0.0504062437,51.6249695
21146,105.821390,39.25,0.0504062437,51.6249695
21147,105.826295,39.25,0.0504062437,51.6249695
21148,105.831190,39.25,0.0504062437,51.6249695
21149,105.836627,39.25,0.0504062437,51.6249695
21150,105.841523,39.25,0.0504062437,51.6249695
21151,105.846658,39.25,0.0504062437,51.6249695
21152,105.850490,39.25,0.0504062437,51.6249695
21153,105.856722,39.25,0.0504062437,51.6249695
21154,105.860496,39.25,0.0504062437,51.6249695
21155,105.866229,39.25,0.050593745,52.3749695
21156,105.871138,39.25,0.050593745,52.3749695
21157,105.876482,39.25,0.050593745,52.3749695
21158,105.881381,39.25,0.050593745,52.3749695
21159,105.886310,39.25,0.050593745,52.3749695
21160,105.891730,39.25,0.050593745,52.3749695
21161,105.896623,39.25,0.050593745,52.3749695
21162,105.901758,39.25,0.050593745,52.3749695
21163,105.905587,39.25,0.050593745,52.3749695
21164,105.910483,39.25,0.050593745,52.3749695
21165,105.915595,39.25,0.050593745,52.3749695
21166,105.920754,39.25,0.050593745,52.3749695
21167,105.926223,39.25,0.050593745,52.3749695
21168,105.931655,39.25,0.050593745,52.3749695
21169,105.936547,39.25,0.050593745,52.3749695
21170,105.941666,39.25,0.050593745,52.3749695
21171,105.945497,39.25,0.050593745,52.3749695
21172,105.951733,39.25,0.050593745,52.3749695
21173,105.957080,39.25,0.050593745,52.3749695
21174,105.960651,39.25,0.050593745,52.3749695
21175,105.965544,39.25,0.0507812425,53.1249695
21176,105.971057,39.25,0.0507812425,53.1249695
21177,105.976546,39.25,0.0507812425,53.1249695
21178,105.981928,39.25,0.0507812425,53.1249695
21179,105.985496,39.25,0.0507812425,53.1249695
21180,105.991943,39.25,0.0507812425,53.1249695
21181,105.996014,39.25,0.0507812425,53.1249695
21182,106.000913,39.25,0.0507812425,53.1249695
21183,106.005819,39.25,0.0507812425,53.1249695
21184,106.011263,39.25,0.0507812425,53.1249695
21185,106.016155,39.25,0.0507812425,53.1249695
21186,106.021294,39.25,0.0507812425,53.1249695
21187,106.026447,39.25,0.0507812425,53.1249695
21188,106.031356,39.25,0.0507812425,53.1249695
21189,106.036752,39.25,0.0507812425,53.1249695
21190,106.040837,39.25,0.0507812425,53.1249695
21191,106.045743,39.25,0.0507812425,53.1249695
21192,106.051199,39.25,0.0507812425,53.1249695
21193,106.056087,39.25,0.0507812425,53.1249695
21194,106.061209,39.25,0.0507812425,53.1249695
21195,106.066383,39.25,0.0509687439,53.8749695
21196,106.071292,39.25,0.0509687439,53.8749695
21197,106.076663,39.25,0.0509687439,53.8749695
21198,106.081558,39.25,0.0509687439,53.8749695
21199,106.086648,39.25,0.0509687439,53.8749695
21200,106.091003,39.25,0.0509687439,53.8749695
21201,106.095899,39.25,0.0509687439,53.8749695
21202,106.101037,39.25,0.0509687439,53.8749695
21203,106.106194,39.25,0.0509687439,53.8749695
21204,106.111086,39.25,0.0509687439,53.8749695
21205,106.116518,39.25,0.0509687439,53.8749695
21206,106.121414,39.25,0.0509687439,53.8749695
21207,106.126535,39.25,0.0509687439,53.8749695
21208,106.131694,39.25,0.0509687439,53.8749695
21209,106.136598,39.25,0.0509687439,53.8749695
21210,106.141996,39.25,0.0509687439,53.8749695
21211,106.146078,39.25,0.0509687439,53.8749695
21212,106.150987,39.25,0.0509687439,53.8749695
21213,106.156440,39.25,0.0509687439,53.8749695
21214,106.161335,39.25,0.0509687439,53.8749695
21215,106.166452,39.25,0.0511562452,54.6249695
21216,106.171605,39.25,0.0511562452,54.6249695
21217,106.176510,39.25,0.0511562452,54.6249695
21218,106.181882,39.25,0.0511562452,54.6249695
21219,106.185450,39.25,0.0511562452,54.6249695
21220,106.192272,39.25,0.0511562452,54.6249695
21221,106.196313,39.25,0.0511562452,54.6249695
21222,106.201222,39.25,0.0511562452,54.6249695
21223,106.211254,39.25,0.0511562452,54.6249695
21224,106.213567,39.25,0.0511562452,54.6249695
21225,106.217418,39.25,0.0511562452,54.6249695
21226,106.222318,39.25,0.0511562452,54.6249695
21227,106.227430,39.25,0.0511562452,54.6249695
21228,106.231258,39.25,0.0511562452,54.6249695
21229,106.237490,39.25,0.0511562452,54.6249695
21230,106.241320,39.25,0.0511562452,54.6249695
21231,106.247022,39.25,0.0511562452,54.6249695
21232,106.251932,39.25,0.0511562452,54.6249695
21233,106.257332,39.25,0.0511562452,54.6249695
21234,106.262240,39.25,0.0511562452,54.6249695
21235,106.267156,39.25,0.0513437465,55.3749695
21236,106.272595,39.25,0.0513437465,55.3749695
21237,106.277488,39.25,0.0513437465,55.3749695
21238,106.282626,39.25,0.0513437465,55.3749695
21239,106.286454,39.25,0.0513437465,55.3749695
21240,106.291350,40,0.0513437465,55.3749695
21241,106.297038,40,0.0513437465,55.3749695
21242,106.302198,40,0.0513437465,55.3749695
21243,106.307087,40,0.0513437465,55.3749695
21244,106.312475,40,0.0513437465,55.3749695
21245,106.317370,40,0.0513437465,55.3749695
21246,106.322279,40,0.0513437465,55.3749695
21247,106.326330,40,0.0513437465,55.3749695
21248,106.331239,40,0.0513437465,55.3749695
21249,106.337700,40,0.0513437465,55.3749695
21250,106.341532,40,0.0513437465,55.3749695
21251,106.346425,40,0.0513437465,55.3749695
21252,106.352417,40,0.0513437465,55.3749695
21253,106.357323,40,0.0513437465,55.3749695
21254,106.362218,40,0.0513437465,55.3749695
21255,106.366266,40,0.0138437431,55.3749695
21256,106.372502,40,0.0138437431,55.3749695
21257,106.377636,40,0.0138437431,55.3749695
21258,106.381468,40,0.0138437431,55.3749695
21259,106.386361,40,0.0138437431,55.3749695
21260,106.391746,40,0.0138437431,55.3749695
21261,106.396639,40,0.0138437431,55.3749695
21262,106.402084,40,0.0138437431,55.3749695
21263,106.407516,40,0.0138437431,55.3749695
21264,106.412412,40,0.0138437431,55.3749695
21265,106.417547,40,0.0138437431,55.3749695
21266,106.421379,40,0.0138437431,55.3749695
21267,106.426271,40,0.0138437431,55.3749695
21268,106.431376,40,0.0138437431,55.3749695
21269,106.436565,40,0.0138437431,55.3749695
21270,106.441474,40,0.0138437431,55.3749695
21271,106.446846,40,0.0138437431,55.3749695
21272,106.451743,40,0.0138437431,55.3749695
21273,106.456649,40,0.0138437431,55.3749695
21274,106.462613,40,0.0138437431,55.3749695
21275,106.466182,40,0.0138437431,55.3749695
21276,106.471302,40,0.0138437431,55.3749695
21277,106.476451,40,0.0138437431,55.3749695
21278,106.481360,40,0.0138437431,55.3749695
21279,106.486732,40,0.0138437431,55.3749695
21280,106.491630,40,0.0138437431,55.3749695
21281,106.496744,40,0.0138437431,55.3749695
21282,106.501902,40,0.0138437431,55.3749695
21283,106.506808,40,0.0138437431,55.3749695
21284,106.512187,40,0.0138437431,55.3749695
21285,106.516303,40,0.0138437431,55.3749695
21286,106.521199,40,0.0138437431,55.3749695
21287,106.526578,40,0.0138437431,55.3749695
21288,106.531477,40,0.0138437431,55.3749695
21289,106.536604,40,0.0138437431,55.3749695
21290,106.541762,40,0.0138437431,55.3749695
21291,106.546668,40,0.0138437431,55.3749695
21292,106.552040,40,0.0138437431,55.3749695
21293,106.556936,40,0.0138437431,55.3749695
21294,106.561869,40,0.0138437431,55.3749695
21295,106.567808,40,0.0138437431,55.3749695
21296,106.571379,40,0.0138437431,55.3749695
21297,106.576272,40,0.0138437431,55.3749695
21298,106.581701,40,0.0138437431,55.3749695
21299,106.586594,40,0.0138437431,55.3749695
21300,106.591729,40,0.0138437431,55.3749695
21301,106.596885,40,0.0138437431,55.3749695
21302,106.601794,40,0.0138437431,55.3749695
21303,106.607222,40,0.0138437431,55.3749695
21304,106.612130,40,0.0138437431,55.3749695
21305,106.617531,40,0.0138437431,55.3749695
21306,106.621589,40,0.0138437431,55.3749695
21307,106.626482,40,0.0138437431,55.3749695
21308,106.631640,40,0.0138437431,55.3749695
21309,106.636821,40,0.0138437431,55.3749695
21310,106.641729,40,0.0138437431,55.3749695
21311,106.647101,40,0.0138437431,55.3749695
21312,106.651999,40,0.0138437431,55.3749695
21313,106.656905,40,0.0138437431,55.3749695
21314,106.662346,40,0.0138437431,55.3749695
21315,106.667238,40,0.0138437431,55.3749695
21316,106.671311,40,0.0138437431,55.3749695
21317,106.676733,40,0.0138437431,55.3749695
21318,106.681629,40,0.0138437431,55.3749695
21319,106.686764,40,0.0138437431,55.3749695
21320,106.691923,40,0.0138437431,55.3749695
21321,106.696829,40,0.0138437431,55.3749695
21322,106.702208,40,0.0138437431,55.3749695
21323,106.707097,40,0.0138437431,55.3749695
21324,106.712005,40,0.0138437431,55.3749695
21325,106.717445,40,0.0138437431,55.3749695
21326,106.722341,40,0.0138437431,55.3749695
21327,106.727748,40,0.0138437431,55.3749695
21328,106.731859,40,0.0138437431,55.3749695
21329,106.736764,40,0.0138437431,55.3749695
21330,106.742218,40,0.0138437431,55.3749695
21331,106.747109,40,0.0138437431,55.3749695
21332,106.752230,40,0.0138437431,55.3749695
21333,106.757379,40,0.0138437431,55.3749695
21334,106.762288,40,0.0138437431,55.3749695
21335,106.766365,40,0.0138437431,55.3749695
21336,106.771274,40,0.0138437431,55.3749695
21337,106.776167,40,0.0138437431,55.3749695
21338,106.782101,40,0.0138437431,55.3749695
21339,106.786996,40,0.0138437431,55.3749695
21340,106.792142,40,0.0138437431,55.3749695
21341,106.797290,40,0.0138437431,55.3749695
21342,106.802199,40,0.0138437431,55.3749695
21343,106.807570,40,0.0138437431,55.3749695
21344,106.812470,40,0.0138437431,55.3749695
21345,106.817400,40,0.0138437431,55.3749695
21346,106.821447,40,0.0138437431,55.3749695
21347,106.826340,40,0.0138437431,55.3749695
21348,106.831249,40,0.0138437431,55.3749695
21349,106.837182,40,0.0138437431,55.3749695
21350,106.842074,40,0.0138437431,55.3749695
21351,106.847215,40,0.0138437431,55.3749695
21352,106.852368,40,0.0138437431,55.3749695
21353,106.857274,40,0.0138437431,55.3749695
21354,106.862645,40,0.0138437431,55.3749695
21355,106.866211,40,0.0138437431,55.3749695
21356,106.872469,40,0.0138437431,55.3749695
21357,106.876468,40,0.0138437431,55.3749695
21358,106.881367,40,0.0138437431,55.3749695
21359,106.886273,40,0.0138437431,55.3749695
21360,106.891705,40,0.0138437431,55.3749695
21361,106.897175,40,0.0138437431,55.3749695
21362,106.902581,40,0.0138437431,55.3749695
21363,106.907474,40,0.0138437431,55.3749695
21364,106.912406,40,0.0138437431,55.3749695
21365,106.916411,40,0.0138437431,55.3749695
21366,106.921320,40,0.0138437431,55.3749695
21367,106.926212,40,0.0138437431,55.3749695
21368,106.931641,40,0.0138437431,55.3749695
21369,106.936534,40,0.0138437431,55.3749695
21370,106.941941,40,0.0138437431,55.3749695
21371,106.946837,40,0.0138437431,55.3749695
21372,106.951745,40,0.0138437431,55.3749695
21373,106.957684,40,0.0138437431,55.3749695
21374,106.961255,40,0.0138437431,55.3749695
21375,106.966384,40,0.0138437431,55.3749695
21376,106.971550,40,0.0138437431,55.3749695
21377,106.976455,40,0.0138437431,55.3749695
21378,106.981856,40,0.0138437431,55.3749695
21379,106.986761,40,0.0138437431,55.3749695
21380,106.991889,40,0.0138437431,55.3749695
21381,106.997045,40,0.0138437431,55.3749695
21382,107.001954,40,0.0138437431,55.3749695
21383,107.007395,40,0.0138437431,55.3749695
21384,107.011528,40,0.0138437431,55.3749695
21385,107.016420,40,0.0138437431,55.3749695
21386,107.022076,40,0.0138437431,55.3749695
21387,107.026972,40,0.0138437431,55.3749695
21388,107.031881,40,0.0138437431,55.3749695
21389,107.037333,40,0.0138437431,55.3749695
21390,107.042229,40,0.0138437431,55.3749695
21391,107.047637,40,0.0138437431,55.3749695
21392,107.051206,40,0.0138437431,55.3749695
21393,107.057437,40,0.0138437431,55.3749695
21394,107.061509,40,0.0138437431,55.3749695
21395,107.066950,40,0.0138437431,55.3749695
21396,107.071883,40,0.0138437431,55.3749695
21397,107.077319,40,0.0138437431,55.3749695
21398,107.082215,40,0.0138437431,55.3749695
21399,107.087332,40,0.0138437431,55.3749695
21400,107.092484,40,0.0138437431,55.3749695
21401,107.097388,40,0.0138437431,55.3749695
21402,107.102740,40,0.0138437431,55.3749695
21403,107.106309,40,0.0138437431,55.3749695
21404,107.111204,40,0.0138437431,55.3749695
21405,107.116629,40,0.0138437431,55.3749695
21406,107.122078,40,0.0138437431,55.3749695
21407,107.127217,40,0.0138437431,55.3749695
21408,107.132370,40,0.0138437431,55.3749695
21409,107.137276,40,0.0138437431,55.3749695
21410,107.142722,40,0.0138437431,55.3749695
21411,107.146289,40,0.0138437431,55.3749695
21412,107.151184,40,0.0138437431,55.3749695
21413,107.156571,40,0.0138437431,55.3749695
21414,107.161470,40,0.0138437431,55.3749695
21415,107.166374,40,0.0138437431,55.3749695
21416,107.172309,40,0.0138437431,55.3749695
21417,107.177214,40,0.0138437431,55.3749695
21418,107.182343,40,0.0138437431,55.3749695
21419,107.187492,40,0.0138437431,55.3749695
21420,107.192399,40,0.0138437431,55.3749695
21421,107.197772,40,0.0138437431,55.3749695
21422,107.201344,40,0.0138437431,55.3749695
21423,107.212750,40,0.0138437431,55.3749695
21424,107.215124,40,0.0138437431,55.3749695
21425,107.218970,40,0.0138437431,55.3749695
21426,107.223868,40,0.0138437431,55.3749695
21427,107.227931,40,0.0138437431,55.3749695
21428,107.233384,40,0.0138437431,55.3749695
21429,107.238276,40,0.0138437431,55.3749695
21430,107.243201,40,0.0138437431,55.3749695
21431,107.248623,40,0.0138437431,55.3749695
21432,107.253519,40,0.0138437431,55.3749695
21433,107.258654,40,0.0138437431,55.3749695
21434,107.263810,40,0.0138437431,55.3749695
21435,107.268716,40,0.0138437431,55.3749695
21436,107.274066,40,0.0138437431,55.3749695
21437,107.278961,40,0.0138437431,55.3749695
21438,107.283895,40,0.0138437431,55.3749695
21439,107.287963,40,0.0138437431,55.3749695
21440,107.293404,40,0.0138437431,55.3749695
21441,107.298309,40,0.0138437431,55.3749695
21442,107.303773,40,0.0138437431,55.3749695
21443,107.308665,40,0.0138437431,55.3749695
21444,107.314051,40,0.0138437431,55.3749695
21445,107.318947,40,0.0138437431,55.3749695
21446,107.323856,40,0.0138437431,55.3749695
21447,107.327925,40,0.0138437431,55.3749695
21448,107.332824,40,0.0138437431,55.3749695
21449,107.337753,40,0.0138437431,55.3749695
21450,107.343681,40,0.0138437431,55.3749695
21451,107.348577,40,0.0138437431,55.3749695
21452,107.353962,40,0.0138437431,55.3749695
21453,107.358857,40,0.0138437431,55.3749695
21454,107.364000,40,0.0138437431,55.3749695
21455,107.367814,40,0.0138437431,55.3749695
21456,107.372723,40,0.0138437431,55.3749695
21457,107.379194,40,0.0138437431,55.3749695
21458,107.383000,40,0.0138437431,55.3749695
21459,107.387906,40,0.0138437431,55.3749695
21460,107.393280,40,0.0138437431,55.3749695
21461,107.398751,40,0.0138437431,55.3749695
21462,107.403684,40,0.0138437431,55.3749695
21463,107.407722,40,0.0138437431,55.3749695
21464,107.413958,40,0.0138437431,55.3749695
21465,107.419074,40,0.0138437431,55.3749695
21466,107.422886,40,0.0138437431,55.3749695
21467,107.427792,40,0.0138437431,55.3749695
21468,107.432911,40,0.0138437431,55.3749695
21469,107.438133,40,0.0138437431,55.3749695
21470,107.443025,40,0.0138437431,55.3749695
21471,107.448468,40,0.0138437431,55.3749695
21472,107.453868,40,0.0138437431,55.3749695
21473,107.458960,40,0.0138437431,55.3749695
21474,107.462815,40,0.0138437431,55.3749695
21475,107.467707,40,0.0138437431,55.3749695
21476,107.473070,40,0.0138437431,55.3749695
21477,107.477965,40,0.0138437431,55.3749695
21478,107.482873,40,0.0138437431,55.3749695
21479,107.488340,40,0.0138437431,55.3749695
21480,107.493235,40,0.0138437431,55.3749695
21481,107.498618,40,0.0138437431,55.3749695
21482,107.503513,40,0.0138437431,55.3749695
21483,107.508417,40,0.0138437431,55.3749695
21484,107.514367,40,0.0138437431,55.3749695
21485,107.517928,40,0.0138437431,55.3749695
21486,107.523048,40,0.0138437431,55.3749695
21487,107.528198,40,0.0138437431,55.3749695
21488,107.533090,40,0.0138437431,55.3749695
21489,107.538478,40,0.0138437431,55.3749695
21490,107.543377,40,0.0138437431,55.3749695
21491,107.548282,40,0.0138437431,55.3749695
21492,107.553698,40,0.0138437431,55.3749695
21493,107.558591,40,0.0138437431,55.3749695
21494,107.563729,40,0.0138437431,55.3749695
21495,107.568058,40.75,-0.0238437578,54.6249695
21496,107.572957,40.75,-0.0238437578,54.6249695
21497,107.578092,40.75,-0.0238437578,54.6249695
21498,107.583248,40.75,-0.0238437578,54.6249695
21499,107.588153,40.75,-0.0238437578,54.6249695
21500,107.593573,40.75,-0.0238437578,54.6249695
21501,107.598466,40.75,-0.0238437578,54.6249695
21502,107.603589,40.75,-0.0238437578,54.6249695
21503,107.608745,40.75,-0.0238437578,54.6249695
21504,107.613654,40.75,-0.0238437578,54.6249695
21505,107.619026,40.75,-0.0238437578,54.6249695
21506,107.623149,40.75,-0.0238437578,54.6249695
21507,107.628038,40.75,-0.0238437578,54.6249695
21508,107.633470,40.75,-0.0238437578,54.6249695
21509,107.638363,40.75,-0.0238437578,54.6249695
21510,107.643484,40.75,-0.0238437578,54.6249695
21511,107.648632,40.75,-0.0238437578,54.6249695
21512,107.653540,40.75,-0.0238437578,54.6249695
21513,107.658887,40.75,-0.0238437578,54.6249695
21514,107.663785,40.75,-0.0238437578,54.6249695
21515,107.668691,40.75,-0.0240312591,53.8749695
21516,107.672760,40.75,-0.0240312591,53.8749695
21517,107.678200,40.75,-0.0240312591,53.8749695
21518,107.683316,40.75,-0.0240312591,53.8749695
21519,107.688468,40.75,-0.0240312591,53.8749695
21520,107.693376,40.75,-0.0240312591,53.8749695
21521,107.698748,40.75,-0.0240312591,53.8749695
21522,107.703646,40.75,-0.0240312591,53.8749695
21523,107.708551,40.75,-0.0240312591,53.8749695
21524,107.714022,40.75,-0.0240312591,53.8749695
21525,107.718928,40.75,-0.0240312591,53.8749695
21526,107.724024,40.75,-0.0240312591,53.8749695
21527,107.728384,40.75,-0.0240312591,53.8749695
21528,107.733293,40.75,-0.0240312591,53.8749695
21529,107.738418,40.75,-0.0240312591,53.8749695
21530,107.743567,40.75,-0.0240312591,53.8749695
21531,107.748472,40.75,-0.0240312591,53.8749695
21532,107.753847,40.75,-0.0240312591,53.8749695
21533,107.758742,40.75,-0.0240312591,53.8749695
21534,107.763650,40.75,-0.0240312591,53.8749695
21535,107.769072,40.75,-0.0242187586,53.1249695
21536,107.773981,40.75,-0.0242187586,53.1249695
21537,107.778101,40.75,-0.0242187586,53.1249695
21538,107.783555,40.75,-0.0242187586,53.1249695
21539,107.788448,40.75,-0.0242187586,53.1249695
21540,107.793586,40.75,-0.0242187586,53.1249695
21541,107.798741,40.75,-0.0242187586,53.1249695
21542,107.803650,40.75,-0.0242187586,53.1249695
21543,107.809022,40.75,-0.0242187586,53.1249695
21544,107.813920,40.75,-0.0242187586,53.1249695
21545,107.818826,40.75,-0.0242187586,53.1249695
21546,107.822895,40.75,-0.0242187586,53.1249695
21547,107.828362,40.75,-0.0242187586,53.1249695
21548,107.833282,40.75,-0.0242187586,53.1249695
21549,107.838730,40.75,-0.0242187586,53.1249695
21550,107.843625,40.75,-0.0242187586,53.1249695
21551,107.848736,40.75,-0.0242187586,53.1249695
21552,107.853916,40.75,-0.0242187586,53.1249695
21553,107.858822,40.75,-0.0242187586,53.1249695
21554,107.864204,40.75,-0.0242187586,53.1249695
21555,107.867766,40.75,-0.024406258,52.3749695
21556,107.872662,40.75,-0.024406258,52.3749695
21557,107.878613,40.75,-0.024406258,52.3749695
21558,107.883509,40.75,-0.024406258,52.3749695
21559,107.888894,40.75,-0.024406258,52.3749695
21560,107.893792,40.75,-0.024406258,52.3749695
21561,107.898698,40.75,-0.024406258,52.3749695
21562,107.902743,40.75,-0.024406258,52.3749695
21563,107.908976,40.75,-0.024406258,52.3749695
21564,107.914070,40.75,-0.024406258,52.3749695
21565,107.917910,40.75,-0.024406258,52.3749695
21566,107.922818,40.75,-0.024406258,52.3749695
21567,107.927932,40.75,-0.024406258,52.3749695
21568,107.933657,40.75,-0.024406258,52.3749695
21569,107.938550,40.75,-0.024406258,52.3749695
21570,107.943944,40.75,-0.024406258,52.3749695
21571,107.948839,40.75,-0.024406258,52.3749695
21572,107.953748,40.75,-0.024406258,52.3749695
21573,107.957792,40.75,-0.024406258,52.3749695
21574,107.962688,40.75,-0.024406258,52.3749695
21575,107.969151,40.75,-0.0245937593,51.6249695
21576,107.972959,40.75,-0.0245937593,51.6249695
21577,107.977865,40.75,-0.0245937593,51.6249695
21578,107.982982,40.75,-0.0245937593,51.6249695
21579,107.988153,40.75,-0.0245937593,51.6249695
21580,107.993611,40.75,-0.0245937593,51.6249695
21581,107.999044,40.75,-0.0245937593,51.6249695
21582,108.003953,40.75,-0.0245937593,51.6249695
21583,108.009080,40.75,-0.0245937593,51.6249695
21584,108.012892,40.75,-0.0245937593,51.6249695
21585,108.017798,40.75,-0.0245937593,51.6249695
21586,108.022917,40.75,-0.0245937593,51.6249695
21587,108.028073,40.75,-0.0245937593,51.6249695
21588,108.032982,40.75,-0.0245937593,51.6249695
21589,108.038113,40.75,-0.0245937593,51.6249695
21590,108.044012,40.75,-0.0245937593,51.6249695
21591,108.048907,40.75,-0.0245937593,51.6249695
21592,108.054046,40.75,-0.0245937593,51.6249695
21593,108.057857,40.75,-0.0245937593,51.6249695
21594,108.062765,40.75,-0.0245937593,51.6249695
21595,108.068162,40.75,-0.0247812588,50.8749695
21596,108.073054,40.75,-0.0247812588,50.8749695
21597,108.077960,40.75,-0.0247812588,50.8749695
21598,108.083424,40.75,-0.0247812588,50.8749695
21599,108.088317,40.75,-0.0247812588,50.8749695
21600,108.093241,40.75,-0.0247812588,50.8749695
21601,108.099168,40.75,-0.0247812588,50.8749695
21602,108.102733,40.75,-0.0247812588,50.8749695
21603,108.109202,40.75,-0.0247812588,50.8749695
21604,108.113007,40.75,-0.0247812588,50.8749695
21605,108.117913,40.75,-0.0247812588,50.8749695
21606,108.123032,40.75,-0.0247812588,50.8749695
21607,108.128189,40.75,-0.0247812588,50.8749695
21608,108.133081,40.75,-0.0247812588,50.8749695
21609,108.138514,40.75,-0.0247812588,50.8749695
21610,108.143409,40.75,-0.0247812588,50.8749695
21611,108.148329,40.75,-0.0247812588,50.8749695
21612,108.154243,40.75,-0.0247812588,50.8749695
21613,108.157804,40.75,-0.0247812588,50.8749695
21614,108.162724,40.75,-0.0247812588,50.8749695
21615,108.168148,40.75,-0.0249687582,50.1249695
21616,108.173040,40.75,-0.0249687582,50.1249695
21617,108.178136,40.75,-0.0249687582,50.1249695
21618,108.183313,40.75,-0.0249687582,50.1249695
21619,108.188219,40.75,-0.0249687582,50.1249695
21620,108.193664,40.75,-0.0249687582,50.1249695
21621,108.198556,40.75,-0.0249687582,50.1249695
21622,108.203680,40.75,-0.0249687582,50.1249695
21623,108.214143,40.75,-0.0249687582,50.1249695
21624,108.216365,40.75,-0.0249687582,50.1249695
21625,108.220309,40.75,-0.0249687582,50.1249695
21626,108.224149,40.75,-0.0249687582,50.1249695
21627,108.230383,40.75,-0.0249687582,50.1249695
21628,108.235756,40.75,-0.0249687582,50.1249695
21629,108.239322,40.75,-0.0249687582,50.1249695
21630,108.244218,40.75,-0.0249687582,50.1249695
21631,108.249675,40.75,-0.0249687582,50.1249695
21632,108.254570,40.75,-0.0249687582,50.1249695
21633,108.260266,40.75,-0.0249687582,50.1249695
21634,108.265412,40.75,-0.0249687582,50.1249695
21635,108.270320,40.75,-0.0251562595,49.3749695
21636,108.274348,40.75,-0.0251562595,49.3749695
21637,108.279253,40.75,-0.0251562595,49.3749695
21638,108.284178,40.75,-0.0251562595,49.3749695
21639,108.289586,40.75,-0.0251562595,49.3749695
21640,108.294482,40.75,-0.0251562595,49.3749695
21641,108.299616,40.75,-0.0251562595,49.3749695
21642,108.304772,40.75,-0.0251562595,49.3749695
21643,108.309677,40.75,-0.0251562595,49.3749695
21644,108.314980,40.75,-0.0251562595,49.3749695
21645,108.319316,40.75,-0.0251562595,49.3749695
21646,108.324225,40.75,-0.0251562595,49.3749695
21647,108.329616,40.75,-0.0251562595,49.3749695
21648,108.334512,40.75,-0.0251562595,49.3749695
21649,108.339416,40.75,-0.0251562595,49.3749695
21650,108.344822,40.75,-0.0251562595,49.3749695
21651,108.349727,40.75,-0.0251562595,49.3749695
21652,108.354842,40.75,-0.0251562595,49.3749695
21653,108.360022,40.75,-0.0251562595,49.3749695
21654,108.364931,40.75,-0.0251562595,49.3749695
21655,108.370337,40.75,-0.025343759,48.6249695
21656,108.374425,40.75,-0.025343759,48.6249695
21657,108.379318,40.75,-0.025343759,48.6249695
21658,108.384746,40.75,-0.025343759,48.6249695
21659,108.389639,40.75,-0.025343759,48.6249695
21660,108.394777,40.75,-0.025343759,48.6249695
21661,108.399983,40.75,-0.025343759,48.6249695
21662,108.404892,40.75,-0.025343759,48.6249695
21663,108.410273,40.75,-0.025343759,48.6249695
21664,108.415178,40.75,-0.025343759,48.6249695
21665,108.420307,40.75,-0.025343759,48.6249695
21666,108.424629,40.75,-0.025343759,48.6249695
21667,108.429525,40.75,-0.025343759,48.6249695
21668,108.434663,40.75,-0.025343759,48.6249695
21669,108.439819,40.75,-0.025343759,48.6249695
21670,108.444727,40.75,-0.025343759,48.6249695
21671,108.450074,40.75,-0.025343759,48.6249695
21672,108.454973,40.75,-0.025343759,48.6249695
21673,108.459878,40.75,-0.025343759,48.6249695
21674,108.465344,40.75,-0.025343759,48.6249695
21675,108.470239,40.75,-0.0255312584,47.8749695
21676,108.475329,40.75,-0.0255312584,47.8749695
21677,108.479679,40.75,-0.0255312584,47.8749695
21678,108.484577,40.75,-0.0255312584,47.8749695
21679,108.489960,40.75,-0.0255312584,47.8749695
21680,108.494859,40.75,-0.0255312584,47.8749695
21681,108.499764,40.75,-0.0255312584,47.8749695
21682,108.505230,40.75,-0.0255312584,47.8749695
21683,108.510125,40.75,-0.0255312584,47.8749695
21684,108.515239,40.75,-0.0255312584,47.8749695
21685,108.520395,40.75,-0.0255312584,47.8749695
21686,108.525300,40.75,-0.0255312584,47.8749695
21687,108.530696,40.75,-0.0255312584,47.8749695
21688,108.534796,40.75,-0.0255312584,47.8749695
21689,108.539688,40.75,-0.0255312584,47.8749695
21690,108.545138,40.75,-0.0255312584,47.8749695
21691,108.550026,40.75,-0.0255312584,47.8749695
21692,108.555154,40.75,-0.0255312584,47.8749695
21693,108.560309,40.75,-0.0255312584,47.8749695
21694,108.565215,40.75,-0.0255312584,47.8749695
21695,108.570583,40.75,-0.0257187597,47.1249695
21696,108.574148,40.75,-0.0257187597,47.1249695
21697,108.580383,40.75,-0.0257187597,47.1249695
21698,108.584459,40.75,-0.0257187597,47.1249695
21699,108.589896,40.75,-0.0257187597,47.1249695
21700,108.594804,40.75,-0.0257187597,47.1249695
21701,108.600268,40.75,-0.0257187597,47.1249695
21702,108.605161,40.75,-0.0257187597,47.1249695
21703,108.610544,40.75,-0.0257187597,47.1249695
21704,108.614096,40.75,-0.0257187597,47.1249695
21705,108.620372,40.75,-0.0257187597,47.1249695
21706,108.624399,40.75,-0.0257187597,47.1249695
21707,108.629304,40.75,-0.0257187597,47.1249695
21708,108.634228,40.75,-0.0257187597,47.1249695
21709,108.640133,40.75,-0.0257187597,47.1249695
21710,108.645022,40.75,-0.0257187597,47.1249695
21711,108.650136,40.75,-0.0257187597,47.1249695
21712,108.655313,40.75,-0.0257187597,47.1249695
21713,108.660221,40.75,-0.0257187597,47.1249695
21714,108.665328,40.75,-0.0257187597,47.1249695
21715,108.669149,40.75,-0.0259062573,46.3749695
21716,108.675384,40.75,-0.0259062573,46.3749695
21717,108.679179,40.75,-0.0259062573,46.3749695
21718,108.684339,40.75,-0.0259062573,46.3749695
21719,108.689743,40.75,-0.0259062573,46.3749695
21720,108.695187,40.75,-0.0259062573,46.3749695
21721,108.700075,40.75,-0.0259062573,46.3749695
21722,108.705186,40.75,-0.0259062573,46.3749695
21723,108.710366,40.75,-0.0259062573,46.3749695
21724,108.715272,40.75,-0.0259062573,46.3749695
21725,108.720643,40.75,-0.0259062573,46.3749695
21726,108.724208,40.75,-0.0259062573,46.3749695
21727,108.729097,40.75,-0.0259062573,46.3749695
21728,108.734536,40.75,-0.0259062573,46.3749695
21729,108.739429,40.75,-0.0259062573,46.3749695
21730,108.744815,40.75,-0.0259062573,46.3749695
21731,108.750232,40.75,-0.0259062573,46.3749695
21732,108.755137,40.75,-0.0259062573,46.3749695
21733,108.759170,40.75,-0.0259062573,46.3749695
21734,108.765405,40.75,-0.0259062573,46.3749695
21735,108.770590,40.75,-0.0260937586,45.6249695
21736,108.774418,40.75,-0.0260937586,45.6249695
21737,108.779311,40.75,-0.0260937586,45.6249695
21738,108.784432,40.75,-0.0260937586,45.6249695
21739,108.789584,40.75,-0.0260937586,45.6249695
21740,108.794492,40.75,-0.0260937586,45.6249695
21741,108.799918,40.75,-0.0260937586,45.6249695
21742,108.805390,40.75,-0.0260937586,45.6249695
21743,108.809184,40.75,-0.0260937586,45.6249695
21744,108.814356,40.75,-0.0260937586,45.6249695
21745,108.819262,40.75,-0.0260937586,45.6249695
21746,108.824636,40.75,-0.0260937586,45.6249695
21747,108.829529,40.75,-0.0260937586,45.6249695
21748,108.834436,40.75,-0.0260937586,45.6249695
21749,108.839840,40.75,-0.0260937586,45.6249695
21750,108.844747,40.375,-0.0260937586,45.6249695
21751,108.849862,40.375,-0.0260937586,45.6249695
21752,108.855018,40.375,-0.0260937586,45.6249695
21753,108.859924,40.375,-0.0260937586,45.6249695
21754,108.865305,40.375,-0.0260937586,45.6249695
21755,108.869396,40.375,-0.00743750762,45.2499695
21756,108.874292,40.375,-0.00743750762,45.2499695
21757,108.879717,40.375,-0.00743750762,45.2499695
21758,108.884613,40.375,-0.00743750762,45.2499695
21759,108.889748,40.375,-0.00743750762,45.2499695
21760,108.894904,40.375,-0.00743750762,45.2499695
21761,108.899809,40.375,-0.00743750762,45.2499695
21762,108.904937,40.375,-0.00743750762,45.2499695
21763,108.910093,40.375,-0.00743750762,45.2499695
21764,108.915001,40.375,-0.00743750762,45.2499695
21765,108.919331,40.375,-0.00743750762,45.2499695
21766,108.924506,40.375,-0.00743750762,45.2499695
21767,108.929410,40.375,-0.00743750762,45.2499695
21768,108.934786,40.375,-0.00743750762,45.2499695
21769,108.939681,40.375,-0.00743750762,45.2499695
21770,108.944589,40.375,-0.00743750762,45.2499695
21771,108.950011,40.375,-0.00743750762,45.2499695
21772,108.954920,40.375,-0.00743750762,45.2499695
21773,108.960344,40.375,-0.00743750762,45.2499695
21774,108.965249,40.375,-0.00743750762,45.2499695
21775,108.970380,40.375,-0.00753125828,44.8749695
21776,108.974200,40.375,-0.00753125828,44.8749695
21777,108.979647,40.375,-0.00753125828,44.8749695
21778,108.985031,40.375,-0.00753125828,44.8749695
21779,108.989927,40.375,-0.00753125828,44.8749695
21780,108.994860,40.375,-0.00753125828,44.8749695
21781,109.000304,40.375,-0.00753125828,44.8749695
21782,109.005196,40.375,-0.00753125828,44.8749695
21783,109.010313,40.375,-0.00753125828,44.8749695
21784,109.014135,40.375,-0.00753125828,44.8749695
21785,109.020370,40.375,-0.00753125828,44.8749695
21786,109.025743,40.375,-0.00753125828,44.8749695
21787,109.029312,40.375,-0.00753125828,44.8749695
21788,109.034772,40.375,-0.00753125828,44.8749695
21789,109.040240,40.375,-0.00753125828,44.8749695
21790,109.045132,40.375,-0.00753125828,44.8749695
21791,109.050045,40.375,-0.00753125828,44.8749695
21792,109.055687,40.375,-0.00753125828,44.8749695
21793,109.059253,40.375,-0.00753125828,44.8749695
21794,109.064149,40.375,-0.00753125828,44.8749695
21795,109.069588,40.375,-0.007625008,44.4999695
21796,109.074484,40.375,-0.007625008,44.4999695
21797,109.079597,40.375,-0.007625008,44.4999695
21798,109.085316,40.375,-0.007625008,44.4999695
21799,109.090212,40.375,-0.007625008,44.4999695
21800,109.094236,40.375,-0.007625008,44.4999695
21801,109.099141,40.375,-0.007625008,44.4999695
21802,109.105592,40.375,-0.007625008,44.4999695
21803,109.109420,40.375,-0.007625008,44.4999695
21804,109.114316,40.375,-0.007625008,44.4999695
21805,109.119436,40.375,-0.007625008,44.4999695
21806,109.124636,40.375,-0.007625008,44.4999695
21807,109.129541,40.375,-0.007625008,44.4999695
21808,109.134916,40.375,-0.007625008,44.4999695
21809,109.140334,40.375,-0.007625008,44.4999695
21810,109.145239,40.375,-0.007625008,44.4999695
21811,109.149272,40.375,-0.007625008,44.4999695
21812,109.154180,40.375,-0.007625008,44.4999695
21813,109.160628,40.375,-0.007625008,44.4999695
21814,109.164470,40.375,-0.007625008,44.4999695
21815,109.169363,40.375,-0.00771875773,44.1249695
21816,109.174752,40.375,-0.00771875773,44.1249695
21817,109.179645,40.375,-0.00771875773,44.1249695
21818,109.184553,40.375,-0.00771875773,44.1249695
21819,109.190002,40.375,-0.00771875773,44.1249695
21820,109.194142,40.375,-0.00771875773,44.1249695
21821,109.199258,40.375,-0.00771875773,44.1249695
21822,109.204433,40.375,-0.00771875773,44.1249695
21823,109.214360,40.375,-0.00771875773,44.1249695
21824,109.216672,40.375,-0.00771875773,44.1249695
21825,109.220524,40.375,-0.00771875773,44.1249695
21826,109.225416,40.375,-0.00771875773,44.1249695
21827,109.230554,40.375,-0.00771875773,44.1249695
21828,109.234407,40.375,-0.00771875773,44.1249695
21829,109.239300,40.375,-0.00771875773,44.1249695
21830,109.244718,40.375,-0.00771875773,44.1249695
21831,109.250179,40.375,-0.00771875773,44.1249695
21832,109.255067,40.375,-0.00771875773,44.1249695
21833,109.260188,40.375,-0.00771875773,44.1249695
21834,109.265338,40.375,-0.00771875773,44.1249695
21835,109.270246,40.375,-0.00781250745,43.7499695
21836,109.275662,40.375,-0.00781250745,43.7499695
21837,109.280558,40.375,-0.00781250745,43.7499695
21838,109.285679,40.375,-0.00781250745,43.7499695
21839,109.289508,40.375,-0.00781250745,43.7499695
21840,109.294403,40.375,-0.00781250745,43.7499695
21841,109.300350,40.375,-0.00781250745,43.7499695
21842,109.305255,40.375,-0.00781250745,43.7499695
21843,109.310151,40.375,-0.00781250745,43.7499695
21844,109.315584,40.375,-0.00781250745,43.7499695
21845,109.320481,40.375,-0.00781250745,43.7499695
21846,109.325596,40.375,-0.00781250745,43.7499695
21847,109.329418,40.375,-0.00781250745,43.7499695
21848,109.334314,40.375,-0.00781250745,43.7499695
21849,109.339434,40.375,-0.00781250745,43.7499695
21850,109.344584,40.375,-0.00781250745,43.7499695
21851,109.349489,40.375,-0.00781250745,43.7499695
21852,109.354888,40.375,-0.00781250745,43.7499695
21853,109.360319,40.375,-0.00781250745,43.7499695
21854,109.365224,40.375,-0.00781250745,43.7499695
21855,109.370662,40.375,-0.00790625811,43.3749695
21856,109.375554,40.375,-0.00790625811,43.3749695
21857,109.380690,40.375,-0.00790625811,43.3749695
21858,109.384543,40.375,-0.00790625811,43.3749695
21859,109.389436,40.375,-0.00790625811,43.3749695
21860,109.394825,40.375,-0.00790625811,43.3749695
21861,109.399720,40.375,-0.00790625811,43.3749695
21862,109.404628,40.375,-0.00790625811,43.3749695
21863,109.410592,40.375,-0.00790625811,43.3749695
21864,109.415488,40.375,-0.00790625811,43.3749695
21865,109.420873,40.375,-0.00790625811,43.3749695
21866,109.424441,40.375,-0.00790625811,43.3749695
21867,109.429333,40.375,-0.00790625811,43.3749695
21868,109.434766,40.375,-0.00790625811,43.3749695
21869,109.439659,40.375,-0.00790625811,43.3749695
21870,109.444773,40.375,-0.00790625811,43.3749695
21871,109.449956,40.375,-0.00790625811,43.3749695
21872,109.454865,40.375,-0.00790625811,43.3749695
21873,109.460244,40.375,-0.00790625811,43.3749695
21874,109.465165,40.375,-0.00790625811,43.3749695
21875,109.470593,40.375,-0.00800000783,42.9999695
21876,109.474657,40.375,-0.00800000783,42.9999695
21877,109.479550,40.375,-0.00800000783,42.9999695
21878,109.484458,40.375,-0.00800000783,42.9999695
21879,109.489875,40.375,-0.00800000783,42.9999695
21880,109.494783,40.375,-0.00800000783,42.9999695
21881,109.499873,40.375,-0.00800000783,42.9999695
21882,109.505053,40.375,-0.00800000783,42.9999695
21883,109.509959,40.375,-0.00800000783,42.9999695
21884,109.515403,40.375,-0.00800000783,42.9999695
21885,109.520791,40.375,-0.00800000783,42.9999695
21886,109.524384,40.375,-0.00800000783,42.9999695
21887,109.529802,40.375,-0.00800000783,42.9999695
21888,109.534697,40.375,-0.00800000783,42.9999695
21889,109.540056,40.375,-0.00800000783,42.9999695
21890,109.544954,40.375,-0.00800000783,42.9999695
21891,109.549884,40.375,-0.00800000783,42.9999695
21892,109.555325,40.375,-0.00800000783,42.9999695
21893,109.560221,40.375,-0.00800000783,42.9999695
21894,109.565338,40.375,-0.00800000783,42.9999695
21895,109.570491,40.375,-0.00809375755,42.6249695
21896,109.575395,40.375,-0.00809375755,42.6249695
21897,109.579719,40.375,-0.00809375755,42.6249695
21898,109.584875,40.375,-0.00809375755,42.6249695
21899,109.589780,40.375,-0.00809375755,42.6249695
21900,109.595136,40.375,-0.00809375755,42.6249695
21901,109.600025,40.375,-0.00809375755,42.6249695
21902,109.604934,40.375,-0.00809375755,42.6249695
21903,109.610377,40.375,-0.00809375755,42.6249695
21904,109.615270,40.375,-0.00809375755,42.6249695
21905,109.620388,40.375,-0.00809375755,42.6249695
21906,109.625537,40.375,-0.00809375755,42.6249695
21907,109.630445,40.375,-0.00809375755,42.6249695
21908,109.635841,40.375,-0.00809375755,42.6249695
21909,109.639924,40.375,-0.00809375755,42.6249695
21910,109.644833,40.375,-0.00809375755,42.6249695
21911,109.650289,40.375,-0.00809375755,42.6249695
21912,109.655181,40.375,-0.00809375755,42.6249695
21913,109.660564,40.375,-0.00809375755,42.6249695
21914,109.665457,40.375,-0.00809375755,42.6249695
21915,109.670365,40.375,-0.00818750821,42.2499695
21916,109.674419,40.375,-0.00818750821,42.2499695
21917,109.679324,40.375,-0.00818750821,42.2499695
21918,109.685790,40.375,-0.00818750821,42.2499695
21919,109.689618,40.375,-0.00818750821,42.2499695
21920,109.695074,40.375,-0.00818750821,42.2499695
21921,109.700475,40.375,-0.00818750821,42.2499695
21922,109.705371,40.375,-0.00818750821,42.2499695
21923,109.710279,40.375,-0.00818750821,42.2499695
21924,109.714330,40.375,-0.00818750821,42.2499695
21925,109.720566,40.375,-0.00818750821,42.2499695
21926,109.724376,40.375,-0.00818750821,42.2499695
21927,109.729530,40.375,-0.00818750821,42.2499695
21928,109.734438,40.375,-0.00818750821,42.2499695
21929,109.739839,40.375,-0.00818750821,42.2499695
21930,109.744747,40.375,-0.00818750821,42.2499695
21931,109.750408,40.375,-0.00818750821,42.2499695
21932,109.755579,40.375,-0.00818750821,42.2499695
21933,109.760487,40.375,-0.00818750821,42.2499695
21934,109.765859,40.375,-0.00818750821,42.2499695
21935,109.769426,40.375,-0.00828125793,41.8749695
21936,109.774322,40.375,-0.00828125793,41.8749695
21937,109.779752,40.375,-0.00828125793,41.8749695
21938,109.784648,40.375,-0.00828125793,41.8749695
21939,109.789783,40.375,-0.00828125793,41.8749695
21940,109.794939,40.375,-0.00828125793,41.8749695
21941,109.799844,40.375,-0.00828125793,41.8749695
21942,109.805522,40.375,-0.00828125793,41.8749695
21943,109.809351,40.375,-0.00828125793,41.8749695
21944,109.815587,40.375,-0.00828125793,41.8749695
21945,109.819366,40.375,-0.00828125793,41.8749695
21946,109.824516,40.375,-0.00828125793,41.8749695
21947,109.829420,40.375,-0.00828125793,41.8749695
21948,109.834796,40.375,-0.00828125793,41.8749695
21949,109.839691,40.375,-0.00828125793,41.8749695
21950,109.844623,40.375,-0.00828125793,41.8749695
21951,109.850046,40.375,-0.00828125793,41.8749695
21952,109.854954,40.375,-0.00828125793,41.8749695
21953,109.860071,40.375,-0.00828125793,41.8749695
21954,109.864408,40.375,-0.00828125793,41.8749695
21955,109.869313,40.375,-0.00837500766,41.4999695
21956,109.874707,40.375,-0.00837500766,41.4999695
21957,109.879600,40.375,-0.00837500766,41.4999695
21958,109.884508,40.375,-0.00837500766,41.4999695
21959,109.889985,40.375,-0.00837500766,41.4999695
21960,109.894893,40.375,-0.00837500766,41.4999695
21961,109.899983,40.375,-0.00837500766,41.4999695
21962,109.905167,40.375,-0.00837500766,41.4999695
21963,109.910056,40.375,-0.00837500766,41.4999695
21964,109.914402,40.375,-0.00837500766,41.4999695
21965,109.919551,40.375,-0.00837500766,41.4999695
21966,109.924459,40.375,-0.00837500766,41.4999695
21967,109.929832,40.375,-0.00837500766,41.4999695
21968,109.934729,40.375,-0.00837500766,41.4999695
21969,109.939634,40.375,-0.00837500766,41.4999695
21970,109.945060,40.375,-0.00837500766,41.4999695
21971,109.949965,40.375,-0.00837500766,41.4999695
21972,109.955336,40.375,-0.00837500766,41.4999695
21973,109.960245,40.375,-0.00837500766,41.4999695
21974,109.965137,40.375,-0.00837500766,41.4999695
21975,109.971072,40.375,-0.00846875831,41.1249695
21976,109.974640,40.375,-0.00846875831,41.1249695
21977,109.979557,40.375,-0.00846875831,41.1249695
21978,109.984971,40.375,-0.00846875831,41.1249695
21979,109.989876,40.375,-0.00846875831,41.1249695
21980,109.994968,40.375,-0.00846875831,41.1249695
21981,110.000156,40.375,-0.00846875831,41.1249695
21982,110.005045,40.375,-0.00846875831,41.1249695
21983,110.010414,40.375,-0.00846875831,41.1249695
21984,110.015319,40.375,-0.00846875831,41.1249695
21985,110.020215,40.375,-0.00846875831,41.1249695
21986,110.026203,40.375,-0.00846875831,41.1249695
21987,110.029765,40.375,-0.00846875831,41.1249695
21988,110.034904,40.375,-0.00846875831,41.1249695
21989,110.040060,40.375,-0.00846875831,41.1249695
21990,110.044968,40.375,-0.00846875831,41.1249695
21991,110.050413,40.375,-0.00846875831,41.1249695
21992,110.055305,40.375,-0.00846875831,41.1249695
21993,110.060436,40.375,-0.00846875831,41.1249695
21994,110.065583,40.375,-0.00846875831,41.1249695
21995,110.070491,40.375,-0.00856250804,40.7499695
21996,110.075863,40.375,-0.00856250804,40.7499695
21997,110.080180,40.375,-0.00856250804,40.7499695
21998,110.085069,40.375,-0.00856250804,40.7499695
21999,110.090189,40.375,-0.00856250804,40.7499695
22000,110.095381,40.375,-0.00856250804,40.7499695
22001,110.100277,40.375,-0.00856250804,40.7499695
22002,110.105399,40.375,-0.00856250804,40.7499695
22003,110.110552,40.375,-0.00856250804,40.7499695
22004,110.115457,40.375,-0.00856250804,40.7499695
22005,110.119477,39.625,-0.00856250804,40.7499695
22006,110.124373,39.625,-0.00856250804,40.7499695
22007,110.130840,39.625,-0.00856250804,40.7499695
22008,110.135176,39.625,-0.00856250804,40.7499695
22009,110.140065,39.625,-0.00856250804,40.7499695
22010,110.145210,39.625,-0.00856250804,40.7499695
22011,110.150362,39.625,-0.00856250804,40.7499695
22012,110.155268,39.625,-0.00856250804,40.7499695
22013,110.160639,39.625,-0.00856250804,40.7499695
22014,110.165532,39.625,-0.00856250804,40.7499695
22015,110.170440,39.625,0.0290312432,41.1249695
22016,110.174463,39.625,0.0290312432,41.1249695
22017,110.179358,39.625,0.0290312432,41.1249695
22018,110.185865,39.625,0.0290312432,41.1249695
22019,110.190204,39.625,0.0290312432,41.1249695
22020,110.195093,39.625,0.0290312432,41.1249695
22021,110.200500,39.625,0.0290312432,41.1249695
22022,110.205392,39.625,0.0290312432,41.1249695
22023,110.215355,39.625,0.0290312432,41.1249695
22024,110.217674,39.625,0.0290312432,41.1249695
22025,110.221548,39.625,0.0290312432,41.1249695
22026,110.226442,39.625,0.0290312432,41.1249695
22027,110.231350,39.625,0.0290312432,41.1249695
22028,110.235399,39.625,0.0290312432,41.1249695
22029,110.240815,39.625,0.0290312432,41.1249695
22030,110.245919,39.625,0.0290312432,41.1249695
22031,110.251103,39.625,0.0290312432,41.1249695
22032,110.256008,39.625,0.0290312432,41.1249695
22033,110.261387,39.625,0.0290312432,41.1249695
22034,110.266293,39.625,0.0290312432,41.1249695
22035,110.271212,39.625,0.0291249938,41.4999695
22036,110.276624,39.625,0.0291249938,41.4999695
22037,110.281520,39.625,0.0291249938,41.4999695
22038,110.286449,39.625,0.0291249938,41.4999695
22039,110.290467,39.625,0.0291249938,41.4999695
22040,110.295910,39.625,0.0291249938,41.4999695
22041,110.301019,39.625,0.0291249938,41.4999695
22042,110.306203,39.625,0.0291249938,41.4999695
22043,110.311095,39.625,0.0291249938,41.4999695
22044,110.316480,39.625,0.0291249938,41.4999695
22045,110.321378,39.625,0.0291249938,41.4999695
22046,110.326503,39.625,0.0291249938,41.4999695
22047,110.330397,39.625,0.0291249938,41.4999695
22048,110.335290,39.625,0.0291249938,41.4999695
22049,110.340411,39.625,0.0291249938,41.4999695
22050,110.346129,39.625,0.0291249938,41.4999695
22051,110.351021,39.625,0.0291249938,41.4999695
22052,110.356435,39.625,0.0291249938,41.4999695
22053,110.361330,39.625,0.0291249938,41.4999695
22054,110.366445,39.625,0.0291249938,41.4999695
22055,110.370284,39.625,0.0292187445,41.8749695
22056,110.376516,39.625,0.0292187445,41.8749695
22057,110.381889,39.625,0.0292187445,41.8749695
22058,110.385457,39.625,0.0292187445,41.8749695
22059,110.390353,39.625,0.0292187445,41.8749695
22060,110.395782,39.625,0.0292187445,41.8749695
22061,110.400678,39.625,0.0292187445,41.8749695
22062,110.406370,39.625,0.0292187445,41.8749695
22063,110.411522,39.625,0.0292187445,41.8749695
22064,110.416426,39.625,0.0292187445,41.8749695
22065,110.421800,39.625,0.0292187445,41.8749695
22066,110.425368,39.625,0.0292187445,41.8749695
22067,110.431628,39.625,0.0292187445,41.8749695
22068,110.435698,39.625,0.0292187445,41.8749695
22069,110.440594,39.625,0.0292187445,41.8749695
22070,110.445523,39.625,0.0292187445,41.8749695
22071,110.450943,39.625,0.0292187445,41.8749695
22072,110.456479,39.625,0.0292187445,41.8749695
22073,110.461613,39.625,0.0292187445,41.8749695
22074,110.465441,39.625,0.0292187445,41.8749695
22075,110.470337,39.625,0.0293124933,42.2499695
22076,110.475723,39.625,0.0293124933,42.2499695
22077,110.480620,39.625,0.0293124933,42.2499695
22078,110.485525,39.625,0.0293124933,42.2499695
22079,110.490979,39.625,0.0293124933,42.2499695
22080,110.495885,39.625,0.0293124933,42.2499695
22081,110.501024,39.625,0.0293124933,42.2499695
22082,110.506679,39.625,0.0293124933,42.2499695
22083,110.511577,39.625,0.0293124933,42.2499695
22084,110.515609,39.625,0.0293124933,42.2499695
22085,110.520506,39.625,0.0293124933,42.2499695
22086,110.525410,39.625,0.0293124933,42.2499695
22087,110.530819,39.625,0.0293124933,42.2499695
22088,110.535724,39.625,0.0293124933,42.2499695
22089,110.540859,39.625,0.0293124933,42.2499695
22090,110.546015,39.625,0.0293124933,42.2499695
22091,110.550924,39.625,0.0293124933,42.2499695
22092,110.556302,39.625,0.0293124933,42.2499695
22093,110.560397,39.625,0.0293124933,42.2499695
22094,110.565289,39.625,0.0293124933,42.2499695
22095,110.570717,39.625,0.0294062439,42.6249695
22096,110.575610,39.625,0.0294062439,42.6249695
22097,110.580745,39.625,0.0294062439,42.6249695
22098,110.585951,39.625,0.0294062439,42.6249695
22099,110.590859,39.625,0.0294062439,42.6249695
22100,110.596238,39.625,0.0294062439,42.6249695
22101,110.601146,39.625,0.0294062439,42.6249695
22102,110.606059,39.625,0.0294062439,42.6249695
22103,110.611974,39.625,0.0294062439,42.6249695
22104,110.615539,39.625,0.0294062439,42.6249695
22105,110.620459,39.625,0.0294062439,42.6249695
22106,110.625848,39.625,0.0294062439,42.6249695
22107,110.630755,39.625,0.0294062439,42.6249695
22108,110.635870,39.625,0.0294062439,42.6249695
22109,110.641030,39.625,0.0294062439,42.6249695
22110,110.645935,39.625,0.0294062439,42.6249695
22111,110.651313,39.625,0.0294062439,42.6249695
22112,110.656219,39.625,0.0294062439,42.6249695
22113,110.661113,39.625,0.0294062439,42.6249695
22114,110.665453,39.625,0.0294062439,42.6249695
22115,110.670627,39.625,0.0294999927,42.9999695
22116,110.675519,39.625,0.0294999927,42.9999695
22117,110.680635,39.625,0.0294999927,42.9999695
22118,110.685791,39.625,0.0294999927,42.9999695
22119,110.690699,39.625,0.0294999927,42.9999695
22120,110.696141,39.625,0.0294999927,42.9999695
22121,110.701033,39.625,0.0294999927,42.9999695
22122,110.706165,39.625,0.0294999927,42.9999695
22123,110.711317,39.625,0.0294999927,42.9999695
22124,110.715433,39.625,0.0294999927,42.9999695
22125,110.720546,39.625,0.0294999927,42.9999695
22126,110.725702,39.625,0.0294999927,42.9999695
22127,110.730610,39.625,0.0294999927,42.9999695
22128,110.735983,39.625,0.0294999927,42.9999695
22129,110.740882,39.625,0.0294999927,42.9999695
22130,110.745996,39.625,0.0294999927,42.9999695
22131,110.751179,39.625,0.0294999927,42.9999695
22132,110.756068,39.625,0.0294999927,42.9999695
22133,110.761456,39.625,0.0294999927,42.9999695
22134,110.766351,39.625,0.0294999927,42.9999695
22135,110.771285,39.625,0.0295937434,43.3749695
22136,110.777204,39.625,0.0295937434,43.3749695
22137,110.780769,39.625,0.0295937434,43.3749695
22138,110.785905,39.625,0.0295937434,43.3749695
22139,110.791064,39.625,0.0295937434,43.3749695
22140,110.795970,39.625,0.0295937434,43.3749695
22141,110.801348,39.625,0.0295937434,43.3749695
22142,110.806253,39.625,0.0295937434,43.3749695
22143,110.811149,39.625,0.0295937434,43.3749695
22144,110.816586,39.625,0.0295937434,43.3749695
22145,110.821482,39.625,0.0295937434,43.3749695
22146,110.826917,39.625,0.0295937434,43.3749695
22147,110.830954,39.625,0.0295937434,43.3749695
22148,110.835849,39.625,0.0295937434,43.3749695
22149,110.840757,39.625,0.0295937434,43.3749695
22150,110.846213,39.625,0.0295937434,43.3749695
22151,110.851104,39.625,0.0295937434,43.3749695
22152,110.856225,39.625,0.0295937434,43.3749695
22153,110.861377,39.625,0.0295937434,43.3749695
22154,110.866283,39.625,0.0295937434,43.3749695
22155,110.871655,39.625,0.029687494,43.7499695
22156,110.876548,39.625,0.029687494,43.7499695
22157,110.881456,39.625,0.029687494,43.7499695
22158,110.885503,39.625,0.029687494,43.7499695
22159,110.890972,39.625,0.029687494,43.7499695
22160,110.896105,39.625,0.029687494,43.7499695
22161,110.901263,39.625,0.029687494,43.7499695
22162,110.906169,39.625,0.029687494,43.7499695
22163,110.911540,39.625,0.029687494,43.7499695
22164,110.916433,39.625,0.029687494,43.7499695
22165,110.921342,39.625,0.029687494,43.7499695
22166,110.925371,39.625,0.029687494,43.7499695
22167,110.931606,39.625,0.029687494,43.7499695
22168,110.935367,39.625,0.029687494,43.7499695
22169,110.940549,39.625,0.029687494,43.7499695
22170,110.946018,39.625,0.029687494,43.7499695
22171,110.951475,39.625,0.029687494,43.7499695
22172,110.956367,39.625,0.029687494,43.7499695
22173,110.961563,39.625,0.029687494,43.7499695
22174,110.965392,39.625,0.029687494,43.7499695
22175,110.970287,39.625,0.0297812447,44.1249695
22176,110.975405,39.625,0.0297812447,44.1249695
22177,110.980560,39.625,0.0297812447,44.1249695
22178,110.985465,39.625,0.0297812447,44.1249695
22179,110.990837,39.625,0.0297812447,44.1249695
22180,110.995732,39.625,0.0297812447,44.1249695
22181,111.000640,39.625,0.0297812447,44.1249695
22182,111.006604,39.625,0.0297812447,44.1249695
22183,111.011503,39.625,0.0297812447,44.1249695
22184,111.016885,39.625,0.0297812447,44.1249695
22185,111.020457,39.625,0.0297812447,44.1249695
22186,111.025349,39.625,0.0297812447,44.1249695
22187,111.030734,39.625,0.0297812447,44.1249695
22188,111.035627,39.625,0.0297812447,44.1249695
22189,111.040535,39.625,0.0297812447,44.1249695
22190,111.046023,39.625,0.0297812447,44.1249695
22191,111.050931,39.625,0.0297812447,44.1249695
22192,111.056328,39.625,0.0297812447,44.1249695
22193,111.060422,39.625,0.0297812447,44.1249695
22194,111.065314,39.625,0.0297812447,44.1249695
22195,111.070743,39.625,0.0298749935,44.4999695
22196,111.075636,39.625,0.0298749935,44.4999695
22197,111.081018,39.625,0.0298749935,44.4999695
22198,111.085913,39.625,0.0298749935,44.4999695
22199,111.090822,39.625,0.0298749935,44.4999695
22200,111.096495,39.625,0.0298749935,44.4999695
22201,111.101393,39.625,0.0298749935,44.4999695
22202,111.106516,39.625,0.0298749935,44.4999695
22203,111.110848,39.625,0.0298749935,44.4999695
22204,111.115742,39.625,0.0298749935,44.4999695
22205,111.121136,39.625,0.0298749935,44.4999695
22206,111.126024,39.625,0.0298749935,44.4999695
22207,111.130933,39.625,0.0298749935,44.4999695
22208,111.136374,39.625,0.0298749935,44.4999695
22209,111.141269,39.625,0.0298749935,44.4999695
22210,111.146652,39.625,0.0298749935,44.4999695
22211,111.151548,39.625,0.0298749935,44.4999695
22212,111.156478,39.625,0.0298749935,44.4999695
22213,111.160476,39.625,0.0298749935,44.4999695
22214,111.165371,39.625,0.0298749935,44.4999695
22215,111.170861,39.625,0.0299687423,44.8749695
22216,111.176285,39.625,0.0299687423,44.8749695
22217,111.181180,39.625,0.0299687423,44.8749695
22218,111.186297,39.625,0.0299687423,44.8749695
22219,111.191499,39.625,0.0299687423,44.8749695
22220,111.196403,39.625,0.0299687423,44.8749695
22221,111.200457,39.625,0.0299687423,44.8749695
22222,111.205353,39.625,0.0299687423,44.8749695
22223,111.215318,39.625,0.0299687423,44.8749695
22224,111.217625,39.625,0.0299687423,44.8749695
22225,111.221499,39.625,0.0299687423,44.8749695
22226,111.225618,39.625,0.0299687423,44.8749695
22227,111.230514,39.625,0.0299687423,44.8749695
22228,111.235947,39.625,0.0299687423,44.8749695
22229,111.240856,39.625,0.0299687423,44.8749695
22230,111.245970,39.625,0.0299687423,44.8749695
22231,111.251145,39.625,0.0299687423,44.8749695
22232,111.256034,39.625,0.0299687423,44.8749695
22233,111.261434,39.625,0.0299687423,44.8749695
22234,111.266330,39.625,0.0299687423,44.8749695
22235,111.271238,39.625,0.0300624929,45.2499695
22236,111.276650,39.625,0.0300624929,45.2499695
22237,111.281546,39.625,0.0300624929,45.2499695
22238,111.285672,39.625,0.0300624929,45.2499695
22239,111.291141,39.625,0.0300624929,45.2499695
22240,111.296029,39.625,0.0300624929,45.2499695
22241,111.301467,39.625,0.0300624929,45.2499695
22242,111.306362,39.625,0.0300624929,45.2499695
22243,111.311271,39.625,0.0300624929,45.2499695
22244,111.316686,39.625,0.0300624929,45.2499695
22245,111.321581,39.625,0.0300624929,45.2499695
22246,111.326658,39.625,0.0300624929,45.2499695
22247,111.330729,39.625,0.0300624929,45.2499695
22248,111.335622,39.625,0.0300624929,45.2499695
22249,111.340530,39.625,0.0300624929,45.2499695
22250,111.346493,39.625,0.0300624929,45.2499695
22251,111.351391,39.625,0.0300624929,45.2499695
22252,111.356493,39.625,0.0300624929,45.2499695
22253,111.360351,39.625,0.0300624929,45.2499695
22254,111.366583,39.625,0.0300624929,45.2499695
22255,111.370361,39.625,0.0301562436,45.6249695
22256,111.375512,39.625,0.0301562436,45.6249695
22257,111.380419,39.625,0.0301562436,45.6249695
22258,111.385793,39.625,0.0301562436,45.6249695
22259,111.390691,39.625,0.0301562436,45.6249695
22260,111.396397,39.25,0.0301562436,45.6249695
22261,111.401564,39.25,0.0301562436,45.6249695
22262,111.406469,39.25,0.0301562436,45.6249695
22263,111.411841,39.25,0.0301562436,45.6249695
22264,111.415408,39.25,0.0301562436,45.6249695
22265,111.420304,39.25,0.0301562436,45.6249695
22266,111.425735,39.25,0.0301562436,45.6249695
22267,111.430630,39.25,0.0301562436,45.6249695
22268,111.435755,39.25,0.0301562436,45.6249695
22269,111.440925,39.25,0.0301562436,45.6249695
22270,111.445830,39.25,0.0301562436,45.6249695
22271,111.451780,39.25,0.0301562436,45.6249695
22272,111.455348,39.25,0.0301562436,45.6249695
22273,111.460469,39.25,0.0301562436,45.6249695
22274,111.465619,39.25,0.0301562436,45.6249695
22275,111.470526,39.25,0.0490937456,46.3749695
22276,111.475899,39.25,0.0490937456,46.3749695
22277,111.480798,39.25,0.0490937456,46.3749695
22278,111.485703,39.25,0.0490937456,46.3749695
22279,111.491146,39.25,0.0490937456,46.3749695
22280,111.496035,39.25,0.0490937456,46.3749695
22281,111.501403,39.25,0.0490937456,46.3749695
22282,111.506804,39.25,0.0490937456,46.3749695
22283,111.510373,39.25,0.0490937456,46.3749695
22284,111.515791,39.25,0.0490937456,46.3749695
22285,111.520686,39.25,0.0490937456,46.3749695
22286,111.525797,39.25,0.0490937456,46.3749695
22287,111.530984,39.25,0.0490937456,46.3749695
22288,111.535889,39.25,0.0490937456,46.3749695
22289,111.541331,39.25,0.0490937456,46.3749695
22290,111.546223,39.25,0.0490937456,46.3749695
22291,111.551348,39.25,0.0490937456,46.3749695
22292,111.556525,39.25,0.0490937456,46.3749695
22293,111.560623,39.25,0.0490937456,46.3749695
22294,111.565733,39.25,0.0490937456,46.3749695
22295,111.570920,39.25,0.0492812432,47.1249695
22296,111.575825,39.25,0.0492812432,47.1249695
22297,111.581225,39.25,0.0492812432,47.1249695
22298,111.586130,39.25,0.0492812432,47.1249695
22299,111.591022,39.25,0.0492812432,47.1249695
22300,111.596463,39.25,0.0492812432,47.1249695
22301,111.601359,39.25,0.0492812432,47.1249695
22302,111.606472,39.25,0.0492812432,47.1249695
22303,111.610798,39.25,0.0492812432,47.1249695
22304,111.615693,39.25,0.0492812432,47.1249695
22305,111.621079,39.25,0.0492812432,47.1249695
22306,111.625975,39.25,0.0492812432,47.1249695
22307,111.630883,39.25,0.0492812432,47.1249695
22308,111.636349,39.25,0.0492812432,47.1249695
22309,111.641244,39.25,0.0492812432,47.1249695
22310,111.646358,39.25,0.0492812432,47.1249695
22311,111.651514,39.25,0.0492812432,47.1249695
22312,111.656418,39.25,0.0492812432,47.1249695
22313,111.660446,39.25,0.0492812432,47.1249695
22314,111.665891,39.25,0.0492812432,47.1249695
22315,111.670799,39.25,0.0494687445,47.8749695
22316,111.676260,39.25,0.0494687445,47.8749695
22317,111.681155,39.25,0.0494687445,47.8749695
22318,111.686539,39.25,0.0494687445,47.8749695
22319,111.691437,39.25,0.0494687445,47.8749695
22320,111.696367,39.25,0.0494687445,47.8749695
22321,111.700422,39.25,0.0494687445,47.8749695
22322,111.705327,39.25,0.0494687445,47.8749695
22323,111.711786,39.25,0.0494687445,47.8749695
22324,111.716149,39.25,0.0494687445,47.8749695
22325,111.721042,39.25,0.0494687445,47.8749695
22326,111.726428,39.25,0.0494687445,47.8749695
22327,111.731337,39.25,0.0494687445,47.8749695
22328,111.736230,39.25,0.0494687445,47.8749695
22329,111.741672,39.25,0.0494687445,47.8749695
22330,111.746565,39.25,0.0494687445,47.8749695
22331,111.751700,39.25,0.0494687445,47.8749695
22332,111.755529,39.25,0.0494687445,47.8749695
22333,111.760424,39.25,0.0494687445,47.8749695
22334,111.765537,39.25,0.0494687445,47.8749695
22335,111.771263,39.25,0.0496562421,48.6249695
22336,111.776155,39.25,0.0496562421,48.6249695
22337,111.781597,39.25,0.0496562421,48.6249695
22338,111.786490,39.25,0.0496562421,48.6249695
22339,111.791586,39.25,0.0496562421,48.6249695
22340,111.795439,39.25,0.0496562421,48.6249695
22341,111.800335,39.25,0.0496562421,48.6249695
22342,111.805454,39.25,0.0496562421,48.6249695
22343,111.810608,39.25,0.0496562421,48.6249695
22344,111.815513,39.25,0.0496562421,48.6249695
22345,111.820934,39.25,0.0496562421,48.6249695
22346,111.826349,39.25,0.0496562421,48.6249695
22347,111.831273,39.25,0.0496562421,48.6249695
22348,111.836679,39.25,0.0496562421,48.6249695
22349,111.841575,39.25,0.0496562421,48.6249695
22350,111.846710,39.25,0.0496562421,48.6249695
22351,111.850542,39.25,0.0496562421,48.6249695
22352,111.855434,39.25,0.0496562421,48.6249695
22353,111.860367,39.25,0.0496562421,48.6249695
22354,111.865781,39.25,0.0496562421,48.6249695
22355,111.870676,39.25,0.0498437434,49.3749695
22356,111.876118,39.25,0.0498437434,49.3749695
22357,111.881523,39.25,0.0498437434,49.3749695
22358,111.886415,39.25,0.0498437434,49.3749695
22359,111.891550,39.25,0.0498437434,49.3749695
22360,111.895379,39.25,0.0498437434,49.3749695
22361,111.900275,39.25,0.0498437434,49.3749695
22362,111.905661,39.25,0.0498437434,49.3749695
22363,111.910557,39.25,0.0498437434,49.3749695
22364,111.915701,39.25,0.0498437434,49.3749695
22365,111.920857,39.25,0.0498437434,49.3749695
22366,111.925761,39.25,0.0498437434,49.3749695
22367,111.931709,39.25,0.0498437434,49.3749695
22368,111.936602,39.25,0.0498437434,49.3749695
22369,111.941511,39.25,0.0498437434,49.3749695
22370,111.945557,39.25,0.0498437434,49.3749695
22371,111.950457,39.25,0.0498437434,49.3749695
22372,111.955386,39.25,0.0498437434,49.3749695
22373,111.960795,39.25,0.0498437434,49.3749695
22374,111.965687,39.25,0.0498437434,49.3749695
22375,111.970834,39.25,0.0500312448,50.1249695
22376,111.976003,39.25,0.0500312448,50.1249695
22377,111.981477,39.25,0.0500312448,50.1249695
22378,111.985508,39.25,0.0500312448,50.1249695
22379,111.990406,39.25,0.0500312448,50.1249695
22380,111.995311,39.25,0.0500312448,50.1249695
22381,112.000780,39.25,0.0500312448,50.1249695
22382,112.005673,39.25,0.0500312448,50.1249695
22383,112.010605,39.25,0.0500312448,50.1249695
22384,112.016021,39.25,0.0500312448,50.1249695
22385,112.020930,39.25,0.0500312448,50.1249695
22386,112.026046,39.25,0.0500312448,50.1249695
22387,112.031255,39.25,0.0500312448,50.1249695
22388,112.036161,39.25,0.0500312448,50.1249695
22389,112.041557,39.25,0.0500312448,50.1249695
22390,112.045657,39.25,0.0500312448,50.1249695
22391,112.050553,39.25,0.0500312448,50.1249695
22392,112.055982,39.25,0.0500312448,50.1249695
22393,112.060891,39.25,0.0500312448,50.1249695
22394,112.065983,39.25,0.0500312448,50.1249695
22395,112.071172,39.25,0.0502187461,50.8749695
22396,112.076061,39.25,0.0502187461,50.8749695
22397,112.081469,39.25,0.0502187461,50.8749695
22398,112.086365,39.25,0.0502187461,50.8749695
22399,112.091274,39.25,0.0502187461,50.8749695
22400,112.095634,39.25,0.0502187461,50.8749695
22401,112.100845,39.25,0.0502187461,50.8749695
22402,112.105750,39.25,0.0502187461,50.8749695
22403,112.110873,39.25,0.0502187461,50.8749695
22404,112.116264,39.25,0.0502187461,50.8749695
22405,112.121160,39.25,0.0502187461,50.8749695
22406,112.126269,39.25,0.0502187461,50.8749695
22407,112.131446,39.25,0.0502187461,50.8749695
22408,112.136351,39.25,0.0502187461,50.8749695
22409,112.141454,39.25,0.0502187461,50.8749695
22410,112.145780,39.25,0.0502187461,50.8749695
22411,112.150679,39.25,0.0502187461,50.8749695
22412,112.156061,39.25,0.0502187461,50.8749695
22413,112.160960,39.25,0.0502187461,50.8749695
22414,112.165865,39.25,0.0502187461,50.8749695
22415,112.171309,39.25,0.0504062437,51.6249695
22416,112.176201,39.25,0.0504062437,51.6249695
22417,112.181584,39.25,0.0504062437,51.6249695
22418,112.186477,39.25,0.0504062437,51.6249695
22419,112.191385,39.25,0.0504062437,51.6249695
22420,112.195439,39.25,0.0504062437,51.6249695
22421,112.200876,39.25,0.0504062437,51.6249695
22422,112.206009,39.25,0.0504062437,51.6249695
22423,112.215944,39.25,0.0504062437,51.6249695
22424,112.218183,39.25,0.0504062437,51.6249695
22425,112.222076,39.25,0.0504062437,51.6249695
22426,112.227257,39.25,0.0504062437,51.6249695
22427,112.232165,39.25,0.0504062437,51.6249695
22428,112.237534,39.25,0.0504062437,51.6249695
22429,112.241090,39.25,0.0504062437,51.6249695
22430,112.245995,39.25,0.0504062437,51.6249695
22431,112.251950,39.25,0.0504062437,51.6249695
22432,112.256846,39.25,0.0504062437,51.6249695
22433,112.262238,39.25,0.0504062437,51.6249695
22434,112.267143,39.25,0.0504062437,51.6249695
22435,112.272060,39.25,0.050593745,52.3749695
22436,112.276080,39.25,0.050593745,52.3749695
22437,112.280979,39.25,0.050593745,52.3749695
22438,112.287438,39.25,0.050593745,52.3749695
22439,112.291264,39.25,0.050593745,52.3749695
22440,112.296157,39.25,0.050593745,52.3749695
22441,112.301276,39.25,0.050593745,52.3749695
22442,112.306426,39.25,0.050593745,52.3749695
22443,112.311883,39.25,0.050593745,52.3749695
22444,112.317327,39.25,0.050593745,52.3749695
22445,112.322222,39.25,0.050593745,52.3749695
22446,112.327348,39.25,0.050593745,52.3749695
22447,112.331200,39.25,0.050593745,52.3749695
22448,112.336088,39.25,0.050593745,52.3749695
22449,112.341188,39.25,0.050593745,52.3749695
22450,112.346362,39.25,0.050593745,52.3749695
22451,112.351271,39.25,0.050593745,52.3749695
22452,112.356642,39.25,0.050593745,52.3749695
22453,112.362050,39.25,0.050593745,52.3749695
22454,112.367183,39.25,0.050593745,52.3749695
22455,112.370994,39.25,0.0507812425,53.1249695
22456,112.377244,39.25,0.0507812425,53.1249695
22457,112.381271,39.25,0.0507812425,53.1249695
22458,112.386177,39.25,0.0507812425,53.1249695
22459,112.391068,39.25,0.0507812425,53.1249695
22460,112.396509,39.25,0.0507812425,53.1249695
22461,112.401405,39.25,0.0507812425,53.1249695
22462,112.406539,39.25,0.0507812425,53.1249695
22463,112.411699,39.25,0.0507812425,53.1249695
22464,112.417174,39.25,0.0507812425,53.1249695
22465,112.421232,39.25,0.0507812425,53.1249695
22466,112.426137,39.25,0.0507812425,53.1249695
22467,112.431029,39.25,0.0507812425,53.1249695
22468,112.436470,39.25,0.0507812425,53.1249695
22469,112.441366,39.25,0.0507812425,53.1249695
22470,112.446479,39.25,0.0507812425,53.1249695
22471,112.451635,39.25,0.0507812425,53.1249695
22472,112.456540,39.25,0.0507812425,53.1249695
22473,112.461912,39.25,0.0507812425,53.1249695
22474,112.466019,39.25,0.0507812425,53.1249695
22475,112.472499,39.25,0.0509687439,53.8749695
22476,112.476328,39.25,0.0509687439,53.8749695
22477,112.481223,39.25,0.0509687439,53.8749695
22478,112.486340,39.25,0.0509687439,53.8749695
22479,112.491495,39.25,0.0509687439,53.8749695
22480,112.496399,39.25,0.0509687439,53.8749695
22481,112.501772,39.25,0.0509687439,53.8749695
22482,112.506668,39.25,0.0509687439,53.8749695
22483,112.511576,39.25,0.0509687439,53.8749695
22484,112.517515,39.25,0.0509687439,53.8749695
22485,112.521070,39.25,0.0509687439,53.8749695
22486,112.526200,39.25,0.0509687439,53.8749695
22487,112.531356,39.25,0.0509687439,53.8749695
22488,112.536262,39.25,0.0509687439,53.8749695
22489,112.541633,39.25,0.0509687439,53.8749695
22490,112.546526,39.25,0.0509687439,53.8749695
22491,112.551434,39.25,0.0509687439,53.8749695
22492,112.556837,39.25,0.0509687439,53.8749695
22493,112.561745,39.25,0.0509687439,53.8749695
22494,112.566873,39.25,0.0509687439,53.8749695
22495,112.571220,39.25,0.0511562452,54.6249695
22496,112.576125,39.25,0.0511562452,54.6249695
22497,112.581253,39.25,0.0511562452,54.6249695
22498,112.586403,39.25,0.0511562452,54.6249695
22499,112.591312,39.25,0.0511562452,54.6249695
22500,112.596683,39.25,0.0511562452,54.6249695
22501,112.601579,39.25,0.0511562452,54.6249695
22502,112.606676,39.25,0.0511562452,54.6249695
22503,112.611853,39.25,0.0511562452,54.6249695
22504,112.616758,39.25,0.0511562452,54.6249695
22505,112.622162,39.25,0.0511562452,54.6249695
22506,112.626255,39.25,0.0511562452,54.6249695
22507,112.631150,39.25,0.0511562452,54.6249695
22508,112.636575,39.25,0.0511562452,54.6249695
22509,112.641470,39.25,0.0511562452,54.6249695
22510,112.646605,39.25,0.0511562452,54.6249695
22511,112.651814,39.25,0.0511562452,54.6249695
22512,112.656719,39.25,0.0511562452,54.6249695
22513,112.662159,39.25,0.0511562452,54.6249695
22514,112.667047,39.25,0.0511562452,54.6249695
22515,112.672182,39.875,0.0199374929,54.7499695
22516,112.676508,39.875,0.0199374929,54.7499695
22517,112.681406,39.875,0.0199374929,54.7499695
22518,112.686789,39.875,0.0199374929,54.7499695
22519,112.691685,39.875,0.0199374929,54.7499695
22520,112.696590,39.875,0.0199374929,54.7499695
22521,112.702014,39.875,0.0199374929,54.7499695
22522,112.706920,39.875,0.0199374929,54.7499695
22523,112.712052,39.875,0.0199374929,54.7499695
22524,112.717221,39.875,0.0199374929,54.7499695
22525,112.722129,39.875,0.0199374929,54.7499695
22526,112.727526,39.875,0.0199374929,54.7499695
22527,112.731628,39.875,0.0199374929,54.7499695
22528,112.736520,39.875,0.0199374929,54.7499695
22529,112.741950,39.875,0.0199374929,54.7499695
22530,112.746856,39.875,0.0199374929,54.7499695
