Index,Time,imu_state.data.temperature_c,ins.imu.heater_pid.output,ins.imu.heater_pid.integral
0,0.000000,0,0,0
1,0.006286,0,0,0
2,0.010939,0,0,0
3,0.016311,0,0,0
4,0.024571,0,0,0
5,0.031393,0,0,0
6,0.033683,0,0,0
7,0.037248,0,0,0
8,0.042140,0,0,0
9,0.047595,0,0,0
10,0.052566,0,0,0
11,0.056709,0,0,0
12,0.061835,0,0,0
13,0.067008,0,0,0
14,0.071901,0,0,0
15,0.076809,0,0,0
16,0.082249,0,0,0
17,0.087145,0,0,0
18,0.092503,0,0,0
19,0.097402,0,0,0
20,0.102306,0,0,0
21,0.106376,0,0,0
22,0.112613,0,0,0
23,0.117757,0,0,0
24,0.122107,0,0,0
25,0.127007,0,0,0
26,0.132388,0,0,0
27,0.137286,0,0,0
28,0.142216,0,0,0
29,0.147641,0,0,0
30,0.152546,0,0,0
31,0.157671,0,0,0
32,0.161476,0,0,0
33,0.166381,0,0,0
34,0.172052,0,0,0
35,0.177236,0,0,0
36,0.182140,0,0,0
37,0.187218,0,0,0
38,0.192396,0,0,0
39,0.197303,0,0,0
40,0.202657,0,0,0
41,0.207550,0,0,0
42,0.212456,0,0,0
43,0.216499,0,0,0
44,0.221966,0,0,0
45,0.227101,0,0,0
46,0.232256,0,0,0
47,0.237164,0,0,0
48,0.242537,0,0,0
49,0.247435,0,0,0
50,0.252341,0,0,0
51,0.256385,0,0,0
52,0.262622,0,0,0
53,0.267726,0,0,0
54,0.271574,0,0,0
55,0.277042,0,0,0
56,0.282151,0,0,0
57,0.287334,0,0,0
58,0.292239,0,0,0
59,0.297339,0,0,0
60,0.302519,0,0,0
61,0.307427,0,0,0
62,0.312806,0,0,0
63,0.316368,0,0,0
64,0.322604,0,0,0
65,0.326678,0,0,0
66,0.332116,0,0,0
67,0.337250,0,0,0
68,0.342404,0,0,0
69,0.347312,0,0,0
70,0.352666,0,0,0
71,0.357559,0,0,0
72,0.362464,0,0,0
73,0.366533,0,0,0
74,0.371432,0,0,0
75,0.376845,0,0,0
76,0.382267,0,0,0
77,0.387163,0,0,0
78,0.392298,0,0,0
79,0.397457,0,0,0
80,0.402363,0,0,0
81,0.407741,0,0,0
82,0.412630,0,0,0
83,0.417538,0,0,0
84,0.421582,0,0,0
85,0.426478,0,0,0
86,0.431956,0,0,0
87,0.437380,0,0,0
88,0.442285,0,0,0
89,0.447422,0,0,0
90,0.452578,0,0,0
91,0.457487,0,0,0
92,0.462612,0,0,0
93,0.466473,0,0,0
94,0.471382,0,0,0
95,0.476498,0,0,0
96,0.482224,0,0,0
97,0.487120,0,0,0
98,0.492510,0,0,0
99,0.497409,0,0,0
100,0.502314,0,0,0
101,0.507758,0,0,0
102,0.512646,0,0,0
103,0.517748,0,0,0
104,0.521597,0,0,0
105,0.526503,0,0,0
106,0.531598,0,0,0
107,0.537351,0,0,0
108,0.542243,0,0,0
109,0.547682,0,0,0
110,0.552571,0,0,0
111,0.557702,0,0,0
112,0.561557,0,0,0
113,0.566463,0,0,0
114,0.571838,0,0,0
115,0.576747,0,0,0
116,0.581666,0,0,0
117,0.587573,0,0,0
118,0.592466,0,0,0
119,0.597581,0,0,0
120,0.601393,0,0,0
121,0.607629,0,0,0
122,0.611419,0,0,0
123,0.616575,0,0,0
124,0.621483,0,0,0
125,0.626840,0,0,0
126,0.631746,0,0,0
127,0.637418,0,0,0
128,0.642573,0,0,0
129,0.647481,0,0,0
130,0.652835,0,0,0
131,0.656397,0,0,0
132,0.662664,0,0,0
133,0.666686,0,0,0
134,0.671575,0,0,0
135,0.676480,0,0,0
136,0.681935,0,0,0
137,0.687337,0,0,0
138,0.692695,0,0,0
139,0.697588,0,0,0
140,0.702517,0,0,0
141,0.706562,0,0,0
142,0.711671,0,0,0
143,0.716560,0,0,0
144,0.722021,0,0,0
145,0.726916,0,0,0
146,0.732026,0,0,0
147,0.737186,0,0,0
148,0.742630,0,0,0
149,0.746672,0,0,0
150,0.751561,0,0,0
151,0.756466,0,0,0
152,0.761931,0,0,0
153,0.766826,0,0,0
154,0.771944,0,0,0
155,0.777096,0,0,0
156,0.782001,0,0,0
157,0.787405,0,0,0
158,0.791534,0,0,0
159,0.796635,0,0,0
160,0.801818,0,0,0
161,0.806727,0,0,0
162,0.812096,0,0,0
163,0.816995,0,0,0
164,0.821924,0,0,0
165,0.827380,0,0,0
166,0.832285,0,0,0
167,0.837400,0,0,0
168,0.841757,0,0,0
169,0.846646,0,0,0
170,0.852056,0,0,0
171,0.856955,0,0,0
172,0.861875,0,0,0
173,0.867279,0,0,0
174,0.872171,0,0,0
175,0.877287,0,0,0
176,0.882437,0,0,0
177,0.887346,0,0,0
178,0.893271,0,0,0
179,0.896843,0,0,0
180,0.901969,0,0,0
181,0.907138,0,0,0
182,0.912043,0,0,0
183,0.917471,0,0,0
184,0.922377,0,0,0
185,0.927502,0,0,0
186,0.931330,0,0,0
187,0.937565,0,0,0
188,0.942944,0,0,0
189,0.947064,0,0,0
190,0.951957,0,0,0
191,0.957371,0,0,0
192,0.962276,0,0,0
193,0.967388,0,0,0
194,0.972571,0,0,0
195,0.977479,0,0,0
196,0.982855,0,0,0
197,0.986417,0,0,0
198,0.992656,0,0,0
199,0.996730,0,0,0
200,1.002162,0,0,0
201,1.007295,0,0,0
202,1.012453,0,0,0
203,1.017362,0,0,0
204,1.025264,0,0,0
205,1.027598,0,0,0
206,1.031446,0,0,0
207,1.036341,0,0,0
208,1.042787,0,0,0
209,1.046616,0,0,0
210,1.051525,0,0,0
211,1.056642,0,0,0
212,1.062354,0,0,0
213,1.067263,0,0,0
214,1.072628,0,0,0
215,1.077527,0,0,0
216,1.082433,0,0,0
217,1.086476,0,0,0
218,1.091375,0,0,0
219,1.097836,0,0,0
220,1.101682,0,0,0
221,1.106571,0,0,0
222,1.112514,0,0,0
223,1.117413,0,0,0
224,1.122343,0,0,0
225,1.126387,0,0,0
226,1.132625,0,0,0
227,1.137747,0,0,0
228,1.141576,0,0,0
229,1.146482,0,0,0
230,1.151577,0,0,0
231,1.156764,0,0,0
232,1.161669,0,0,0
233,1.167013,0,0,0
234,1.172467,0,0,0
235,1.177400,0,0,0
236,1.181436,0,0,0
237,1.186332,0,0,0
238,1.192768,0,0,0
239,1.196600,0,0,0
240,1.201509,0,0,0
241,1.206626,0,0,0
242,1.211781,0,0,0
243,1.216690,0,0,0
244,1.222157,0,0,0
245,1.227053,0,0,0
246,1.231385,0,0,0
247,1.236579,0,0,0
248,1.241487,0,0,0
249,1.246844,0,0,0
250,1.251750,0,0,0
251,1.256638,0,0,0
252,1.262078,0,0,0
253,1.266974,0,0,0
254,1.272407,0,0,0
255,1.277305,0,0,0
256,1.281393,0,0,0
257,1.286854,0,0,0
258,1.291746,0,0,0
259,1.296864,0,0,0
260,1.302012,0,0,0
261,1.306920,0,0,0
262,1.312293,0,0,0
263,1.317189,0,0,0
264,1.322119,0,0,0
265,1.327546,0,0,0
266,1.332970,0,0,0
267,1.336556,0,0,0
268,1.342000,0,0,0
269,1.346896,0,0,0
270,1.352278,0,0,0
271,1.357178,0,0,0
272,1.362083,0,0,0
273,1.367532,0,0,0
274,1.372437,0,0,0
275,1.377833,0,0,0
276,1.381395,0,0,0
277,1.386858,0,0,0
278,1.392320,0,0,0
279,1.397216,0,0,0
280,1.402351,0,0,0
281,1.407510,0,0,0
282,1.412415,0,0,0
283,1.417794,0,0,0
284,1.421355,0,0,0
285,1.427591,0,0,0
286,1.431635,0,0,0
287,1.436530,0,0,0
288,1.442033,0,0,0
289,1.447456,0,0,0
290,1.452361,0,0,0
291,1.457501,0,0,0
292,1.461365,0,0,0
293,1.467601,0,0.0366600007,3.25
294,1.471409,0,0.0366600007,3.25
295,1.476568,0,0.0366600007,3.25
296,1.481477,0,0.0366600007,3.25
297,1.486834,0,0.0366600007,3.25
298,1.492302,0,0.0366600007,3.25
299,1.497412,0,0.0366600007,3.25
300,1.502592,0,0.0366600007,3.25
301,1.507500,0,0.0366600007,3.25
302,1.511546,0,0.0366600007,3.25
303,1.516441,0,0.0366600007,3.25
304,1.521374,0,0.0366600007,3.25
305,1.526818,0,0.0366600007,3.25
306,1.531710,0,0.0366600007,3.25
307,1.536831,0,0.0366600007,3.25
308,1.541977,0,0.0366600007,3.25
309,1.546885,0,0.0366600007,3.25
310,1.552843,0,0.0366600007,3.25
311,1.556405,0,0.0366600007,3.25
312,1.562873,0,0.0366600007,3.25
313,1.566701,0,0.0366600007,3.25
314,1.571589,0,0.0366600007,3.25
315,1.576690,0,0.0366600007,3.25
316,1.581863,0,0.0366600007,3.25
317,1.586771,0,0.0366600007,3.25
318,1.592143,0,0.0366600007,3.25
319,1.597039,0,0.0366600007,3.25
320,1.602455,0,0.0366600007,3.25
321,1.606516,0,0.0366600007,3.25
322,1.611415,0,0.0366600007,3.25
323,1.616524,0,0.0366600007,3.25
324,1.621702,0,0.0366600007,3.25
325,1.626591,0,0.0366600007,3.25
326,1.631960,0,0.0366600007,3.25
327,1.636868,0,0.0366600007,3.25
328,1.641761,0,0.0366600007,3.25
329,1.647201,0,0.0366600007,3.25
330,1.652093,0,0.0366600007,3.25
331,1.657229,0,0.0366600007,3.25
332,1.661558,0,0.0366600007,3.25
333,1.666454,0,0.0366600007,3.25
334,1.671567,0,0.0366600007,3.25
335,1.676753,0,0.0366600007,3.25
336,1.681642,0,0.0366600007,3.25
337,1.687076,0,0.0366600007,3.25
338,1.691968,0,0.0366600007,3.25
339,1.697073,0,0.0366600007,3.25
340,1.702244,0,0.0366600007,3.25
341,1.707152,0,0.0366600007,3.25
342,1.712278,0,0.0366600007,3.25
343,1.717965,0,0.0366600007,3.25
344,1.721527,0,0.0366600007,3.25
345,1.726616,0,0.0366600007,3.25
346,1.732052,0,0.0366600007,3.25
347,1.736947,0,0.0366600007,3.25
348,1.742080,0,0.0366600007,3.25
349,1.747238,0,0.0366600007,3.25
350,1.752143,0,0.0366600007,3.25
351,1.757516,0,0.0366600007,3.25
352,1.762411,0,0.0366600007,3.25
353,1.767563,0,0.0366600007,3.25
354,1.771914,0,0.0366600007,3.25
355,1.776822,0,0.0366600007,3.25
356,1.782262,0,0.0366600007,3.25
357,1.787162,0,0.0366600007,3.25
358,1.792067,0,0.0366600007,3.25
359,1.797493,0,0.0366600007,3.25
360,1.802399,0,0.0366600007,3.25
361,1.807489,0,0.0366600007,3.25
362,1.811342,0,0.0366600007,3.25
363,1.817577,0,0.0366600007,3.25
364,1.822931,0,0.0366600007,3.25
365,1.827051,0,0.0366600007,3.25
366,1.831943,0,0.0366600007,3.25
367,1.837358,0,0.0366600007,3.25
368,1.842263,0,0.0366600007,3.25
369,1.847399,0,0.0366600007,3.25
370,1.852554,0,0.0366600007,3.25
371,1.857463,0,0.0366600007,3.25
372,1.862817,0,0.0366600007,3.25
373,1.866379,0,0.0366600007,3.25
374,1.871803,0,0.0366600007,3.25
375,1.877231,0,0.0366600007,3.25
376,1.882124,0,0.0366600007,3.25
377,1.887262,0,0.0366600007,3.25
378,1.892415,0,0.0366600007,3.25
379,1.897323,0,0.0366600007,3.25
380,1.902765,0,0.0366600007,3.25
381,1.907660,0,0.0366600007,3.25
382,1.912789,0,0.0366600007,3.25
383,1.916594,0,0.0366600007,3.25
384,1.921503,0,0.0366600007,3.25
385,1.926952,0,0.0366600007,3.25
386,1.932365,0,0.0366600007,3.25
387,1.937273,0,0.0366600007,3.25
388,1.942384,0,0.0366600007,3.25
389,1.947568,0,0.0366600007,3.25
390,1.952473,0,0.0366600007,3.25
391,1.957852,0,0.0366600007,3.25
392,1.961414,0,0.0366600007,3.25
393,1.967651,0,0.0366600007,3.25
394,1.971674,0,0.0366600007,3.25
395,1.976563,0,0.0366600007,3.25
396,1.981471,0,0.0366600007,3.25
397,1.987424,0,0.0366600007,3.25
398,1.992317,0,0.0366600007,3.25
399,1.997712,0,0.0366600007,3.25
400,2.002601,0,0.0366600007,3.25
401,2.007510,0,0.0366600007,3.25
402,2.011553,0,0.0366600007,3.25
403,2.016449,0,0.0366600007,3.25
404,2.021580,0,0.0366600007,3.25
405,2.028493,0,0.0366600007,3.25
406,2.032058,0,0.0366600007,3.25
407,2.036954,0,0.0366600007,3.25
408,2.042787,0,0.0366600007,3.25
409,2.046663,0,0.0366600007,3.25
410,2.051552,0,0.0366600007,3.25
411,2.056701,0,0.0366600007,3.25
412,2.061866,0,0.0366600007,3.25
413,2.066774,0,0.0366600007,3.25
414,2.072147,0,0.0366600007,3.25
415,2.077043,0,0.0366600007,3.25
416,2.081948,0,0.0366600007,3.25
417,2.087357,0,0.0366600007,3.25
418,2.091427,0,0.0366600007,3.25
419,2.096323,0,0.0366600007,3.25
420,2.101779,0,0.0366600007,3.25
421,2.106674,0,0.0366600007,3.25
422,2.111767,0,0.0366600007,3.25
423,2.116944,0,0.0366600007,3.25
424,2.121849,0,0.0366600007,3.25
425,2.127269,0,0.0366600007,3.25
426,2.132162,0,0.0366600007,3.25
427,2.137258,0,0.0366600007,3.25
428,2.142967,0,0.0366600007,3.25
429,2.146529,0,0.0366600007,3.25
430,2.151621,0,0.0366600007,3.25
431,2.156807,0,0.0366600007,3.25
432,2.161713,0,0.0366600007,3.25
433,2.167082,0,0.0366600007,3.25
434,2.171977,0,0.0366600007,3.25
435,2.176910,0,0.0366600007,3.25
436,2.182326,0,0.0366600007,3.25
437,2.186802,36.75,0.0366600007,3.25
438,2.191962,36.75,0.0366600007,3.25
439,2.197685,36.75,0.0366600007,3.25
440,2.202574,36.75,0.0366600007,3.25
441,2.207972,36.75,0.0366600007,3.25
442,2.211534,36.75,0.0366600007,3.25
443,2.216426,36.75,0.0366600007,3.25
444,2.221823,36.75,0.0366600007,3.25
445,2.226732,36.75,0.0366600007,3.25
446,2.231620,36.75,0.0366600007,3.25
447,2.237078,36.75,0.0366600007,3.25
448,2.241970,36.75,0.0366600007,3.25
449,2.247382,36.75,0.0366600007,3.25
450,2.251443,36.75,0.0366600007,3.25
451,2.256338,36.75,0.0366600007,3.25
452,2.262598,36.75,0.0366600007,3.25
453,2.266631,36.75,0.0366600007,3.25
454,2.271530,36.75,0.0366600007,3.25
455,2.276435,36.75,0.0366600007,3.25
456,2.281890,36.75,0.0366600007,3.25
457,2.286786,36.75,0.0366600007,3.25
458,2.291879,36.75,0.0366600007,3.25
459,2.297056,36.75,0.0366600007,3.25
460,2.302527,36.75,0.0366600007,3.25
461,2.306581,36.75,0.0366600007,3.25
462,2.311480,36.75,0.0366600007,3.25
463,2.316385,36.75,0.0366600007,3.25
464,2.321851,36.75,0.0366600007,3.25
465,2.326747,36.75,0.0366600007,3.25
466,2.331863,36.75,0.0366600007,3.25
467,2.337016,36.75,0.0366600007,3.25
468,2.341921,36.75,0.0366600007,3.25
469,2.347293,36.75,0.0366600007,3.25
470,2.352757,36.75,0.0366600007,3.25
471,2.357859,36.75,0.0366600007,3.25
472,2.361708,36.75,0.0366600007,3.25
473,2.366597,36.75,0.0366600007,3.25
474,2.371796,36.75,0.0366600007,3.25
475,2.376951,36.75,0.0366600007,3.25
476,2.381857,36.75,0.0366600007,3.25
477,2.387276,36.75,0.0366600007,3.25
478,2.392169,36.75,0.0366600007,3.25
479,2.397563,36.75,0.0366600007,3.25
480,2.402458,36.75,0.0366600007,3.25
481,2.407367,36.75,0.0366600007,3.25
482,2.411436,36.75,0.0366600007,3.25
483,2.416905,36.75,0.0366600007,3.25
484,2.421826,36.75,0.0366600007,3.25
485,2.427247,36.75,0.0366600007,3.25
486,2.432140,36.75,0.0366600007,3.25
487,2.437260,36.75,0.0366600007,3.25
488,2.442406,36.75,0.0366600007,3.25
489,2.447314,36.75,0.0366600007,3.25
490,2.452668,36.75,0.0366600007,3.25
491,2.457561,36.75,0.0366600007,3.25
492,2.462697,36.75,0.0366600007,3.25
493,2.467028,36.75,0.0366600007,3.25
494,2.471923,36.75,0.0366600007,3.25
495,2.477062,36.75,0.0366600007,3.25
496,2.482217,36.75,0.0366600007,3.25
497,2.487125,36.75,0.0366600007,3.25
498,2.492498,36.75,0.0366600007,3.25
499,2.497396,36.75,0.0366600007,3.25
500,2.502326,36.75,0.0366600007,3.25
501,2.507770,36.75,0.0366600007,3.25
502,2.512662,36.75,0.0366600007,3.25
503,2.517780,36.75,0.0366600007,3.25
504,2.522102,36.75,0.0366600007,3.25
505,2.527002,36.75,0.0366600007,3.25
506,2.532383,36.75,0.0366600007,3.25
507,2.537281,36.75,0.0366600007,3.25
508,2.542211,36.75,0.0366600007,3.25
509,2.547639,36.75,0.0366600007,3.25
510,2.552544,36.75,0.0366600007,3.25
511,2.557665,36.75,0.0366600007,3.25
512,2.561470,36.75,0.0366600007,3.25
513,2.566376,36.75,0.0366600007,3.25
514,2.571496,36.75,0.0366600007,3.25
515,2.577275,36.75,0.0366600007,3.25
516,2.582167,36.75,0.0366600007,3.25
517,2.587586,36.75,0.0366600007,3.25
518,2.592492,36.75,0.0366600007,3.25
519,2.597874,36.75,0.0366600007,3.25
520,2.601436,36.75,0.0366600007,3.25
521,2.606328,36.75,0.0366600007,3.25
522,2.611897,36.75,0.0366600007,3.25
523,2.616805,36.75,0.0366600007,3.25
524,2.621697,36.75,0.0366600007,3.25
525,2.627647,36.75,0.0366600007,3.25
526,2.632542,36.75,0.0366600007,3.25
527,2.637934,36.75,0.0366600007,3.25
528,2.641496,36.75,0.0366600007,3.25
529,2.646388,36.75,0.0366600007,3.25
530,2.651782,36.75,0.0366600007,3.25
531,2.656690,36.75,0.0366600007,3.25
532,2.661797,36.75,0.0366600007,3.25
533,2.666960,36.75,0.0366600007,3.25
534,2.671866,36.75,0.0366600007,3.25
535,2.677798,36.75,0.0366600007,3.25
536,2.681360,36.75,0.0366600007,3.25
537,2.687832,36.75,0.0366600007,3.25
538,2.691637,36.75,0.0366600007,3.25
539,2.696542,36.75,0.0366600007,3.25
540,2.701676,36.75,0.0366600007,3.25
541,2.706846,36.75,0.0366600007,3.25
542,2.711752,36.75,0.0366600007,3.25
543,2.717123,36.75,0.0366600007,3.25
544,2.722016,36.75,0.0366600007,3.25
545,2.726924,36.75,0.0366600007,3.25
546,2.732848,36.75,0.0366600007,3.25
547,2.736410,36.75,0.0366600007,3.25
548,2.741548,36.75,0.0366600007,3.25
549,2.746942,36.75,0.0408199988,6.5
550,2.751834,36.75,0.0408199988,6.5
551,2.756766,36.75,0.0408199988,6.5
552,2.762169,36.75,0.0408199988,6.5
553,2.767066,36.75,0.0408199988,6.5
554,2.772200,36.75,0.0408199988,6.5
555,2.777359,36.75,0.0408199988,6.5
556,2.782264,36.75,0.0408199988,6.5
557,2.788215,36.75,0.0408199988,6.5
558,2.791784,36.75,0.0408199988,6.5
559,2.796902,36.75,0.0408199988,6.5
560,2.802053,36.75,0.0408199988,6.5
561,2.806960,36.75,0.0408199988,6.5
562,2.812366,36.75,0.0408199988,6.5
563,2.817274,36.75,0.0408199988,6.5
564,2.822371,36.75,0.0408199988,6.5
565,2.827554,36.75,0.0408199988,6.5
566,2.832460,36.75,0.0408199988,6.5
567,2.837887,36.75,0.0408199988,6.5
568,2.841980,36.75,0.0408199988,6.5
569,2.846876,36.75,0.0408199988,6.5
570,2.852300,36.75,0.0408199988,6.5
571,2.857196,36.75,0.0408199988,6.5
572,2.862307,36.75,0.0408199988,6.5
573,2.867490,36.75,0.0408199988,6.5
574,2.872395,36.75,0.0408199988,6.5
575,2.877774,36.75,0.0408199988,6.5
576,2.881336,36.75,0.0408199988,6.5
577,2.887595,36.75,0.0408199988,6.5
578,2.891890,36.75,0.0408199988,6.5
579,2.897088,36.75,0.0408199988,6.5
580,2.901980,36.75,0.0408199988,6.5
581,2.907119,36.75,0.0408199988,6.5
582,2.912276,36.75,0.0408199988,6.5
583,2.917184,36.75,0.0408199988,6.5
584,2.922557,36.75,0.0408199988,6.5
585,2.927456,36.75,0.0408199988,6.5
586,2.932361,36.75,0.0408199988,6.5
587,2.936430,36.75,0.0408199988,6.5
588,2.941894,36.75,0.0408199988,6.5
589,2.946827,36.75,0.0408199988,6.5
590,2.952290,36.75,0.0408199988,6.5
591,2.957185,36.75,0.0408199988,6.5
592,2.962296,36.75,0.0408199988,6.5
593,2.967479,36.75,0.0408199988,6.5
594,2.972385,36.75,0.0408199988,6.5
595,2.977763,36.75,0.0408199988,6.5
596,2.981325,36.75,0.0408199988,6.5
597,2.987560,36.75,0.0408199988,6.5
598,2.991605,36.75,0.0408199988,6.5
599,2.997077,36.75,0.0408199988,6.5
600,3.002204,36.75,0.0408199988,6.5
601,3.007365,36.75,0.0408199988,6.5
602,3.012270,36.75,0.0408199988,6.5
603,3.017370,36.75,0.0408199988,6.5
604,3.022550,36.75,0.0408199988,6.5
605,3.031098,36.75,0.0408199988,6.5
606,3.033411,36.75,0.0408199988,6.5
607,3.037265,36.75,0.0408199988,6.5
608,3.042158,36.75,0.0408199988,6.5
609,3.047854,36.75,0.0408199988,6.5
610,3.051675,36.75,0.0408199988,6.5
611,3.056564,36.75,0.0408199988,6.5
612,3.061666,36.75,0.0408199988,6.5
613,3.066843,36.75,0.0408199988,6.5
614,3.071749,36.75,0.0408199988,6.5
615,3.077168,36.75,0.0408199988,6.5
616,3.082061,36.75,0.0408199988,6.5
617,3.087169,36.75,0.0408199988,6.5
618,3.092363,36.75,0.0408199988,6.5
619,3.097271,36.75,0.0408199988,6.5
620,3.102618,36.75,0.0408199988,6.5
621,3.106748,36.75,0.0408199988,6.5
622,3.111636,36.75,0.0408199988,6.5
623,3.117065,36.75,0.0408199988,6.5
624,3.121957,36.75,0.0408199988,6.5
625,3.127068,36.75,0.0408199988,6.5
626,3.132248,36.75,0.0408199988,6.5
627,3.137156,36.75,0.0408199988,6.5
628,3.142529,36.75,0.0408199988,6.5
629,3.147428,36.75,0.0408199988,6.5
630,3.152334,36.75,0.0408199988,6.5
631,3.156679,36.75,0.0408199988,6.5
632,3.161847,36.75,0.0408199988,6.5
633,3.166743,36.75,0.0408199988,6.5
634,3.171840,36.75,0.0408199988,6.5
635,3.177017,36.75,0.0408199988,6.5
636,3.181922,36.75,0.0408199988,6.5
637,3.187342,36.75,0.0408199988,6.5
638,3.192234,36.75,0.0408199988,6.5
639,3.197363,36.75,0.0408199988,6.5
640,3.202511,36.75,0.0408199988,6.5
641,3.207419,36.75,0.0408199988,6.5
642,3.212773,36.75,0.0408199988,6.5
643,3.216918,36.75,0.0408199988,6.5
644,3.221810,36.75,0.0408199988,6.5
645,3.227238,36.75,0.0408199988,6.5
646,3.232131,36.75,0.0408199988,6.5
647,3.237563,36.75,0.0408199988,6.5
648,3.242459,36.75,0.0408199988,6.5
649,3.247368,36.75,0.0408199988,6.5
650,3.251437,36.75,0.0408199988,6.5
651,3.256332,36.75,0.0408199988,6.5
652,3.262796,36.75,0.0408199988,6.5
653,3.266625,36.75,0.0408199988,6.5
654,3.272067,36.75,0.0408199988,6.5
655,3.277449,36.75,0.0408199988,6.5
656,3.282345,36.75,0.0408199988,6.5
657,3.287277,36.75,0.0408199988,6.5
658,3.292719,36.75,0.0408199988,6.5
659,3.297610,36.75,0.0408199988,6.5
660,3.302708,36.75,0.0408199988,6.5
661,3.306536,36.75,0.0408199988,6.5
662,3.311445,36.75,0.0408199988,6.5
663,3.316562,36.75,0.0408199988,6.5
664,3.322288,36.75,0.0408199988,6.5
665,3.327184,36.75,0.0408199988,6.5
666,3.332574,36.75,0.0408199988,6.5
667,3.337473,36.75,0.0408199988,6.5
668,3.342403,36.75,0.0408199988,6.5
669,3.346447,36.75,0.0408199988,6.5
670,3.351345,36.75,0.0408199988,6.5
671,3.357827,36.75,0.0408199988,6.5
672,3.361636,36.75,0.0408199988,6.5
673,3.366541,36.75,0.0408199988,6.5
674,3.371968,36.75,0.0408199988,6.5
675,3.377381,36.75,0.0408199988,6.5
676,3.382286,36.75,0.0408199988,6.5
677,3.387426,36.75,0.0408199988,6.5
678,3.392581,36.75,0.0408199988,6.5
679,3.397490,36.75,0.0408199988,6.5
680,3.402843,36.75,0.0408199988,6.5
681,3.406405,36.75,0.0408199988,6.5
682,3.412877,36.75,0.0408199988,6.5
683,3.416704,36.75,0.0408199988,6.5
684,3.421593,36.75,0.0408199988,6.5
685,3.427286,36.75,0.0408199988,6.5
686,3.432466,36.75,0.0408199988,6.5
687,3.437375,36.75,0.0408199988,6.5
688,3.442754,36.75,0.0408199988,6.5
689,3.447646,36.75,0.0408199988,6.5
690,3.452551,36.75,0.0408199988,6.5
691,3.456595,36.75,0.0408199988,6.5
692,3.461494,36.75,0.0408199988,6.5
693,3.466614,36.75,0.0408199988,6.5
694,3.471802,36.75,0.0408199988,6.5
695,3.477206,36.75,0.0408199988,6.5
696,3.482583,36.75,0.0408199988,6.5
697,3.487482,36.75,0.0408199988,6.5
698,3.492387,36.75,0.0408199988,6.5
699,3.496431,36.75,0.0408199988,6.5
700,3.501329,36.75,0.0408199988,6.5
701,3.507814,36.75,0.0408199988,6.5
702,3.511620,36.75,0.0408199988,6.5
703,3.516526,36.75,0.0408199988,6.5
704,3.521645,36.75,0.0408199988,6.5
705,3.527326,36.75,0.0408199988,6.5
706,3.532219,36.75,0.0408199988,6.5
707,3.537680,36.75,0.0408199988,6.5
708,3.542568,36.75,0.0408199988,6.5
709,3.547667,36.75,0.0408199988,6.5
710,3.551506,36.75,0.0408199988,6.5
711,3.556411,36.75,0.0408199988,6.5
712,3.561785,36.75,0.0408199988,6.5
713,3.566693,36.75,0.0408199988,6.5
714,3.571582,36.75,0.0408199988,6.5
715,3.577026,36.75,0.0408199988,6.5
716,3.582425,36.75,0.0408199988,6.5
717,3.587530,36.75,0.0408199988,6.5
718,3.591370,36.75,0.0408199988,6.5
719,3.597605,36.75,0.0408199988,6.5
720,3.602971,36.75,0.0408199988,6.5
721,3.606533,36.75,0.0408199988,6.5
722,3.611429,36.75,0.0408199988,6.5
723,3.616911,36.75,0.0408199988,6.5
724,3.621804,36.75,0.0408199988,6.5
725,3.626921,36.75,0.0408199988,6.5
726,3.632595,36.75,0.0408199988,6.5
727,3.637494,36.75,0.0408199988,6.5
728,3.641550,36.75,0.0408199988,6.5
729,3.646445,36.75,0.0408199988,6.5
730,3.651354,36.75,0.0408199988,6.5
731,3.656822,36.75,0.0408199988,6.5
732,3.661714,36.75,0.0408199988,6.5
733,3.666835,36.75,0.0408199988,6.5
734,3.671981,36.75,0.0408199988,6.5
735,3.676890,36.75,0.0408199988,6.5
736,3.682261,36.75,0.0408199988,6.5
737,3.686372,36.75,0.0408199988,6.5
738,3.692826,36.75,0.0408199988,6.5
739,3.696680,36.75,0.0408199988,6.5
740,3.701568,36.75,0.0408199988,6.5
741,3.706671,36.75,0.0408199988,6.5
742,3.711841,36.75,0.0408199988,6.5
743,3.716750,36.75,0.0408199988,6.5
744,3.722122,36.75,0.0408199988,6.5
745,3.727021,36.75,0.0408199988,6.5
746,3.731926,36.75,0.0408199988,6.5
747,3.737921,36.75,0.0408199988,6.5
748,3.741483,36.75,0.0408199988,6.5
749,3.746375,36.75,0.0408199988,6.5
750,3.751830,36.75,0.0408199988,6.5
751,3.756725,36.75,0.0408199988,6.5
752,3.761842,36.75,0.0408199988,6.5
753,3.767295,36.75,0.0408199988,6.5
754,3.772200,36.75,0.0408199988,6.5
755,3.777324,36.75,0.0408199988,6.5
756,3.782479,36.75,0.0408199988,6.5
757,3.787388,36.75,0.0408199988,6.5
758,3.791694,36.75,0.0408199988,6.5
759,3.796871,36.75,0.0408199988,6.5
760,3.801777,36.75,0.0408199988,6.5
761,3.807148,36.75,0.0408199988,6.5
762,3.812041,36.75,0.0408199988,6.5
763,3.817160,36.75,0.0408199988,6.5
764,3.822315,36.75,0.0408199988,6.5
765,3.827223,36.75,0.0408199988,6.5
766,3.832324,36.75,0.0408199988,6.5
767,3.837507,36.75,0.0408199988,6.5
768,3.841582,36.75,0.0408199988,6.5
769,3.846697,37.5,0.0408199988,6.5
770,3.851867,37.5,0.0408199988,6.5
771,3.856775,37.5,0.0408199988,6.5
772,3.862192,37.5,0.0408199988,6.5
773,3.867088,37.5,0.0408199988,6.5
774,3.872209,37.5,0.0408199988,6.5
775,3.877368,37.5,0.0408199988,6.5
776,3.882273,37.5,0.0408199988,6.5
777,3.887645,37.5,0.0408199988,6.5
778,3.892540,37.5,0.0408199988,6.5
779,3.896631,37.5,0.0408199988,6.5
780,3.902064,37.5,0.0408199988,6.5
781,3.906959,37.5,0.0408199988,6.5
782,3.912070,37.5,0.0408199988,6.5
783,3.917253,37.5,0.0408199988,6.5
784,3.922158,37.5,0.0408199988,6.5
785,3.927531,37.5,0.0408199988,6.5
786,3.932426,37.5,0.0408199988,6.5
787,3.937358,37.5,0.0408199988,6.5
788,3.941404,37.5,0.0408199988,6.5
789,3.947641,37.5,0.0408199988,6.5
790,3.953079,37.5,0.0408199988,6.5
791,3.957118,37.5,0.0408199988,6.5
792,3.962014,37.5,0.0408199988,6.5
793,3.966946,37.5,0.0408199988,6.5
794,3.972351,37.5,0.0408199988,6.5
795,3.977246,37.5,0.0408199988,6.5
796,3.982383,37.5,0.0408199988,6.5
797,3.987541,37.5,0.0408199988,6.5
798,3.992447,37.5,0.0408199988,6.5
799,3.997850,37.5,0.0408199988,6.5
800,4.001412,37.5,0.0408199988,6.5
801,4.007650,37.5,0.0408199988,6.5
802,4.011745,37.5,0.0408199988,6.5
803,4.017186,37.5,0.0408199988,6.5
804,4.022318,37.5,0.0408199988,6.5
805,4.030862,37.5,0.0365199968,9
806,4.033084,37.5,0.0365199968,9
807,4.036646,37.5,0.0365199968,9
808,4.041566,37.5,0.0365199968,9
809,4.046967,37.5,0.0365199968,9
810,4.051915,37.5,0.0365199968,9
811,4.056824,37.5,0.0365199968,9
812,4.062212,37.5,0.0365199968,9
813,4.066350,37.5,0.0365199968,9
814,4.072610,37.5,0.0365199968,9
815,4.076625,37.5,0.0365199968,9
816,4.081524,37.5,0.0365199968,9
817,4.086429,37.5,0.0365199968,9
818,4.091883,37.5,0.0365199968,9
819,4.096779,37.5,0.0365199968,9
820,4.101896,37.5,0.0365199968,9
821,4.107073,37.5,0.0365199968,9
822,4.111978,37.5,0.0365199968,9
823,4.117958,37.5,0.0365199968,9
824,4.121520,37.5,0.0365199968,9
825,4.126412,37.5,0.0365199968,9
826,4.131806,37.5,0.0365199968,9
827,4.136714,37.5,0.0365199968,9
828,4.141603,37.5,0.0365199968,9
829,4.147036,37.5,0.0365199968,9
830,4.151928,37.5,0.0365199968,9
831,4.157063,37.5,0.0365199968,9
832,4.162219,37.5,0.0365199968,9
833,4.167127,37.5,0.0365199968,9
834,4.172500,37.5,0.0365199968,9
835,4.176607,37.5,0.0365199968,9
836,4.181516,37.5,0.0365199968,9
837,4.186971,37.5,0.0365199968,9
838,4.191864,37.5,0.0365199968,9
839,4.196957,37.5,0.0365199968,9
840,4.202155,37.5,0.0365199968,9
841,4.207063,37.5,0.0365199968,9
842,4.212489,37.5,0.0365199968,9
843,4.217398,37.5,0.0365199968,9
844,4.222498,37.5,0.0365199968,9
845,4.226862,37.5,0.0365199968,9
846,4.231767,37.5,0.0365199968,9
847,4.237133,37.5,0.0365199968,9
848,4.242025,37.5,0.0365199968,9
849,4.246957,37.5,0.0365199968,9
850,4.252351,37.5,0.0365199968,9
851,4.257247,37.5,0.0365199968,9
852,4.262382,37.5,0.0365199968,9
853,4.267542,37.5,0.0365199968,9
854,4.272448,37.5,0.0365199968,9
855,4.276492,37.5,0.0365199968,9
856,4.281391,37.5,0.0365199968,9
857,4.287090,37.5,0.0365199968,9
858,4.292260,37.5,0.0365199968,9
859,4.297168,37.5,0.0365199968,9
860,4.302269,37.5,0.0365199968,9
861,4.307452,37.5,0.0365199968,9
862,4.312358,37.5,0.0365199968,9
863,4.317737,37.5,0.0365199968,9
864,4.322626,37.5,0.0365199968,9
865,4.327534,37.5,0.0365199968,9
866,4.331578,37.5,0.0365199968,9
867,4.336473,37.5,0.0365199968,9
868,4.341406,37.5,0.0365199968,9
869,4.347334,37.5,0.0365199968,9
870,4.352230,37.5,0.0365199968,9
871,4.357615,37.5,0.0365199968,9
872,4.362511,37.5,0.0365199968,9
873,4.367444,37.5,0.0365199968,9
874,4.371488,37.5,0.0365199968,9
875,4.376384,37.5,0.0365199968,9
876,4.382844,37.5,0.0365199968,9
877,4.386672,37.5,0.0365199968,9
878,4.391560,37.5,0.0365199968,9
879,4.396684,37.5,0.0365199968,9
880,4.402387,37.5,0.0365199968,9
881,4.407295,37.5,0.0365199968,9
882,4.412671,37.5,0.0365199968,9
883,4.417564,37.5,0.0365199968,9
884,4.422494,37.5,0.0365199968,9
885,4.426538,37.5,0.0365199968,9
886,4.431436,37.5,0.0365199968,9
887,4.436342,37.5,0.0365199968,9
888,4.441796,37.5,0.0365199968,9
889,4.446692,37.5,0.0365199968,9
890,4.451809,37.5,0.0365199968,9
891,4.457514,37.5,0.0365199968,9
892,4.462420,37.5,0.0365199968,9
893,4.466463,37.5,0.0365199968,9
894,4.471361,37.5,0.0365199968,9
895,4.477832,37.5,0.0365199968,9
896,4.481637,37.5,0.0365199968,9
897,4.486542,37.5,0.0365199968,9
898,4.491670,37.5,0.0365199968,9
899,4.496847,37.5,0.0365199968,9
900,4.501753,37.5,0.0365199968,9
901,4.506862,37.5,0.0365199968,9
902,4.512586,37.5,0.0365199968,9
903,4.517494,37.5,0.0365199968,9
904,4.521537,37.5,0.0365199968,9
905,4.526432,37.5,0.0365199968,9
906,4.531365,37.5,0.0365199968,9
907,4.536809,37.5,0.0365199968,9
908,4.541701,37.5,0.0365199968,9
909,4.546819,37.5,0.0365199968,9
910,4.551968,37.5,0.0365199968,9
911,4.556877,37.5,0.0365199968,9
912,4.562273,37.5,0.0365199968,9
913,4.566359,37.5,0.0365199968,9
914,4.572619,37.5,0.0365199968,9
915,4.576622,37.5,0.0365199968,9
916,4.581520,37.5,0.0365199968,9
917,4.586426,37.5,0.0365199968,9
918,4.591881,37.5,0.0365199968,9
919,4.596776,37.5,0.0365199968,9
920,4.602159,37.5,0.0365199968,9
921,4.607056,37.5,0.0365199968,9
922,4.611984,37.5,0.0365199968,9
923,4.617883,37.5,0.0365199968,9
924,4.621445,37.5,0.0365199968,9
925,4.626337,37.5,0.0365199968,9
926,4.631816,37.5,0.0365199968,9
927,4.636712,37.5,0.0365199968,9
928,4.641804,37.5,0.0365199968,9
929,4.646981,37.5,0.0365199968,9
930,4.651887,37.5,0.0365199968,9
931,4.657258,37.5,0.0365199968,9
932,4.662154,37.5,0.0365199968,9
933,4.667062,37.5,0.0365199968,9
934,4.673000,37.5,0.0365199968,9
935,4.676552,37.5,0.0365199968,9
936,4.681665,37.5,0.0365199968,9
937,4.686845,37.5,0.0365199968,9
938,4.691751,37.5,0.0365199968,9
939,4.697119,37.5,0.0365199968,9
940,4.702015,37.5,0.0365199968,9
941,4.707131,37.5,0.0365199968,9
942,4.712286,37.5,0.0365199968,9
943,4.717194,37.5,0.0365199968,9
944,4.722898,37.5,0.0365199968,9
945,4.726727,37.5,0.0365199968,9
946,4.731615,37.5,0.0365199968,9
947,4.736742,37.5,0.0365199968,9
948,4.741888,37.5,0.0365199968,9
949,4.746796,37.5,0.0365199968,9
950,4.751927,37.5,0.0365199968,9
951,4.757080,37.5,0.0365199968,9
952,4.761985,37.5,0.0365199968,9
953,4.767414,37.5,0.0365199968,9
954,4.772319,37.5,0.0365199968,9
955,4.777410,37.5,0.0365199968,9
956,4.781532,37.5,0.0365199968,9
957,4.786974,37.5,0.0365199968,9
958,4.792082,37.5,0.0365199968,9
959,4.797266,37.5,0.0365199968,9
960,4.802171,37.5,0.0365199968,9
961,4.807568,37.5,0.0365199968,9
962,4.812463,37.5,0.0365199968,9
963,4.817372,37.5,0.0365199968,9
964,4.821416,37.5,0.0365199968,9
965,4.827657,37.5,0.0365199968,9
966,4.832775,37.5,0.0365199968,9
967,4.837097,37.5,0.0365199968,9
968,4.841993,37.5,0.0365199968,9
969,4.847106,37.5,0.0365199968,9
970,4.852286,37.5,0.0365199968,9
971,4.857194,37.5,0.0365199968,9
972,4.862617,37.5,0.0365199968,9
973,4.867516,37.5,0.0365199968,9
974,4.872446,37.5,0.0365199968,9
975,4.876490,37.5,0.0365199968,9
976,4.881389,37.5,0.0365199968,9
977,4.887092,37.5,0.0365199968,9
978,4.892246,37.5,0.0365199968,9
979,4.897154,37.5,0.0365199968,9
980,4.902528,37.5,0.0365199968,9
981,4.907427,37.5,0.0365199968,9
982,4.912332,37.5,0.0365199968,9
983,4.916401,37.5,0.0365199968,9
984,4.922638,37.5,0.0365199968,9
985,4.927772,37.5,0.0365199968,9
986,4.931590,37.5,0.0365199968,9
987,4.936496,37.5,0.0365199968,9
988,4.941616,37.5,0.0365199968,9
989,4.947380,37.5,0.0365199968,9
990,4.952284,37.5,0.0365199968,9
991,4.957709,37.5,0.0365199968,9
992,4.962598,37.5,0.0365199968,9
993,4.967506,37.5,0.0365199968,9
994,4.971550,37.5,0.0365199968,9
995,4.976446,37.5,0.0365199968,9
996,4.981354,37.5,0.0365199968,9
997,4.986812,37.5,0.0365199968,9
998,4.991704,37.5,0.0365199968,9
999,4.996618,37.5,0.0365199968,9
1000,5.002520,37.5,0.0365199968,9
1001,5.007416,37.5,0.0365199968,9
1002,5.012783,37.5,0.0365199968,9
1003,5.016345,37.5,0.0365199968,9
1004,5.022580,37.5,0.0365199968,9
1005,5.031086,37.5,0.0365199968,9
1006,5.033400,37.5,0.0365199968,9
1007,5.037288,37.5,0.0365199968,9
1008,5.042181,37.5,0.0365199968,9
1009,5.047090,37.5,0.0365199968,9
1010,5.052600,37.5,0.0365199968,9
1011,5.056713,37.5,0.0365199968,9
1012,5.061827,37.5,0.0365199968,9
1013,5.066982,37.5,0.0365199968,9
1014,5.071887,37.5,0.0365199968,9
1015,5.077259,37.5,0.0365199968,9
1016,5.082155,37.5,0.0365199968,9
1017,5.087088,37.5,0.0365199968,9
1018,5.092512,37.5,0.0365199968,9
1019,5.097420,37.5,0.0365199968,9
1020,5.102534,37.5,0.0365199968,9
1021,5.106873,37.5,0.0365199968,9
1022,5.111779,37.5,0.0365199968,9
1023,5.116906,37.5,0.0365199968,9
1024,5.122053,38.625,0.0365199968,9
1025,5.126960,38.625,0.0365199968,9
1026,5.132036,38.625,0.0365199968,9
1027,5.137220,38.625,0.0365199968,9
1028,5.142124,38.625,0.0365199968,9
1029,5.147497,38.625,0.0365199968,9
1030,5.152392,38.625,0.0365199968,9
1031,5.157509,38.625,0.0365199968,9
1032,5.161844,38.625,0.0365199968,9
1033,5.166753,38.625,0.0365199968,9
1034,5.171875,38.625,0.0365199968,9
1035,5.177030,38.625,0.0365199968,9
1036,5.181935,38.625,0.0365199968,9
1037,5.187355,38.625,0.0365199968,9
1038,5.192246,38.625,0.0365199968,9
1039,5.197369,38.625,0.0365199968,9
1040,5.202525,38.625,0.0365199968,9
1041,5.207433,38.625,0.0365199968,9
1042,5.211479,38.625,0.0365199968,9
1043,5.216933,38.625,0.0365199968,9
1044,5.222033,38.625,0.0365199968,9
1045,5.227225,38.625,0.0365199968,9
1046,5.232130,38.625,0.0365199968,9
1047,5.237502,38.625,0.0365199968,9
1048,5.242398,38.625,0.0365199968,9
1049,5.247306,38.625,0.0365199968,9
1050,5.251375,38.625,0.0365199968,9
1051,5.257613,38.625,0.0365199968,9
1052,5.262732,38.625,0.0365199968,9
1053,5.267057,38.625,0.0365199968,9
1054,5.271952,38.625,0.0365199968,9
1055,5.277090,38.625,0.0365199968,9
1056,5.282245,38.625,0.0365199968,9
1057,5.287154,38.625,0.0365199968,9
1058,5.292526,38.625,0.0365199968,9
1059,5.297425,38.625,0.0365199968,9
1060,5.302331,38.625,0.0365199968,9
1061,5.306424,38.625,0.0270299986,10.375
1062,5.311323,38.625,0.0270299986,10.375
1063,5.318077,38.625,0.0270299986,10.375
1064,5.322138,38.625,0.0270299986,10.375
1065,5.327035,38.625,0.0270299986,10.375
1066,5.331963,38.625,0.0270299986,10.375
1067,5.337409,38.625,0.0270299986,10.375
1068,5.342313,38.625,0.0270299986,10.375
1069,5.347453,38.625,0.0270299986,10.375
1070,5.352609,38.625,0.0270299986,10.375
1071,5.357517,38.625,0.0270299986,10.375
1072,5.362896,38.625,0.0270299986,10.375
1073,5.366458,38.625,0.0270299986,10.375
1074,5.371942,38.625,0.0270299986,10.375
1075,5.377373,38.625,0.0270299986,10.375
1076,5.382278,38.625,0.0270299986,10.375
1077,5.387389,38.625,0.0270299986,10.375
1078,5.392569,38.625,0.0270299986,10.375
1079,5.397478,38.625,0.0270299986,10.375
1080,5.402832,38.625,0.0270299986,10.375
1081,5.406393,38.625,0.0270299986,10.375
1082,5.412628,38.625,0.0270299986,10.375
1083,5.416682,38.625,0.0270299986,10.375
1084,5.421571,38.625,0.0270299986,10.375
1085,5.427250,38.625,0.0270299986,10.375
1086,5.432430,38.625,0.0270299986,10.375
1087,5.437338,38.625,0.0270299986,10.375
1088,5.442692,38.625,0.0270299986,10.375
1089,5.447585,38.625,0.0270299986,10.375
1090,5.452490,38.625,0.0270299986,10.375
1091,5.456558,38.625,0.0270299986,10.375
1092,5.461457,38.625,0.0270299986,10.375
1093,5.466362,38.625,0.0270299986,10.375
1094,5.471817,38.625,0.0270299986,10.375
1095,5.477220,38.625,0.0270299986,10.375
1096,5.482596,38.625,0.0270299986,10.375
1097,5.487495,38.625,0.0270299986,10.375
1098,5.492609,38.625,0.0270299986,10.375
1099,5.496448,38.625,0.0270299986,10.375
1100,5.501356,38.625,0.0270299986,10.375
1101,5.506469,38.625,0.0270299986,10.375
1102,5.511626,38.625,0.0270299986,10.375
1103,5.516531,38.625,0.0270299986,10.375
1104,5.521888,38.625,0.0270299986,10.375
1105,5.526797,38.625,0.0270299986,10.375
1106,5.532479,38.625,0.0270299986,10.375
1107,5.536322,38.625,0.0270299986,10.375
1108,5.542558,38.625,0.0270299986,10.375
1109,5.547664,38.625,0.0270299986,10.375
1110,5.551497,38.625,0.0270299986,10.375
1111,5.556402,38.625,0.0270299986,10.375
1112,5.561495,38.625,0.0270299986,10.375
1113,5.566694,38.625,0.0270299986,10.375
1114,5.571583,38.625,0.0270299986,10.375
1115,5.576941,38.625,0.0270299986,10.375
1116,5.582392,38.625,0.0270299986,10.375
1117,5.587300,38.625,0.0270299986,10.375
1118,5.592750,38.625,0.0270299986,10.375
1119,5.597641,38.625,0.0270299986,10.375
1120,5.602558,38.625,0.0270299986,10.375
1121,5.606593,38.625,0.0270299986,10.375
1122,5.611491,38.625,0.0270299986,10.375
1123,5.616397,38.625,0.0270299986,10.375
1124,5.621938,38.625,0.0270299986,10.375
1125,5.626847,38.625,0.0270299986,10.375
1126,5.631764,38.625,0.0270299986,10.375
1127,5.637727,38.625,0.0270299986,10.375
1128,5.642616,38.625,0.0270299986,10.375
1129,5.647525,38.625,0.0270299986,10.375
1130,5.651583,38.625,0.0270299986,10.375
1131,5.656478,38.625,0.0270299986,10.375
1132,5.661387,38.625,0.0270299986,10.375
1133,5.666845,38.625,0.0270299986,10.375
1134,5.671737,38.625,0.0270299986,10.375
1135,5.676858,38.625,0.0270299986,10.375
1136,5.682003,38.625,0.0270299986,10.375
1137,5.687457,38.625,0.0270299986,10.375
1138,5.691508,38.625,0.0270299986,10.375
1139,5.696403,38.625,0.0270299986,10.375
1140,5.702670,38.625,0.0270299986,10.375
1141,5.706717,38.625,0.0270299986,10.375
1142,5.711606,38.625,0.0270299986,10.375
1143,5.716511,38.625,0.0270299986,10.375
1144,5.721965,38.625,0.0270299986,10.375
1145,5.726861,38.625,0.0270299986,10.375
1146,5.731782,38.625,0.0270299986,10.375
1147,5.737709,38.625,0.0270299986,10.375
1148,5.742598,38.625,0.0270299986,10.375
1149,5.746383,38.625,0.0270299986,10.375
1150,5.751566,38.625,0.0270299986,10.375
1151,5.756471,38.625,0.0270299986,10.375
1152,5.761827,38.625,0.0270299986,10.375
1153,5.766736,38.625,0.0270299986,10.375
1154,5.771837,38.625,0.0270299986,10.375
1155,5.777017,38.625,0.0270299986,10.375
1156,5.781922,38.625,0.0270299986,10.375
1157,5.787294,38.625,0.0270299986,10.375
1158,5.791401,38.625,0.0270299986,10.375
1159,5.797885,38.625,0.0270299986,10.375
1160,5.801929,38.625,0.0270299986,10.375
1161,5.806828,38.625,0.0270299986,10.375
1162,5.811733,38.625,0.0270299986,10.375
1163,5.817154,38.625,0.0270299986,10.375
1164,5.822046,38.625,0.0270299986,10.375
1165,5.827158,38.625,0.0270299986,10.375
1166,5.832338,38.625,0.0270299986,10.375
1167,5.837246,38.625,0.0270299986,10.375
1168,5.841570,38.625,0.0270299986,10.375
1169,5.846729,38.625,0.0270299986,10.375
1170,5.851618,38.625,0.0270299986,10.375
1171,5.856987,38.625,0.0270299986,10.375
1172,5.861883,38.625,0.0270299986,10.375
1173,5.866791,38.625,0.0270299986,10.375
1174,5.872225,38.625,0.0270299986,10.375
1175,5.877121,38.625,0.0270299986,10.375
1176,5.882051,38.625,0.0270299986,10.375
1177,5.887473,38.625,0.0270299986,10.375
1178,5.892379,38.625,0.0270299986,10.375
1179,5.896445,38.625,0.0270299986,10.375
1180,5.901951,38.625,0.0270299986,10.375
1181,5.906847,38.625,0.0270299986,10.375
1182,5.911962,38.625,0.0270299986,10.375
1183,5.917117,38.625,0.0270299986,10.375
1184,5.922022,38.625,0.0270299986,10.375
1185,5.927451,38.625,0.0270299986,10.375
1186,5.932356,38.625,0.0270299986,10.375
1187,5.937481,38.625,0.0270299986,10.375
1188,5.942636,38.625,0.0270299986,10.375
1189,5.947544,38.625,0.0270299986,10.375
1190,5.951590,38.625,0.0270299986,10.375
1191,5.957069,38.625,0.0270299986,10.375
1192,5.961961,38.625,0.0270299986,10.375
1193,5.967397,38.625,0.0270299986,10.375
1194,5.972302,38.625,0.0270299986,10.375
1195,5.977442,38.625,0.0270299986,10.375
1196,5.982597,38.625,0.0270299986,10.375
1197,5.987505,38.625,0.0270299986,10.375
1198,5.992859,38.625,0.0270299986,10.375
1199,5.996421,38.625,0.0270299986,10.375
1200,6.002660,38.625,0.0270299986,10.375
1201,6.006711,38.625,0.0270299986,10.375
1202,6.012169,38.625,0.0270299986,10.375
1203,6.017077,38.625,0.0270299986,10.375
1204,6.022515,38.625,0.0270299986,10.375
1205,6.032403,38.625,0.0270299986,10.375
1206,6.034723,38.625,0.0270299986,10.375
1207,6.038554,38.625,0.0270299986,10.375
1208,6.043460,38.625,0.0270299986,10.375
1209,6.048834,38.625,0.0270299986,10.375
1210,6.052396,38.625,0.0270299986,10.375
1211,6.058663,38.625,0.0270299986,10.375
1212,6.062682,38.625,0.0270299986,10.375
1213,6.068144,38.625,0.0270299986,10.375
1214,6.073277,38.625,0.0270299986,10.375
1215,6.078435,38.625,0.0270299986,10.375
1216,6.083341,38.625,0.0270299986,10.375
1217,6.088720,38.625,0.0270299986,10.375
1218,6.093609,38.625,0.0270299986,10.375
1219,6.098518,38.625,0.0270299986,10.375
1220,6.102561,38.625,0.0270299986,10.375
1221,6.107460,38.625,0.0270299986,10.375
1222,6.112366,38.625,0.0270299986,10.375
1223,6.118318,38.625,0.0270299986,10.375
1224,6.123211,38.625,0.0270299986,10.375
1225,6.128599,38.625,0.0270299986,10.375
1226,6.133494,38.625,0.0270299986,10.375
1227,6.138403,38.625,0.0270299986,10.375
1228,6.142447,38.625,0.0270299986,10.375
1229,6.147346,38.625,0.0270299986,10.375
1230,6.153782,38.625,0.0270299986,10.375
1231,6.157614,38.625,0.0270299986,10.375
1232,6.162520,38.625,0.0270299986,10.375
1233,6.167617,38.625,0.0270299986,10.375
1234,6.173361,38.625,0.0270299986,10.375
1235,6.178257,38.625,0.0270299986,10.375
1236,6.183690,38.625,0.0270299986,10.375
1237,6.188582,38.625,0.0270299986,10.375
1238,6.193714,38.625,0.0270299986,10.375
1239,6.197525,38.625,0.0270299986,10.375
1240,6.202431,38.625,0.0270299986,10.375
1241,6.207523,38.625,0.0270299986,10.375
1242,6.212707,38.625,0.0270299986,10.375
1243,6.217599,38.625,0.0270299986,10.375
1244,6.222990,38.625,0.0270299986,10.375
1245,6.228412,38.625,0.0270299986,10.375
1246,6.233318,38.625,0.0270299986,10.375
1247,6.237382,38.625,0.0270299986,10.375
1248,6.243616,38.625,0.0270299986,10.375
1249,6.248741,38.625,0.0270299986,10.375
1250,6.252546,38.625,0.0270299986,10.375
1251,6.257455,38.625,0.0270299986,10.375
1252,6.262571,38.625,0.0270299986,10.375
1253,6.267730,38.625,0.0270299986,10.375
1254,6.272619,38.625,0.0270299986,10.375
1255,6.278031,38.625,0.0270299986,10.375
1256,6.283462,38.625,0.0270299986,10.375
1257,6.288371,38.625,0.0270299986,10.375
1258,6.292431,38.625,0.0270299986,10.375
1259,6.297330,38.625,0.0270299986,10.375
1260,6.303762,38.625,0.0270299986,10.375
1261,6.307598,38.625,0.0270299986,10.375
1262,6.312505,38.625,0.0270299986,10.375
1263,6.317925,38.625,0.0270299986,10.375
1264,6.322831,38.625,0.0270299986,10.375
1265,6.328231,38.625,0.0270299986,10.375
1266,6.333738,38.625,0.0270299986,10.375
1267,6.338629,38.625,0.0270299986,10.375
1268,6.343727,38.625,0.0270299986,10.375
1269,6.347559,38.625,0.0270299986,10.375
1270,6.352465,38.625,0.0270299986,10.375
1271,6.357582,38.625,0.0270299986,10.375
1272,6.362737,38.625,0.0270299986,10.375
1273,6.367630,38.625,0.0270299986,10.375
1274,6.372996,38.625,0.0270299986,10.375
1275,6.377894,38.625,0.0270299986,10.375
1276,6.383580,38.625,0.0270299986,10.375
1277,6.387395,38.625,0.0270299986,10.375
1278,6.393627,38.625,0.0270299986,10.375
1279,6.397393,39.5,0.0270299986,10.375
1280,6.402572,39.5,0.0270299986,10.375
1281,6.407481,39.5,0.0270299986,10.375
1282,6.412835,39.5,0.0270299986,10.375
1283,6.417744,39.5,0.0270299986,10.375
1284,6.422632,39.5,0.0270299986,10.375
1285,6.428075,39.5,0.0270299986,10.375
1286,6.433522,39.5,0.0270299986,10.375
1287,6.438908,39.5,0.0270299986,10.375
1288,6.442470,39.5,0.0270299986,10.375
1289,6.447366,39.5,0.0270299986,10.375
1290,6.452756,39.5,0.0270299986,10.375
1291,6.457664,39.5,0.0270299986,10.375
1292,6.462553,39.5,0.0270299986,10.375
1293,6.468011,39.5,0.0270299986,10.375
1294,6.472904,39.5,0.0270299986,10.375
1295,6.478015,39.5,0.0270299986,10.375
1296,6.483194,39.5,0.0270299986,10.375
1297,6.488103,39.5,0.0270299986,10.375
1298,6.493782,39.5,0.0270299986,10.375
1299,6.497593,39.5,0.0270299986,10.375
1300,6.502499,39.5,0.0270299986,10.375
1301,6.507615,39.5,0.0270299986,10.375
1302,6.512771,39.5,0.0270299986,10.375
1303,6.517680,39.5,0.0270299986,10.375
1304,6.523102,39.5,0.0270299986,10.375
1305,6.528001,39.5,0.0270299986,10.375
1306,6.532906,39.5,0.0270299986,10.375
1307,6.538349,39.5,0.0270299986,10.375
1308,6.543241,39.5,0.0270299986,10.375
1309,6.548659,39.5,0.0270299986,10.375
1310,6.552695,39.5,0.0270299986,10.375
1311,6.557588,39.5,0.0270299986,10.375
1312,6.562493,39.5,0.0270299986,10.375
1313,6.567950,39.5,0.0270299986,10.375
1314,6.572842,39.5,0.0270299986,10.375
1315,6.577985,39.5,0.0270299986,10.375
1316,6.583134,39.5,0.0270299986,10.375
1317,6.588043,39.5,0.0189200006,10.875
1318,6.593415,39.5,0.0189200006,10.875
1319,6.598312,39.5,0.0189200006,10.875
1320,6.603218,39.5,0.0189200006,10.875
1321,6.609182,39.5,0.0189200006,10.875
1322,6.612750,39.5,0.0189200006,10.875
1323,6.617871,39.5,0.0189200006,10.875
1324,6.623020,39.5,0.0189200006,10.875
1325,6.627928,39.5,0.0189200006,10.875
1326,6.633300,39.5,0.0189200006,10.875
1327,6.638199,39.5,0.0189200006,10.875
1328,6.643301,39.5,0.0189200006,10.875
1329,6.648496,39.5,0.0189200006,10.875
1330,6.653401,39.5,0.0189200006,10.875
1331,6.657475,39.5,0.0189200006,10.875
1332,6.662932,39.5,0.0189200006,10.875
1333,6.667827,39.5,0.0189200006,10.875
1334,6.672942,39.5,0.0189200006,10.875
1335,6.678097,39.5,0.0189200006,10.875
1336,6.683002,39.5,0.0189200006,10.875
1337,6.688103,39.5,0.0189200006,10.875
1338,6.693282,39.5,0.0189200006,10.875
1339,6.698191,39.5,0.0189200006,10.875
1340,6.703642,39.5,0.0189200006,10.875
1341,6.709046,39.5,0.0189200006,10.875
1342,6.712598,39.5,0.0189200006,10.875
1343,6.718085,39.5,0.0189200006,10.875
1344,6.722977,39.5,0.0189200006,10.875
1345,6.728360,39.5,0.0189200006,10.875
1346,6.733255,39.5,0.0189200006,10.875
1347,6.738189,39.5,0.0189200006,10.875
1348,6.743610,39.5,0.0189200006,10.875
1349,6.748520,39.5,0.0189200006,10.875
1350,6.753714,39.5,0.0189200006,10.875
1351,6.757526,39.5,0.0189200006,10.875
1352,6.762988,39.5,0.0189200006,10.875
1353,6.768371,39.5,0.0189200006,10.875
1354,6.773266,39.5,0.0189200006,10.875
1355,6.778175,39.5,0.0189200006,10.875
1356,6.783599,39.5,0.0189200006,10.875
1357,6.788508,39.5,0.0189200006,10.875
1358,6.793597,39.5,0.0189200006,10.875
1359,6.797440,39.5,0.0189200006,10.875
1360,6.802345,39.5,0.0189200006,10.875
1361,6.807484,39.5,0.0189200006,10.875
1362,6.813209,39.5,0.0189200006,10.875
1363,6.818105,39.5,0.0189200006,10.875
1364,6.823520,39.5,0.0189200006,10.875
1365,6.828632,39.5,0.0189200006,10.875
1366,6.833525,39.5,0.0189200006,10.875
1367,6.838927,39.5,0.0189200006,10.875
1368,6.842489,39.5,0.0189200006,10.875
1369,6.847385,39.5,0.0189200006,10.875
1370,6.852853,39.5,0.0189200006,10.875
1371,6.857748,39.5,0.0189200006,10.875
1372,6.863155,39.5,0.0189200006,10.875
1373,6.868585,39.5,0.0189200006,10.875
1374,6.873491,39.5,0.0189200006,10.875
1375,6.877554,39.5,0.0189200006,10.875
1376,6.882450,39.5,0.0189200006,10.875
1377,6.887579,39.5,0.0189200006,10.875
1378,6.892737,39.5,0.0189200006,10.875
1379,6.897629,39.5,0.0189200006,10.875
1380,6.902727,39.5,0.0189200006,10.875
1381,6.907903,39.5,0.0189200006,10.875
1382,6.912808,39.5,0.0189200006,10.875
1383,6.918738,39.5,0.0189200006,10.875
1384,6.923626,39.5,0.0189200006,10.875
1385,6.928535,39.5,0.0189200006,10.875
1386,6.932579,39.5,0.0189200006,10.875
1387,6.937478,39.5,0.0189200006,10.875
1388,6.942408,39.5,0.0189200006,10.875
1389,6.947891,39.5,0.0189200006,10.875
1390,6.952783,39.5,0.0189200006,10.875
1391,6.957926,39.5,0.0189200006,10.875
1392,6.963074,39.5,0.0189200006,10.875
1393,6.967983,39.5,0.0189200006,10.875
1394,6.973915,39.5,0.0189200006,10.875
1395,6.977480,39.5,0.0189200006,10.875
1396,6.982615,39.5,0.0189200006,10.875
1397,6.987774,39.5,0.0189200006,10.875
1398,6.992679,39.5,0.0189200006,10.875
1399,6.998052,39.5,0.0189200006,10.875
1400,7.002947,39.5,0.0189200006,10.875
1401,7.007856,39.5,0.0189200006,10.875
1402,7.013345,39.5,0.0189200006,10.875
1403,7.018241,39.5,0.0189200006,10.875
1404,7.023377,39.5,0.0189200006,10.875
1405,7.033840,39.5,0.0189200006,10.875
1406,7.036270,39.5,0.0189200006,10.875
1407,7.040164,39.5,0.0189200006,10.875
1408,7.045060,39.5,0.0189200006,10.875
1409,7.049967,39.5,0.0189200006,10.875
1410,7.053991,39.5,0.0189200006,10.875
1411,7.058890,39.5,0.0189200006,10.875
1412,7.063992,39.5,0.0189200006,10.875
1413,7.069173,39.5,0.0189200006,10.875
1414,7.074078,39.5,0.0189200006,10.875
1415,7.079449,39.5,0.0189200006,10.875
1416,7.084927,39.5,0.0189200006,10.875
1417,7.089822,39.5,0.0189200006,10.875
1418,7.093855,39.5,0.0189200006,10.875
1419,7.100091,39.5,0.0189200006,10.875
1420,7.105225,39.5,0.0189200006,10.875
1421,7.109053,39.5,0.0189200006,10.875
1422,7.113946,39.5,0.0189200006,10.875
1423,7.119335,39.5,0.0189200006,10.875
1424,7.124230,39.5,0.0189200006,10.875
1425,7.129138,39.5,0.0189200006,10.875
1426,7.135077,39.5,0.0189200006,10.875
1427,7.139976,39.5,0.0189200006,10.875
1428,7.145358,39.5,0.0189200006,10.875
1429,7.148929,39.5,0.0189200006,10.875
1430,7.153821,39.5,0.0189200006,10.875
1431,7.159277,39.5,0.0189200006,10.875
1432,7.164169,39.5,0.0189200006,10.875
1433,7.169283,39.5,0.0189200006,10.875
1434,7.174463,39.5,0.0189200006,10.875
1435,7.179372,39.5,0.0189200006,10.875
1436,7.184725,39.5,0.0189200006,10.875
1437,7.188871,39.5,0.0189200006,10.875
1438,7.195342,39.5,0.0189200006,10.875
1439,7.199184,39.5,0.0189200006,10.875
1440,7.204077,39.5,0.0189200006,10.875
1441,7.209009,39.5,0.0189200006,10.875
1442,7.214434,39.5,0.0189200006,10.875
1443,7.219343,39.5,0.0189200006,10.875
1444,7.224457,39.5,0.0189200006,10.875
1445,7.229616,39.5,0.0189200006,10.875
1446,7.234522,39.5,0.0189200006,10.875
1447,7.239924,39.5,0.0189200006,10.875
1448,7.244017,39.5,0.0189200006,10.875
1449,7.248913,39.5,0.0189200006,10.875
1450,7.254336,39.5,0.0189200006,10.875
1451,7.259232,39.5,0.0189200006,10.875
1452,7.264368,39.5,0.0189200006,10.875
1453,7.269527,39.5,0.0189200006,10.875
1454,7.274432,39.5,0.0189200006,10.875
1455,7.279810,39.5,0.0189200006,10.875
1456,7.284716,39.5,0.0189200006,10.875
1457,7.290416,39.5,0.0189200006,10.875
1458,7.294244,39.5,0.0189200006,10.875
1459,7.299140,39.5,0.0189200006,10.875
1460,7.304229,39.5,0.0189200006,10.875
1461,7.309412,39.5,0.0189200006,10.875
1462,7.314318,39.5,0.0189200006,10.875
1463,7.319760,39.5,0.0189200006,10.875
1464,7.324651,39.5,0.0189200006,10.875
1465,7.329758,39.5,0.0189200006,10.875
1466,7.334957,39.5,0.0189200006,10.875
1467,7.339866,39.5,0.0189200006,10.875
1468,7.344239,39.5,0.0189200006,10.875
1469,7.349398,39.5,0.0189200006,10.875
1470,7.354303,39.5,0.0189200006,10.875
1471,7.359681,39.5,0.0189200006,10.875
1472,7.364570,39.5,0.0189200006,10.875
1473,7.369479,39.5,0.0189200006,10.875
1474,7.374919,39.5,0.0189200006,10.875
1475,7.379815,39.5,0.0189200006,10.875
1476,7.384908,39.5,0.0189200006,10.875
1477,7.390081,39.5,0.0189200006,10.875
1478,7.394986,39.5,0.0189200006,10.875
1479,7.400385,39.5,0.0189200006,10.875
1480,7.404469,39.5,0.0189200006,10.875
1481,7.409378,39.5,0.0189200006,10.875
1482,7.414831,39.5,0.0189200006,10.875
1483,7.419726,39.5,0.0189200006,10.875
1484,7.424819,39.5,0.0189200006,10.875
1485,7.430042,39.5,0.0189200006,10.875
1486,7.434946,39.5,0.0189200006,10.875
1487,7.440322,39.5,0.0189200006,10.875
1488,7.443890,39.5,0.0189200006,10.875
1489,7.450150,39.5,0.0189200006,10.875
1490,7.454220,39.5,0.0189200006,10.875
1491,7.459680,39.5,0.0189200006,10.875
1492,7.464569,39.5,0.0189200006,10.875
1493,7.470004,39.5,0.0189200006,10.875
1494,7.474897,39.5,0.0189200006,10.875
1495,7.480283,39.5,0.0189200006,10.875
1496,7.483849,39.5,0.0189200006,10.875
1497,7.490369,39.5,0.0189200006,10.875
1498,7.494198,39.5,0.0189200006,10.875
1499,7.499094,39.5,0.0189200006,10.875
1500,7.504024,39.5,0.0189200006,10.875
1501,7.509448,39.5,0.0189200006,10.875
1502,7.514871,39.5,0.0189200006,10.875
1503,7.520269,39.5,0.0189200006,10.875
1504,7.523838,39.5,0.0189200006,10.875
1505,7.530291,39.5,0.0189200006,10.875
1506,7.534134,39.5,0.0189200006,10.875
1507,7.539030,39.5,0.0189200006,10.875
1508,7.544415,39.5,0.0189200006,10.875
1509,7.549314,39.5,0.0189200006,10.875
1510,7.554219,39.5,0.0189200006,10.875
1511,7.559682,39.5,0.0189200006,10.875
1512,7.564570,39.5,0.0189200006,10.875
1513,7.569945,39.5,0.0189200006,10.875
1514,7.575346,39.5,0.0189200006,10.875
1515,7.578914,39.5,0.0189200006,10.875
1516,7.584356,39.5,0.0189200006,10.875
1517,7.589252,39.5,0.0189200006,10.875
1518,7.594363,39.5,0.0189200006,10.875
1519,7.599547,39.5,0.0189200006,10.875
1520,7.604452,39.5,0.0189200006,10.875
1521,7.609856,39.5,0.0189200006,10.875
1522,7.614762,39.5,0.0189200006,10.875
1523,7.619656,39.5,0.0189200006,10.875
1524,7.625093,39.5,0.0189200006,10.875
1525,7.629989,39.5,0.0189200006,10.875
1526,7.635372,39.5,0.0189200006,10.875
1527,7.639479,39.5,0.0189200006,10.875
1528,7.644385,39.5,0.0189200006,10.875
1529,7.649841,39.5,0.0189200006,10.875
1530,7.654733,39.5,0.0189200006,10.875
1531,7.659825,39.5,0.0189200006,10.875
1532,7.665002,39.5,0.0189200006,10.875
1533,7.669911,39.5,0.0189200006,10.875
1534,7.675282,39.875,0.0189200006,10.875
1535,7.678851,39.875,0.0189200006,10.875
1536,7.685083,39.875,0.0189200006,10.875
1537,7.689156,39.875,0.0189200006,10.875
1538,7.694621,39.875,0.0189200006,10.875
1539,7.699761,39.875,0.0189200006,10.875
1540,7.704913,39.875,0.0189200006,10.875
1541,7.709822,39.875,0.0189200006,10.875
1542,7.713849,39.875,0.0189200006,10.875
1543,7.720085,39.875,0.0189200006,10.875
1544,7.725180,39.875,0.0189200006,10.875
1545,7.729033,39.875,0.0189200006,10.875
1546,7.733926,39.875,0.0189200006,10.875
1547,7.739042,39.875,0.0189200006,10.875
1548,7.744767,39.875,0.0189200006,10.875
1549,7.749662,39.875,0.0189200006,10.875
1550,7.755074,39.875,0.0189200006,10.875
1551,7.759969,39.875,0.0189200006,10.875
1552,7.765091,39.875,0.0189200006,10.875
1553,7.768919,39.875,0.0189200006,10.875
1554,7.773811,39.875,0.0189200006,10.875
1555,7.780254,39.875,0.0189200006,10.875
1556,7.784108,39.875,0.0189200006,10.875
1557,7.789004,39.875,0.0189200006,10.875
1558,7.794946,39.875,0.0189200006,10.875
1559,7.799855,39.875,0.0189200006,10.875
1560,7.804955,39.875,0.0189200006,10.875
1561,7.808805,39.875,0.0189200006,10.875
1562,7.815037,39.875,0.0189200006,10.875
1563,7.820412,39.875,0.0189200006,10.875
1564,7.823980,39.875,0.0189200006,10.875
1565,7.828876,39.875,0.0189200006,10.875
1566,7.834305,39.875,0.0189200006,10.875
1567,7.839202,39.875,0.0189200006,10.875
1568,7.844312,39.875,0.0189200006,10.875
1569,7.849727,39.875,0.0189200006,10.875
1570,7.853841,39.875,0.0189200006,10.875
1571,7.860276,39.875,0.0189200006,10.875
1572,7.864129,39.875,0.0189200006,10.875
1573,7.869025,39.875,0.0153299989,11
1574,7.874138,39.875,0.0153299989,11
1575,7.879297,39.875,0.0153299989,11
1576,7.884202,39.875,0.0153299989,11
1577,7.889574,39.875,0.0153299989,11
1578,7.894469,39.875,0.0153299989,11
1579,7.899378,39.875,0.0153299989,11
1580,7.905341,39.875,0.0153299989,11
1581,7.908912,39.875,0.0153299989,11
1582,7.914022,39.875,0.0153299989,11
1583,7.919183,39.875,0.0153299989,11
1584,7.924088,39.875,0.0153299989,11
1585,7.929460,39.875,0.0153299989,11
1586,7.934355,39.875,0.0153299989,11
1587,7.939493,39.875,0.0153299989,11
1588,7.944668,39.875,0.0153299989,11
1589,7.949560,39.875,0.0153299989,11
1590,7.954938,39.875,0.0153299989,11
1591,7.959031,39.875,0.0153299989,11
1592,7.963924,39.875,0.0153299989,11
1593,7.969363,39.875,0.0153299989,11
1594,7.974268,39.875,0.0153299989,11
1595,7.979383,39.875,0.0153299989,11
1596,7.984563,39.875,0.0153299989,11
1597,7.989471,39.875,0.0153299989,11
1598,7.994850,39.875,0.0153299989,11
1599,7.999759,39.875,0.0153299989,11
1600,8.004650,39.875,0.0153299989,11
1601,8.010610,39.875,0.0153299989,11
1602,8.014178,39.875,0.0153299989,11
1603,8.019314,39.875,0.0153299989,11
1604,8.024473,39.875,0.0153299989,11
1605,8.034237,39.875,0.0153299989,11
1606,8.036560,39.875,0.0153299989,11
1607,8.040398,39.875,0.0153299989,11
1608,8.045303,39.875,0.0153299989,11
1609,8.050396,39.875,0.0153299989,11
1610,8.054274,39.875,0.0153299989,11
1611,8.059170,39.875,0.0153299989,11
1612,8.064555,39.875,0.0153299989,11
1613,8.070032,39.875,0.0153299989,11
1614,8.075168,39.875,0.0153299989,11
1615,8.080323,39.875,0.0153299989,11
1616,8.085228,39.875,0.0153299989,11
1617,8.090604,39.875,0.0153299989,11
1618,8.094172,39.875,0.0153299989,11
1619,8.100623,39.875,0.0153299989,11
1620,8.104452,39.875,0.0153299989,11
1621,8.109361,39.875,0.0153299989,11
1622,8.114732,39.875,0.0153299989,11
1623,8.119656,39.875,0.0153299989,11
1624,8.125288,39.875,0.0153299989,11
1625,8.130468,39.875,0.0153299989,11
1626,8.135374,39.875,0.0153299989,11
1627,8.140730,39.875,0.0153299989,11
1628,8.144292,39.875,0.0153299989,11
1629,8.149188,39.875,0.0153299989,11
1630,8.154572,39.875,0.0153299989,11
1631,8.159471,39.875,0.0153299989,11
1632,8.164376,39.875,0.0153299989,11
1633,8.169831,39.875,0.0153299989,11
1634,8.175278,39.875,0.0153299989,11
1635,8.180666,39.875,0.0153299989,11
1636,8.184228,39.875,0.0153299989,11
1637,8.190463,39.875,0.0153299989,11
1638,8.194508,39.875,0.0153299989,11
1639,8.199407,39.875,0.0153299989,11
1640,8.204311,39.875,0.0153299989,11
1641,8.209766,39.875,0.0153299989,11
1642,8.214658,39.875,0.0153299989,11
1643,8.220019,39.875,0.0153299989,11
1644,8.225427,39.875,0.0153299989,11
1645,8.230554,39.875,0.0153299989,11
1646,8.234418,39.875,0.0153299989,11
1647,8.239327,39.875,0.0153299989,11
1648,8.244420,39.875,0.0153299989,11
1649,8.249604,39.875,0.0153299989,11
1650,8.254509,39.875,0.0153299989,11
1651,8.259887,39.875,0.0153299989,11
1652,8.264792,39.875,0.0153299989,11
1653,8.269687,39.875,0.0153299989,11
1654,8.275125,39.875,0.0153299989,11
1655,8.279246,39.875,0.0153299989,11
1656,8.284380,39.875,0.0153299989,11
1657,8.289539,39.875,0.0153299989,11
1658,8.294444,39.875,0.0153299989,11
1659,8.299823,39.875,0.0153299989,11
1660,8.304729,39.875,0.0153299989,11
1661,8.309620,39.875,0.0153299989,11
1662,8.315111,39.875,0.0153299989,11
1663,8.320006,39.875,0.0153299989,11
1664,8.325389,39.875,0.0153299989,11
1665,8.329521,39.875,0.0153299989,11
1666,8.334427,39.875,0.0153299989,11
1667,8.339883,39.875,0.0153299989,11
1668,8.344775,39.875,0.0153299989,11
1669,8.350161,39.875,0.0153299989,11
1670,8.355054,39.875,0.0153299989,11
1671,8.359962,39.875,0.0153299989,11
1672,8.365368,39.875,0.0153299989,11
1673,8.370276,39.875,0.0153299989,11
1674,8.375387,39.875,0.0153299989,11
1675,8.379747,39.875,0.0153299989,11
1676,8.384636,39.875,0.0153299989,11
1677,8.389743,39.875,0.0153299989,11
1678,8.394930,39.875,0.0153299989,11
1679,8.399839,39.875,0.0153299989,11
1680,8.405255,39.875,0.0153299989,11
1681,8.410151,39.875,0.0153299989,11
1682,8.415272,39.875,0.0153299989,11
1683,8.420427,39.875,0.0153299989,11
1684,8.425333,39.875,0.0153299989,11
1685,8.430690,39.875,0.0153299989,11
1686,8.434807,39.875,0.0153299989,11
1687,8.439702,39.875,0.0153299989,11
1688,8.445127,39.875,0.0153299989,11
1689,8.450022,39.875,0.0153299989,11
1690,8.455115,39.875,0.0153299989,11
1691,8.460313,39.875,0.0153299989,11
1692,8.465219,39.875,0.0153299989,11
1693,8.469267,39.875,0.0153299989,11
1694,8.474161,39.875,0.0153299989,11
1695,8.480630,39.875,0.0153299989,11
1696,8.484966,39.875,0.0153299989,11
1697,8.489875,39.875,0.0153299989,11
1698,8.495266,39.875,0.0153299989,11
1699,8.500164,39.875,0.0153299989,11
1700,8.505094,39.875,0.0153299989,11
1701,8.510515,39.875,0.0153299989,11
1702,8.515421,39.875,0.0153299989,11
1703,8.520341,39.875,0.0153299989,11
1704,8.524377,39.875,0.0153299989,11
1705,8.529275,39.875,0.0153299989,11
1706,8.534205,39.875,0.0153299989,11
1707,8.539620,39.875,0.0153299989,11
1708,8.545038,39.875,0.0153299989,11
1709,8.550415,39.875,0.0153299989,11
1710,8.555310,39.875,0.0153299989,11
1711,8.560219,39.875,0.0153299989,11
1712,8.564338,39.875,0.0153299989,11
1713,8.569237,39.875,0.0153299989,11
1714,8.575698,39.875,0.0153299989,11
1715,8.579505,39.875,0.0153299989,11
1716,8.584411,39.875,0.0153299989,11
1717,8.589533,39.875,0.0153299989,11
1718,8.594700,39.875,0.0153299989,11
1719,8.600156,39.875,0.0153299989,11
1720,8.604213,39.875,0.0153299989,11
1721,8.610450,39.875,0.0153299989,11
1722,8.615552,39.875,0.0153299989,11
1723,8.619388,39.875,0.0153299989,11
1724,8.624293,39.875,0.0153299989,11
1725,8.629189,39.875,0.0153299989,11
1726,8.634733,39.875,0.0153299989,11
1727,8.639625,39.875,0.0153299989,11
1728,8.644531,39.875,0.0153299989,11
1729,8.650483,39.875,0.0153299989,11
1730,8.655375,39.875,0.0153299989,11
1731,8.660746,39.875,0.0153299989,11
1732,8.664308,39.875,0.0153299989,11
1733,8.669203,39.875,0.0153299989,11
1734,8.674637,39.875,0.0153299989,11
1735,8.679546,39.875,0.0153299989,11
1736,8.684917,39.875,0.0153299989,11
1737,8.689826,39.875,0.0153299989,11
1738,8.694947,39.875,0.0153299989,11
1739,8.699276,39.875,0.0153299989,11
1740,8.704172,39.875,0.0153299989,11
1741,8.709286,39.875,0.0153299989,11
1742,8.714465,39.875,0.0153299989,11
1743,8.719374,39.875,0.0153299989,11
1744,8.724753,39.875,0.0153299989,11
1745,8.729645,39.875,0.0153299989,11
1746,8.734550,39.875,0.0153299989,11
1747,8.740015,39.875,0.0153299989,11
1748,8.744908,39.875,0.0153299989,11
1749,8.750022,39.875,0.0153299989,11
1750,8.754401,39.875,0.0153299989,11
1751,8.759296,39.875,0.0153299989,11
1752,8.764688,39.875,0.0153299989,11
1753,8.769580,39.875,0.0153299989,11
1754,8.774485,39.875,0.0153299989,11
1755,8.779925,39.875,0.0153299989,11
1756,8.784818,39.875,0.0153299989,11
1757,8.789939,39.875,0.0153299989,11
1758,8.795088,39.875,0.0153299989,11
1759,8.799997,39.875,0.0153299989,11
1760,8.804320,39.875,0.0153299989,11
1761,8.809479,39.875,0.0153299989,11
1762,8.814385,39.875,0.0153299989,11
1763,8.819763,39.875,0.0153299989,11
1764,8.824668,39.875,0.0153299989,11
1765,8.829559,39.875,0.0153299989,11
1766,8.835000,39.875,0.0153299989,11
1767,8.839896,39.875,0.0153299989,11
1768,8.845010,39.875,0.0153299989,11
1769,8.850162,39.875,0.0153299989,11
1770,8.854285,39.875,0.0153299989,11
1771,8.859673,39.875,0.0153299989,11
1772,8.864759,39.875,0.0153299989,11
1773,8.869667,39.875,0.0153299989,11
1774,8.875066,39.875,0.0153299989,11
1775,8.879965,39.875,0.0153299989,11
1776,8.884881,39.875,0.0153299989,11
1777,8.890300,39.875,0.0153299989,11
1778,8.895193,39.875,0.0153299989,11
1779,8.900327,39.875,0.0153299989,11
1780,8.904159,39.875,0.0153299989,11
1781,8.909614,39.875,0.0153299989,11
1782,8.914751,39.875,0.0153299989,11
1783,8.919900,39.875,0.0153299989,11
1784,8.924805,39.875,0.0153299989,11
1785,8.930180,39.875,0.0153299989,11
1786,8.935073,39.875,0.0153299989,11
1787,8.940005,39.875,0.0153299989,11
1788,8.945383,39.875,0.0153299989,11
1789,8.950291,40,0.0153299989,11
1790,8.955408,40,0.0153299989,11
1791,8.959741,40,0.0153299989,11
1792,8.964630,40,0.0153299989,11
1793,8.970015,40,0.0153299989,11
1794,8.974911,40,0.0153299989,11
1795,8.979820,40,0.0153299989,11
1796,8.985235,40,0.0153299989,11
1797,8.990130,40,0.0153299989,11
1798,8.995241,40,0.0153299989,11
1799,9.000446,40,0.0153299989,11
1800,9.005351,40,0.0153299989,11
1801,9.010757,40,0.0153299989,11
1802,9.014851,40,0.0153299989,11
1803,9.019746,40,0.0153299989,11
1804,9.025170,40,0.0153299989,11
1805,9.034885,40,0.0153299989,11
1806,9.037289,40,0.0153299989,11
1807,9.041190,40,0.0153299989,11
1808,9.046085,40,0.0153299989,11
1809,9.050993,40,0.0153299989,11
1810,9.055027,40,0.0153299989,11
1811,9.059922,40,0.0153299989,11
1812,9.065400,40,0.0153299989,11
1813,9.070836,40,0.0153299989,11
1814,9.075729,40,0.0153299989,11
1815,9.080846,40,0.0153299989,11
1816,9.085998,40,0.0153299989,11
1817,9.090906,40,0.0153299989,11
1818,9.096278,40,0.0153299989,11
1819,9.101177,40,0.0153299989,11
1820,9.106107,40,0.0153299989,11
1821,9.110151,40,0.0153299989,11
1822,9.115069,40,0.0153299989,11
1823,9.120521,40,0.0153299989,11
1824,9.125985,40,0.0153299989,11
1825,9.130881,40,0.0153299989,11
1826,9.135811,40,0.0153299989,11
1827,9.141249,40,0.0153299989,11
1828,9.146141,40,0.0153299989,11
1829,9.151256,40,0.0140799992,11
1830,9.155108,40,0.0140799992,11
1831,9.160004,40,0.0140799992,11
1832,9.165118,40,0.0140799992,11
1833,9.170841,40,0.0140799992,11
1834,9.175733,40,0.0140799992,11
1835,9.181149,40,0.0140799992,11
1836,9.186042,40,0.0140799992,11
1837,9.191156,40,0.0140799992,11
1838,9.195019,40,0.0140799992,11
1839,9.199915,40,0.0140799992,11
1840,9.206380,40,0.0140799992,11
1841,9.210208,40,0.0140799992,11
1842,9.215101,40,0.0140799992,11
1843,9.220775,40,0.0140799992,11
1844,9.225948,40,0.0140799992,11
1845,9.230857,40,0.0140799992,11
1846,9.236229,40,0.0140799992,11
1847,9.241125,40,0.0140799992,11
1848,9.246030,40,0.0140799992,11
1849,9.250102,40,0.0140799992,11
1850,9.254998,40,0.0140799992,11
1851,9.259906,40,0.0140799992,11
1852,9.265359,40,0.0140799992,11
1853,9.270779,40,0.0140799992,11
1854,9.275970,40,0.0140799992,11
1855,9.281123,40,0.0140799992,11
1856,9.286028,40,0.0140799992,11
1857,9.291403,40,0.0140799992,11
1858,9.294970,40,0.0140799992,11
1859,9.299866,40,0.0140799992,11
1860,9.305296,40,0.0140799992,11
1861,9.310192,40,0.0140799992,11
1862,9.315327,40,0.0140799992,11
1863,9.320483,40,0.0140799992,11
1864,9.325956,40,0.0140799992,11
1865,9.331339,40,0.0140799992,11
1866,9.334907,40,0.0140799992,11
1867,9.341142,40,0.0140799992,11
1868,9.345187,40,0.0140799992,11
1869,9.350083,40,0.0140799992,11
1870,9.355012,40,0.0140799992,11
1871,9.360429,40,0.0140799992,11
1872,9.365334,40,0.0140799992,11
1873,9.370451,40,0.0140799992,11
1874,9.375607,40,0.0140799992,11
1875,9.381081,40,0.0140799992,11
1876,9.386463,40,0.0140799992,11
1877,9.390034,40,0.0140799992,11
1878,9.394927,40,0.0140799992,11
1879,9.400336,40,0.0140799992,11
1880,9.405231,40,0.0140799992,11
1881,9.410140,40,0.0140799992,11
1882,9.415575,40,0.0140799992,11
1883,9.420485,40,0.0140799992,11
1884,9.425402,40,0.0140799992,11
1885,9.431331,40,0.0140799992,11
1886,9.434897,40,0.0140799992,11
1887,9.441340,40,0.0140799992,11
1888,9.445168,40,0.0140799992,11
1889,9.450064,40,0.0140799992,11
1890,9.455153,40,0.0140799992,11
1891,9.460332,40,0.0140799992,11
1892,9.465238,40,0.0140799992,11
1893,9.470613,40,0.0140799992,11
1894,9.475509,40,0.0140799992,11
1895,9.480442,40,0.0140799992,11
1896,9.486380,40,0.0140799992,11
1897,9.489951,40,0.0140799992,11
1898,9.495079,40,0.0140799992,11
1899,9.500243,40,0.0140799992,11
1900,9.505148,40,0.0140799992,11
1901,9.510524,40,0.0140799992,11
1902,9.515419,40,0.0140799992,11
1903,9.520328,40,0.0140799992,11
1904,9.525793,40,0.0140799992,11
1905,9.530689,40,0.0140799992,11
1906,9.535802,40,0.0140799992,11
1907,9.540178,40,0.0140799992,11
1908,9.545074,40,0.0140799992,11
1909,9.550212,40,0.0140799992,11
1910,9.555368,40,0.0140799992,11
1911,9.560276,40,0.0140799992,11
1912,9.565655,40,0.0140799992,11
1913,9.570547,40,0.0140799992,11
1914,9.575452,40,0.0140799992,11
1915,9.580893,40,0.0140799992,11
1916,9.585785,40,0.0140799992,11
1917,9.590878,40,0.0140799992,11
1918,9.595228,40,0.0140799992,11
1919,9.600126,40,0.0140799992,11
1920,9.605509,40,0.0140799992,11
1921,9.610407,40,0.0140799992,11
1922,9.615546,40,0.0140799992,11
1923,9.620705,40,0.0140799992,11
1924,9.625594,40,0.0140799992,11
1925,9.630964,40,0.0140799992,11
1926,9.635869,40,0.0140799992,11
1927,9.640765,40,0.0140799992,11
1928,9.646709,40,0.0140799992,11
1929,9.650271,40,0.0140799992,11
1930,9.655382,40,0.0140799992,11
1931,9.660562,40,0.0140799992,11
1932,9.665468,40,0.0140799992,11
1933,9.670899,40,0.0140799992,11
1934,9.675805,40,0.0140799992,11
1935,9.680729,40,0.0140799992,11
1936,9.686137,40,0.0140799992,11
1937,9.691033,40,0.0140799992,11
1938,9.696444,40,0.0140799992,11
1939,9.700505,40,0.0140799992,11
1940,9.705400,40,0.0140799992,11
1941,9.710333,40,0.0140799992,11
1942,9.715763,40,0.0140799992,11
1943,9.720659,40,0.0140799992,11
1944,9.725789,40,0.0140799992,11
1945,9.730950,40,0.0140799992,11
1946,9.735855,40,0.0140799992,11
1947,9.741230,40,0.0140799992,11
1948,9.746123,40,0.0140799992,11
1949,9.750259,40,0.0140799992,11
1950,9.755724,40,0.0140799992,11
1951,9.760616,40,0.0140799992,11
1952,9.765734,40,0.0140799992,11
1953,9.770886,40,0.0140799992,11
1954,9.775791,40,0.0140799992,11
1955,9.781211,40,0.0140799992,11
1956,9.786104,40,0.0140799992,11
1957,9.791500,40,0.0140799992,11
1958,9.795069,40,0.0140799992,11
1959,9.800486,40,0.0140799992,11
1960,9.805943,40,0.0140799992,11
1961,9.810839,40,0.0140799992,11
1962,9.815946,40,0.0140799992,11
1963,9.821181,40,0.0140799992,11
1964,9.826086,40,0.0140799992,11
1965,9.831461,40,0.0140799992,11
1966,9.835029,40,0.0140799992,11
1967,9.839925,40,0.0140799992,11
1968,9.845354,40,0.0140799992,11
1969,9.850273,40,0.0140799992,11
1970,9.856183,40,0.0140799992,11
1971,9.861079,40,0.0140799992,11
1972,9.866199,40,0.0140799992,11
1973,9.870023,40,0.0140799992,11
1974,9.874915,40,0.0140799992,11
1975,9.880033,40,0.0140799992,11
1976,9.885454,40,0.0140799992,11
1977,9.890363,40,0.0140799992,11
1978,9.895725,40,0.0140799992,11
1979,9.900617,40,0.0140799992,11
1980,9.906313,40,0.0140799992,11
1981,9.910159,40,0.0140799992,11
1982,9.915052,40,0.0140799992,11
1983,9.920169,40,0.0140799992,11
1984,9.925349,40,0.0140799992,11
1985,9.930258,40,0.0140799992,11
1986,9.935604,40,0.0140799992,11
1987,9.940502,40,0.0140799992,11
1988,9.945408,40,0.0140799992,11
1989,9.950874,40,0.0140799992,11
1990,9.954995,40,0.0140799992,11
1991,9.959890,40,0.0140799992,11
1992,9.965312,40,0.0140799992,11
1993,9.970207,40,0.0140799992,11
1994,9.975318,40,0.0140799992,11
1995,9.980498,40,0.0140799992,11
1996,9.985403,40,0.0140799992,11
1997,9.990849,40,0.0140799992,11
1998,9.995741,40,0.0140799992,11
1999,10.000848,40,0.0140799992,11
2000,10.006021,40,0.0140799992,11
2001,10.010929,40,0.0140799992,11
2002,10.015254,40,0.0140799992,11
2003,10.020434,40,0.0140799992,11
2004,10.025339,40,0.0140799992,11
2005,10.036952,40,0.0140799992,11
2006,10.039174,40,0.0140799992,11
2007,10.042739,40,0.0140799992,11
2008,10.047844,40,0.0140799992,11
2009,10.053139,40,0.0140799992,11
2010,10.058035,40,0.0140799992,11
2011,10.062964,40,0.0140799992,11
2012,10.066989,40,0.0140799992,11
2013,10.072433,40,0.0140799992,11
2014,10.077540,40,0.0140799992,11
2015,10.082718,40,0.0140799992,11
2016,10.087610,40,0.0140799992,11
2017,10.093090,40,0.0140799992,11
2018,10.097986,40,0.0140799992,11
2019,10.103107,40,0.0140799992,11
2020,10.106938,40,0.0140799992,11
2021,10.113170,40,0.0140799992,11
2022,10.118543,40,0.0140799992,11
2023,10.122625,40,0.0140799992,11
2024,10.127524,40,0.0140799992,11
2025,10.132986,40,0.0140799992,11
2026,10.137882,40,0.0140799992,11
2027,10.142996,40,0.0140799992,11
2028,10.148151,40,0.0140799992,11
2029,10.153056,40,0.0140799992,11
2030,10.158429,40,0.0140799992,11
2031,10.161997,40,0.0140799992,11
2032,10.168233,40,0.0140799992,11
2033,10.172326,40,0.0140799992,11
2034,10.177770,40,0.0140799992,11
2035,10.182883,40,0.0140799992,11
2036,10.188037,40,0.0140799992,11
2037,10.192941,40,0.0140799992,11
2038,10.198314,40,0.0140799992,11
2039,10.203210,40,0.0140799992,11
2040,10.208118,40,0.0140799992,11
2041,10.212162,40,0.0140799992,11
2042,10.217059,40,0.0140799992,11
2043,10.221963,40,0.0140799992,11
2044,10.227901,39.875,0.0140799992,11
2045,10.232806,39.875,0.0140799992,11
2046,10.238175,39.875,0.0140799992,11
2047,10.243068,39.875,0.0140799992,11
2048,10.247976,39.875,0.0140799992,11
2049,10.251999,39.875,0.0140799992,11
2050,10.258238,39.875,0.0140799992,11
2051,10.263326,39.875,0.0140799992,11
2052,10.267182,39.875,0.0140799992,11
2053,10.272074,39.875,0.0140799992,11
2054,10.277213,39.875,0.0140799992,11
2055,10.282938,39.875,0.0140799992,11
2056,10.287833,39.875,0.0140799992,11
2057,10.293269,39.875,0.0140799992,11
2058,10.298165,39.875,0.0140799992,11
2059,10.303261,39.875,0.0140799992,11
2060,10.307117,39.875,0.0140799992,11
2061,10.312010,39.875,0.0140799992,11
2062,10.317149,39.875,0.0140799992,11
2063,10.322303,39.875,0.0140799992,11
2064,10.327212,39.875,0.0140799992,11
2065,10.332585,39.875,0.0140799992,11
2066,10.338066,39.875,0.0140799992,11
2067,10.343197,39.875,0.0140799992,11
2068,10.347028,39.875,0.0140799992,11
2069,10.351921,39.875,0.0140799992,11
2070,10.357307,39.875,0.0140799992,11
2071,10.362202,39.875,0.0140799992,11
2072,10.367110,39.875,0.0140799992,11
2073,10.372556,39.875,0.0140799992,11
2074,10.377465,39.875,0.0140799992,11
2075,10.382862,39.875,0.0140799992,11
2076,10.388333,39.875,0.0140799992,11
2077,10.393467,39.875,0.0140799992,11
2078,10.397298,39.875,0.0140799992,11
2079,10.402191,39.875,0.0140799992,11
2080,10.407305,39.875,0.0140799992,11
2081,10.412488,39.875,0.0140799992,11
2082,10.417396,39.875,0.0140799992,11
2083,10.422772,39.875,0.0140799992,11
2084,10.427681,39.875,0.0140799992,11
2085,10.432570,39.875,0.0154899992,11.125
2086,10.438507,39.875,0.0154899992,11.125
2087,10.442076,39.875,0.0154899992,11.125
2088,10.447190,39.875,0.0154899992,11.125
2089,10.452345,39.875,0.0154899992,11.125
2090,10.457253,39.875,0.0154899992,11.125
2091,10.462601,39.875,0.0154899992,11.125
2092,10.467500,39.875,0.0154899992,11.125
2093,10.472405,39.875,0.0154899992,11.125
2094,10.477874,39.875,0.0154899992,11.125
2095,10.482766,39.875,0.0154899992,11.125
2096,10.487908,39.875,0.0154899992,11.125
2097,10.492230,39.875,0.0154899992,11.125
2098,10.497129,39.875,0.0154899992,11.125
2099,10.502511,39.875,0.0154899992,11.125
2100,10.507410,39.875,0.0154899992,11.125
2101,10.512315,39.875,0.0154899992,11.125
2102,10.517784,39.875,0.0154899992,11.125
2103,10.522676,39.875,0.0154899992,11.125
2104,10.527818,39.875,0.0154899992,11.125
2105,10.532968,39.875,0.0154899992,11.125
2106,10.537877,39.875,0.0154899992,11.125
2107,10.543833,39.875,0.0154899992,11.125
2108,10.547398,39.875,0.0154899992,11.125
2109,10.552509,39.875,0.0154899992,11.125
2110,10.557696,39.875,0.0154899992,11.125
2111,10.562585,39.875,0.0154899992,11.125
2112,10.567973,39.875,0.0154899992,11.125
2113,10.572869,39.875,0.0154899992,11.125
2114,10.577778,39.875,0.0154899992,11.125
2115,10.583214,39.875,0.0154899992,11.125
2116,10.588110,39.875,0.0154899992,11.125
2117,10.593246,39.875,0.0154899992,11.125
2118,10.597575,39.875,0.0154899992,11.125
2119,10.602470,39.875,0.0154899992,11.125
2120,10.607863,39.875,0.0154899992,11.125
2121,10.612768,39.875,0.0154899992,11.125
2122,10.617873,39.875,0.0154899992,11.125
2123,10.623048,39.875,0.0154899992,11.125
2124,10.627956,39.875,0.0154899992,11.125
2125,10.633328,39.875,0.0154899992,11.125
2126,10.638227,39.875,0.0154899992,11.125
2127,10.643131,39.875,0.0154899992,11.125
2128,10.647226,39.875,0.0154899992,11.125
2129,10.652642,39.875,0.0154899992,11.125
2130,10.657574,39.875,0.0154899992,11.125
2131,10.663011,39.875,0.0154899992,11.125
2132,10.667906,39.875,0.0154899992,11.125
2133,10.672996,39.875,0.0154899992,11.125
2134,10.678175,39.875,0.0154899992,11.125
2135,10.683080,39.875,0.0154899992,11.125
2136,10.687127,39.875,0.0154899992,11.125
2137,10.692019,39.875,0.0154899992,11.125
2138,10.696927,39.875,0.0154899992,11.125
2139,10.702851,39.875,0.0154899992,11.125
2140,10.707760,39.875,0.0154899992,11.125
2141,10.712857,39.875,0.0154899992,11.125
2142,10.718036,39.875,0.0154899992,11.125
2143,10.722940,39.875,0.0154899992,11.125
2144,10.726971,39.875,0.0154899992,11.125
2145,10.733204,39.875,0.0154899992,11.125
2146,10.738326,39.875,0.0154899992,11.125
2147,10.742178,39.875,0.0154899992,11.125
2148,10.747075,39.875,0.0154899992,11.125
2149,10.752163,39.875,0.0154899992,11.125
2150,10.757875,39.875,0.0154899992,11.125
2151,10.762780,39.875,0.0154899992,11.125
2152,10.768149,39.875,0.0154899992,11.125
2153,10.773042,39.875,0.0154899992,11.125
2154,10.777950,39.875,0.0154899992,11.125
2155,10.781976,39.875,0.0154899992,11.125
2156,10.788212,39.875,0.0154899992,11.125
2157,10.791987,39.875,0.0154899992,11.125
2158,10.797157,39.875,0.0154899992,11.125
2159,10.802062,39.875,0.0154899992,11.125
2160,10.807434,39.875,0.0154899992,11.125
2161,10.812912,39.875,0.0154899992,11.125
2162,10.817808,39.875,0.0154899992,11.125
2163,10.823229,39.875,0.0154899992,11.125
2164,10.828125,39.875,0.0154899992,11.125
2165,10.833260,39.875,0.0154899992,11.125
2166,10.837091,39.875,0.0154899992,11.125
2167,10.841984,39.875,0.0154899992,11.125
2168,10.847370,39.875,0.0154899992,11.125
2169,10.852265,39.875,0.0154899992,11.125
2170,10.857173,39.875,0.0154899992,11.125
2171,10.863112,39.875,0.0154899992,11.125
2172,10.868011,39.875,0.0154899992,11.125
2173,10.873113,39.875,0.0154899992,11.125
2174,10.876977,39.875,0.0154899992,11.125
2175,10.883209,39.875,0.0154899992,11.125
2176,10.886988,39.875,0.0154899992,11.125
2177,10.892139,39.875,0.0154899992,11.125
2178,10.897047,39.875,0.0154899992,11.125
2179,10.902444,39.875,0.0154899992,11.125
2180,10.907559,39.875,0.0154899992,11.125
2181,10.912465,39.875,0.0154899992,11.125
2182,10.918444,39.875,0.0154899992,11.125
2183,10.922012,39.875,0.0154899992,11.125
2184,10.926908,39.875,0.0154899992,11.125
2185,10.932351,39.875,0.0154899992,11.125
2186,10.937247,39.875,0.0154899992,11.125
2187,10.942383,39.875,0.0154899992,11.125
2188,10.947542,39.875,0.0154899992,11.125
2189,10.952447,39.875,0.0154899992,11.125
2190,10.957826,39.875,0.0154899992,11.125
2191,10.962732,39.875,0.0154899992,11.125
2192,10.967623,39.875,0.0154899992,11.125
2193,10.973561,39.875,0.0154899992,11.125
2194,10.977132,39.875,0.0154899992,11.125
2195,10.982242,39.875,0.0154899992,11.125
2196,10.987402,39.875,0.0154899992,11.125
2197,10.992307,39.875,0.0154899992,11.125
2198,10.997753,39.875,0.0154899992,11.125
2199,11.002641,39.875,0.0154899992,11.125
2200,11.007760,39.875,0.0154899992,11.125
2201,11.012922,39.875,0.0154899992,11.125
2202,11.017832,39.875,0.0154899992,11.125
2203,11.023226,39.875,0.0154899992,11.125
2204,11.027329,39.875,0.0154899992,11.125
2205,11.037373,39.875,0.0154899992,11.125
2206,11.039702,39.875,0.0154899992,11.125
2207,11.043550,39.875,0.0154899992,11.125
2208,11.048449,39.875,0.0154899992,11.125
2209,11.053379,39.875,0.0154899992,11.125
2210,11.057419,39.875,0.0154899992,11.125
2211,11.062314,39.875,0.0154899992,11.125
2212,11.068777,39.875,0.0154899992,11.125
2213,11.072583,39.875,0.0154899992,11.125
2214,11.077516,39.875,0.0154899992,11.125
2215,11.083431,39.875,0.0154899992,11.125
2216,11.088330,39.875,0.0154899992,11.125
2217,11.093235,39.875,0.0154899992,11.125
2218,11.098675,39.875,0.0154899992,11.125
2219,11.103564,39.875,0.0154899992,11.125
2220,11.108661,39.875,0.0154899992,11.125
2221,11.112497,39.875,0.0154899992,11.125
2222,11.117405,39.875,0.0154899992,11.125
2223,11.122494,39.875,0.0154899992,11.125
2224,11.127697,39.875,0.0154899992,11.125
2225,11.132585,39.875,0.0154899992,11.125
2226,11.138259,39.875,0.0154899992,11.125
2227,11.143439,39.875,0.0154899992,11.125
2228,11.148347,39.875,0.0154899992,11.125
2229,11.153701,39.875,0.0154899992,11.125
2230,11.158593,39.875,0.0154899992,11.125
2231,11.163498,39.875,0.0154899992,11.125
2232,11.167542,39.875,0.0154899992,11.125
2233,11.172438,39.875,0.0154899992,11.125
2234,11.177553,39.875,0.0154899992,11.125
2235,11.182724,39.875,0.0154899992,11.125
2236,11.187616,39.875,0.0154899992,11.125
2237,11.193007,39.875,0.0154899992,11.125
2238,11.198433,39.875,0.0154899992,11.125
2239,11.203363,39.875,0.0154899992,11.125
2240,11.207403,39.875,0.0154899992,11.125
2241,11.212297,39.875,0.0154899992,11.125
2242,11.218557,39.875,0.0154899992,11.125
2243,11.222591,39.875,0.0154899992,11.125
2244,11.227490,39.875,0.0154899992,11.125
2245,11.232396,39.875,0.0154899992,11.125
2246,11.237853,39.875,0.0154899992,11.125
2247,11.242746,39.875,0.0154899992,11.125
2248,11.247860,39.875,0.0154899992,11.125
2249,11.253565,39.875,0.0154899992,11.125
2250,11.258474,39.875,0.0154899992,11.125
2251,11.262516,39.875,0.0154899992,11.125
2252,11.267415,39.875,0.0154899992,11.125
2253,11.272321,39.875,0.0154899992,11.125
2254,11.277789,39.875,0.0154899992,11.125
2255,11.282681,39.875,0.0154899992,11.125
2256,11.287598,39.875,0.0154899992,11.125
2257,11.293024,39.875,0.0154899992,11.125
2258,11.297920,39.875,0.0154899992,11.125
2259,11.303031,39.875,0.0154899992,11.125
2260,11.307360,39.875,0.0154899992,11.125
2261,11.313595,39.875,0.0154899992,11.125
2262,11.317641,39.875,0.0154899992,11.125
2263,11.322536,39.875,0.0154899992,11.125
2264,11.327444,39.875,0.0154899992,11.125
2265,11.332885,39.875,0.0154899992,11.125
2266,11.337780,39.875,0.0154899992,11.125
2267,11.342871,39.875,0.0154899992,11.125
2268,11.348050,39.875,0.0154899992,11.125
2269,11.352954,39.875,0.0154899992,11.125
2270,11.358888,39.875,0.0154899992,11.125
2271,11.362450,39.875,0.0154899992,11.125
2272,11.367370,39.875,0.0154899992,11.125
2273,11.372846,39.875,0.0154899992,11.125
2274,11.377741,39.875,0.0154899992,11.125
2275,11.382831,39.875,0.0154899992,11.125
2276,11.388011,39.875,0.0154899992,11.125
2277,11.392916,39.875,0.0154899992,11.125
2278,11.398288,39.875,0.0154899992,11.125
2279,11.403184,39.875,0.0154899992,11.125
2280,11.408092,39.875,0.0154899992,11.125
2281,11.413538,39.875,0.0154899992,11.125
2282,11.417679,39.875,0.0154899992,11.125
2283,11.422567,39.875,0.0154899992,11.125
2284,11.428023,39.875,0.0154899992,11.125
2285,11.432916,39.875,0.0154899992,11.125
2286,11.438299,39.875,0.0154899992,11.125
2287,11.443195,39.875,0.0154899992,11.125
2288,11.448103,39.875,0.0154899992,11.125
2289,11.453549,39.875,0.0154899992,11.125
2290,11.458458,39.875,0.0154899992,11.125
2291,11.463550,39.875,0.0154899992,11.125
2292,11.467907,39.875,0.0154899992,11.125
2293,11.472813,39.875,0.0154899992,11.125
2294,11.478210,39.875,0.0154899992,11.125
2295,11.483103,39.875,0.0154899992,11.125
2296,11.488011,39.875,0.0154899992,11.125
2297,11.493463,39.875,0.0154899992,11.125
2298,11.498372,39.875,0.0154899992,11.125
2299,11.503461,39.625,0.0154899992,11.125
2300,11.507353,39.625,0.0154899992,11.125
2301,11.513586,39.625,0.0154899992,11.125
2302,11.517397,39.625,0.0154899992,11.125
2303,11.523123,39.625,0.0154899992,11.125
2304,11.528019,39.625,0.0154899992,11.125
2305,11.533463,39.625,0.0154899992,11.125
2306,11.538372,39.625,0.0154899992,11.125
2307,11.543725,39.625,0.0154899992,11.125
2308,11.547289,39.625,0.0154899992,11.125
2309,11.553522,39.625,0.0154899992,11.125
2310,11.557616,39.625,0.0154899992,11.125
2311,11.562512,39.625,0.0154899992,11.125
2312,11.567445,39.625,0.0154899992,11.125
2313,11.573373,39.625,0.0154899992,11.125
2314,11.578270,39.625,0.0154899992,11.125
2315,11.583629,39.625,0.0154899992,11.125
2316,11.588527,39.625,0.0154899992,11.125
2317,11.593433,39.625,0.0154899992,11.125
2318,11.597502,39.625,0.0154899992,11.125
2319,11.602397,39.625,0.0154899992,11.125
2320,11.607305,39.625,0.0154899992,11.125
2321,11.612760,39.625,0.0154899992,11.125
2322,11.617655,39.625,0.0154899992,11.125
2323,11.623064,39.625,0.0154899992,11.125
2324,11.628472,39.625,0.0154899992,11.125
2325,11.633368,39.625,0.0154899992,11.125
2326,11.638921,39.625,0.0154899992,11.125
2327,11.642482,39.625,0.0154899992,11.125
2328,11.647378,39.625,0.0154899992,11.125
2329,11.652758,39.625,0.0154899992,11.125
2330,11.657666,39.625,0.0154899992,11.125
2331,11.662555,39.625,0.0154899992,11.125
2332,11.668013,39.625,0.0154899992,11.125
2333,11.672905,39.625,0.0154899992,11.125
2334,11.677830,39.625,0.0154899992,11.125
2335,11.683728,39.625,0.0154899992,11.125
2336,11.687293,39.625,0.0154899992,11.125
2337,11.692404,39.625,0.0154899992,11.125
2338,11.697588,39.625,0.0154899992,11.125
2339,11.702493,39.625,0.0154899992,11.125
2340,11.707897,39.625,0.0154899992,11.125
2341,11.712802,39.625,0.0184699986,11.5
2342,11.717697,39.625,0.0184699986,11.5
2343,11.723134,39.625,0.0184699986,11.5
2344,11.728030,39.625,0.0184699986,11.5
2345,11.733165,39.625,0.0184699986,11.5
2346,11.737495,39.625,0.0184699986,11.5
2347,11.742387,39.625,0.0184699986,11.5
2348,11.747782,39.625,0.0184699986,11.5
2349,11.752687,39.625,0.0184699986,11.5
2350,11.757814,39.625,0.0184699986,11.5
2351,11.762968,39.625,0.0184699986,11.5
2352,11.767877,39.625,0.0184699986,11.5
2353,11.773248,39.625,0.0184699986,11.5
2354,11.778144,39.625,0.0184699986,11.5
2355,11.783049,39.625,0.0184699986,11.5
2356,11.789016,39.625,0.0184699986,11.5
2357,11.792568,39.625,0.0184699986,11.5
2358,11.797709,39.625,0.0184699986,11.5
2359,11.802854,39.625,0.0184699986,11.5
2360,11.807763,39.625,0.0184699986,11.5
2361,11.813134,39.625,0.0184699986,11.5
2362,11.818033,39.625,0.0184699986,11.5
2363,11.822937,39.625,0.0184699986,11.5
2364,11.828355,39.625,0.0184699986,11.5
2365,11.833248,39.625,0.0184699986,11.5
2366,11.838385,39.625,0.0184699986,11.5
2367,11.842721,39.625,0.0184699986,11.5
2368,11.847613,39.625,0.0184699986,11.5
2369,11.852754,39.625,0.0184699986,11.5
2370,11.857906,39.625,0.0184699986,11.5
2371,11.862812,39.625,0.0184699986,11.5
2372,11.868183,39.625,0.0184699986,11.5
2373,11.873076,39.625,0.0184699986,11.5
2374,11.877985,39.625,0.0184699986,11.5
2375,11.883386,39.625,0.0184699986,11.5
2376,11.888294,39.625,0.0184699986,11.5
2377,11.893716,39.625,0.0184699986,11.5
2378,11.897777,39.625,0.0184699986,11.5
2379,11.902682,39.625,0.0184699986,11.5
2380,11.907813,39.625,0.0184699986,11.5
2381,11.912977,39.625,0.0184699986,11.5
2382,11.917886,39.625,0.0184699986,11.5
2383,11.923258,39.625,0.0184699986,11.5
2384,11.928397,39.625,0.0184699986,11.5
2385,11.933302,39.625,0.0184699986,11.5
2386,11.938400,39.625,0.0184699986,11.5
2387,11.944129,39.625,0.0184699986,11.5
2388,11.947698,39.625,0.0184699986,11.5
2389,11.952818,39.625,0.0184699986,11.5
2390,11.957970,39.625,0.0184699986,11.5
2391,11.962876,39.625,0.0184699986,11.5
2392,11.968248,39.625,0.0184699986,11.5
2393,11.973141,39.625,0.0184699986,11.5
2394,11.978050,39.625,0.0184699986,11.5
2395,11.983501,39.625,0.0184699986,11.5
2396,11.988410,39.625,0.0184699986,11.5
2397,11.993326,39.625,0.0184699986,11.5
2398,11.997434,39.625,0.0184699986,11.5
2399,12.002875,39.625,0.0184699986,11.5
2400,12.007784,39.625,0.0184699986,11.5
2401,12.013244,39.625,0.0184699986,11.5
2402,12.018139,39.625,0.0184699986,11.5
2403,12.023250,39.625,0.0184699986,11.5
2404,12.028433,39.625,0.0184699986,11.5
2405,12.038483,39.625,0.0184699986,11.5
2406,12.040798,39.625,0.0184699986,11.5
2407,12.044627,39.625,0.0184699986,11.5
2408,12.049536,39.625,0.0184699986,11.5
2409,12.053602,39.625,0.0184699986,11.5
2410,12.059060,39.625,0.0184699986,11.5
2411,12.063952,39.625,0.0184699986,11.5
2412,12.069091,39.625,0.0184699986,11.5
2413,12.074246,39.625,0.0184699986,11.5
2414,12.079154,39.625,0.0184699986,11.5
2415,12.084577,39.625,0.0184699986,11.5
2416,12.089486,39.625,0.0184699986,11.5
2417,12.094614,39.625,0.0184699986,11.5
2418,12.098425,39.625,0.0184699986,11.5
2419,12.104675,39.625,0.0184699986,11.5
2420,12.108501,39.625,0.0184699986,11.5
2421,12.114227,39.625,0.0184699986,11.5
2422,12.119123,39.625,0.0184699986,11.5
2423,12.124512,39.625,0.0184699986,11.5
2424,12.129411,39.625,0.0184699986,11.5
2425,12.134316,39.625,0.0184699986,11.5
2426,12.139757,39.625,0.0184699986,11.5
2427,12.144645,39.625,0.0184699986,11.5
2428,12.150010,39.625,0.0184699986,11.5
2429,12.153563,39.625,0.0184699986,11.5
2430,12.158472,39.625,0.0184699986,11.5
2431,12.163953,39.625,0.0184699986,11.5
2432,12.169405,39.625,0.0184699986,11.5
2433,12.174790,39.625,0.0184699986,11.5
2434,12.179698,39.625,0.0184699986,11.5
2435,12.184611,39.625,0.0184699986,11.5
2436,12.188631,39.625,0.0184699986,11.5
2437,12.193526,39.625,0.0184699986,11.5
2438,12.198435,39.625,0.0184699986,11.5
2439,12.203890,39.625,0.0184699986,11.5
2440,12.208785,39.625,0.0184699986,11.5
2441,12.213878,39.625,0.0184699986,11.5
2442,12.219601,39.625,0.0184699986,11.5
2443,12.224507,39.625,0.0184699986,11.5
2444,12.228606,39.625,0.0184699986,11.5
2445,12.233501,39.625,0.0184699986,11.5
2446,12.238410,39.625,0.0184699986,11.5
2447,12.243875,39.625,0.0184699986,11.5
2448,12.248771,39.625,0.0184699986,11.5
2449,12.253692,39.625,0.0184699986,11.5
2450,12.259114,39.625,0.0184699986,11.5
2451,12.264007,39.625,0.0184699986,11.5
2452,12.269145,39.625,0.0184699986,11.5
2453,12.273474,39.625,0.0184699986,11.5
2454,12.279717,39.625,0.0184699986,11.5
2455,12.283762,39.625,0.0184699986,11.5
2456,12.288670,39.625,0.0184699986,11.5
2457,12.293558,39.625,0.0184699986,11.5
2458,12.298999,39.625,0.0184699986,11.5
2459,12.303892,39.625,0.0184699986,11.5
2460,12.308985,39.625,0.0184699986,11.5
2461,12.314161,39.625,0.0184699986,11.5
2462,12.319589,39.625,0.0184699986,11.5
2463,12.323616,39.625,0.0184699986,11.5
2464,12.328514,39.625,0.0184699986,11.5
2465,12.333420,39.625,0.0184699986,11.5
2466,12.338860,39.625,0.0184699986,11.5
2467,12.343752,39.625,0.0184699986,11.5
2468,12.348849,39.625,0.0184699986,11.5
2469,12.354022,39.625,0.0184699986,11.5
2470,12.358929,39.625,0.0184699986,11.5
2471,12.364327,39.625,0.0184699986,11.5
2472,12.369226,39.625,0.0184699986,11.5
2473,12.374669,39.625,0.0184699986,11.5
2474,12.378682,39.625,0.0184699986,11.5
2475,12.383571,39.625,0.0184699986,11.5
2476,12.388480,39.625,0.0184699986,11.5
2477,12.393934,39.625,0.0184699986,11.5
2478,12.398830,39.625,0.0184699986,11.5
2479,12.403954,39.625,0.0184699986,11.5
2480,12.409125,39.625,0.0184699986,11.5
2481,12.414030,39.625,0.0184699986,11.5
2482,12.419401,39.625,0.0184699986,11.5
2483,12.424296,39.625,0.0184699986,11.5
2484,12.428413,39.625,0.0184699986,11.5
2485,12.433870,39.625,0.0184699986,11.5
2486,12.438766,39.625,0.0184699986,11.5
2487,12.443687,39.625,0.0184699986,11.5
2488,12.449109,39.625,0.0184699986,11.5
2489,12.454002,39.625,0.0184699986,11.5
2490,12.459140,39.625,0.0184699986,11.5
2491,12.464295,39.625,0.0184699986,11.5
2492,12.469203,39.625,0.0184699986,11.5
2493,12.474576,39.625,0.0184699986,11.5
2494,12.479475,39.625,0.0184699986,11.5
2495,12.483588,39.625,0.0184699986,11.5
2496,12.489045,39.625,0.0184699986,11.5
2497,12.493937,39.625,0.0184699986,11.5
2498,12.499035,39.625,0.0184699986,11.5
2499,12.504206,39.625,0.0184699986,11.5
2500,12.509113,39.625,0.0184699986,11.5
2501,12.514487,39.625,0.0184699986,11.5
2502,12.519386,39.625,0.0184699986,11.5
2503,12.524291,39.625,0.0184699986,11.5
2504,12.529756,39.625,0.0184699986,11.5
2505,12.534644,39.625,0.0184699986,11.5
2506,12.539745,39.625,0.0184699986,11.5
2507,12.544091,39.625,0.0184699986,11.5
2508,12.548991,39.625,0.0184699986,11.5
2509,12.554373,39.625,0.0184699986,11.5
2510,12.559270,39.625,0.0184699986,11.5
2511,12.564176,39.625,0.0184699986,11.5
2512,12.569597,39.625,0.0184699986,11.5
2513,12.574503,39.625,0.0184699986,11.5
2514,12.579927,39.625,0.0184699986,11.5
2515,12.583489,39.625,0.0184699986,11.5
2516,12.589728,39.625,0.0184699986,11.5
2517,12.593799,39.625,0.0184699986,11.5
2518,12.599237,39.625,0.0184699986,11.5
2519,12.604166,39.625,0.0184699986,11.5
2520,12.609583,39.625,0.0184699986,11.5
2521,12.614489,39.625,0.0184699986,11.5
2522,12.619606,39.625,0.0184699986,11.5
2523,12.623420,39.625,0.0184699986,11.5
2524,12.629673,39.625,0.0184699986,11.5
2525,12.635019,39.625,0.0184699986,11.5
2526,12.638574,39.625,0.0184699986,11.5
2527,12.643480,39.625,0.0184699986,11.5
2528,12.649418,39.625,0.0184699986,11.5
2529,12.654313,39.625,0.0184699986,11.5
2530,12.659222,39.625,0.0184699986,11.5
2531,12.664676,39.625,0.0184699986,11.5
2532,12.669568,39.625,0.0184699986,11.5
2533,12.674677,39.625,0.0184699986,11.5
2534,12.678519,39.625,0.0184699986,11.5
2535,12.683425,39.625,0.0184699986,11.5
2536,12.688825,39.625,0.0184699986,11.5
2537,12.693730,39.625,0.0184699986,11.5
2538,12.699130,39.625,0.0184699986,11.5
2539,12.704568,39.625,0.0184699986,11.5
2540,12.709477,39.625,0.0184699986,11.5
2541,12.714873,39.625,0.0184699986,11.5
2542,12.718438,39.625,0.0184699986,11.5
2543,12.724674,39.625,0.0184699986,11.5
2544,12.728721,39.625,0.0184699986,11.5
2545,12.733610,39.625,0.0184699986,11.5
2546,12.738743,39.625,0.0184699986,11.5
2547,12.743896,39.625,0.0184699986,11.5
2548,12.748804,39.625,0.0184699986,11.5
2549,12.754200,39.625,0.0184699986,11.5
2550,12.759631,39.625,0.0184699986,11.5
2551,12.764759,39.625,0.0184699986,11.5
2552,12.768600,39.625,0.0184699986,11.5
2553,12.773506,39.625,0.0184699986,11.5
2554,12.778635,39.625,0.0184699986,11.5
2555,12.783832,39.625,0.0184699986,11.5
2556,12.788740,39.625,0.0184699986,11.5
2557,12.794112,39.625,0.0184699986,11.5
2558,12.799011,39.625,0.0184699986,11.5
2559,12.803916,39.625,0.0184699986,11.5
2560,12.809392,39.625,0.0184699986,11.5
2561,12.813483,39.625,0.0184699986,11.5
2562,12.819970,39.625,0.0184699986,11.5
2563,12.823791,39.625,0.0184699986,11.5
2564,12.828687,39.625,0.0184699986,11.5
2565,12.833784,39.625,0.0184699986,11.5
2566,12.838959,39.625,0.0184699986,11.5
2567,12.843865,39.625,0.0184699986,11.5
2568,12.849236,39.625,0.0184699986,11.5
2569,12.854129,39.625,0.0184699986,11.5
2570,12.859061,39.625,0.0184699986,11.5
2571,12.864982,39.625,0.0184699986,11.5
2572,12.868537,39.625,0.0184699986,11.5
2573,12.873442,39.625,0.0184699986,11.5
2574,12.878894,39.625,0.0184699986,11.5
2575,12.883786,39.625,0.0184699986,11.5
2576,12.889197,39.625,0.0184699986,11.5
2577,12.894089,39.625,0.0184699986,11.5
2578,12.899022,39.625,0.0184699986,11.5
2579,12.904400,39.625,0.0184699986,11.5
2580,12.909308,39.625,0.0184699986,11.5
2581,12.914754,39.625,0.0184699986,11.5
2582,12.918841,39.625,0.0184699986,11.5
2583,12.923747,39.625,0.0184699986,11.5
2584,12.928638,39.625,0.0184699986,11.5
2585,12.934068,39.625,0.0184699986,11.5
2586,12.938964,39.625,0.0184699986,11.5
2587,12.944099,39.625,0.0184699986,11.5
2588,12.949502,39.625,0.0184699986,11.5
2589,12.954408,39.625,0.0184699986,11.5
2590,12.959538,39.625,0.0184699986,11.5
2591,12.964697,39.625,0.0184699986,11.5
2592,12.968814,39.625,0.0184699986,11.5
2593,12.973908,39.625,0.0184699986,11.5
2594,12.979085,39.625,0.0184699986,11.5
2595,12.983990,39.625,0.0184699986,11.5
2596,12.989114,39.625,0.0184699986,11.5
2597,12.994269,39.625,0.0189499985,11.875
2598,12.999177,39.625,0.0189499985,11.875
2599,13.004550,39.625,0.0189499985,11.875
2600,13.009449,39.625,0.0189499985,11.875
2601,13.014355,39.625,0.0189499985,11.875
2602,13.020318,39.625,0.0189499985,11.875
2603,13.023887,39.625,0.0189499985,11.875
2604,13.028806,39.625,0.0189499985,11.875
2605,13.039092,39.625,0.0189499985,11.875
2606,13.041313,39.625,0.0189499985,11.875
2607,13.044879,39.625,0.0189499985,11.875
2608,13.049982,39.625,0.0189499985,11.875
2609,13.055275,39.625,0.0189499985,11.875
2610,13.060171,39.625,0.0189499985,11.875
2611,13.065076,39.625,0.0189499985,11.875
2612,13.069144,39.625,0.0189499985,11.875
2613,13.074610,39.625,0.0189499985,11.875
2614,13.079518,39.625,0.0189499985,11.875
2615,13.084977,39.625,0.0189499985,11.875
2616,13.089873,39.625,0.0189499985,11.875
2617,13.094988,39.625,0.0189499985,11.875
2618,13.100139,39.625,0.0189499985,11.875
2619,13.105045,39.625,0.0189499985,11.875
2620,13.109094,39.625,0.0189499985,11.875
2621,13.115327,39.625,0.0189499985,11.875
2622,13.120457,39.625,0.0189499985,11.875
2623,13.124285,39.625,0.0189499985,11.875
2624,13.129697,39.625,0.0189499985,11.875
2625,13.134827,39.625,0.0189499985,11.875
2626,13.139975,39.625,0.0189499985,11.875
2627,13.144881,39.625,0.0189499985,11.875
2628,13.150256,39.625,0.0189499985,11.875
2629,13.155149,39.625,0.0189499985,11.875
2630,13.160274,39.625,0.0189499985,11.875
2631,13.164095,39.625,0.0189499985,11.875
2632,13.170332,39.625,0.0189499985,11.875
2633,13.175685,39.625,0.0189499985,11.875
2634,13.179249,39.625,0.0189499985,11.875
2635,13.184707,39.625,0.0189499985,11.875
2636,13.190122,39.625,0.0189499985,11.875
2637,13.195015,39.625,0.0189499985,11.875
2638,13.200400,39.625,0.0189499985,11.875
2639,13.205295,39.625,0.0189499985,11.875
2640,13.210228,39.625,0.0189499985,11.875
2641,13.214274,39.625,0.0189499985,11.875
2642,13.219173,39.625,0.0189499985,11.875
2643,13.224078,39.625,0.0189499985,11.875
2644,13.229512,39.625,0.0189499985,11.875
2645,13.234418,39.625,0.0189499985,11.875
2646,13.239817,39.625,0.0189499985,11.875
2647,13.245237,39.625,0.0189499985,11.875
2648,13.250354,39.625,0.0189499985,11.875
2649,13.254176,39.625,0.0189499985,11.875
2650,13.259072,39.625,0.0189499985,11.875
2651,13.264161,39.625,0.0189499985,11.875
2652,13.269347,39.625,0.0189499985,11.875
2653,13.274252,39.625,0.0189499985,11.875
2654,13.279691,39.625,0.0189499985,11.875
2655,13.284580,39.625,0.0189499985,11.875
2656,13.289712,39.625,0.0189499985,11.875
2657,13.295418,39.625,0.0189499985,11.875
2658,13.300326,39.625,0.0189499985,11.875
2659,13.304368,39.625,0.0189499985,11.875
2660,13.309267,39.625,0.0189499985,11.875
2661,13.314411,39.625,0.0189499985,11.875
2662,13.319565,39.625,0.0189499985,11.875
2663,13.324470,39.625,0.0189499985,11.875
2664,13.329848,39.625,0.0189499985,11.875
2665,13.334754,39.625,0.0189499985,11.875
2666,13.339645,39.625,0.0189499985,11.875
2667,13.345086,39.625,0.0189499985,11.875
2668,13.349982,39.625,0.0189499985,11.875
2669,13.355364,39.625,0.0189499985,11.875
2670,13.359472,39.625,0.0189499985,11.875
2671,13.364377,39.625,0.0189499985,11.875
2672,13.369833,39.625,0.0189499985,11.875
2673,13.374725,39.625,0.0189499985,11.875
2674,13.380111,39.625,0.0189499985,11.875
2675,13.385004,39.625,0.0189499985,11.875
2676,13.389913,39.625,0.0189499985,11.875
2677,13.395331,39.625,0.0189499985,11.875
2678,13.400226,39.625,0.0189499985,11.875
2679,13.405362,39.625,0.0189499985,11.875
2680,13.409698,39.625,0.0189499985,11.875
2681,13.414587,39.625,0.0189499985,11.875
2682,13.419975,39.625,0.0189499985,11.875
2683,13.424871,39.625,0.0189499985,11.875
2684,13.429796,39.625,0.0189499985,11.875
2685,13.435191,39.625,0.0189499985,11.875
2686,13.440087,39.625,0.0189499985,11.875
2687,13.445198,39.625,0.0189499985,11.875
2688,13.449100,39.625,0.0189499985,11.875
2689,13.455333,39.625,0.0189499985,11.875
2690,13.460739,39.625,0.0189499985,11.875
2691,13.464833,39.625,0.0189499985,11.875
2692,13.469728,39.625,0.0189499985,11.875
2693,13.475152,39.625,0.0189499985,11.875
2694,13.480047,39.625,0.0189499985,11.875
2695,13.484976,39.625,0.0189499985,11.875
2696,13.490377,39.625,0.0189499985,11.875
2697,13.495281,39.625,0.0189499985,11.875
2698,13.500373,39.625,0.0189499985,11.875
2699,13.504225,39.625,0.0189499985,11.875
2700,13.509121,39.625,0.0189499985,11.875
2701,13.514210,39.625,0.0189499985,11.875
2702,13.519956,39.625,0.0189499985,11.875
2703,13.524848,39.625,0.0189499985,11.875
2704,13.530221,39.625,0.0189499985,11.875
2705,13.535113,39.625,0.0189499985,11.875
2706,13.540022,39.625,0.0189499985,11.875
2707,13.545449,39.625,0.0189499985,11.875
2708,13.550358,39.625,0.0189499985,11.875
2709,13.555471,39.625,0.0189499985,11.875
2710,13.559300,39.625,0.0189499985,11.875
2711,13.564192,39.625,0.0189499985,11.875
2712,13.569866,39.625,0.0189499985,11.875
2713,13.575015,39.625,0.0189499985,11.875
2714,13.579923,39.625,0.0189499985,11.875
2715,13.585024,39.625,0.0189499985,11.875
2716,13.590181,39.625,0.0189499985,11.875
2717,13.595086,39.625,0.0189499985,11.875
2718,13.600458,39.625,0.0189499985,11.875
2719,13.605354,39.625,0.0189499985,11.875
2720,13.610263,39.625,0.0189499985,11.875
2721,13.614306,39.625,0.0189499985,11.875
2722,13.619206,39.625,0.0189499985,11.875
2723,13.624686,39.625,0.0189499985,11.875
2724,13.630091,39.625,0.0189499985,11.875
2725,13.634984,39.625,0.0189499985,11.875
2726,13.640122,39.625,0.0189499985,11.875
2727,13.645277,39.625,0.0189499985,11.875
2728,13.650185,39.625,0.0189499985,11.875
2729,13.655558,39.625,0.0189499985,11.875
2730,13.659129,39.625,0.0189499985,11.875
2731,13.665362,39.625,0.0189499985,11.875
2732,13.669406,39.625,0.0189499985,11.875
2733,13.674300,39.625,0.0189499985,11.875
2734,13.679396,39.625,0.0189499985,11.875
2735,13.685207,39.625,0.0189499985,11.875
2736,13.690103,39.625,0.0189499985,11.875
2737,13.695518,39.625,0.0189499985,11.875
2738,13.699090,39.625,0.0189499985,11.875
2739,13.705323,39.625,0.0189499985,11.875
2740,13.709392,39.625,0.0189499985,11.875
2741,13.714286,39.625,0.0189499985,11.875
2742,13.719409,39.625,0.0189499985,11.875
2743,13.724573,39.625,0.0189499985,11.875
2744,13.729482,39.625,0.0189499985,11.875
2745,13.734860,39.625,0.0189499985,11.875
2746,13.740279,39.625,0.0189499985,11.875
2747,13.745185,39.625,0.0189499985,11.875
2748,13.749252,39.625,0.0189499985,11.875
2749,13.754148,39.625,0.0189499985,11.875
2750,13.759279,39.625,0.0189499985,11.875
2751,13.764434,39.625,0.0189499985,11.875
2752,13.769342,39.625,0.0189499985,11.875
2753,13.774696,39.625,0.0189499985,11.875
2754,13.779588,39.625,0.0189499985,11.875
2755,13.784494,39.625,0.0189499985,11.875
2756,13.790432,39.625,0.0189499985,11.875
2757,13.795325,39.625,0.0189499985,11.875
2758,13.800694,39.625,0.0189499985,11.875
2759,13.804256,39.625,0.0189499985,11.875
2760,13.809153,39.625,0.0189499985,11.875
2761,13.814589,39.625,0.0189499985,11.875
2762,13.819498,39.625,0.0189499985,11.875
2763,13.824866,39.625,0.0189499985,11.875
2764,13.829775,39.625,0.0189499985,11.875
2765,13.834667,39.625,0.0189499985,11.875
2766,13.840602,39.625,0.0189499985,11.875
2767,13.844170,39.625,0.0189499985,11.875
2768,13.849309,39.625,0.0189499985,11.875
2769,13.854464,39.625,0.0189499985,11.875
2770,13.859373,39.625,0.0189499985,11.875
2771,13.864727,39.625,0.0189499985,11.875
2772,13.869619,39.625,0.0189499985,11.875
2773,13.874549,39.625,0.0189499985,11.875
2774,13.879989,39.625,0.0189499985,11.875
2775,13.884882,39.625,0.0189499985,11.875
2776,13.889999,39.625,0.0189499985,11.875
2777,13.894325,39.625,0.0189499985,11.875
2778,13.899224,39.625,0.0189499985,11.875
2779,13.904334,39.625,0.0189499985,11.875
2780,13.909517,39.625,0.0189499985,11.875
2781,13.914423,39.625,0.0189499985,11.875
2782,13.919801,39.625,0.0189499985,11.875
2783,13.924706,39.625,0.0189499985,11.875
2784,13.929598,39.625,0.0189499985,11.875
2785,13.935039,39.625,0.0189499985,11.875
2786,13.939934,39.625,0.0189499985,11.875
2787,13.945341,39.625,0.0189499985,11.875
2788,13.949424,39.625,0.0189499985,11.875
2789,13.954330,39.625,0.0189499985,11.875
2790,13.959999,39.625,0.0189499985,11.875
2791,13.964894,39.625,0.0189499985,11.875
2792,13.969803,39.625,0.0189499985,11.875
2793,13.975225,39.625,0.0189499985,11.875
2794,13.980120,39.625,0.0189499985,11.875
2795,13.985256,39.625,0.0189499985,11.875
2796,13.989084,39.625,0.0189499985,11.875
2797,13.995317,39.625,0.0189499985,11.875
2798,13.999389,39.625,0.0189499985,11.875
2799,14.004817,39.625,0.0189499985,11.875
2800,14.009942,39.625,0.0189499985,11.875
2801,14.015109,39.625,0.0189499985,11.875
2802,14.020017,39.625,0.0189499985,11.875
2803,14.025389,39.625,0.0189499985,11.875
2804,14.030286,39.625,0.0189499985,11.875
2805,14.040324,39.625,0.0189499985,11.875
2806,14.042637,39.625,0.0189499985,11.875
2807,14.046487,39.625,0.0189499985,11.875
2808,14.051386,39.625,0.0189499985,11.875
2809,14.056805,39.625,0.0189499985,11.875
2810,14.060838,39.625,0.0189499985,11.875
2811,14.065744,39.625,0.0189499985,11.875
2812,14.070667,39.625,0.0189499985,11.875
2813,14.076065,39.625,0.0189499985,11.875
2814,14.080961,39.625,0.0189499985,11.875
2815,14.086086,39.625,0.0189499985,11.875
2816,14.091251,39.625,0.0189499985,11.875
2817,14.096156,39.625,0.0189499985,11.875
2818,14.101532,39.625,0.0189499985,11.875
2819,14.106427,39.625,0.0189499985,11.875
2820,14.110518,39.625,0.0189499985,11.875
2821,14.115975,39.625,0.0189499985,11.875
2822,14.120871,39.625,0.0189499985,11.875
2823,14.126304,39.625,0.0189499985,11.875
2824,14.131203,39.625,0.0189499985,11.875
2825,14.136132,39.625,0.0189499985,11.875
2826,14.141554,39.625,0.0189499985,11.875
2827,14.146460,39.625,0.0189499985,11.875
2828,14.151555,39.625,0.0189499985,11.875
2829,14.155391,39.625,0.0189499985,11.875
2830,14.160300,39.625,0.0189499985,11.875
2831,14.165417,39.625,0.0189499985,11.875
2832,14.171143,39.625,0.0189499985,11.875
2833,14.176035,39.625,0.0189499985,11.875
2834,14.181428,39.625,0.0189499985,11.875
2835,14.186324,39.625,0.0189499985,11.875
2836,14.191233,39.625,0.0189499985,11.875
2837,14.196675,39.625,0.0189499985,11.875
2838,14.201564,39.625,0.0189499985,11.875
2839,14.206689,39.625,0.0189499985,11.875
2840,14.210491,39.625,0.0189499985,11.875
2841,14.215397,39.625,0.0189499985,11.875
2842,14.220492,39.625,0.0189499985,11.875
2843,14.226242,39.625,0.0189499985,11.875
2844,14.231138,39.625,0.0189499985,11.875
2845,14.236528,39.625,0.0189499985,11.875
2846,14.241426,39.625,0.0189499985,11.875
2847,14.246515,39.625,0.0189499985,11.875
2848,14.250355,39.625,0.0189499985,11.875
2849,14.255260,39.625,0.0189499985,11.875
2850,14.260426,39.625,0.0189499985,11.875
2851,14.265583,39.625,0.0189499985,11.875
2852,14.270492,39.625,0.0189499985,11.875
2853,14.275870,39.625,0.0194300003,12.25
2854,14.281314,39.625,0.0194300003,12.25
2855,14.286450,39.625,0.0194300003,12.25
2856,14.290279,39.625,0.0194300003,12.25
2857,14.296512,39.625,0.0194300003,12.25
2858,14.300288,39.625,0.0194300003,12.25
2859,14.305468,39.625,0.0194300003,12.25
2860,14.310377,39.625,0.0194300003,12.25
2861,14.315780,39.625,0.0194300003,12.25
2862,14.320689,39.625,0.0194300003,12.25
2863,14.325577,39.625,0.0194300003,12.25
2864,14.331516,39.625,0.0194300003,12.25
2865,14.336409,39.625,0.0194300003,12.25
2866,14.341804,39.625,0.0194300003,12.25
2867,14.345366,39.625,0.0194300003,12.25
2868,14.350261,39.625,0.0194300003,12.25
2869,14.355715,39.625,0.0194300003,12.25
2870,14.360607,39.625,0.0194300003,12.25
2871,14.365728,39.625,0.0194300003,12.25
2872,14.370877,39.625,0.0194300003,12.25
2873,14.375782,39.625,0.0194300003,12.25
2874,14.381740,39.625,0.0194300003,12.25
2875,14.385302,39.625,0.0194300003,12.25
2876,14.390422,39.625,0.0194300003,12.25
2877,14.395574,39.625,0.0194300003,12.25
2878,14.400483,39.625,0.0194300003,12.25
2879,14.405836,39.625,0.0194300003,12.25
2880,14.410745,39.625,0.0194300003,12.25
2881,14.415633,39.625,0.0194300003,12.25
2882,14.421099,39.625,0.0194300003,12.25
2883,14.425992,39.625,0.0194300003,12.25
2884,14.431105,39.625,0.0194300003,12.25
2885,14.435484,39.625,0.0194300003,12.25
2886,14.440383,39.625,0.0194300003,12.25
2887,14.445772,39.625,0.0194300003,12.25
2888,14.450680,39.625,0.0194300003,12.25
2889,14.455569,39.625,0.0194300003,12.25
2890,14.461009,39.625,0.0194300003,12.25
2891,14.465902,39.625,0.0194300003,12.25
2892,14.471019,39.625,0.0194300003,12.25
2893,14.476171,39.625,0.0194300003,12.25
2894,14.481079,39.625,0.0194300003,12.25
2895,14.486451,39.625,0.0194300003,12.25
2896,14.491350,39.625,0.0194300003,12.25
2897,14.495413,39.625,0.0194300003,12.25
2898,14.500870,39.625,0.0194300003,12.25
2899,14.505762,39.625,0.0194300003,12.25
2900,14.510880,39.625,0.0194300003,12.25
2901,14.516032,39.625,0.0194300003,12.25
2902,14.520939,39.625,0.0194300003,12.25
2903,14.526312,39.625,0.0194300003,12.25
2904,14.531209,39.625,0.0194300003,12.25
2905,14.536113,39.625,0.0194300003,12.25
2906,14.541562,39.625,0.0194300003,12.25
2907,14.546468,39.625,0.0194300003,12.25
2908,14.551388,39.625,0.0194300003,12.25
2909,14.555424,39.625,0.0194300003,12.25
2910,14.560893,39.625,0.0194300003,12.25
2911,14.565798,39.625,0.0194300003,12.25
2912,14.571233,39.625,0.0194300003,12.25
2913,14.576126,39.625,0.0194300003,12.25
2914,14.581058,39.625,0.0194300003,12.25
2915,14.586480,39.625,0.0194300003,12.25
2916,14.591389,39.625,0.0194300003,12.25
2917,14.596520,39.625,0.0194300003,12.25
2918,14.600356,39.625,0.0194300003,12.25
2919,14.605768,39.625,0.0194300003,12.25
2920,14.610895,39.625,0.0194300003,12.25
2921,14.616047,39.625,0.0194300003,12.25
2922,14.620953,39.625,0.0194300003,12.25
2923,14.626352,39.625,0.0194300003,12.25
2924,14.631250,39.625,0.0194300003,12.25
2925,14.636343,39.625,0.0194300003,12.25
2926,14.641519,39.625,0.0194300003,12.25
2927,14.646424,39.625,0.0194300003,12.25
2928,14.651783,39.625,0.0194300003,12.25
2929,14.655614,39.625,0.0194300003,12.25
2930,14.661054,39.625,0.0194300003,12.25
2931,14.666166,39.625,0.0194300003,12.25
2932,14.671346,39.625,0.0194300003,12.25
2933,14.676251,39.625,0.0194300003,12.25
2934,14.680300,39.625,0.0194300003,12.25
2935,14.686536,39.625,0.0194300003,12.25
2936,14.691627,39.625,0.0194300003,12.25
2937,14.695478,39.625,0.0194300003,12.25
2938,14.700387,39.625,0.0194300003,12.25
2939,14.705501,39.625,0.0194300003,12.25
2940,14.711248,39.625,0.0194300003,12.25
2941,14.716141,39.625,0.0194300003,12.25
2942,14.721562,39.625,0.0194300003,12.25
2943,14.726468,39.625,0.0194300003,12.25
2944,14.731574,39.625,0.0194300003,12.25
2945,14.735410,39.625,0.0194300003,12.25
2946,14.740319,39.625,0.0194300003,12.25
2947,14.746748,39.625,0.0194300003,12.25
2948,14.750574,39.625,0.0194300003,12.25
2949,14.755480,39.625,0.0194300003,12.25
2950,14.760599,39.625,0.0194300003,12.25
2951,14.765755,39.625,0.0194300003,12.25
2952,14.771203,39.625,0.0194300003,12.25
2953,14.776586,39.625,0.0194300003,12.25
2954,14.781485,39.625,0.0194300003,12.25
2955,14.786633,39.625,0.0194300003,12.25
2956,14.790460,39.625,0.0194300003,12.25
2957,14.795366,39.625,0.0194300003,12.25
2958,14.800486,39.625,0.0194300003,12.25
2959,14.805641,39.625,0.0194300003,12.25
2960,14.810549,39.625,0.0194300003,12.25
2961,14.815928,39.625,0.0194300003,12.25
2962,14.820836,39.625,0.0194300003,12.25
2963,14.826509,39.625,0.0194300003,12.25
2964,14.830337,39.625,0.0194300003,12.25
2965,14.836569,39.625,0.0194300003,12.25
2966,14.840618,39.625,0.0194300003,12.25
2967,14.845514,39.625,0.0194300003,12.25
2968,14.850423,39.625,0.0194300003,12.25
2969,14.855863,39.625,0.0194300003,12.25
2970,14.860759,39.625,0.0194300003,12.25
2971,14.865876,39.625,0.0194300003,12.25
2972,14.871050,39.625,0.0194300003,12.25
2973,14.875954,39.625,0.0194300003,12.25
2974,14.881355,39.625,0.0194300003,12.25
2975,14.885437,39.625,0.0194300003,12.25
2976,14.890347,39.625,0.0194300003,12.25
2977,14.895799,39.625,0.0194300003,12.25
2978,14.900694,39.625,0.0194300003,12.25
2979,14.905796,39.625,0.0194300003,12.25
2980,14.910985,39.625,0.0194300003,12.25
2981,14.915890,39.625,0.0194300003,12.25
2982,14.921266,39.625,0.0194300003,12.25
2983,14.926161,39.625,0.0194300003,12.25
2984,14.931069,39.625,0.0194300003,12.25
2985,14.937033,39.625,0.0194300003,12.25
2986,14.940585,39.625,0.0194300003,12.25
2987,14.945722,39.625,0.0194300003,12.25
2988,14.950871,39.625,0.0194300003,12.25
2989,14.955777,39.625,0.0194300003,12.25
2990,14.961196,39.625,0.0194300003,12.25
2991,14.966089,39.625,0.0194300003,12.25
2992,14.971214,39.625,0.0194300003,12.25
2993,14.975277,39.625,0.0194300003,12.25
2994,14.981513,39.625,0.0194300003,12.25
2995,14.986938,39.625,0.0194300003,12.25
2996,14.990970,39.625,0.0194300003,12.25
2997,14.995875,39.625,0.0194300003,12.25
2998,15.000771,39.625,0.0194300003,12.25
2999,15.006197,39.625,0.0194300003,12.25
3000,15.011093,39.625,0.0194300003,12.25
3001,15.016229,39.625,0.0194300003,12.25
3002,15.021384,39.625,0.0194300003,12.25
3003,15.026289,39.625,0.0194300003,12.25
3004,15.031696,39.625,0.0194300003,12.25
3005,15.040601,39.625,0.0194300003,12.25
3006,15.043022,39.625,0.0194300003,12.25
3007,15.046924,39.625,0.0194300003,12.25
3008,15.051829,39.625,0.0194300003,12.25
3009,15.056956,39.625,0.0194300003,12.25
3010,15.060793,39.625,0.0194300003,12.25
3011,15.065685,39.625,0.0194300003,12.25
3012,15.070810,39.625,0.0194300003,12.25
3013,15.075958,39.625,0.0194300003,12.25
3014,15.080866,39.625,0.0194300003,12.25
3015,15.086238,39.625,0.0194300003,12.25
3016,15.091134,39.625,0.0194300003,12.25
3017,15.096064,39.625,0.0194300003,12.25
3018,15.102006,39.625,0.0194300003,12.25
3019,15.105558,39.625,0.0194300003,12.25
3020,15.112018,39.625,0.0194300003,12.25
3021,15.115843,39.625,0.0194300003,12.25
3022,15.120739,39.625,0.0194300003,12.25
3023,15.126124,39.625,0.0194300003,12.25
3024,15.131020,39.625,0.0194300003,12.25
3025,15.135925,39.625,0.0194300003,12.25
3026,15.141355,39.625,0.0194300003,12.25
3027,15.146261,39.625,0.0194300003,12.25
3028,15.151350,39.625,0.0194300003,12.25
3029,15.155711,39.625,0.0194300003,12.25
3030,15.160603,39.625,0.0194300003,12.25
3031,15.165720,39.625,0.0194300003,12.25
3032,15.170893,39.625,0.0194300003,12.25
3033,15.175799,39.625,0.0194300003,12.25
3034,15.181173,39.625,0.0194300003,12.25
3035,15.186067,39.625,0.0194300003,12.25
3036,15.191183,39.625,0.0194300003,12.25
3037,15.196340,39.625,0.0194300003,12.25
3038,15.201249,39.625,0.0194300003,12.25
3039,15.206621,39.625,0.0194300003,12.25
3040,15.210720,39.625,0.0194300003,12.25
3041,15.215609,39.625,0.0194300003,12.25
3042,15.221065,39.625,0.0194300003,12.25
3043,15.225957,39.625,0.0194300003,12.25
3044,15.231096,39.625,0.0194300003,12.25
3045,15.236251,39.625,0.0194300003,12.25
3046,15.241159,39.625,0.0194300003,12.25
3047,15.246532,39.625,0.0194300003,12.25
3048,15.251430,39.625,0.0194300003,12.25
3049,15.256336,39.625,0.0194300003,12.25
3050,15.262299,39.625,0.0194300003,12.25
3051,15.265865,39.625,0.0194300003,12.25
3052,15.270986,39.625,0.0194300003,12.25
3053,15.276137,39.625,0.0194300003,12.25
3054,15.281045,39.625,0.0194300003,12.25
3055,15.286417,39.625,0.0194300003,12.25
3056,15.291316,39.625,0.0194300003,12.25
3057,15.296221,39.625,0.0194300003,12.25
3058,15.301683,39.625,0.0194300003,12.25
3059,15.306572,39.625,0.0194300003,12.25
3060,15.311696,39.625,0.0194300003,12.25
3061,15.316852,39.625,0.0194300003,12.25
3062,15.320930,39.625,0.0194300003,12.25
3063,15.326056,39.625,0.0194300003,12.25
3064,15.331211,39.625,0.0194300003,12.25
3065,15.336116,39.625,0.0194300003,12.25
3066,15.341492,39.625,0.0194300003,12.25
3067,15.346387,39.625,0.0194300003,12.25
3068,15.351295,39.625,0.0194300003,12.25
3069,15.356814,39.625,0.0194300003,12.25
3070,15.361706,39.625,0.0194300003,12.25
3071,15.366827,39.625,0.0194300003,12.25
3072,15.370629,39.625,0.0194300003,12.25
3073,15.376881,39.625,0.0194300003,12.25
3074,15.380962,39.625,0.0194300003,12.25
3075,15.386396,39.625,0.0194300003,12.25
3076,15.391304,39.625,0.0194300003,12.25
3077,15.396444,39.625,0.0194300003,12.25
3078,15.401600,39.625,0.0194300003,12.25
3079,15.406505,39.625,0.0194300003,12.25
3080,15.411862,39.625,0.0194300003,12.25
3081,15.416770,39.625,0.0194300003,12.25
3082,15.421662,39.625,0.0194300003,12.25
3083,15.425710,39.625,0.0194300003,12.25
3084,15.430601,39.625,0.0194300003,12.25
3085,15.437062,39.625,0.0194300003,12.25
3086,15.441384,39.625,0.0194300003,12.25
3087,15.446279,39.625,0.0194300003,12.25
3088,15.451403,39.625,0.0194300003,12.25
3089,15.456574,39.625,0.0194300003,12.25
3090,15.461482,39.625,0.0194300003,12.25
3091,15.466839,39.625,0.0194300003,12.25
3092,15.471745,39.625,0.0194300003,12.25
3093,15.476633,39.625,0.0194300003,12.25
3094,15.480683,39.625,0.0194300003,12.25
3095,15.485572,39.625,0.0194300003,12.25
3096,15.492030,39.625,0.0194300003,12.25
3097,15.496359,39.625,0.0194300003,12.25
3098,15.501257,39.625,0.0194300003,12.25
3099,15.506640,39.625,0.0194300003,12.25
3100,15.511538,39.625,0.0194300003,12.25
3101,15.516659,39.625,0.0194300003,12.25
3102,15.521835,39.625,0.0194300003,12.25
3103,15.526744,39.625,0.0194300003,12.25
3104,15.532162,39.625,0.0194300003,12.25
3105,15.535728,39.625,0.0194300003,12.25
3106,15.540620,39.625,0.0194300003,12.25
3107,15.546303,39.625,0.0194300003,12.25
3108,15.551461,39.625,0.0194300003,12.25
3109,15.556367,39.625,0.0199100003,12.625
3110,15.561492,39.625,0.0199100003,12.625
3111,15.566666,39.625,0.0199100003,12.625
3112,15.571555,39.625,0.0199100003,12.625
3113,15.576689,39.625,0.0199100003,12.625
3114,15.581839,39.625,0.0199100003,12.625
3115,15.586747,39.625,0.0199100003,12.625
3116,15.590747,39.625,0.0199100003,12.625
3117,15.596218,39.625,0.0199100003,12.625
3118,15.601114,39.625,0.0199100003,12.625
3119,15.606540,39.625,0.0199100003,12.625
3120,15.611449,39.625,0.0199100003,12.625
3121,15.616539,39.625,0.0199100003,12.625
3122,15.621722,39.625,0.0199100003,12.625
3123,15.626611,39.625,0.0199100003,12.625
3124,15.631980,39.625,0.0199100003,12.625
3125,15.636879,39.625,0.0199100003,12.625
3126,15.641784,39.625,0.0199100003,12.625
3127,15.645832,39.625,0.0199100003,12.625
3128,15.651247,39.625,0.0199100003,12.625
3129,15.656143,39.625,0.0199100003,12.625
3130,15.661589,39.625,0.0199100003,12.625
3131,15.666495,39.625,0.0199100003,12.625
3132,15.671590,39.625,0.0199100003,12.625
3133,15.676777,39.625,0.0199100003,12.625
3134,15.681682,39.625,0.0199100003,12.625
3135,15.687026,39.625,0.0199100003,12.625
3136,15.690575,39.625,0.0199100003,12.625
3137,15.696827,39.625,0.0199100003,12.625
3138,15.700881,39.625,0.0199100003,12.625
3139,15.706314,39.625,0.0199100003,12.625
3140,15.711426,39.625,0.0199100003,12.625
3141,15.716606,39.625,0.0199100003,12.625
3142,15.721515,39.625,0.0199100003,12.625
3143,15.726872,39.625,0.0199100003,12.625
3144,15.731777,39.625,0.0199100003,12.625
3145,15.736673,39.625,0.0199100003,12.625
3146,15.740766,39.625,0.0199100003,12.625
3147,15.745671,39.625,0.0199100003,12.625
3148,15.750563,39.625,0.0199100003,12.625
3149,15.756018,39.625,0.0199100003,12.625
3150,15.761467,39.625,0.0199100003,12.625
3151,15.766858,39.625,0.0199100003,12.625
3152,15.771763,39.625,0.0199100003,12.625
3153,15.776658,39.625,0.0199100003,12.625
3154,15.780702,39.625,0.0199100003,12.625
3155,15.785591,39.625,0.0199100003,12.625
3156,15.792049,39.625,0.0199100003,12.625
3157,15.795901,39.625,0.0199100003,12.625
3158,15.800797,39.625,0.0199100003,12.625
3159,15.805917,39.625,0.0199100003,12.625
3160,15.811091,39.625,0.0199100003,12.625
3161,15.816541,39.625,0.0199100003,12.625
3162,15.821992,39.625,0.0199100003,12.625
3163,15.826888,39.625,0.0199100003,12.625
3164,15.832012,39.625,0.0199100003,12.625
3165,15.835838,39.625,0.0199100003,12.625
3166,15.840734,39.625,0.0199100003,12.625
3167,15.845850,39.625,0.0199100003,12.625
3168,15.851002,39.625,0.0199100003,12.625
3169,15.855907,39.625,0.0199100003,12.625
3170,15.861282,39.625,0.0199100003,12.625
3171,15.866761,39.625,0.0199100003,12.625
3172,15.871652,39.625,0.0199100003,12.625
3173,15.875687,39.625,0.0199100003,12.625
3174,15.880579,39.625,0.0199100003,12.625
3175,15.885711,39.625,0.0199100003,12.625
3176,15.890862,39.625,0.0199100003,12.625
3177,15.895768,39.625,0.0199100003,12.625
3178,15.901143,39.625,0.0199100003,12.625
3179,15.906036,39.625,0.0199100003,12.625
3180,15.910943,39.625,0.0199100003,12.625
3181,15.916895,39.625,0.0199100003,12.625
3182,15.921801,39.625,0.0199100003,12.625
3183,15.926904,39.625,0.0199100003,12.625
3184,15.930747,39.625,0.0199100003,12.625
3185,15.935635,39.625,0.0199100003,12.625
3186,15.940763,39.625,0.0199100003,12.625
3187,15.945912,39.625,0.0199100003,12.625
3188,15.950820,39.625,0.0199100003,12.625
3189,15.956192,39.625,0.0199100003,12.625
3190,15.961088,39.625,0.0199100003,12.625
3191,15.966017,39.625,0.0199100003,12.625
3192,15.971966,39.625,0.0199100003,12.625
3193,15.976874,39.625,0.0199100003,12.625
3194,15.981997,39.625,0.0199100003,12.625
3195,15.985821,39.625,0.0199100003,12.625
3196,15.990717,39.625,0.0199100003,12.625
3197,15.995631,39.625,0.0199100003,12.625
3198,16.001251,39.625,0.0199100003,12.625
3199,16.006144,39.625,0.0199100003,12.625
3200,16.011052,39.625,0.0199100003,12.625
3201,16.016485,39.625,0.0199100003,12.625
3202,16.021393,39.625,0.0199100003,12.625
3203,16.026508,39.625,0.0199100003,12.625
3204,16.030844,39.625,0.0199100003,12.625
3205,16.042685,39.625,0.0199100003,12.625
3206,16.045006,39.625,0.0199100003,12.625
3207,16.048856,39.625,0.0199100003,12.625
3208,16.053748,39.625,0.0199100003,12.625
3209,16.058868,39.625,0.0199100003,12.625
3210,16.062690,39.625,0.0199100003,12.625
3211,16.068925,39.625,0.0199100003,12.625
3212,16.072681,39.625,0.0199100003,12.625
3213,16.077857,39.625,0.0199100003,12.625
3214,16.082763,39.625,0.0199100003,12.625
3215,16.088464,39.625,0.0199100003,12.625
3216,16.093619,39.625,0.0199100003,12.625
3217,16.098528,39.625,0.0199100003,12.625
3218,16.103881,39.625,0.0199100003,12.625
3219,16.108205,39.625,0.0199100003,12.625
3220,16.113109,39.625,0.0199100003,12.625
3221,16.118594,39.625,0.0199100003,12.625
3222,16.123792,39.625,0.0199100003,12.625
3223,16.128688,39.625,0.0199100003,12.625
3224,16.134101,39.625,0.0199100003,12.625
3225,16.137673,39.625,0.0199100003,12.625
3226,16.143905,39.625,0.0199100003,12.625
3227,16.147956,39.625,0.0199100003,12.625
3228,16.153415,39.625,0.0199100003,12.625
3229,16.158551,39.625,0.0199100003,12.625
3230,16.163710,39.625,0.0199100003,12.625
3231,16.168602,39.625,0.0199100003,12.625
3232,16.173968,39.625,0.0199100003,12.625
3233,16.178877,39.625,0.0199100003,12.625
3234,16.183769,39.625,0.0199100003,12.625
3235,16.187842,39.625,0.0199100003,12.625
3236,16.192748,39.625,0.0199100003,12.625
3237,16.198186,39.625,0.0199100003,12.625
3238,16.203600,39.625,0.0199100003,12.625
3239,16.208509,39.625,0.0199100003,12.625
3240,16.213601,39.625,0.0199100003,12.625
3241,16.218785,39.625,0.0199100003,12.625
3242,16.223690,39.625,0.0199100003,12.625
3243,16.229023,39.625,0.0199100003,12.625
3244,16.232868,39.625,0.0199100003,12.625
3245,16.237763,39.625,0.0199100003,12.625
3246,16.242668,39.625,0.0199100003,12.625
3247,16.248088,39.625,0.0199100003,12.625
3248,16.253530,39.625,0.0199100003,12.625
3249,16.258669,39.625,0.0199100003,12.625
3250,16.263825,39.625,0.0199100003,12.625
3251,16.268733,39.625,0.0199100003,12.625
3252,16.272807,39.625,0.0199100003,12.625
3253,16.277716,39.625,0.0199100003,12.625
3254,16.282828,39.625,0.0199100003,12.625
3255,16.288021,39.625,0.0199100003,12.625
3256,16.292925,39.625,0.0199100003,12.625
3257,16.298298,39.625,0.0199100003,12.625
3258,16.303191,39.625,0.0199100003,12.625
3259,16.308890,39.625,0.0199100003,12.625
3260,16.312714,39.625,0.0199100003,12.625
3261,16.317606,39.625,0.0199100003,12.625
3262,16.322727,39.625,0.0199100003,12.625
3263,16.328034,39.625,0.0199100003,12.625
3264,16.332926,39.625,0.0199100003,12.625
3265,16.338013,39.625,0.0199100003,12.625
3266,16.343270,39.625,0.0199100003,12.625
3267,16.348165,39.625,0.0199100003,12.625
3268,16.353300,39.625,0.0199100003,12.625
3269,16.358459,39.625,0.0199100003,12.625
3270,16.363867,39.625,0.0199100003,12.625
3271,16.367918,39.625,0.0199100003,12.625
3272,16.372823,39.625,0.0199100003,12.625
3273,16.377718,39.625,0.0199100003,12.625
3274,16.383155,39.625,0.0199100003,12.625
3275,16.388051,39.625,0.0199100003,12.625
3276,16.393187,39.625,0.0199100003,12.625
3277,16.398345,39.625,0.0199100003,12.625
3278,16.403250,39.625,0.0199100003,12.625
3279,16.408597,39.625,0.0199100003,12.625
3280,16.413492,39.625,0.0199100003,12.625
3281,16.417612,39.625,0.0199100003,12.625
3282,16.423066,39.625,0.0199100003,12.625
3283,16.428106,39.625,0.0199100003,12.625
3284,16.433193,39.625,0.0199100003,12.625
3285,16.438438,39.625,0.0199100003,12.625
3286,16.443344,39.625,0.0199100003,12.625
3287,16.448461,39.625,0.0199100003,12.625
3288,16.453616,39.625,0.0199100003,12.625
3289,16.458525,39.625,0.0199100003,12.625
3290,16.463904,39.625,0.0199100003,12.625
3291,16.468024,39.625,0.0199100003,12.625
3292,16.472917,39.625,0.0199100003,12.625
3293,16.478380,39.625,0.0199100003,12.625
3294,16.483285,39.625,0.0199100003,12.625
3295,16.488421,39.625,0.0199100003,12.625
3296,16.493577,39.625,0.0199100003,12.625
3297,16.498486,39.625,0.0199100003,12.625
3298,16.503865,39.625,0.0199100003,12.625
3299,16.508773,39.625,0.0199100003,12.625
3300,16.513665,39.625,0.0199100003,12.625
3301,16.517713,39.625,0.0199100003,12.625
3302,16.522602,39.625,0.0199100003,12.625
3303,16.528203,39.625,0.0199100003,12.625
3304,16.533645,39.625,0.0199100003,12.625
3305,16.538543,39.625,0.0199100003,12.625
3306,16.543449,39.625,0.0199100003,12.625
3307,16.548904,39.625,0.0199100003,12.625
3308,16.553796,39.625,0.0199100003,12.625
3309,16.558913,39.625,0.0199100003,12.625
3310,16.562739,39.625,0.0199100003,12.625
3311,16.567630,39.625,0.0199100003,12.625
3312,16.572730,39.625,0.0199100003,12.625
3313,16.577906,39.625,0.0199100003,12.625
3314,16.583364,39.625,0.0199100003,12.625
3315,16.588804,39.625,0.0199100003,12.625
3316,16.593696,39.625,0.0199100003,12.625
3317,16.598827,39.625,0.0199100003,12.625
3318,16.602632,39.625,0.0199100003,12.625
3319,16.608884,39.75,0.0199100003,12.625
3320,16.614257,39.75,0.0199100003,12.625
3321,16.617826,39.75,0.0199100003,12.625
3322,16.622718,39.75,0.0199100003,12.625
3323,16.628080,39.75,0.0199100003,12.625
3324,16.633784,39.75,0.0199100003,12.625
3325,16.638692,39.75,0.0199100003,12.625
3326,16.643790,39.75,0.0199100003,12.625
3327,16.647627,39.75,0.0199100003,12.625
3328,16.653876,39.75,0.0199100003,12.625
3329,16.659247,39.75,0.0199100003,12.625
3330,16.662813,39.75,0.0199100003,12.625
3331,16.667708,39.75,0.0199100003,12.625
3332,16.673140,39.75,0.0199100003,12.625
3333,16.678036,39.75,0.0199100003,12.625
3334,16.683147,39.75,0.0199100003,12.625
3335,16.688894,39.75,0.0199100003,12.625
3336,16.693786,39.75,0.0199100003,12.625
3337,16.699208,39.75,0.0199100003,12.625
3338,16.702774,39.75,0.0199100003,12.625
3339,16.707668,39.75,0.0199100003,12.625
3340,16.713101,39.75,0.0199100003,12.625
3341,16.717996,39.75,0.0199100003,12.625
3342,16.723108,39.75,0.0199100003,12.625
3343,16.728423,39.75,0.0199100003,12.625
3344,16.733329,39.75,0.0199100003,12.625
3345,16.739104,39.75,0.0199100003,12.625
3346,16.742925,39.75,0.0199100003,12.625
3347,16.747820,39.75,0.0199100003,12.625
3348,16.753256,39.75,0.0199100003,12.625
3349,16.758152,39.75,0.0199100003,12.625
3350,16.763057,39.75,0.0199100003,12.625
3351,16.768484,39.75,0.0199100003,12.625
3352,16.773390,39.75,0.0199100003,12.625
3353,16.778505,39.75,0.0199100003,12.625
3354,16.783679,39.75,0.0199100003,12.625
3355,16.787788,39.75,0.0199100003,12.625
3356,16.792901,39.75,0.0199100003,12.625
3357,16.798053,39.75,0.0199100003,12.625
3358,16.802957,39.75,0.0199100003,12.625
3359,16.808330,39.75,0.0199100003,12.625
3360,16.813225,39.75,0.0199100003,12.625
3361,16.818158,39.75,0.0199100003,12.625
3362,16.823580,39.75,0.0199100003,12.625
3363,16.828634,39.75,0.0199100003,12.625
3364,16.833725,39.75,0.0199100003,12.625
3365,16.839487,39.75,0.0189799983,12.875
3366,16.843052,39.75,0.0189799983,12.875
3367,16.847972,39.75,0.0189799983,12.875
3368,16.853364,39.75,0.0189799983,12.875
3369,16.858272,39.75,0.0189799983,12.875
3370,16.863383,39.75,0.0189799983,12.875
3371,16.868566,39.75,0.0189799983,12.875
3372,16.873472,39.75,0.0189799983,12.875
3373,16.878851,39.75,0.0189799983,12.875
3374,16.883756,39.75,0.0189799983,12.875
3375,16.888651,39.75,0.0189799983,12.875
3376,16.892698,39.75,0.0189799983,12.875
3377,16.898162,39.75,0.0189799983,12.875
3378,16.903079,39.75,0.0189799983,12.875
3379,16.908485,39.75,0.0189799983,12.875
3380,16.913390,39.75,0.0189799983,12.875
3381,16.918483,39.75,0.0189799983,12.875
3382,16.923679,39.75,0.0189799983,12.875
3383,16.928843,39.75,0.0189799983,12.875
3384,16.934055,39.75,0.0189799983,12.875
3385,16.937903,39.75,0.0189799983,12.875
3386,16.942795,39.75,0.0189799983,12.875
3387,16.947891,39.75,0.0189799983,12.875
3388,16.953617,39.75,0.0189799983,12.875
3389,16.958526,39.75,0.0189799983,12.875
3390,16.963902,39.75,0.0189799983,12.875
3391,16.968811,39.75,0.0189799983,12.875
3392,16.973703,39.75,0.0189799983,12.875
3393,16.977775,39.75,0.0189799983,12.875
3394,16.982680,39.75,0.0189799983,12.875
3395,16.988820,39.75,0.0189799983,12.875
3396,16.992632,39.75,0.0189799983,12.875
3397,16.998884,39.75,0.0189799983,12.875
3398,17.002961,39.75,0.0189799983,12.875
3399,17.008384,39.75,0.0189799983,12.875
3400,17.013313,39.75,0.0189799983,12.875
3401,17.018982,39.75,0.0189799983,12.875
3402,17.023878,39.75,0.0189799983,12.875
3403,17.029109,39.75,0.0189799983,12.875
3404,17.032996,39.75,0.0189799983,12.875
3405,17.042412,39.75,0.0189799983,12.875
3406,17.044838,39.75,0.0189799983,12.875
3407,17.048714,39.75,0.0189799983,12.875
3408,17.054129,39.75,0.0189799983,12.875
3409,17.057701,39.75,0.0189799983,12.875
3410,17.063140,39.75,0.0189799983,12.875
3411,17.068035,39.75,0.0189799983,12.875
3412,17.073161,39.75,0.0189799983,12.875
3413,17.078329,39.75,0.0189799983,12.875
3414,17.083234,39.75,0.0189799983,12.875
3415,17.088607,39.75,0.0189799983,12.875
3416,17.093502,39.75,0.0189799983,12.875
3417,17.098411,39.75,0.0189799983,12.875
3418,17.103852,39.75,0.0189799983,12.875
3419,17.107972,39.75,0.0189799983,12.875
3420,17.112889,39.75,0.0189799983,12.875
3421,17.118317,39.75,0.0189799983,12.875
3422,17.123210,39.75,0.0189799983,12.875
3423,17.128554,39.75,0.0189799983,12.875
3424,17.133729,39.75,0.0189799983,12.875
3425,17.138621,39.75,0.0189799983,12.875
3426,17.144006,39.75,0.0189799983,12.875
3427,17.148905,39.75,0.0189799983,12.875
3428,17.153811,39.75,0.0189799983,12.875
3429,17.157861,39.75,0.0189799983,12.875
3430,17.163319,39.75,0.0189799983,12.875
3431,17.168253,39.75,0.0189799983,12.875
3432,17.173688,39.75,0.0189799983,12.875
3433,17.178580,39.75,0.0189799983,12.875
3434,17.183677,39.75,0.0189799983,12.875
3435,17.188854,39.75,0.0189799983,12.875
3436,17.193759,39.75,0.0189799983,12.875
3437,17.199131,39.75,0.0189799983,12.875
3438,17.202699,39.75,0.0189799983,12.875
3439,17.209443,39.75,0.0189799983,12.875
3440,17.213504,39.75,0.0189799983,12.875
3441,17.218403,39.75,0.0189799983,12.875
3442,17.223333,39.75,0.0189799983,12.875
3443,17.228644,39.75,0.0189799983,12.875
3444,17.233837,39.75,0.0189799983,12.875
3445,17.238733,39.75,0.0189799983,12.875
3446,17.243856,39.75,0.0189799983,12.875
3447,17.247680,39.75,0.0189799983,12.875
3448,17.253913,39.75,0.0189799983,12.875
3449,17.257704,39.75,0.0189799983,12.875
3450,17.263470,39.75,0.0189799983,12.875
3451,17.268379,39.75,0.0189799983,12.875
3452,17.273818,39.75,0.0189799983,12.875
3453,17.278714,39.75,0.0189799983,12.875
3454,17.283841,39.75,0.0189799983,12.875
3455,17.287666,39.75,0.0189799983,12.875
3456,17.293899,39.75,0.0189799983,12.875
3457,17.297650,39.75,0.0189799983,12.875
3458,17.302881,39.75,0.0189799983,12.875
3459,17.307789,39.75,0.0189799983,12.875
3460,17.313182,39.75,0.0189799983,12.875
3461,17.318612,39.75,0.0189799983,12.875
3462,17.323517,39.75,0.0189799983,12.875
3463,17.328865,39.75,0.0189799983,12.875
3464,17.332737,39.75,0.0189799983,12.875
3465,17.337629,39.75,0.0189799983,12.875
3466,17.344091,39.75,0.0189799983,12.875
3467,17.347920,39.75,0.0189799983,12.875
3468,17.352813,39.75,0.0189799983,12.875
3469,17.357929,39.75,0.0189799983,12.875
3470,17.363082,39.75,0.0189799983,12.875
3471,17.368535,39.75,0.0189799983,12.875
3472,17.373982,39.75,0.0189799983,12.875
3473,17.378878,39.75,0.0189799983,12.875
3474,17.384247,39.75,0.0189799983,12.875
3475,17.387816,39.75,0.0189799983,12.875
3476,17.392708,39.75,0.0189799983,12.875
3477,17.398095,39.75,0.0189799983,12.875
3478,17.402991,39.75,0.0189799983,12.875
3479,17.407924,39.75,0.0189799983,12.875
3480,17.413328,39.75,0.0189799983,12.875
3481,17.418224,39.75,0.0189799983,12.875
3482,17.424182,39.75,0.0189799983,12.875
3483,17.427896,39.75,0.0189799983,12.875
3484,17.432789,39.75,0.0189799983,12.875
3485,17.438281,39.75,0.0189799983,12.875
3486,17.443176,39.75,0.0189799983,12.875
3487,17.448110,39.75,0.0189799983,12.875
3488,17.453520,39.75,0.0189799983,12.875
3489,17.458429,39.75,0.0189799983,12.875
3490,17.463546,39.75,0.0189799983,12.875
3491,17.468708,39.75,0.0189799983,12.875
3492,17.474105,39.75,0.0189799983,12.875
3493,17.478156,39.75,0.0189799983,12.875
3494,17.483049,39.75,0.0189799983,12.875
3495,17.487957,39.75,0.0189799983,12.875
3496,17.493362,39.75,0.0189799983,12.875
3497,17.498270,39.75,0.0189799983,12.875
3498,17.503188,39.75,0.0189799983,12.875
3499,17.508597,39.75,0.0189799983,12.875
3500,17.513503,39.75,0.0189799983,12.875
3501,17.518628,39.75,0.0189799983,12.875
3502,17.523801,39.75,0.0189799983,12.875
3503,17.528854,39.75,0.0189799983,12.875
3504,17.533157,39.75,0.0189799983,12.875
3505,17.538399,39.75,0.0189799983,12.875
3506,17.543304,39.75,0.0189799983,12.875
3507,17.548224,39.75,0.0189799983,12.875
3508,17.553634,39.75,0.0189799983,12.875
3509,17.558543,39.75,0.0189799983,12.875
3510,17.563666,39.75,0.0189799983,12.875
3511,17.568820,39.75,0.0189799983,12.875
3512,17.573725,39.75,0.0189799983,12.875
3513,17.579096,39.75,0.0189799983,12.875
3514,17.582664,39.75,0.0189799983,12.875
3515,17.588155,39.75,0.0189799983,12.875
3516,17.593570,39.75,0.0189799983,12.875
3517,17.598479,39.75,0.0189799983,12.875
3518,17.603572,39.75,0.0189799983,12.875
3519,17.608758,39.75,0.0189799983,12.875
3520,17.613647,39.75,0.0189799983,12.875
3521,17.617713,39.75,0.0189799983,12.875
3522,17.622602,39.75,0.0189799983,12.875
3523,17.627843,39.75,0.0189799983,12.875
3524,17.633100,39.75,0.0189799983,12.875
3525,17.637996,39.75,0.0189799983,12.875
3526,17.643379,39.75,0.0189799983,12.875
3527,17.648831,39.75,0.0189799983,12.875
3528,17.653736,39.75,0.0189799983,12.875
3529,17.657702,39.75,0.0189799983,12.875
3530,17.662872,39.75,0.0189799983,12.875
3531,17.667767,39.75,0.0189799983,12.875
3532,17.672890,39.75,0.0189799983,12.875
3533,17.678042,39.75,0.0189799983,12.875
3534,17.682946,39.75,0.0189799983,12.875
3535,17.688319,39.75,0.0189799983,12.875
3536,17.693215,39.75,0.0189799983,12.875
3537,17.698148,39.75,0.0189799983,12.875
3538,17.704086,39.75,0.0189799983,12.875
3539,17.707642,39.75,0.0189799983,12.875
3540,17.714096,39.75,0.0189799983,12.875
3541,17.717951,39.75,0.0189799983,12.875
3542,17.722844,39.75,0.0189799983,12.875
3543,17.728192,39.75,0.0189799983,12.875
3544,17.733449,39.75,0.0189799983,12.875
3545,17.738358,39.75,0.0189799983,12.875
3546,17.743522,39.75,0.0189799983,12.875
3547,17.748709,39.75,0.0189799983,12.875
3548,17.753598,39.75,0.0189799983,12.875
3549,17.757663,39.75,0.0189799983,12.875
3550,17.763110,39.75,0.0189799983,12.875
3551,17.768240,39.75,0.0189799983,12.875
3552,17.773399,39.75,0.0189799983,12.875
3553,17.778307,39.75,0.0189799983,12.875
3554,17.783661,39.75,0.0189799983,12.875
3555,17.788552,39.75,0.0189799983,12.875
3556,17.793458,39.75,0.0189799983,12.875
3557,17.798899,39.75,0.0189799983,12.875
3558,17.803791,39.75,0.0189799983,12.875
3559,17.809202,39.75,0.0189799983,12.875
3560,17.812768,39.75,0.0189799983,12.875
3561,17.818237,39.75,0.0189799983,12.875
3562,17.823668,39.75,0.0189799983,12.875
3563,17.828709,39.75,0.0189799983,12.875
3564,17.833797,39.75,0.0189799983,12.875
3565,17.837670,39.75,0.0189799983,12.875
3566,17.843903,39.75,0.0189799983,12.875
3567,17.849019,39.75,0.0189799983,12.875
3568,17.852845,39.75,0.0189799983,12.875
3569,17.857740,39.75,0.0189799983,12.875
3570,17.863126,39.75,0.0189799983,12.875
3571,17.868045,39.75,0.0189799983,12.875
3572,17.873506,39.75,0.0189799983,12.875
3573,17.878945,39.75,0.0189799983,12.875
3574,17.883837,39.125,0.0189799983,12.875
3575,17.888955,39.125,0.0189799983,12.875
3576,17.892780,39.125,0.0189799983,12.875
3577,17.897675,39.125,0.0189799983,12.875
3578,17.902796,39.125,0.0189799983,12.875
3579,17.907948,39.125,0.0189799983,12.875
3580,17.912853,39.125,0.0189799983,12.875
3581,17.918225,39.125,0.0189799983,12.875
3582,17.923689,39.125,0.0189799983,12.875
3583,17.928743,39.125,0.0189799983,12.875
3584,17.932656,39.125,0.0189799983,12.875
3585,17.937846,39.125,0.0189799983,12.875
3586,17.942739,39.125,0.0189799983,12.875
3587,17.948127,39.125,0.0189799983,12.875
3588,17.953020,39.125,0.0189799983,12.875
3589,17.957927,39.125,0.0189799983,12.875
3590,17.963346,39.125,0.0189799983,12.875
3591,17.968241,39.125,0.0189799983,12.875
3592,17.973624,39.125,0.0189799983,12.875
3593,17.977727,39.125,0.0189799983,12.875
3594,17.982615,39.125,0.0189799983,12.875
3595,17.988047,39.125,0.0189799983,12.875
3596,17.992939,39.125,0.0189799983,12.875
3597,17.998074,39.125,0.0189799983,12.875
3598,18.003230,39.125,0.0189799983,12.875
3599,18.008138,39.125,0.0189799983,12.875
3600,18.013510,39.125,0.0189799983,12.875
3601,18.018409,39.125,0.0189799983,12.875
3602,18.023314,39.125,0.0189799983,12.875
3603,18.029100,39.125,0.0189799983,12.875
3604,18.032911,39.125,0.0189799983,12.875
3605,18.042550,39.125,0.0189799983,12.875
3606,18.044775,39.125,0.0189799983,12.875
3607,18.048340,39.125,0.0189799983,12.875
3608,18.053439,39.125,0.0189799983,12.875
3609,18.058773,39.125,0.0189799983,12.875
3610,18.063678,39.125,0.0189799983,12.875
3611,18.068570,39.125,0.0189799983,12.875
3612,18.074021,39.125,0.0189799983,12.875
3613,18.079423,39.125,0.0189799983,12.875
3614,18.083200,39.125,0.0189799983,12.875
3615,18.088360,39.125,0.0189799983,12.875
3616,18.093265,39.125,0.0189799983,12.875
3617,18.098637,39.125,0.0189799983,12.875
3618,18.103533,39.125,0.0189799983,12.875
3619,18.108441,39.125,0.0189799983,12.875
3620,18.113881,39.125,0.0189799983,12.875
3621,18.118777,39.125,0.026349999,13.75
3622,18.124160,39.125,0.026349999,13.75
3623,18.127875,39.125,0.026349999,13.75
3624,18.132767,39.125,0.026349999,13.75
3625,18.137959,39.125,0.026349999,13.75
3626,18.143687,39.125,0.026349999,13.75
3627,18.148578,39.125,0.026349999,13.75
3628,18.153967,39.125,0.026349999,13.75
3629,18.158876,39.125,0.026349999,13.75
3630,18.163768,39.125,0.026349999,13.75
3631,18.167841,39.125,0.026349999,13.75
3632,18.172747,39.125,0.026349999,13.75
3633,18.177638,39.125,0.026349999,13.75
3634,18.183068,39.125,0.026349999,13.75
3635,18.187964,39.125,0.026349999,13.75
3636,18.193075,39.125,0.026349999,13.75
3637,18.198822,39.125,0.026349999,13.75
3638,18.203714,39.125,0.026349999,13.75
3639,18.209086,39.125,0.026349999,13.75
3640,18.212638,39.125,0.026349999,13.75
3641,18.219097,39.125,0.026349999,13.75
3642,18.222926,39.125,0.026349999,13.75
3643,18.227967,39.125,0.026349999,13.75
3644,18.233050,39.125,0.026349999,13.75
3645,18.238321,39.125,0.026349999,13.75
3646,18.243214,39.125,0.026349999,13.75
3647,18.248624,39.125,0.026349999,13.75
3648,18.252667,39.125,0.026349999,13.75
3649,18.258903,39.125,0.026349999,13.75
3650,18.264016,39.125,0.026349999,13.75
3651,18.267845,39.125,0.026349999,13.75
3652,18.272737,39.125,0.026349999,13.75
3653,18.277877,39.125,0.026349999,13.75
3654,18.283031,39.125,0.026349999,13.75
3655,18.287939,39.125,0.026349999,13.75
3656,18.293311,39.125,0.026349999,13.75
3657,18.298207,39.125,0.026349999,13.75
3658,18.303889,39.125,0.026349999,13.75
3659,18.307756,39.125,0.026349999,13.75
3660,18.312644,39.125,0.026349999,13.75
3661,18.318058,39.125,0.026349999,13.75
3662,18.322953,39.125,0.026349999,13.75
3663,18.328009,39.125,0.026349999,13.75
3664,18.333458,39.125,0.026349999,13.75
3665,18.338357,39.125,0.026349999,13.75
3666,18.343262,39.125,0.026349999,13.75
3667,18.348717,39.125,0.026349999,13.75
3668,18.353605,39.125,0.026349999,13.75
3669,18.357769,39.125,0.026349999,13.75
3670,18.363180,39.125,0.026349999,13.75
3671,18.368075,39.125,0.026349999,13.75
3672,18.373210,39.125,0.026349999,13.75
3673,18.378369,39.125,0.026349999,13.75
3674,18.383274,39.125,0.026349999,13.75
3675,18.388717,39.125,0.026349999,13.75
3676,18.393605,39.125,0.026349999,13.75
3677,18.398741,39.125,0.026349999,13.75
3678,18.403889,39.125,0.026349999,13.75
3679,18.408013,39.125,0.026349999,13.75
3680,18.413394,39.125,0.026349999,13.75
3681,18.418291,39.125,0.026349999,13.75
3682,18.423197,39.125,0.026349999,13.75
3683,18.428747,39.125,0.026349999,13.75
3684,18.433636,39.125,0.026349999,13.75
3685,18.438544,39.125,0.026349999,13.75
3686,18.443986,39.125,0.026349999,13.75
3687,18.448885,39.125,0.026349999,13.75
3688,18.453790,39.125,0.026349999,13.75
3689,18.457851,39.125,0.026349999,13.75
3690,18.463313,39.125,0.026349999,13.75
3691,18.468221,39.125,0.026349999,13.75
3692,18.473678,39.125,0.026349999,13.75
3693,18.478570,39.125,0.026349999,13.75
3694,18.483691,39.125,0.026349999,13.75
3695,18.488847,39.125,0.026349999,13.75
3696,18.493752,39.125,0.026349999,13.75
3697,18.497826,39.125,0.026349999,13.75
3698,18.502732,39.125,0.026349999,13.75
3699,18.507623,39.125,0.026349999,13.75
3700,18.513562,39.125,0.026349999,13.75
3701,18.518460,39.125,0.026349999,13.75
3702,18.523850,39.125,0.026349999,13.75
3703,18.529027,39.125,0.026349999,13.75
3704,18.533943,39.125,0.026349999,13.75
3705,18.537799,39.125,0.026349999,13.75
3706,18.543011,39.125,0.026349999,13.75
3707,18.547906,39.125,0.026349999,13.75
3708,18.553022,39.125,0.026349999,13.75
3709,18.558181,39.125,0.026349999,13.75
3710,18.563086,39.125,0.026349999,13.75
3711,18.568482,39.125,0.026349999,13.75
3712,18.573909,39.125,0.026349999,13.75
3713,18.579019,39.125,0.026349999,13.75
3714,18.582874,39.125,0.026349999,13.75
3715,18.587769,39.125,0.026349999,13.75
3716,18.592895,39.125,0.026349999,13.75
3717,18.598066,39.125,0.026349999,13.75
3718,18.602971,39.125,0.026349999,13.75
3719,18.608344,39.125,0.026349999,13.75
3720,18.613236,39.125,0.026349999,13.75
3721,18.618381,39.125,0.026349999,13.75
3722,18.622717,39.125,0.026349999,13.75
3723,18.629098,39.125,0.026349999,13.75
3724,18.632846,39.125,0.026349999,13.75
3725,18.638104,39.125,0.026349999,13.75
3726,18.642997,39.125,0.026349999,13.75
3727,18.648118,39.125,0.026349999,13.75
3728,18.653287,39.125,0.026349999,13.75
3729,18.658196,39.125,0.026349999,13.75
3730,18.663568,39.125,0.026349999,13.75
3731,18.668466,39.125,0.026349999,13.75
3732,18.673372,39.125,0.026349999,13.75
3733,18.679360,39.125,0.026349999,13.75
3734,18.682928,39.125,0.026349999,13.75
3735,18.687848,39.125,0.026349999,13.75
3736,18.693250,39.125,0.026349999,13.75
3737,18.698146,39.125,0.026349999,13.75
3738,18.703282,39.125,0.026349999,13.75
3739,18.708440,39.125,0.026349999,13.75
3740,18.713345,39.125,0.026349999,13.75
3741,18.718750,39.125,0.026349999,13.75
3742,18.723638,39.125,0.026349999,13.75
3743,18.728696,39.125,0.026349999,13.75
3744,18.734167,39.125,0.026349999,13.75
3745,18.738284,39.125,0.026349999,13.75
3746,18.743177,39.125,0.026349999,13.75
3747,18.748605,39.125,0.026349999,13.75
3748,18.753511,39.125,0.026349999,13.75
3749,18.758607,39.125,0.026349999,13.75
3750,18.763787,39.125,0.026349999,13.75
3751,18.768695,39.125,0.026349999,13.75
3752,18.774067,39.125,0.026349999,13.75
3753,18.777623,39.125,0.026349999,13.75
3754,18.783872,39.125,0.026349999,13.75
3755,18.787947,39.125,0.026349999,13.75
3756,18.793391,39.125,0.026349999,13.75
3757,18.798324,39.125,0.026349999,13.75
3758,18.803750,39.125,0.026349999,13.75
3759,18.808641,39.125,0.026349999,13.75
3760,18.813762,39.125,0.026349999,13.75
3761,18.818915,39.125,0.026349999,13.75
3762,18.823820,39.125,0.026349999,13.75
3763,18.829034,39.125,0.026349999,13.75
3764,18.832912,39.125,0.026349999,13.75
3765,18.837821,39.125,0.026349999,13.75
3766,18.842742,39.125,0.026349999,13.75
3767,18.848645,39.125,0.026349999,13.75
3768,18.853540,39.125,0.026349999,13.75
3769,18.858449,39.125,0.026349999,13.75
3770,18.863953,39.125,0.026349999,13.75
3771,18.868849,39.125,0.026349999,13.75
3772,18.873966,39.125,0.026349999,13.75
3773,18.877792,39.125,0.026349999,13.75
3774,18.882684,39.125,0.026349999,13.75
3775,18.887776,39.125,0.026349999,13.75
3776,18.892952,39.125,0.026349999,13.75
3777,18.898406,39.125,0.026349999,13.75
3778,18.903790,39.125,0.026349999,13.75
3779,18.908698,39.125,0.026349999,13.75
3780,18.913823,39.125,0.026349999,13.75
3781,18.917635,39.125,0.026349999,13.75
3782,18.923884,39.125,0.026349999,13.75
3783,18.929107,39.125,0.026349999,13.75
3784,18.932974,39.125,0.026349999,13.75
3785,18.937873,39.125,0.026349999,13.75
3786,18.942778,39.125,0.026349999,13.75
3787,18.948709,39.125,0.026349999,13.75
3788,18.953598,39.125,0.026349999,13.75
3789,18.958987,39.125,0.026349999,13.75
3790,18.963882,39.125,0.026349999,13.75
3791,18.968790,39.125,0.026349999,13.75
3792,18.972838,39.125,0.026349999,13.75
3793,18.977747,39.125,0.026349999,13.75
3794,18.982667,39.125,0.026349999,13.75
3795,18.988068,39.125,0.026349999,13.75
3796,18.992960,39.125,0.026349999,13.75
3797,18.997884,39.125,0.026349999,13.75
3798,19.003783,39.125,0.026349999,13.75
3799,19.008691,39.125,0.026349999,13.75
3800,19.013817,39.125,0.026349999,13.75
3801,19.017625,39.125,0.026349999,13.75
3802,19.023875,39.125,0.026349999,13.75
3803,19.029092,39.125,0.026349999,13.75
3804,19.032966,39.125,0.026349999,13.75
3805,19.043556,39.125,0.026349999,13.75
3806,19.045981,39.125,0.026349999,13.75
3807,19.049857,39.125,0.026349999,13.75
3808,19.054763,39.125,0.026349999,13.75
3809,19.058894,39.125,0.026349999,13.75
3810,19.064565,39.125,0.026349999,13.75
3811,19.069464,39.125,0.026349999,13.75
3812,19.074370,39.125,0.026349999,13.75
3813,19.079822,39.125,0.026349999,13.75
3814,19.084714,39.125,0.026349999,13.75
3815,19.089834,39.125,0.026349999,13.75
3816,19.093640,39.125,0.026349999,13.75
3817,19.098548,39.125,0.026349999,13.75
3818,19.103641,39.125,0.026349999,13.75
3819,19.109373,39.125,0.026349999,13.75
3820,19.114278,39.125,0.026349999,13.75
3821,19.119772,39.125,0.026349999,13.75
3822,19.124664,39.125,0.026349999,13.75
3823,19.129595,39.125,0.026349999,13.75
3824,19.134872,39.125,0.026349999,13.75
3825,19.139767,39.125,0.026349999,13.75
3826,19.144884,39.125,0.026349999,13.75
3827,19.148706,39.125,0.026349999,13.75
3828,19.153594,39.125,0.026349999,13.75
3829,19.158721,38.375,0.026349999,13.75
3830,19.164424,38.375,0.026349999,13.75
3831,19.169332,38.375,0.026349999,13.75
3832,19.174822,38.375,0.026349999,13.75
3833,19.179717,38.375,0.026349999,13.75
3834,19.184817,38.375,0.026349999,13.75
3835,19.188666,38.375,0.026349999,13.75
3836,19.193555,38.375,0.026349999,13.75
3837,19.198683,38.375,0.026349999,13.75
3838,19.203831,38.375,0.026349999,13.75
3839,19.208740,38.375,0.026349999,13.75
3840,19.214111,38.375,0.026349999,13.75
3841,19.219566,38.375,0.026349999,13.75
3842,19.224472,38.375,0.026349999,13.75
3843,19.229715,38.375,0.026349999,13.75
3844,19.234604,38.375,0.026349999,13.75
3845,19.239710,38.375,0.026349999,13.75
3846,19.244969,38.375,0.026349999,13.75
3847,19.249865,38.375,0.026349999,13.75
3848,19.254980,38.375,0.026349999,13.75
3849,19.258804,38.375,0.026349999,13.75
3850,19.263697,38.375,0.026349999,13.75
3851,19.269636,38.375,0.026349999,13.75
3852,19.274532,38.375,0.026349999,13.75
3853,19.279440,38.375,0.026349999,13.75
3854,19.284930,38.375,0.026349999,13.75
3855,19.289825,38.375,0.026349999,13.75
3856,19.293602,38.375,0.026349999,13.75
3857,19.298795,38.375,0.026349999,13.75
3858,19.303700,38.375,0.026349999,13.75
3859,19.309072,38.375,0.026349999,13.75
3860,19.313968,38.375,0.026349999,13.75
3861,19.319433,38.375,0.026349999,13.75
3862,19.324892,38.375,0.026349999,13.75
3863,19.329638,38.375,0.026349999,13.75
3864,19.334728,38.375,0.026349999,13.75
3865,19.338609,38.375,0.026349999,13.75
3866,19.344848,38.375,0.026349999,13.75
3867,19.349989,38.375,0.026349999,13.75
3868,19.353815,38.375,0.026349999,13.75
3869,19.358710,38.375,0.026349999,13.75
3870,19.364071,38.375,0.026349999,13.75
3871,19.369529,38.375,0.026349999,13.75
3872,19.374679,38.375,0.026349999,13.75
3873,19.379842,38.375,0.026349999,13.75
3874,19.384747,38.375,0.026349999,13.75
3875,19.390119,38.375,0.026349999,13.75
3876,19.393688,38.375,0.026349999,13.75
3877,19.398580,38.375,0.0359300002,13.75
3878,19.404013,38.375,0.0359300002,15.375
3879,19.408909,38.375,0.0359300002,15.375
3880,19.414291,38.375,0.0359300002,15.375
3881,19.419214,38.375,0.0359300002,15.375
3882,19.424891,38.375,0.0359300002,15.375
3883,19.430036,38.375,0.0359300002,15.375
3884,19.433597,38.375,0.0359300002,15.375
3885,19.440017,38.375,0.0359300002,15.375
3886,19.443885,38.375,0.0359300002,15.375
3887,19.448793,38.375,0.0359300002,15.375
3888,19.453906,38.375,0.0359300002,15.375
3889,19.459063,38.375,0.0359300002,15.375
3890,19.463967,38.375,0.0359300002,15.375
3891,19.469340,38.375,0.0359300002,15.375
3892,19.474236,38.375,0.0359300002,15.375
3893,19.479895,38.375,0.0359300002,15.375
3894,19.483756,38.375,0.0359300002,15.375
3895,19.488650,38.375,0.0359300002,15.375
3896,19.493747,38.375,0.0359300002,15.375
3897,19.498924,38.375,0.0359300002,15.375
3898,19.503830,38.375,0.0359300002,15.375
3899,19.509201,38.375,0.0359300002,15.375
3900,19.514094,38.375,0.0359300002,15.375
3901,19.519188,38.375,0.0359300002,15.375
3902,19.524368,38.375,0.0359300002,15.375
3903,19.529130,38.375,0.0359300002,15.375
3904,19.534335,38.375,0.0359300002,15.375
3905,19.538687,38.375,0.0359300002,15.375
3906,19.543576,38.375,0.0359300002,15.375
3907,19.548968,38.375,0.0359300002,15.375
3908,19.553873,38.375,0.0359300002,15.375
3909,19.558769,38.375,0.0359300002,15.375
3910,19.564206,38.375,0.0359300002,15.375
3911,19.569102,38.375,0.0359300002,15.375
3912,19.574237,38.375,0.0359300002,15.375
3913,19.579396,38.375,0.0359300002,15.375
3914,19.584804,38.375,0.0359300002,15.375
3915,19.588829,38.375,0.0359300002,15.375
3916,19.593735,38.375,0.0359300002,15.375
3917,19.598626,38.375,0.0359300002,15.375
3918,19.604067,38.375,0.0359300002,15.375
3919,19.608962,38.375,0.0359300002,15.375
3920,19.614073,38.375,0.0359300002,15.375
3921,19.619256,38.375,0.0359300002,15.375
3922,19.624161,38.375,0.0359300002,15.375
3923,19.629384,38.375,0.0359300002,15.375
3924,19.634795,38.375,0.0359300002,15.375
3925,19.639721,38.375,0.0359300002,15.375
3926,19.643558,38.375,0.0359300002,15.375
3927,19.648776,38.375,0.0359300002,15.375
3928,19.653668,38.375,0.0359300002,15.375
3929,19.658767,38.375,0.0359300002,15.375
3930,19.663993,38.375,0.0359300002,15.375
3931,19.668902,38.375,0.0359300002,15.375
3932,19.674319,38.375,0.0359300002,15.375
3933,19.679215,38.375,0.0359300002,15.375
3934,19.684336,38.375,0.0359300002,15.375
3935,19.688671,38.375,0.0359300002,15.375
3936,19.693560,38.375,0.0359300002,15.375
3937,19.698953,38.375,0.0359300002,15.375
3938,19.703858,38.375,0.0359300002,15.375
3939,19.708754,38.375,0.0359300002,15.375
3940,19.714190,38.375,0.0359300002,15.375
3941,19.719086,38.375,0.0359300002,15.375
3942,19.724197,38.375,0.0359300002,15.375
3943,19.729235,38.375,0.0359300002,15.375
3944,19.734139,38.375,0.0359300002,15.375
3945,19.739344,38.375,0.0359300002,15.375
3946,19.743696,38.375,0.0359300002,15.375
3947,19.748588,38.375,0.0359300002,15.375
3948,19.753705,38.375,0.0359300002,15.375
3949,19.758882,38.375,0.0359300002,15.375
3950,19.763788,38.375,0.0359300002,15.375
3951,19.769159,38.375,0.0359300002,15.375
3952,19.774052,38.375,0.0359300002,15.375
3953,19.778959,38.375,0.0359300002,15.375
3954,19.784365,38.375,0.0359300002,15.375
3955,19.789273,38.375,0.0359300002,15.375
3956,19.794409,38.375,0.0359300002,15.375
3957,19.798746,38.375,0.0359300002,15.375
3958,19.803635,38.375,0.0359300002,15.375
3959,19.808752,38.375,0.0359300002,15.375
3960,19.813928,38.375,0.0359300002,15.375
3961,19.818836,38.375,0.0359300002,15.375
3962,19.824208,38.375,0.0359300002,15.375
3963,19.828958,38.375,0.0359300002,15.375
3964,19.833864,38.375,0.0359300002,15.375
3965,19.839307,38.375,0.0359300002,15.375
3966,19.844203,38.375,0.0359300002,15.375
3967,19.849609,38.375,0.0359300002,15.375
3968,19.853645,38.375,0.0359300002,15.375
3969,19.858543,38.375,0.0359300002,15.375
3970,19.864977,38.375,0.0359300002,15.375
3971,19.868851,38.375,0.0359300002,15.375
3972,19.873743,38.375,0.0359300002,15.375
3973,19.878864,38.375,0.0359300002,15.375
3974,19.884016,38.375,0.0359300002,15.375
3975,19.888923,38.375,0.0359300002,15.375
3976,19.894296,38.375,0.0359300002,15.375
3977,19.899195,38.375,0.0359300002,15.375
3978,19.904312,38.375,0.0359300002,15.375
3979,19.908637,38.375,0.0359300002,15.375
3980,19.913533,38.375,0.0359300002,15.375
3981,19.918925,38.375,0.0359300002,15.375
3982,19.923831,38.375,0.0359300002,15.375
3983,19.930096,38.375,0.0359300002,15.375
3984,19.934017,38.375,0.0359300002,15.375
3985,19.938916,38.375,0.0359300002,15.375
3986,19.943822,38.375,0.0359300002,15.375
3987,19.949276,38.375,0.0359300002,15.375
3988,19.954169,38.375,0.0359300002,15.375
3989,19.959307,38.375,0.0359300002,15.375
3990,19.964991,38.375,0.0359300002,15.375
3991,19.968546,38.375,0.0359300002,15.375
3992,19.973946,38.375,0.0359300002,15.375
3993,19.978855,38.375,0.0359300002,15.375
3994,19.983747,38.375,0.0359300002,15.375
3995,19.989211,38.375,0.0359300002,15.375
3996,19.994104,38.375,0.0359300002,15.375
3997,19.999490,38.375,0.0359300002,15.375
3998,20.004386,38.375,0.0359300002,15.375
3999,20.009294,38.375,0.0359300002,15.375
4000,20.014732,38.375,0.0359300002,15.375
4001,20.018853,38.375,0.0359300002,15.375
4002,20.023982,38.375,0.0359300002,15.375
4003,20.030458,38.375,0.0359300002,15.375
4004,20.034024,38.375,0.0359300002,15.375
4005,20.044746,38.375,0.0359300002,15.375
4006,20.047219,38.375,0.0359300002,15.375
4007,20.050784,38.375,0.0359300002,15.375
4008,20.055676,38.375,0.0359300002,15.375
4009,20.061156,38.375,0.0359300002,15.375
4010,20.066052,38.375,0.0359300002,15.375
4011,20.070959,38.375,0.0359300002,15.375
4012,20.075022,38.375,0.0359300002,15.375
4013,20.080686,38.375,0.0359300002,15.375
4014,20.085574,38.375,0.0359300002,15.375
4015,20.091053,38.375,0.0359300002,15.375
4016,20.095945,38.375,0.0359300002,15.375
4017,20.101059,38.375,0.0359300002,15.375
4018,20.104888,38.375,0.0359300002,15.375
4019,20.109783,38.375,0.0359300002,15.375
4020,20.114903,38.375,0.0359300002,15.375
4021,20.120078,38.375,0.0359300002,15.375
4022,20.124982,38.375,0.0359300002,15.375
4023,20.130536,38.375,0.0359300002,15.375
4024,20.135977,38.375,0.0359300002,15.375
4025,20.140875,38.375,0.0359300002,15.375
4026,20.145781,38.375,0.0359300002,15.375
4027,20.149818,38.375,0.0359300002,15.375
4028,20.156051,38.375,0.0359300002,15.375
4029,20.161188,38.375,0.0359300002,15.375
4030,20.165016,38.375,0.0359300002,15.375
4031,20.169912,38.375,0.0359300002,15.375
4032,20.175001,38.375,0.0359300002,15.375
4033,20.180181,38.375,0.0359300002,15.375
4034,20.185086,38.375,0.0359300002,15.375
4035,20.191012,38.375,0.0359300002,15.375
4036,20.195908,38.375,0.0359300002,15.375
4037,20.200816,38.375,0.0359300002,15.375
4038,20.204867,38.375,0.0359300002,15.375
4039,20.209776,38.375,0.0359300002,15.375
4040,20.216214,38.375,0.0359300002,15.375
4041,20.220041,38.375,0.0359300002,15.375
4042,20.224933,38.375,0.0359300002,15.375
4043,20.230281,38.375,0.0359300002,15.375
4044,20.235541,38.375,0.0359300002,15.375
4045,20.240450,38.375,0.0359300002,15.375
4046,20.245550,38.375,0.0359300002,15.375
4047,20.249925,38.375,0.0359300002,15.375
4048,20.254831,38.375,0.0359300002,15.375
4049,20.260199,38.375,0.0359300002,15.375
4050,20.265092,38.375,0.0359300002,15.375
4051,20.270000,38.375,0.0359300002,15.375
4052,20.275452,38.375,0.0359300002,15.375
4053,20.280361,38.375,0.0359300002,15.375
4054,20.285466,38.375,0.0359300002,15.375
4055,20.290671,38.375,0.0359300002,15.375
4056,20.295560,38.375,0.0359300002,15.375
4057,20.299892,38.375,0.0359300002,15.375
4058,20.305068,38.375,0.0359300002,15.375
4059,20.309976,38.375,0.0359300002,15.375
4060,20.315348,38.375,0.0359300002,15.375
4061,20.320246,38.375,0.0359300002,15.375
4062,20.325370,38.375,0.0359300002,15.375
4063,20.330752,38.375,0.0359300002,15.375
4064,20.335640,38.375,0.0359300002,15.375
4065,20.340840,38.375,0.0359300002,15.375
4066,20.346030,38.375,0.0359300002,15.375
4067,20.350937,38.375,0.0359300002,15.375
4068,20.355287,38.375,0.0359300002,15.375
4069,20.360443,38.375,0.0359300002,15.375
4070,20.365348,38.375,0.0359300002,15.375
4071,20.370793,38.375,0.0359300002,15.375
4072,20.375685,38.375,0.0359300002,15.375
4073,20.380811,38.375,0.0359300002,15.375
4074,20.385965,38.375,0.0359300002,15.375
4075,20.390874,38.375,0.0359300002,15.375
4076,20.396246,38.375,0.0359300002,15.375
4077,20.399815,38.375,0.0359300002,15.375
4078,20.405299,38.375,0.0359300002,15.375
4079,20.410740,38.375,0.0359300002,15.375
4080,20.415628,38.375,0.0359300002,15.375
4081,20.420728,38.375,0.0359300002,15.375
4082,20.425901,38.375,0.0359300002,15.375
4083,20.430954,38.375,0.0359300002,15.375
4084,20.436192,37.75,0.0359300002,15.375
4085,20.440038,37.75,0.0359300002,15.375
4086,20.444930,37.75,0.0359300002,15.375
4087,20.450047,37.75,0.0359300002,15.375
4088,20.455734,37.75,0.0359300002,15.375
4089,20.460626,37.75,0.0359300002,15.375
4090,20.466008,37.75,0.0359300002,15.375
4091,20.470907,37.75,0.0359300002,15.375
4092,20.475813,37.75,0.0359300002,15.375
4093,20.479838,37.75,0.0359300002,15.375
4094,20.486071,37.75,0.0359300002,15.375
4095,20.491209,37.75,0.0359300002,15.375
4096,20.495037,37.75,0.0359300002,15.375
4097,20.499933,37.75,0.0359300002,15.375
4098,20.505046,37.75,0.0359300002,15.375
4099,20.510769,37.75,0.0359300002,15.375
4100,20.515661,37.75,0.0359300002,15.375
4101,20.521032,37.75,0.0359300002,15.375
4102,20.525928,37.75,0.0359300002,15.375
4103,20.531153,37.75,0.0359300002,15.375
4104,20.535056,37.75,0.0359300002,15.375
4105,20.539954,37.75,0.0359300002,15.375
4106,20.544859,37.75,0.0359300002,15.375
4107,20.550290,37.75,0.0359300002,15.375
4108,20.555182,37.75,0.0359300002,15.375
4109,20.560321,37.75,0.0359300002,15.375
4110,20.566046,37.75,0.0359300002,15.375
4111,20.570942,37.75,0.0359300002,15.375
4112,20.574963,37.75,0.0359300002,15.375
4113,20.579872,37.75,0.0359300002,15.375
4114,20.584764,37.75,0.0359300002,15.375
4115,20.590200,37.75,0.0359300002,15.375
4116,20.595093,37.75,0.0359300002,15.375
4117,20.600231,37.75,0.0359300002,15.375
4118,20.605387,37.75,0.0359300002,15.375
4119,20.610295,37.75,0.0359300002,15.375
4120,20.615699,37.75,0.0359300002,15.375
4121,20.620591,37.75,0.0359300002,15.375
4122,20.626280,37.75,0.0359300002,15.375
4123,20.630191,37.75,0.0359300002,15.375
4124,20.635084,37.75,0.0359300002,15.375
4125,20.640016,37.75,0.0359300002,15.375
4126,20.645430,37.75,0.0359300002,15.375
4127,20.650329,37.75,0.0359300002,15.375
4128,20.655234,37.75,0.0359300002,15.375
4129,20.660685,37.75,0.0359300002,15.375
4130,20.665574,37.75,0.0359300002,15.375
4131,20.670877,37.75,0.0359300002,15.375
4132,20.676550,37.75,0.0359300002,15.375
4133,20.680122,37.75,0.0450599976,17.625
4134,20.685233,37.75,0.0450599976,17.625
4135,20.690388,37.75,0.0450599976,17.625
4136,20.695293,37.75,0.0450599976,17.625
4137,20.700644,37.75,0.0450599976,17.625
4138,20.705539,37.75,0.0450599976,17.625
4139,20.710448,37.75,0.0450599976,17.625
4140,20.715913,37.75,0.0450599976,17.625
4141,20.720809,37.75,0.0450599976,17.625
4142,20.725923,37.75,0.0450599976,17.625
4143,20.731729,37.75,0.0450599976,17.625
4144,20.735290,37.75,0.0450599976,17.625
4145,20.740491,37.75,0.0450599976,17.625
4146,20.745679,37.75,0.0450599976,17.625
4147,20.750571,37.75,0.0450599976,17.625
4148,20.755925,37.75,0.0450599976,17.625
4149,20.760834,37.75,0.0450599976,17.625
4150,20.765726,37.75,0.0450599976,17.625
4151,20.771163,37.75,0.0450599976,17.625
4152,20.776055,37.75,0.0450599976,17.625
4153,20.781160,37.75,0.0450599976,17.625
4154,20.785523,37.75,0.0450599976,17.625
4155,20.790421,37.75,0.0450599976,17.625
4156,20.795861,37.75,0.0450599976,17.625
4157,20.800770,37.75,0.0450599976,17.625
4158,20.805661,37.75,0.0450599976,17.625
4159,20.811098,37.75,0.0450599976,17.625
4160,20.815991,37.75,0.0450599976,17.625
4161,20.821377,37.75,0.0450599976,17.625
4162,20.824944,37.75,0.0450599976,17.625
4163,20.831324,37.75,0.0450599976,17.625
4164,20.835251,37.75,0.0450599976,17.625
4165,20.840976,37.75,0.0450599976,17.625
4166,20.845872,37.75,0.0450599976,17.625
4167,20.851010,37.75,0.0450599976,17.625
4168,20.854835,37.75,0.0450599976,17.625
4169,20.861070,37.75,0.0450599976,17.625
4170,20.864851,37.75,0.0450599976,17.625
4171,20.869999,37.75,0.0450599976,17.625
4172,20.874905,37.75,0.0450599976,17.625
4173,20.880280,37.75,0.0450599976,17.625
4174,20.885691,37.75,0.0450599976,17.625
4175,20.890810,37.75,0.0450599976,17.625
4176,20.895973,37.75,0.0450599976,17.625
4177,20.900881,37.75,0.0450599976,17.625
4178,20.906253,37.75,0.0450599976,17.625
4179,20.909822,37.75,0.0450599976,17.625
4180,20.916054,37.75,0.0450599976,17.625
4181,20.920126,37.75,0.0450599976,17.625
4182,20.925022,37.75,0.0450599976,17.625
4183,20.931707,37.75,0.0450599976,17.625
4184,20.935565,37.75,0.0450599976,17.625
4185,20.940463,37.75,0.0450599976,17.625
4186,20.945394,37.75,0.0450599976,17.625
4187,20.951322,37.75,0.0450599976,17.625
4188,20.954890,37.75,0.0450599976,17.625
4189,20.960008,37.75,0.0450599976,17.625
4190,20.965160,37.75,0.0450599976,17.625
4191,20.970068,37.75,0.0450599976,17.625
4192,20.975440,37.75,0.0450599976,17.625
4193,20.980338,37.75,0.0450599976,17.625
4194,20.985244,37.75,0.0450599976,17.625
4195,20.990709,37.75,0.0450599976,17.625
4196,20.995598,37.75,0.0450599976,17.625
4197,21.001291,37.75,0.0450599976,17.625
4198,21.005119,37.75,0.0450599976,17.625
4199,21.010015,37.75,0.0450599976,17.625
4200,21.015401,37.75,0.0450599976,17.625
4201,21.020298,37.75,0.0450599976,17.625
4202,21.025204,37.75,0.0450599976,17.625
4203,21.030757,37.75,0.0450599976,17.625
4204,21.035646,37.75,0.0450599976,17.625
4205,21.045123,37.75,0.0450599976,17.625
4206,21.047460,37.75,0.0450599976,17.625
4207,21.051313,37.75,0.0450599976,17.625
4208,21.055416,37.75,0.0450599976,17.625
4209,21.060325,37.75,0.0450599976,17.625
4210,21.065777,37.75,0.0450599976,17.625
4211,21.070672,37.75,0.0450599976,17.625
4212,21.075787,37.75,0.0450599976,17.625
4213,21.080938,37.75,0.0450599976,17.625
4214,21.085844,37.75,0.0450599976,17.625
4215,21.091243,37.75,0.0450599976,17.625
4216,21.096356,37.75,0.0450599976,17.625
4217,21.101264,37.75,0.0450599976,17.625
4218,21.105585,37.75,0.0450599976,17.625
4219,21.110762,37.75,0.0450599976,17.625
4220,21.115654,37.75,0.0450599976,17.625
4221,21.120756,37.75,0.0450599976,17.625
4222,21.125929,37.75,0.0450599976,17.625
4223,21.131105,37.75,0.0450599976,17.625
4224,21.136345,37.75,0.0450599976,17.625
4225,21.140190,37.75,0.0450599976,17.625
4226,21.145083,37.75,0.0450599976,17.625
4227,21.150187,37.75,0.0450599976,17.625
4228,21.155912,37.75,0.0450599976,17.625
4229,21.160821,37.75,0.0450599976,17.625
4230,21.166211,37.75,0.0450599976,17.625
4231,21.171107,37.75,0.0450599976,17.625
4232,21.176202,37.75,0.0450599976,17.625
4233,21.180051,37.75,0.0450599976,17.625
4234,21.186284,37.75,0.0450599976,17.625
4235,21.191412,37.75,0.0450599976,17.625
4236,21.195240,37.75,0.0450599976,17.625
4237,21.200135,37.75,0.0450599976,17.625
4238,21.205249,37.75,0.0450599976,17.625
4239,21.211024,37.75,0.0450599976,17.625
4240,21.215917,37.75,0.0450599976,17.625
4241,21.221355,37.75,0.0450599976,17.625
4242,21.226247,37.75,0.0450599976,17.625
4243,21.231473,37.75,0.0450599976,17.625
4244,21.235359,37.75,0.0450599976,17.625
4245,21.240257,37.75,0.0450599976,17.625
4246,21.245162,37.75,0.0450599976,17.625
4247,21.250598,37.75,0.0450599976,17.625
4248,21.255504,37.75,0.0450599976,17.625
4249,21.260624,37.75,0.0450599976,17.625
4250,21.266349,37.75,0.0450599976,17.625
4251,21.271244,37.75,0.0450599976,17.625
4252,21.276610,37.75,0.0450599976,17.625
4253,21.280182,37.75,0.0450599976,17.625
4254,21.285074,37.75,0.0450599976,17.625
4255,21.290512,37.75,0.0450599976,17.625
4256,21.295417,37.75,0.0450599976,17.625
4257,21.300813,37.75,0.0450599976,17.625
4258,21.305719,37.75,0.0450599976,17.625
4259,21.310635,37.75,0.0450599976,17.625
4260,21.316549,37.75,0.0450599976,17.625
4261,21.320118,37.75,0.0450599976,17.625
4262,21.326556,37.75,0.0450599976,17.625
4263,21.331887,37.75,0.0450599976,17.625
4264,21.335449,37.75,0.0450599976,17.625
4265,21.340535,37.75,0.0450599976,17.625
4266,21.345803,37.75,0.0450599976,17.625
4267,21.350699,37.75,0.0450599976,17.625
4268,21.356081,37.75,0.0450599976,17.625
4269,21.360980,37.75,0.0450599976,17.625
4270,21.365885,37.75,0.0450599976,17.625
4271,21.371326,37.75,0.0450599976,17.625
4272,21.375402,37.75,0.0450599976,17.625
4273,21.380297,37.75,0.0450599976,17.625
4274,21.385814,37.75,0.0450599976,17.625
4275,21.390710,37.75,0.0450599976,17.625
4276,21.396092,37.75,0.0450599976,17.625
4277,21.400991,37.75,0.0450599976,17.625
4278,21.405896,37.75,0.0450599976,17.625
4279,21.411336,37.75,0.0450599976,17.625
4280,21.416229,37.75,0.0450599976,17.625
4281,21.421343,37.75,0.0450599976,17.625
4282,21.425246,37.75,0.0450599976,17.625
4283,21.430844,37.75,0.0450599976,17.625
4284,21.436040,37.75,0.0450599976,17.625
4285,21.441236,37.75,0.0450599976,17.625
4286,21.446141,37.75,0.0450599976,17.625
4287,21.451269,37.75,0.0450599976,17.625
4288,21.455098,37.75,0.0450599976,17.625
4289,21.461334,37.75,0.0450599976,17.625
4290,21.466690,37.75,0.0450599976,17.625
4291,21.470251,37.75,0.0450599976,17.625
4292,21.475144,37.75,0.0450599976,17.625
4293,21.481104,37.75,0.0450599976,17.625
4294,21.486000,37.75,0.0450599976,17.625
4295,21.490908,37.75,0.0450599976,17.625
4296,21.496338,37.75,0.0450599976,17.625
4297,21.501233,37.75,0.0450599976,17.625
4298,21.506344,37.75,0.0450599976,17.625
4299,21.510200,37.75,0.0450599976,17.625
4300,21.515093,37.75,0.0450599976,17.625
4301,21.520207,37.75,0.0450599976,17.625
4302,21.525387,37.75,0.0450599976,17.625
4303,21.531785,37.75,0.0450599976,17.625
4304,21.535660,37.75,0.0450599976,17.625
4305,21.541404,37.75,0.0450599976,17.625
4306,21.546309,37.75,0.0450599976,17.625
4307,21.550355,37.75,0.0450599976,17.625
4308,21.555251,37.75,0.0450599976,17.625
4309,21.560159,37.75,0.0450599976,17.625
4310,21.565608,37.75,0.0450599976,17.625
4311,21.570517,37.75,0.0450599976,17.625
4312,21.575885,37.75,0.0450599976,17.625
4313,21.580793,37.75,0.0450599976,17.625
4314,21.585686,37.75,0.0450599976,17.625
4315,21.591621,37.75,0.0450599976,17.625
4316,21.595189,37.75,0.0450599976,17.625
4317,21.600328,37.75,0.0450599976,17.625
4318,21.605483,37.75,0.0450599976,17.625
4319,21.610392,37.75,0.0450599976,17.625
4320,21.615835,37.75,0.0450599976,17.625
4321,21.620731,37.75,0.0450599976,17.625
4322,21.625852,37.75,0.0450599976,17.625
4323,21.631153,37.75,0.0450599976,17.625
4324,21.636058,37.75,0.0450599976,17.625
4325,21.641274,37.75,0.0450599976,17.625
4326,21.645619,37.75,0.0450599976,17.625
4327,21.650518,37.75,0.0450599976,17.625
4328,21.655907,37.75,0.0450599976,17.625
4329,21.660815,37.75,0.0450599976,17.625
4330,21.665945,37.75,0.0450599976,17.625
4331,21.671118,37.75,0.0450599976,17.625
4332,21.676023,37.75,0.0450599976,17.625
4333,21.681398,37.75,0.0450599976,17.625
4334,21.686292,37.75,0.0450599976,17.625
4335,21.691225,37.75,0.0450599976,17.625
4336,21.695295,37.75,0.0450599976,17.625
4337,21.700789,37.75,0.0450599976,17.625
4338,21.705902,37.75,0.0450599976,17.625
4339,21.711054,37.25,0.0450599976,17.625
4340,21.715958,37.25,0.0450599976,17.625
4341,21.721334,37.25,0.0450599976,17.625
4342,21.726229,37.25,0.0450599976,17.625
4343,21.731423,37.25,0.0450599976,17.625
4344,21.735283,37.25,0.0450599976,17.625
4345,21.740482,37.25,0.0450599976,17.625
4346,21.745915,37.25,0.0450599976,17.625
4347,21.751038,37.25,0.0450599976,17.625
4348,21.756194,37.25,0.0450599976,17.625
4349,21.761102,37.25,0.0450599976,17.625
4350,21.765148,37.25,0.0450599976,17.625
4351,21.770044,37.25,0.0450599976,17.625
4352,21.776487,37.25,0.0450599976,17.625
4353,21.780340,37.25,0.0450599976,17.625
4354,21.785232,37.25,0.0450599976,17.625
4355,21.790349,37.25,0.0450599976,17.625
4356,21.795553,37.25,0.0450599976,17.625
4357,21.801002,37.25,0.0450599976,17.625
4358,21.806385,37.25,0.0450599976,17.625
4359,21.811282,37.25,0.0450599976,17.625
4360,21.816188,37.25,0.0450599976,17.625
4361,21.820233,37.25,0.0450599976,17.625
4362,21.825126,37.25,0.0450599976,17.625
4363,21.831696,37.25,0.0450599976,17.625
4364,21.835572,37.25,0.0450599976,17.625
4365,21.840470,37.25,0.0450599976,17.625
4366,21.845577,37.25,0.0450599976,17.625
4367,21.851324,37.25,0.0450599976,17.625
4368,21.856216,37.25,0.0450599976,17.625
4369,21.860258,37.25,0.0450599976,17.625
4370,21.865151,37.25,0.0450599976,17.625
4371,21.870084,37.25,0.0450599976,17.625
4372,21.875511,37.25,0.0450599976,17.625
4373,21.880420,37.25,0.0450599976,17.625
4374,21.885534,37.25,0.0450599976,17.625
4375,21.890693,37.25,0.0450599976,17.625
4376,21.895582,37.25,0.0450599976,17.625
4377,21.900976,37.25,0.0450599976,17.625
4378,21.905069,37.25,0.0450599976,17.625
4379,21.911532,37.25,0.0450599976,17.625
4380,21.915360,37.25,0.0450599976,17.625
4381,21.920258,37.25,0.0450599976,17.625
4382,21.925395,37.25,0.0450599976,17.625
4383,21.932040,37.25,0.0450599976,17.625
4384,21.935601,37.25,0.0450599976,17.625
4385,21.940799,37.25,0.0450599976,17.625
4386,21.946039,37.25,0.0450599976,17.625
4387,21.950946,37.25,0.0450599976,17.625
4388,21.955297,37.25,0.0450599976,17.625
4389,21.960477,37.25,0.0450599976,17.625
4390,21.965382,37.25,0.053580001,20.375
4391,21.970739,37.25,0.053580001,20.375
4392,21.975628,37.25,0.053580001,20.375
4393,21.980537,37.25,0.053580001,20.375
4394,21.985976,37.25,0.053580001,20.375
4395,21.990872,37.25,0.053580001,20.375
4396,21.995990,37.25,0.053580001,20.375
4397,22.001138,37.25,0.053580001,20.375
4398,22.005216,37.25,0.053580001,20.375
4399,22.010371,37.25,0.053580001,20.375
4400,22.015527,37.25,0.053580001,20.375
4401,22.020435,37.25,0.053580001,20.375
4402,22.025813,37.25,0.053580001,20.375
4403,22.032195,37.25,0.053580001,20.375
4404,22.035789,37.25,0.053580001,20.375
4405,22.047011,37.25,0.053580001,20.375
4406,22.049233,37.25,0.053580001,20.375
4407,22.052798,37.25,0.053580001,20.375
4408,22.057921,37.25,0.053580001,20.375
4409,22.063220,37.25,0.053580001,20.375
4410,22.067342,37.25,0.053580001,20.375
4411,22.072235,37.25,0.053580001,20.375
4412,22.077684,37.25,0.053580001,20.375
4413,22.082573,37.25,0.053580001,20.375
4414,22.087696,37.25,0.053580001,20.375
4415,22.092845,37.25,0.053580001,20.375
4416,22.097754,37.25,0.053580001,20.375
4417,22.103126,37.25,0.053580001,20.375
4418,22.108022,37.25,0.053580001,20.375
4419,22.112950,37.25,0.053580001,20.375
4420,22.118578,37.25,0.053580001,20.375
4421,22.122717,37.25,0.053580001,20.375
4422,22.127609,37.25,0.053580001,20.375
4423,22.132964,37.25,0.053580001,20.375
4424,22.138161,37.25,0.053580001,20.375
4425,22.143053,37.25,0.053580001,20.375
4426,22.148169,37.25,0.053580001,20.375
4427,22.151998,37.25,0.053580001,20.375
4428,22.158233,37.25,0.053580001,20.375
4429,22.163605,37.25,0.053580001,20.375
4430,22.167177,37.25,0.053580001,20.375
4431,22.172613,37.25,0.053580001,20.375
4432,22.178052,37.25,0.053580001,20.375
4433,22.182944,37.25,0.053580001,20.375
4434,22.188327,37.25,0.053580001,20.375
4435,22.193220,37.25,0.053580001,20.375
4436,22.198128,37.25,0.053580001,20.375
4437,22.202175,37.25,0.053580001,20.375
4438,22.207072,37.25,0.053580001,20.375
4439,22.212000,37.25,0.053580001,20.375
4440,22.217396,37.25,0.053580001,20.375
4441,22.222931,37.25,0.053580001,20.375
4442,22.228041,37.25,0.053580001,20.375
4443,22.233348,37.25,0.053580001,20.375
4444,22.238243,37.25,0.053580001,20.375
4445,22.243330,37.25,0.053580001,20.375
4446,22.247191,37.25,0.053580001,20.375
4447,22.252086,37.25,0.053580001,20.375
4448,22.257214,37.25,0.053580001,20.375
4449,22.262372,37.25,0.053580001,20.375
4450,22.267280,37.25,0.053580001,20.375
4451,22.272659,37.25,0.053580001,20.375
4452,22.278082,37.25,0.053580001,20.375
4453,22.282987,37.25,0.053580001,20.375
4454,22.287036,37.25,0.053580001,20.375
4455,22.293271,37.25,0.053580001,20.375
4456,22.298379,37.25,0.053580001,20.375
4457,22.302207,37.25,0.053580001,20.375
4458,22.307103,37.25,0.053580001,20.375
4459,22.312216,37.25,0.053580001,20.375
4460,22.317375,37.25,0.053580001,20.375
4461,22.322279,37.25,0.053580001,20.375
4462,22.327658,37.25,0.053580001,20.375
4463,22.333252,37.25,0.053580001,20.375
4464,22.338339,37.25,0.053580001,20.375
4465,22.342201,37.25,0.053580001,20.375
4466,22.347100,37.25,0.053580001,20.375
4467,22.352005,37.25,0.053580001,20.375
4468,22.357446,37.25,0.053580001,20.375
4469,22.362352,37.25,0.053580001,20.375
4470,22.367272,37.25,0.053580001,20.375
4471,22.372698,37.25,0.053580001,20.375
4472,22.377589,37.25,0.053580001,20.375
4473,22.382712,37.25,0.053580001,20.375
4474,22.387034,37.25,0.053580001,20.375
4475,22.393269,37.25,0.053580001,20.375
4476,22.397315,37.25,0.053580001,20.375
4477,22.402208,37.25,0.053580001,20.375
4478,22.407115,37.25,0.053580001,20.375
4479,22.412539,37.25,0.053580001,20.375
4480,22.417448,37.25,0.053580001,20.375
4481,22.422845,37.25,0.053580001,20.375
4482,22.427754,37.25,0.053580001,20.375
4483,22.432820,37.25,0.053580001,20.375
4484,22.438286,37.25,0.053580001,20.375
4485,22.442384,37.25,0.053580001,20.375
4486,22.447292,37.25,0.053580001,20.375
4487,22.452770,37.25,0.053580001,20.375
4488,22.457665,37.25,0.053580001,20.375
4489,22.463049,37.25,0.053580001,20.375
4490,22.467947,37.25,0.053580001,20.375
4491,22.472852,37.25,0.053580001,20.375
4492,22.478271,37.25,0.053580001,20.375
4493,22.483164,37.25,0.053580001,20.375
4494,22.488275,37.25,0.053580001,20.375
4495,22.492628,37.25,0.053580001,20.375
4496,22.497528,37.25,0.053580001,20.375
4497,22.502917,37.25,0.053580001,20.375
4498,22.507826,37.25,0.053580001,20.375
4499,22.512718,37.25,0.053580001,20.375
4500,22.518157,37.25,0.053580001,20.375
4501,22.523049,37.25,0.053580001,20.375
4502,22.528432,37.25,0.053580001,20.375
4503,22.532147,37.25,0.053580001,20.375
4504,22.537043,37.25,0.053580001,20.375
4505,22.542504,37.25,0.053580001,20.375
4506,22.547949,37.25,0.053580001,20.375
4507,22.553062,37.25,0.053580001,20.375
4508,22.558216,37.25,0.053580001,20.375
4509,22.563120,37.25,0.053580001,20.375
4510,22.568493,37.25,0.053580001,20.375
4511,22.572061,37.25,0.053580001,20.375
4512,22.578321,37.25,0.053580001,20.375
4513,22.582366,37.25,0.053580001,20.375
4514,22.587265,37.25,0.053580001,20.375
4515,22.592170,37.25,0.053580001,20.375
4516,22.598123,37.25,0.053580001,20.375
4517,22.603019,37.25,0.053580001,20.375
4518,22.608157,37.25,0.053580001,20.375
4519,22.611984,37.25,0.053580001,20.375
4520,22.618220,37.25,0.053580001,20.375
4521,22.622266,37.25,0.053580001,20.375
4522,22.627163,37.25,0.053580001,20.375
4523,22.632329,37.25,0.053580001,20.375
4524,22.637773,37.25,0.053580001,20.375
4525,22.642678,37.25,0.053580001,20.375
4526,22.647569,37.25,0.053580001,20.375
4527,22.653523,37.25,0.053580001,20.375
4528,22.657091,37.25,0.053580001,20.375
4529,22.662205,37.25,0.053580001,20.375
4530,22.667364,37.25,0.053580001,20.375
4531,22.672269,37.25,0.053580001,20.375
4532,22.677641,37.25,0.053580001,20.375
4533,22.682536,37.25,0.053580001,20.375
4534,22.687445,37.25,0.053580001,20.375
4535,22.692885,37.25,0.053580001,20.375
4536,22.697781,37.25,0.053580001,20.375
4537,22.703443,37.25,0.053580001,20.375
4538,22.707298,37.25,0.053580001,20.375
4539,22.712191,37.25,0.053580001,20.375
4540,22.717602,37.25,0.053580001,20.375
4541,22.722497,37.25,0.053580001,20.375
4542,22.727406,37.25,0.053580001,20.375
4543,22.732930,37.25,0.053580001,20.375
4544,22.737839,37.25,0.053580001,20.375
4545,22.742731,37.25,0.053580001,20.375
4546,22.748165,37.25,0.053580001,20.375
4547,22.753587,37.25,0.053580001,20.375
4548,22.757159,37.25,0.053580001,20.375
4549,22.762578,37.25,0.053580001,20.375
4550,22.767487,37.25,0.053580001,20.375
4551,22.772883,37.25,0.053580001,20.375
4552,22.777792,37.25,0.053580001,20.375
4553,22.782684,37.25,0.053580001,20.375
4554,22.788124,37.25,0.053580001,20.375
4555,22.793017,37.25,0.053580001,20.375
4556,22.798152,37.25,0.053580001,20.375
4557,22.801980,37.25,0.053580001,20.375
4558,22.808215,37.25,0.053580001,20.375
4559,22.812541,37.25,0.053580001,20.375
4560,22.817724,37.25,0.053580001,20.375
4561,22.822612,37.25,0.053580001,20.375
4562,22.828001,37.25,0.053580001,20.375
4563,22.833043,37.25,0.053580001,20.375
4564,22.837975,37.25,0.053580001,20.375
4565,22.843400,37.25,0.053580001,20.375
4566,22.846971,37.25,0.053580001,20.375
4567,22.853203,37.25,0.053580001,20.375
4568,22.857263,37.25,0.053580001,20.375
4569,22.862728,37.25,0.053580001,20.375
4570,22.867643,37.25,0.053580001,20.375
4571,22.873047,37.25,0.053580001,20.375
4572,22.877942,37.25,0.053580001,20.375
4573,22.883068,37.25,0.053580001,20.375
4574,22.888237,37.25,0.053580001,20.375
4575,22.893141,37.25,0.053580001,20.375
4576,22.898267,37.25,0.053580001,20.375
4577,22.902095,37.25,0.053580001,20.375
4578,22.906991,37.25,0.053580001,20.375
4579,22.912179,37.25,0.053580001,20.375
4580,22.917905,37.25,0.053580001,20.375
4581,22.922798,37.25,0.053580001,20.375
4582,22.928214,37.25,0.053580001,20.375
4583,22.933252,37.25,0.053580001,20.375
4584,22.938339,37.25,0.053580001,20.375
4585,22.942214,37.25,0.053580001,20.375
4586,22.947113,37.25,0.053580001,20.375
4587,22.952043,37.25,0.053580001,20.375
4588,22.957459,37.25,0.053580001,20.375
4589,22.962365,37.25,0.053580001,20.375
4590,22.967786,37.25,0.053580001,20.375
4591,22.973211,37.25,0.053580001,20.375
4592,22.978107,37.25,0.053580001,20.375
4593,22.983490,36.5,0.053580001,20.375
4594,22.987062,36.5,0.053580001,20.375
4595,22.993294,36.5,0.053580001,20.375
4596,22.997338,36.5,0.053580001,20.375
4597,23.002234,36.5,0.053580001,20.375
4598,23.007142,36.5,0.053580001,20.375
4599,23.012577,36.5,0.053580001,20.375
4600,23.017486,36.5,0.053580001,20.375
4601,23.022603,36.5,0.053580001,20.375
4602,23.028332,36.5,0.053580001,20.375
4603,23.033370,36.5,0.053580001,20.375
4604,23.037128,36.5,0.053580001,20.375
4605,23.045306,36.5,0.053580001,20.375
4606,23.049344,36.5,0.053580001,20.375
4607,23.052909,36.5,0.053580001,20.375
4608,23.058001,36.5,0.053580001,20.375
4609,23.063316,36.5,0.053580001,20.375
4610,23.068212,36.5,0.053580001,20.375
4611,23.073117,36.5,0.053580001,20.375
4612,23.077477,36.5,0.053580001,20.375
4613,23.082635,36.5,0.053580001,20.375
4614,23.087543,36.5,0.053580001,20.375
4615,23.092642,36.5,0.053580001,20.375
4616,23.097827,36.5,0.053580001,20.375
4617,23.102733,36.5,0.053580001,20.375
4618,23.108102,36.5,0.053580001,20.375
4619,23.112998,36.5,0.053580001,20.375
4620,23.117906,36.5,0.053580001,20.375
4621,23.123358,36.5,0.053580001,20.375
4622,23.128267,36.5,0.053580001,20.375
4623,23.133489,36.5,0.053580001,20.375
4624,23.137413,36.5,0.053580001,20.375
4625,23.143082,36.5,0.053580001,20.375
4626,23.147977,36.5,0.053580001,20.375
4627,23.152027,36.5,0.053580001,20.375
4628,23.158262,36.5,0.053580001,20.375
4629,23.163404,36.5,0.053580001,20.375
4630,23.167236,36.5,0.053580001,20.375
4631,23.172128,36.5,0.053580001,20.375
4632,23.177267,36.5,0.053580001,20.375
4633,23.182422,36.5,0.053580001,20.375
4634,23.187330,36.5,0.053580001,20.375
4635,23.192706,36.5,0.053580001,20.375
4636,23.198131,36.5,0.053580001,20.375
4637,23.203265,36.5,0.053580001,20.375
4638,23.207097,36.5,0.053580001,20.375
4639,23.211989,36.5,0.053580001,20.375
4640,23.217127,36.5,0.053580001,20.375
4641,23.222282,36.5,0.053580001,20.375
4642,23.227191,36.5,0.053580001,20.375
4643,23.232409,36.5,0.053580001,20.375
4644,23.237676,36.5,0.053580001,20.375
4645,23.242565,36.5,0.0655599982,23.875
4646,23.248255,36.5,0.0655599982,23.875
4647,23.252084,36.5,0.0655599982,23.875
4648,23.256980,36.5,0.0655599982,23.875
4649,23.262068,36.5,0.0655599982,23.875
4650,23.267252,36.5,0.0655599982,23.875
4651,23.272157,36.5,0.0655599982,23.875
4652,23.277281,36.5,0.0655599982,23.875
4653,23.282437,36.5,0.0655599982,23.875
4654,23.287346,36.5,0.0655599982,23.875
4655,23.292699,36.5,0.0655599982,23.875
4656,23.298171,36.5,0.0655599982,23.875
4657,23.303088,36.5,0.0655599982,23.875
4658,23.307141,36.5,0.0655599982,23.875
4659,23.312034,36.5,0.0655599982,23.875
4660,23.318519,36.5,0.0655599982,23.875
4661,23.322359,36.5,0.0655599982,23.875
4662,23.327268,36.5,0.0655599982,23.875
4663,23.334411,36.5,0.0655599982,23.875
4664,23.338294,36.5,0.0655599982,23.875
4665,23.343190,36.5,0.0655599982,23.875
4666,23.348099,36.5,0.0655599982,23.875
4667,23.352424,36.5,0.0655599982,23.875
4668,23.357585,36.5,0.0655599982,23.875
4669,23.362491,36.5,0.0655599982,23.875
4670,23.367892,36.5,0.0655599982,23.875
4671,23.372797,36.5,0.0655599982,23.875
4672,23.377721,36.5,0.0655599982,23.875
4673,23.383130,36.5,0.0655599982,23.875
4674,23.388025,36.5,0.0655599982,23.875
4675,23.393136,36.5,0.0655599982,23.875
4676,23.397016,36.5,0.0655599982,23.875
4677,23.403249,36.5,0.0655599982,23.875
4678,23.408646,36.5,0.0655599982,23.875
4679,23.412746,36.5,0.0655599982,23.875
4680,23.417637,36.5,0.0655599982,23.875
4681,23.423090,36.5,0.0655599982,23.875
4682,23.427986,36.5,0.0655599982,23.875
4683,23.433327,36.5,0.0655599982,23.875
4684,23.437208,36.5,0.0655599982,23.875
4685,23.442103,36.5,0.0655599982,23.875
4686,23.447220,36.5,0.0655599982,23.875
4687,23.452414,36.5,0.0655599982,23.875
4688,23.457323,36.5,0.0655599982,23.875
4689,23.462423,36.5,0.0655599982,23.875
4690,23.468176,36.5,0.0655599982,23.875
4691,23.473069,36.5,0.0655599982,23.875
4692,23.477133,36.5,0.0655599982,23.875
4693,23.482026,36.5,0.0655599982,23.875
4694,23.488496,36.5,0.0655599982,23.875
4695,23.492324,36.5,0.0655599982,23.875
4696,23.497220,36.5,0.0655599982,23.875
4697,23.502309,36.5,0.0655599982,23.875
4698,23.507492,36.5,0.0655599982,23.875
4699,23.512398,36.5,0.0655599982,23.875
4700,23.517776,36.5,0.0655599982,23.875
4701,23.523220,36.5,0.0655599982,23.875
4702,23.528129,36.5,0.0655599982,23.875
4703,23.533644,36.5,0.0655599982,23.875
4704,23.537215,36.5,0.0655599982,23.875
4705,23.542108,36.5,0.0655599982,23.875
4706,23.547332,36.5,0.0655599982,23.875
4707,23.552531,36.5,0.0655599982,23.875
4708,23.557440,36.5,0.0655599982,23.875
4709,23.562563,36.5,0.0655599982,23.875
4710,23.567722,36.5,0.0655599982,23.875
4711,23.573193,36.5,0.0655599982,23.875
4712,23.577248,36.5,0.0655599982,23.875
4713,23.582143,36.5,0.0655599982,23.875
4714,23.587260,36.5,0.0655599982,23.875
4715,23.592415,36.5,0.0655599982,23.875
4716,23.597323,36.5,0.0655599982,23.875
4717,23.602677,36.5,0.0655599982,23.875
4718,23.607569,36.5,0.0655599982,23.875
4719,23.612475,36.5,0.0655599982,23.875
4720,23.617918,36.5,0.0655599982,23.875
4721,23.623371,36.5,0.0655599982,23.875
4722,23.627170,36.5,0.0655599982,23.875
4723,23.633814,36.5,0.0655599982,23.875
4724,23.637379,36.5,0.0655599982,23.875
4725,23.642568,36.5,0.0655599982,23.875
4726,23.647743,36.5,0.0655599982,23.875
4727,23.652632,36.5,0.0655599982,23.875
4728,23.658020,36.5,0.0655599982,23.875
4729,23.662915,36.5,0.0655599982,23.875
4730,23.667824,36.5,0.0655599982,23.875
4731,23.673844,36.5,0.0655599982,23.875
4732,23.677409,36.5,0.0655599982,23.875
4733,23.682487,36.5,0.0655599982,23.875
4734,23.687955,36.5,0.0655599982,23.875
4735,23.692848,36.5,0.0655599982,23.875
4736,23.697990,36.5,0.0655599982,23.875
4737,23.703140,36.5,0.0655599982,23.875
4738,23.708048,36.5,0.0655599982,23.875
4739,23.713420,36.5,0.0655599982,23.875
4740,23.716991,36.5,0.0655599982,23.875
4741,23.723431,36.5,0.0655599982,23.875
4742,23.727818,36.5,0.0655599982,23.875
4743,23.732868,36.5,0.0655599982,23.875
4744,23.738078,36.5,0.0655599982,23.875
4745,23.743250,36.5,0.0655599982,23.875
4746,23.748158,36.5,0.0655599982,23.875
4747,23.752204,36.5,0.0655599982,23.875
4748,23.757101,36.5,0.0655599982,23.875
4749,23.762216,36.5,0.0655599982,23.875
4750,23.767375,36.5,0.0655599982,23.875
4751,23.772280,36.5,0.0655599982,23.875
4752,23.777680,36.5,0.0655599982,23.875
4753,23.783107,36.5,0.0655599982,23.875
4754,23.788205,36.5,0.0655599982,23.875
4755,23.792068,36.5,0.0655599982,23.875
4756,23.796963,36.5,0.0655599982,23.875
4757,23.803428,36.5,0.0655599982,23.875
4758,23.807260,36.5,0.0655599982,23.875
4759,23.812152,36.5,0.0655599982,23.875
4760,23.817588,36.5,0.0655599982,23.875
4761,23.822483,36.5,0.0655599982,23.875
4762,23.827907,36.5,0.0655599982,23.875
4763,23.833438,36.5,0.0655599982,23.875
4764,23.837006,36.5,0.0655599982,23.875
4765,23.843238,36.5,0.0655599982,23.875
4766,23.847126,36.5,0.0655599982,23.875
4767,23.852325,36.5,0.0655599982,23.875
4768,23.857233,36.5,0.0655599982,23.875
4769,23.862356,36.5,0.0655599982,23.875
4770,23.867515,36.5,0.0655599982,23.875
4771,23.872421,36.5,0.0655599982,23.875
4772,23.877823,36.5,0.0655599982,23.875
4773,23.883243,36.5,0.0655599982,23.875
4774,23.888151,36.5,0.0655599982,23.875
4775,23.892216,36.5,0.0655599982,23.875
4776,23.897112,36.5,0.0655599982,23.875
4777,23.902247,36.5,0.0655599982,23.875
4778,23.907401,36.5,0.0655599982,23.875
4779,23.912306,36.5,0.0655599982,23.875
4780,23.917684,36.5,0.0655599982,23.875
4781,23.922573,36.5,0.0655599982,23.875
4782,23.927482,36.5,0.0655599982,23.875
4783,23.934904,36.5,0.0655599982,23.875
4784,23.937129,36.5,0.0655599982,23.875
4785,23.942223,36.5,0.0655599982,23.875
4786,23.947494,36.5,0.0655599982,23.875
4787,23.952400,36.5,0.0655599982,23.875
4788,23.957796,36.5,0.0655599982,23.875
4789,23.962701,36.5,0.0655599982,23.875
4790,23.967592,36.5,0.0655599982,23.875
4791,23.973033,36.5,0.0655599982,23.875
4792,23.977929,36.5,0.0655599982,23.875
4793,23.983038,36.5,0.0655599982,23.875
4794,23.987393,36.5,0.0655599982,23.875
4795,23.992288,36.5,0.0655599982,23.875
4796,23.997427,36.5,0.0655599982,23.875
4797,24.002583,36.5,0.0655599982,23.875
4798,24.007491,36.5,0.0655599982,23.875
4799,24.012845,36.5,0.0655599982,23.875
4800,24.017754,36.5,0.0655599982,23.875
4801,24.022674,36.5,0.0655599982,23.875
4802,24.028111,36.5,0.0655599982,23.875
4803,24.033148,36.5,0.0655599982,23.875
4804,24.037238,36.5,0.0655599982,23.875
4805,24.048331,36.5,0.0655599982,23.875
4806,24.050552,36.5,0.0655599982,23.875
4807,24.054117,36.5,0.0655599982,23.875
4808,24.059242,36.5,0.0655599982,23.875
4809,24.064514,36.5,0.0655599982,23.875
4810,24.069413,36.5,0.0655599982,23.875
4811,24.074552,36.5,0.0655599982,23.875
4812,24.078364,36.5,0.0655599982,23.875
4813,24.084597,36.5,0.0655599982,23.875
4814,24.088408,36.5,0.0655599982,23.875
4815,24.094134,36.5,0.0655599982,23.875
4816,24.099031,36.5,0.0655599982,23.875
4817,24.104474,36.5,0.0655599982,23.875
4818,24.109382,36.5,0.0655599982,23.875
4819,24.114761,36.5,0.0655599982,23.875
4820,24.118327,36.5,0.0655599982,23.875
4821,24.124559,36.5,0.0655599982,23.875
4822,24.128603,36.5,0.0655599982,23.875
4823,24.133352,36.5,0.0655599982,23.875
4824,24.140105,36.5,0.0655599982,23.875
4825,24.143967,36.5,0.0655599982,23.875
4826,24.149161,36.5,0.0655599982,23.875
4827,24.154053,36.5,0.0655599982,23.875
4828,24.159444,36.5,0.0655599982,23.875
4829,24.164536,36.5,0.0655599982,23.875
4830,24.169445,36.5,0.0655599982,23.875
4831,24.173518,36.5,0.0655599982,23.875
4832,24.178416,36.5,0.0655599982,23.875
4833,24.183322,36.5,0.0655599982,23.875
4834,24.188777,36.5,0.0655599982,23.875
4835,24.194225,36.5,0.0655599982,23.875
4836,24.199606,36.5,0.0655599982,23.875
4837,24.204501,36.5,0.0655599982,23.875
4838,24.209631,36.5,0.0655599982,23.875
4839,24.213454,36.5,0.0655599982,23.875
4840,24.218363,36.5,0.0655599982,23.875
4841,24.223480,36.5,0.0655599982,23.875
4842,24.228638,36.5,0.0655599982,23.875
4843,24.233398,36.5,0.0655599982,23.875
4844,24.238626,36.5,0.0655599982,23.875
4845,24.244356,36.5,0.0655599982,23.875
4846,24.249264,36.5,0.0655599982,23.875
4847,24.254700,36.5,0.0655599982,23.875
4848,24.259591,35.875,0.0655599982,23.875
4849,24.264723,35.875,0.0655599982,23.875
4850,24.268528,35.875,0.0655599982,23.875
4851,24.273434,35.875,0.0655599982,23.875
4852,24.278554,35.875,0.0655599982,23.875
4853,24.283713,35.875,0.0655599982,23.875
4854,24.288605,35.875,0.0655599982,23.875
4855,24.294018,35.875,0.0655599982,23.875
4856,24.299445,35.875,0.0655599982,23.875
4857,24.304350,35.875,0.0655599982,23.875
4858,24.308439,35.875,0.0655599982,23.875
4859,24.313334,35.875,0.0655599982,23.875
4860,24.319770,35.875,0.0655599982,23.875
4861,24.323603,35.875,0.0655599982,23.875
4862,24.328512,35.875,0.0655599982,23.875
4863,24.333559,35.875,0.0655599982,23.875
4864,24.338861,35.875,0.0655599982,23.875
4865,24.343753,35.875,0.0655599982,23.875
4866,24.348874,35.875,0.0655599982,23.875
4867,24.354573,35.875,0.0655599982,23.875
4868,24.359482,35.875,0.0655599982,23.875
4869,24.363527,35.875,0.0655599982,23.875
4870,24.368426,35.875,0.0655599982,23.875
4871,24.373355,35.875,0.0655599982,23.875
4872,24.378797,35.875,0.0655599982,23.875
4873,24.383689,35.875,0.0655599982,23.875
4874,24.388809,35.875,0.0655599982,23.875
4875,24.393959,35.875,0.0655599982,23.875
4876,24.398867,35.875,0.0655599982,23.875
4877,24.404264,35.875,0.0655599982,23.875
4878,24.408353,35.875,0.0655599982,23.875
4879,24.414830,35.875,0.0655599982,23.875
4880,24.418638,35.875,0.0655599982,23.875
4881,24.423543,35.875,0.0655599982,23.875
4882,24.428462,35.875,0.0655599982,23.875
4883,24.433680,35.875,0.0655599982,23.875
4884,24.438571,35.875,0.0655599982,23.875
4885,24.443477,35.875,0.0655599982,23.875
4886,24.448947,35.875,0.0655599982,23.875
4887,24.454413,35.875,0.0655599982,23.875
4888,24.459346,35.875,0.0655599982,23.875
4889,24.463378,35.875,0.0655599982,23.875
4890,24.469615,35.875,0.0655599982,23.875
4891,24.474738,35.875,0.0655599982,23.875
4892,24.478542,35.875,0.0655599982,23.875
4893,24.483448,35.875,0.0655599982,23.875
4894,24.488847,35.875,0.0655599982,23.875
4895,24.493752,35.875,0.0655599982,23.875
4896,24.498644,35.875,0.0655599982,23.875
4897,24.504085,35.875,0.0655599982,23.875
4898,24.509536,35.875,0.0655599982,23.875
4899,24.514673,35.875,0.0655599982,23.875
4900,24.518478,35.875,0.0655599982,23.875
4901,24.523384,35.875,0.0770899951,28
4902,24.529812,35.875,0.0770899951,28
4903,24.533465,35.875,0.0770899951,28
4904,24.538364,35.875,0.0770899951,28
4905,24.544795,35.875,0.0770899951,28
4906,24.548685,35.875,0.0770899951,28
4907,24.553574,35.875,0.0770899951,28
4908,24.558483,35.875,0.0770899951,28
4909,24.564436,35.875,0.0770899951,28
4910,24.569332,35.875,0.0770899951,28
4911,24.574698,35.875,0.0770899951,28
4912,24.579590,35.875,0.0770899951,28
4913,24.584496,35.875,0.0770899951,28
4914,24.588540,35.875,0.0770899951,28
4915,24.593435,35.875,0.0770899951,28
4916,24.598344,35.875,0.0770899951,28
4917,24.603799,35.875,0.0770899951,28
4918,24.608694,35.875,0.0770899951,28
4919,24.614356,35.875,0.0770899951,28
4920,24.619539,35.875,0.0770899951,28
4921,24.624444,35.875,0.0770899951,28
4922,24.629823,35.875,0.0770899951,28
4923,24.634566,35.875,0.0770899951,28
4924,24.639672,35.875,0.0770899951,28
4925,24.643539,35.875,0.0770899951,28
4926,24.648438,35.875,0.0770899951,28
4927,24.653343,35.875,0.0770899951,28
4928,24.658798,35.875,0.0770899951,28
4929,24.663690,35.875,0.0770899951,28
4930,24.669355,35.875,0.0770899951,28
4931,24.674535,35.875,0.0770899951,28
4932,24.679443,35.875,0.0770899951,28
4933,24.683489,35.875,0.0770899951,28
4934,24.688388,35.875,0.0770899951,28
4935,24.693292,35.875,0.0770899951,28
4936,24.698783,35.875,0.0770899951,28
4937,24.703676,35.875,0.0770899951,28
4938,24.708793,35.875,0.0770899951,28
4939,24.713945,35.875,0.0770899951,28
4940,24.719403,35.875,0.0770899951,28
4941,24.723450,35.875,0.0770899951,28
4942,24.728349,35.875,0.0770899951,28
4943,24.734620,35.875,0.0770899951,28
4944,24.738499,35.875,0.0770899951,28
4945,24.743395,35.875,0.0770899951,28
4946,24.748327,35.875,0.0770899951,28
4947,24.753758,35.875,0.0770899951,28
4948,24.758653,35.875,0.0770899951,28
4949,24.763771,35.875,0.0770899951,28
4950,24.769445,35.875,0.0770899951,28
4951,24.774340,35.875,0.0770899951,28
4952,24.778449,35.875,0.0770899951,28
4953,24.783345,35.875,0.0770899951,28
4954,24.789841,35.875,0.0770899951,28
4955,24.793690,35.875,0.0770899951,28
4956,24.798582,35.875,0.0770899951,28
4957,24.803954,35.875,0.0770899951,28
4958,24.808862,35.875,0.0770899951,28
4959,24.813755,35.875,0.0770899951,28
4960,24.819216,35.875,0.0770899951,28
4961,24.824109,35.875,0.0770899951,28
4962,24.829234,35.875,0.0770899951,28
4963,24.834757,35.875,0.0770899951,28
4964,24.838322,35.875,0.0770899951,28
4965,24.843519,35.875,0.0770899951,28
4966,24.848698,35.875,0.0770899951,28
4967,24.853587,35.875,0.0770899951,28
4968,24.859042,35.875,0.0770899951,28
4969,24.863934,35.875,0.0770899951,28
4970,24.869059,35.875,0.0770899951,28
4971,24.874214,35.875,0.0770899951,28
4972,24.879122,35.875,0.0770899951,28
4973,24.884544,35.875,0.0770899951,28
4974,24.888626,35.875,0.0770899951,28
4975,24.893519,35.875,0.0770899951,28
4976,24.898988,35.875,0.0770899951,28
4977,24.903881,35.875,0.0770899951,28
4978,24.908805,35.875,0.0770899951,28
4979,24.914202,35.875,0.0770899951,28
4980,24.919098,35.875,0.0770899951,28
4981,24.924233,35.875,0.0770899951,28
4982,24.929392,35.875,0.0770899951,28
4983,24.934151,35.875,0.0770899951,28
4984,24.939355,35.875,0.0770899951,28
4985,24.944527,35.875,0.0770899951,28
4986,24.948672,35.875,0.0770899951,28
4987,24.953788,35.875,0.0770899951,28
4988,24.958944,35.875,0.0770899951,28
4989,24.963849,35.875,0.0770899951,28
4990,24.969220,35.875,0.0770899951,28
4991,24.974116,35.875,0.0770899951,28
4992,24.979249,35.875,0.0770899951,28
4993,24.984413,35.875,0.0770899951,28
4994,24.989321,35.875,0.0770899951,28
4995,24.994674,35.875,0.0770899951,28
4996,24.998820,35.875,0.0770899951,28
4997,25.003713,35.875,0.0770899951,28
4998,25.009162,35.875,0.0770899951,28
4999,25.014054,35.875,0.0770899951,28
5000,25.019193,35.875,0.0770899951,28
5001,25.024348,35.875,0.0770899951,28
5002,25.029257,35.875,0.0770899951,28
5003,25.034186,35.875,0.0770899951,28
5004,25.039469,35.875,0.0770899951,28
5005,25.048594,35.875,0.0770899951,28
5006,25.051018,35.875,0.0770899951,28
5007,25.054939,35.875,0.0770899951,28
5008,25.059046,35.875,0.0770899951,28
5009,25.063938,35.875,0.0770899951,28
5010,25.069377,35.875,0.0770899951,28
5011,25.074281,35.875,0.0770899951,28
5012,25.079397,35.875,0.0770899951,28
5013,25.084553,35.875,0.0770899951,28
5014,25.089461,35.875,0.0770899951,28
5015,25.094815,35.875,0.0770899951,28
5016,25.099724,35.875,0.0770899951,28
5017,25.103840,35.875,0.0770899951,28
5018,25.109302,35.875,0.0770899951,28
5019,25.114195,35.875,0.0770899951,28
5020,25.119580,35.875,0.0770899951,28
5021,25.124476,35.875,0.0770899951,28
5022,25.129384,35.875,0.0770899951,28
5023,25.134758,35.875,0.0770899951,28
5024,25.139666,35.875,0.0770899951,28
5025,25.144580,35.875,0.0770899951,28
5026,25.149997,35.875,0.0770899951,28
5027,25.154064,35.875,0.0770899951,28
5028,25.158963,35.875,0.0770899951,28
5029,25.164385,35.875,0.0770899951,28
5030,25.169293,35.875,0.0770899951,28
5031,25.174407,35.875,0.0770899951,28
5032,25.179818,35.875,0.0770899951,28
5033,25.184711,35.875,0.0770899951,28
5034,25.190093,35.875,0.0770899951,28
5035,25.193646,35.875,0.0770899951,28
5036,25.199897,35.875,0.0770899951,28
5037,25.203972,35.875,0.0770899951,28
5038,25.209411,35.875,0.0770899951,28
5039,25.214522,35.875,0.0770899951,28
5040,25.219705,35.875,0.0770899951,28
5041,25.224594,35.875,0.0770899951,28
5042,25.229982,35.875,0.0770899951,28
5043,25.234732,35.875,0.0770899951,28
5044,25.239625,35.875,0.0770899951,28
5045,25.245078,35.875,0.0770899951,28
5046,25.248633,35.875,0.0770899951,28
5047,25.254882,35.875,0.0770899951,28
5048,25.259283,35.875,0.0770899951,28
5049,25.264441,35.875,0.0770899951,28
5050,25.269349,35.875,0.0770899951,28
5051,25.274266,35.875,0.0770899951,28
5052,25.279704,35.875,0.0770899951,28
5053,25.284592,35.875,0.0770899951,28
5054,25.289718,35.875,0.0770899951,28
5055,25.294866,35.875,0.0770899951,28
5056,25.299775,35.875,0.0770899951,28
5057,25.303802,35.875,0.0770899951,28
5058,25.308711,35.875,0.0770899951,28
5059,25.314179,35.875,0.0770899951,28
5060,25.319599,35.875,0.0770899951,28
5061,25.324504,35.875,0.0770899951,28
5062,25.329630,35.875,0.0770899951,28
5063,25.334656,35.875,0.0770899951,28
5064,25.339548,35.875,0.0770899951,28
5065,25.344775,35.875,0.0770899951,28
5066,25.348621,35.875,0.0770899951,28
5067,25.354871,35.875,0.0770899951,28
5068,25.360246,35.875,0.0770899951,28
5069,25.364357,35.875,0.0770899951,28
5070,25.369265,35.875,0.0770899951,28
5071,25.374715,35.875,0.0770899951,28
5072,25.379606,35.875,0.0770899951,28
5073,25.384703,35.875,0.0770899951,28
5074,25.389876,35.875,0.0770899951,28
5075,25.394782,35.875,0.0770899951,28
5076,25.400157,35.875,0.0770899951,28
5077,25.403722,35.875,0.0770899951,28
5078,25.408614,35.875,0.0770899951,28
5079,25.414005,35.875,0.0770899951,28
5080,25.419474,35.875,0.0770899951,28
5081,25.424404,35.875,0.0770899951,28
5082,25.429839,35.875,0.0770899951,28
5083,25.434582,35.875,0.0770899951,28
5084,25.439502,35.875,0.0770899951,28
5085,25.444964,35.875,0.0770899951,28
5086,25.449873,35.875,0.0770899951,28
5087,25.455004,35.875,0.0770899951,28
5088,25.458862,35.875,0.0770899951,28
5089,25.463754,35.875,0.0770899951,28
5090,25.468850,35.875,0.0770899951,28
5091,25.474580,35.875,0.0770899951,28
5092,25.479489,35.875,0.0770899951,28
5093,25.484864,35.875,0.0770899951,28
5094,25.489773,35.875,0.0770899951,28
5095,25.494666,35.875,0.0770899951,28
5096,25.498712,35.875,0.0770899951,28
5097,25.503601,35.875,0.0770899951,28
5098,25.510083,35.875,0.0770899951,28
5099,25.513911,35.875,0.0770899951,28
5100,25.518807,35.875,0.0770899951,28
5101,25.524521,35.875,0.0770899951,28
5102,25.529695,35.875,0.0770899951,28
5103,25.534438,35.375,0.0770899951,28
5104,25.539643,35.375,0.0770899951,28
5105,25.544843,35.375,0.0770899951,28
5106,25.549752,35.375,0.0770899951,28
5107,25.555145,35.375,0.0770899951,28
5108,25.558715,35.375,0.0770899951,28
5109,25.563603,35.375,0.0770899951,28
5110,25.569064,35.375,0.0770899951,28
5111,25.573956,35.375,0.0770899951,28
5112,25.579645,35.375,0.0770899951,28
5113,25.584801,35.375,0.0770899951,28
5114,25.589710,35.375,0.0770899951,28
5115,25.593737,35.375,0.0770899951,28
5116,25.598629,35.375,0.0770899951,28
5117,25.605069,35.375,0.0770899951,28
5118,25.608921,35.375,0.0770899951,28
5119,25.613813,35.375,0.0770899951,28
5120,25.619203,35.375,0.0770899951,28
5121,25.624096,35.375,0.0770899951,28
5122,25.629544,35.375,0.0770899951,28
5123,25.634781,35.375,0.0770899951,28
5124,25.639690,35.375,0.0770899951,28
5125,25.644578,35.375,0.0770899951,28
5126,25.650016,35.375,0.0770899951,28
5127,25.654912,35.375,0.0770899951,28
5128,25.659821,35.375,0.0770899951,28
5129,25.663860,35.375,0.0770899951,28
5130,25.668769,35.375,0.0770899951,28
5131,25.673689,35.375,0.0770899951,28
5132,25.679112,35.375,0.0770899951,28
5133,25.684561,35.375,0.0770899951,28
5134,25.689697,35.375,0.0770899951,28
5135,25.694850,35.375,0.0770899951,28
5136,25.699759,35.375,0.0770899951,28
5137,25.703785,35.375,0.0770899951,28
5138,25.708693,35.375,0.0770899951,28
5139,25.715155,35.375,0.0770899951,28
5140,25.718995,35.375,0.0770899951,28
5141,25.723887,35.375,0.0770899951,28
5142,25.728983,35.375,0.0770899951,28
5143,25.735354,35.375,0.0770899951,28
5144,25.738922,35.375,0.0770899951,28
5145,25.744563,35.375,0.0770899951,28
5146,25.749826,35.375,0.0770899951,28
5147,25.754718,35.375,0.0770899951,28
5148,25.760104,35.375,0.0770899951,28
5149,25.763672,35.375,0.0770899951,28
5150,25.769933,35.375,0.0770899951,28
5151,25.773959,35.375,0.0770899951,28
5152,25.778867,35.375,0.0770899951,28
5153,25.783760,35.375,0.0770899951,28
5154,25.789211,35.375,0.0770899951,28
5155,25.794103,35.375,0.0770899951,28
5156,25.799218,35.375,0.0770899951,28
5157,25.804964,35.375,0.0799999982,28
5158,25.809859,35.375,0.0799999982,28
5159,25.813884,35.375,0.0799999982,28
5160,25.818793,35.375,0.0799999982,28
5161,25.823685,35.375,0.0799999982,28
5162,25.829196,35.375,0.0799999982,28
5163,25.835283,35.375,0.0799999982,28
5164,25.839029,35.375,0.0799999982,28
5165,25.844310,35.375,0.0799999982,28
5166,25.849206,35.375,0.0799999982,28
5167,25.854589,35.375,0.0799999982,28
5168,25.858713,35.375,0.0799999982,28
5169,25.863602,35.375,0.0799999982,28
5170,25.869057,35.375,0.0799999982,28
5171,25.873950,35.375,0.0799999982,28
5172,25.879336,35.375,0.0799999982,28
5173,25.884231,35.375,0.0799999982,28
5174,25.889164,35.375,0.0799999982,28
5175,25.894586,35.375,0.0799999982,28
5176,25.899495,35.375,0.0799999982,28
5177,25.904611,35.375,0.0799999982,28
5178,25.908948,35.375,0.0799999982,28
5179,25.913853,35.375,0.0799999982,28
5180,25.919247,35.375,0.0799999982,28
5181,25.924140,35.375,0.0799999982,28
5182,25.929234,35.375,0.0799999982,28
5183,25.935735,35.375,0.0799999982,28
5184,25.939299,35.375,0.0799999982,28
5185,25.944506,35.375,0.0799999982,28
5186,25.949697,35.375,0.0799999982,28
5187,25.954585,35.375,0.0799999982,28
5188,25.958667,35.375,0.0799999982,28
5189,25.964093,35.375,0.0799999982,28
5190,25.968989,35.375,0.0799999982,28
5191,25.974088,35.375,0.0799999982,28
5192,25.979282,35.375,0.0799999982,28
5193,25.984187,35.375,0.0799999982,28
5194,25.989312,35.375,0.0799999982,28
5195,25.994468,35.375,0.0799999982,28
5196,25.999376,35.375,0.0799999982,28
5197,26.004819,35.375,0.0799999982,28
5198,26.009714,35.375,0.0799999982,28
5199,26.013816,35.375,0.0799999982,28
5200,26.019242,35.375,0.0799999982,28
5201,26.024135,35.375,0.0799999982,28
5202,26.029274,35.375,0.0799999982,28
5203,26.035623,35.375,0.0799999982,28
5204,26.039191,35.375,0.0799999982,28
5205,26.049953,35.375,0.0799999982,28
5206,26.052402,35.375,0.0799999982,28
5207,26.055967,35.375,0.0799999982,28
5208,26.060862,35.375,0.0799999982,28
5209,26.066388,35.375,0.0799999982,28
5210,26.070486,35.375,0.0799999982,28
5211,26.075392,35.375,0.0799999982,28
5212,26.080848,35.375,0.0799999982,28
5213,26.085740,35.375,0.0799999982,28
5214,26.090857,35.375,0.0799999982,28
5215,26.096009,35.375,0.0799999982,28
5216,26.100917,35.375,0.0799999982,28
5217,26.106335,35.375,0.0799999982,28
5218,26.111230,35.375,0.0799999982,28
5219,26.116376,35.375,0.0799999982,28
5220,26.120205,35.375,0.0799999982,28
5221,26.125610,35.375,0.0799999982,28
5222,26.130730,35.375,0.0799999982,28
5223,26.135749,35.375,0.0799999982,28
5224,26.140641,35.375,0.0799999982,28
5225,26.146075,35.375,0.0799999982,28
5226,26.150974,35.375,0.0799999982,28
5227,26.155879,35.375,0.0799999982,28
5228,26.161319,35.375,0.0799999982,28
5229,26.166212,35.375,0.0799999982,28
5230,26.171350,35.375,0.0799999982,28
5231,26.175179,35.375,0.0799999982,28
5232,26.180628,35.375,0.0799999982,28
5233,26.185743,35.375,0.0799999982,28
5234,26.190919,35.375,0.0799999982,28
5235,26.195825,35.375,0.0799999982,28
5236,26.201468,35.375,0.0799999982,28
5237,26.205036,35.375,0.0799999982,28
5238,26.209932,35.375,0.0799999982,28
5239,26.215355,35.375,0.0799999982,28
5240,26.220264,35.375,0.0799999982,28
5241,26.225399,35.375,0.0799999982,28
5242,26.231125,35.375,0.0799999982,28
5243,26.235872,35.375,0.0799999982,28
5244,26.241121,35.375,0.0799999982,28
5245,26.244941,35.375,0.0799999982,28
5246,26.251176,35.375,0.0799999982,28
5247,26.256549,35.375,0.0799999982,28
5248,26.260121,35.375,0.0799999982,28
5249,26.265013,35.375,0.0799999982,28
5250,26.270451,35.375,0.0799999982,28
5251,26.275357,35.375,0.0799999982,28
5252,26.281024,35.375,0.0799999982,28
5253,26.286180,35.375,0.0799999982,28
5254,26.291088,35.375,0.0799999982,28
5255,26.296460,35.375,0.0799999982,28
5256,26.300031,35.375,0.0799999982,28
5257,26.306264,35.375,0.0799999982,28
5258,26.310333,35.375,0.0799999982,28
5259,26.315229,35.375,0.0799999982,28
5260,26.320137,35.375,0.0799999982,28
5261,26.325622,35.375,0.0799999982,28
5262,26.331054,35.375,0.0799999982,28
5263,26.335982,35.375,0.0799999982,28
5264,26.341256,35.375,0.0799999982,28
5265,26.346148,35.375,0.0799999982,28
5266,26.351287,35.375,0.0799999982,28
5267,26.355115,35.375,0.0799999982,28
5268,26.360011,35.375,0.0799999982,28
5269,26.365113,35.375,0.0799999982,28
5270,26.370304,35.375,0.0799999982,28
5271,26.375210,35.375,0.0799999982,28
5272,26.380585,35.375,0.0799999982,28
5273,26.386037,35.375,0.0799999982,28
5274,26.390968,35.375,0.0799999982,28
5275,26.394987,35.375,0.0799999982,28
5276,26.401226,35.375,0.0799999982,28
5277,26.406337,35.375,0.0799999982,28
5278,26.410189,35.375,0.0799999982,28
5279,26.415082,35.375,0.0799999982,28
5280,26.420199,35.375,0.0799999982,28
5281,26.425354,35.375,0.0799999982,28
5282,26.430263,35.375,0.0799999982,28
5283,26.435537,35.375,0.0799999982,28
5284,26.440957,35.375,0.0799999982,28
5285,26.445862,35.375,0.0799999982,28
5286,26.450783,35.375,0.0799999982,28
5287,26.456184,35.375,0.0799999982,28
5288,26.461080,35.375,0.0799999982,28
5289,26.466215,35.375,0.0799999982,28
5290,26.470043,35.375,0.0799999982,28
5291,26.474936,35.375,0.0799999982,28
5292,26.480028,35.375,0.0799999982,28
5293,26.485740,35.375,0.0799999982,28
5294,26.490632,35.375,0.0799999982,28
5295,26.496014,35.375,0.0799999982,28
5296,26.500912,35.375,0.0799999982,28
5297,26.505818,35.375,0.0799999982,28
5298,26.511258,35.375,0.0799999982,28
5299,26.516151,35.375,0.0799999982,28
5300,26.521537,35.375,0.0799999982,28
5301,26.525105,35.375,0.0799999982,28
5302,26.530001,35.375,0.0799999982,28
5303,26.535235,35.375,0.0799999982,28
5304,26.540704,35.375,0.0799999982,28
5305,26.545791,35.375,0.0799999982,28
5306,26.551069,35.375,0.0799999982,28
5307,26.555961,35.375,0.0799999982,28
5308,26.561076,35.375,0.0799999982,28
5309,26.566255,35.375,0.0799999982,28
5310,26.571163,35.375,0.0799999982,28
5311,26.576536,35.375,0.0799999982,28
5312,26.580107,35.375,0.0799999982,28
5313,26.585000,35.375,0.0799999982,28
5314,26.590981,35.375,0.0799999982,28
5315,26.595876,35.375,0.0799999982,28
5316,26.601283,35.375,0.0799999982,28
5317,26.606179,35.375,0.0799999982,28
5318,26.611286,35.375,0.0799999982,28
5319,26.615149,35.375,0.0799999982,28
5320,26.620044,35.375,0.0799999982,28
5321,26.624973,35.375,0.0799999982,28
5322,26.630399,35.375,0.0799999982,28
5323,26.635158,35.375,0.0799999982,28
5324,26.640244,35.375,0.0799999982,28
5325,26.646002,35.375,0.0799999982,28
5326,26.650900,35.375,0.0799999982,28
5327,26.656014,35.375,0.0799999982,28
5328,26.661166,35.375,0.0799999982,28
5329,26.666071,35.375,0.0799999982,28
5330,26.670145,35.375,0.0799999982,28
5331,26.675038,35.375,0.0799999982,28
5332,26.679970,35.375,0.0799999982,28
5333,26.685361,35.375,0.0799999982,28
5334,26.690256,35.375,0.0799999982,28
5335,26.695338,35.375,0.0799999982,28
5336,26.701301,35.375,0.0799999982,28
5337,26.706197,35.375,0.0799999982,28
5338,26.711310,35.375,0.0799999982,28
5339,26.715163,35.375,0.0799999982,28
5340,26.720058,35.375,0.0799999982,28
5341,26.725170,35.375,0.0799999982,28
5342,26.730352,35.375,0.0799999982,28
5343,26.735111,35.375,0.0799999982,28
5344,26.740344,35.375,0.0799999982,28
5345,26.745491,35.375,0.0799999982,28
5346,26.750400,35.375,0.0799999982,28
5347,26.755777,35.375,0.0799999982,28
5348,26.761198,35.375,0.0799999982,28
5349,26.766102,35.375,0.0799999982,28
5350,26.770145,35.375,0.0799999982,28
5351,26.775038,35.375,0.0799999982,28
5352,26.779969,35.375,0.0799999982,28
5353,26.785366,35.375,0.0799999982,28
5354,26.790274,35.375,0.0799999982,28
5355,26.795399,35.375,0.0799999982,28
5356,26.800566,35.375,0.0799999982,28
5357,26.805471,35.375,0.0799999982,28
5358,26.810828,35,0.0799999982,28
5359,26.814945,35,0.0799999982,28
5360,26.821409,35,0.0799999982,28
5361,26.825237,35,0.0799999982,28
5362,26.830132,35,0.0799999982,28
5363,26.836523,35,0.0799999982,28
5364,26.840408,35,0.0799999982,28
5365,26.845303,35,0.0799999982,28
5366,26.850212,35,0.0799999982,28
5367,26.855717,35,0.0799999982,28
5368,26.861186,35,0.0799999982,28
5369,26.866324,35,0.0799999982,28
5370,26.870152,35,0.0799999982,28
5371,26.875044,35,0.0799999982,28
5372,26.880433,35,0.0799999982,28
5373,26.885329,35,0.0799999982,28
5374,26.890238,35,0.0799999982,28
5375,26.895753,35,0.0799999982,28
5376,26.900645,35,0.0799999982,28
5377,26.905765,35,0.0799999982,28
5378,26.910939,35,0.0799999982,28
5379,26.915035,35,0.0799999982,28
5380,26.920172,35,0.0799999982,28
5381,26.925327,35,0.0799999982,28
5382,26.930236,35,0.0799999982,28
5383,26.936791,35,0.0799999982,28
5384,26.940352,35,0.0799999982,28
5385,26.945244,35,0.0799999982,28
5386,26.950714,35,0.0799999982,28
5387,26.955603,35,0.0799999982,28
5388,26.960536,35,0.0799999982,28
5389,26.966464,35,0.0799999982,28
5390,26.970033,35,0.0799999982,28
5391,26.975147,35,0.0799999982,28
5392,26.980301,35,0.0799999982,28
5393,26.985206,35,0.0799999982,28
5394,26.990582,35,0.0799999982,28
5395,26.995478,35,0.0799999982,28
5396,27.000387,35,0.0799999982,28
5397,27.005852,35,0.0799999982,28
5398,27.010748,35,0.0799999982,28
5399,27.016130,35,0.0799999982,28
5400,27.021026,35,0.0799999982,28
5401,27.025091,35,0.0799999982,28
5402,27.030529,35,0.0799999982,28
5403,27.036616,35,0.0799999982,28
5404,27.040209,35,0.0799999982,28
5405,27.051097,35,0.0799999982,28
5406,27.053319,35,0.0799999982,28
5407,27.056887,35,0.0799999982,28
5408,27.061998,35,0.0799999982,28
5409,27.067280,35,0.0799999982,28
5410,27.072174,35,0.0799999982,28
5411,27.077081,35,0.0799999982,28
5412,27.081174,35,0.0799999982,28
5413,27.086614,35,0.0799999982,28
5414,27.091768,35,0.0799999982,28
5415,27.096934,35,0.0799999982,28
5416,27.101840,35,0.0799999982,28
5417,27.107260,35,0.0799999982,28
5418,27.112152,35,0.0799999982,28
5419,27.117274,35,0.0799999982,28
5420,27.121102,35,0.0799999982,28
5421,27.127338,35,0.0799999982,28
5422,27.131669,35,0.0799999982,28
5423,27.136675,35,0.0799999982,28
5424,27.141563,35,0.0799999982,28
5425,27.147000,35,0.0799999982,28
5426,27.151895,35,0.0799999982,28
5427,27.157016,35,0.0799999982,28
5428,27.162165,35,0.0799999982,28
5429,27.167073,35,0.0799999982,28
5430,27.172445,35,0.0799999982,28
5431,27.177344,35,0.0799999982,28
5432,27.182483,35,0.0799999982,28
5433,27.186821,35,0.0799999982,28
5434,27.191727,35,0.0799999982,28
5435,27.197117,35,0.0799999982,28
5436,27.202013,35,0.0799999982,28
5437,27.207105,35,0.0799999982,28
5438,27.212284,35,0.0799999982,28
5439,27.217192,35,0.0799999982,28
5440,27.222590,35,0.0799999982,28
5441,27.226378,35,0.0799999982,28
5442,27.231286,35,0.0799999982,28
5443,27.236531,35,0.0799999982,28
5444,27.241912,35,0.0799999982,28
5445,27.246864,35,0.0799999982,28
5446,27.251770,35,0.0799999982,28
5447,27.257157,35,0.0799999982,28
5448,27.262050,35,0.0799999982,28
5449,27.266957,35,0.0799999982,28
5450,27.272377,35,0.0799999982,28
5451,27.277284,35,0.0799999982,28
5452,27.282397,35,0.0799999982,28
5453,27.286250,35,0.0799999982,28
5454,27.291171,35,0.0799999982,28
5455,27.297107,35,0.0799999982,28
5456,27.302002,35,0.0799999982,28
5457,27.306911,35,0.0799999982,28
5458,27.312351,35,0.0799999982,28
5459,27.317246,35,0.0799999982,28
5460,27.322383,35,0.0799999982,28
5461,27.326211,35,0.0799999982,28
5462,27.331106,35,0.0799999982,28
5463,27.337529,35,0.0799999982,28
5464,27.341349,35,0.0799999982,28
5465,27.346854,35,0.0799999982,28
5466,27.352231,35,0.0799999982,28
5467,27.357127,35,0.0799999982,28
5468,27.362243,35,0.0799999982,28
5469,27.366071,35,0.0799999982,28
5470,27.372307,35,0.0799999982,28
5471,27.377432,35,0.0799999982,28
5472,27.381260,35,0.0799999982,28
5473,27.386153,35,0.0799999982,28
5474,27.391269,35,0.0799999982,28
5475,27.396424,35,0.0799999982,28
5476,27.401333,35,0.0799999982,28
5477,27.407284,35,0.0799999982,28
5478,27.412180,35,0.0799999982,28
5479,27.417565,35,0.0799999982,28
5480,27.421133,35,0.0799999982,28
5481,27.427369,35,0.0799999982,28
5482,27.431413,35,0.0799999982,28
5483,27.436162,35,0.0799999982,28
5484,27.441070,35,0.0799999982,28
5485,27.446501,35,0.0799999982,28
5486,27.451400,35,0.0799999982,28
5487,27.457103,35,0.0799999982,28
5488,27.462258,35,0.0799999982,28
5489,27.467167,35,0.0799999982,28
5490,27.472539,35,0.0799999982,28
5491,27.476107,35,0.0799999982,28
5492,27.482580,35,0.0799999982,28
5493,27.486387,35,0.0799999982,28
5494,27.491296,35,0.0799999982,28
5495,27.496413,35,0.0799999982,28
5496,27.501569,35,0.0799999982,28
5497,27.506980,35,0.0799999982,28
5498,27.512350,35,0.0799999982,28
5499,27.517248,35,0.0799999982,28
5500,27.522337,35,0.0799999982,28
5501,27.526190,35,0.0799999982,28
5502,27.531086,35,0.0799999982,28
5503,27.537484,35,0.0799999982,28
5504,27.541329,35,0.0799999982,28
5505,27.546221,35,0.0799999982,28
5506,27.551313,35,0.0799999982,28
5507,27.556493,35,0.0799999982,28
5508,27.561943,35,0.0799999982,28
5509,27.567359,35,0.0799999982,28
5510,27.572265,35,0.0799999982,28
5511,27.577633,35,0.0799999982,28
5512,27.581202,35,0.0799999982,28
5513,27.586094,35,0.0799999982,28
5514,27.591532,35,0.0799999982,28
5515,27.596438,35,0.0799999982,28
5516,27.601558,35,0.0799999982,28
5517,27.606720,35,0.0799999982,28
5518,27.611609,35,0.0799999982,28
5519,27.616975,35,0.0799999982,28
5520,27.621096,35,0.0799999982,28
5521,27.627556,35,0.0799999982,28
5522,27.631371,35,0.0799999982,28
5523,27.636253,35,0.0799999982,28
5524,27.641476,35,0.0799999982,28
5525,27.646624,35,0.0799999982,28
5526,27.651533,35,0.0799999982,28
5527,27.656952,35,0.0799999982,28
5528,27.661844,35,0.0799999982,28
5529,27.666976,35,0.0799999982,28
5530,27.672172,35,0.0799999982,28
5531,27.676295,35,0.0799999982,28
5532,27.681454,35,0.0799999982,28
5533,27.686610,35,0.0799999982,28
5534,27.691518,35,0.0799999982,28
5535,27.696900,35,0.0799999982,28
5536,27.701806,35,0.0799999982,28
5537,27.706701,35,0.0799999982,28
5538,27.712135,35,0.0799999982,28
5539,27.717031,35,0.0799999982,28
5540,27.722413,35,0.0799999982,28
5541,27.727312,35,0.0799999982,28
5542,27.732241,35,0.0799999982,28
5543,27.737536,35,0.0799999982,28
5544,27.741634,35,0.0799999982,28
5545,27.746539,35,0.0799999982,28
5546,27.752025,35,0.0799999982,28
5547,27.756921,35,0.0799999982,28
5548,27.761826,35,0.0799999982,28
5549,27.767262,35,0.0799999982,28
5550,27.772155,35,0.0799999982,28
5551,27.777282,35,0.0799999982,28
5552,27.781118,35,0.0799999982,28
5553,27.786524,35,0.0799999982,28
5554,27.791882,35,0.0799999982,28
5555,27.796791,35,0.0799999982,28
5556,27.801916,35,0.0799999982,28
5557,27.807071,35,0.0799999982,28
5558,27.811976,35,0.0799999982,28
5559,27.817348,35,0.0799999982,28
5560,27.822243,35,0.0799999982,28
5561,27.827151,35,0.0799999982,28
5562,27.831221,35,0.0799999982,28
5563,27.837802,35,0.0799999982,28
5564,27.841364,35,0.0799999982,28
5565,27.846820,35,0.0799999982,28
5566,27.851726,35,0.0799999982,28
5567,27.856844,35,0.0799999982,28
5568,27.861992,35,0.0799999982,28
5569,27.866901,35,0.0799999982,28
5570,27.872342,35,0.0799999982,28
5571,27.877238,35,0.0799999982,28
5572,27.882360,35,0.0799999982,28
5573,27.886187,35,0.0799999982,28
5574,27.891639,35,0.0799999982,28
5575,27.896781,35,0.0799999982,28
5576,27.901928,35,0.0799999982,28
5577,27.906836,35,0.0799999982,28
5578,27.912258,35,0.0799999982,28
5579,27.917155,35,0.0799999982,28
5580,27.922060,35,0.0799999982,28
5581,27.926131,35,0.0799999982,28
5582,27.932371,35,0.0799999982,28
5583,27.937304,35,0.0799999982,28
5584,27.941195,35,0.0799999982,28
5585,27.946088,35,0.0799999982,28
5586,27.951568,35,0.0799999982,28
5587,27.957007,35,0.0799999982,28
5588,27.961900,35,0.0799999982,28
5589,27.967016,35,0.0799999982,28
5590,27.972166,35,0.0799999982,28
5591,27.977074,35,0.0799999982,28
5592,27.982446,35,0.0799999982,28
5593,27.987345,35,0.0799999982,28
5594,27.992250,35,0.0799999982,28
5595,27.996344,35,0.0799999982,28
5596,28.001243,35,0.0799999982,28
5597,28.006147,35,0.0799999982,28
5598,28.012101,35,0.0799999982,28
5599,28.017000,35,0.0799999982,28
5600,28.022110,35,0.0799999982,28
5601,28.027293,35,0.0799999982,28
5602,28.032198,35,0.0799999982,28
5603,28.037128,35,0.0799999982,28
5604,28.042389,35,0.0799999982,28
5605,28.051897,35,0.0799999982,28
5606,28.054236,35,0.0799999982,28
5607,28.058070,35,0.0799999982,28
5608,28.062146,35,0.0799999982,28
5609,28.067070,35,0.0799999982,28
5610,28.072491,35,0.0799999982,28
5611,28.077399,35,0.0799999982,28
5612,28.082511,34.5,0.0799999982,28
5613,28.087689,34.5,0.0799999982,28
5614,28.092577,34.5,0.0799999982,28
5615,28.097953,34.5,0.0799999982,28
5616,28.102859,34.5,0.0799999982,28
5617,28.107990,34.5,0.0799999982,28
5618,28.111815,34.5,0.0799999982,28
5619,28.117269,34.5,0.0799999982,28
5620,28.122399,34.5,0.0799999982,28
5621,28.127583,34.5,0.0799999982,28
5622,28.132489,34.5,0.0799999982,28
5623,28.137728,34.5,0.0799999982,28
5624,28.142996,34.5,0.0799999982,28
5625,28.147891,34.5,0.0799999982,28
5626,28.153274,34.5,0.0799999982,28
5627,28.156846,34.5,0.0799999982,28
5628,28.163102,34.5,0.0799999982,28
5629,28.167171,34.5,0.0799999982,28
5630,28.172613,34.5,0.0799999982,28
5631,28.177751,34.5,0.0799999982,28
5632,28.182905,34.5,0.0799999982,28
5633,28.187814,34.5,0.0799999982,28
5634,28.193185,34.5,0.0799999982,28
5635,28.198081,34.5,0.0799999982,28
5636,28.202986,34.5,0.0799999982,28
5637,28.207008,34.5,0.0799999982,28
5638,28.211904,34.5,0.0799999982,28
5639,28.217564,34.5,0.0799999982,28
5640,28.222741,34.5,0.0799999982,28
5641,28.227633,34.5,0.0799999982,28
5642,28.232997,34.5,0.0799999982,28
5643,28.238041,34.5,0.0799999982,28
5644,28.242946,34.5,0.0799999982,28
5645,28.246830,34.5,0.0799999982,28
5646,28.252276,34.5,0.0799999982,28
5647,28.257176,34.5,0.0799999982,28
5648,28.262308,34.5,0.0799999982,28
5649,28.267984,34.5,0.0799999982,28
5650,28.272880,34.5,0.0799999982,28
5651,28.276920,34.5,0.0799999982,28
5652,28.281825,34.5,0.0799999982,28
5653,28.288249,34.5,0.0799999982,28
5654,28.292101,34.5,0.0799999982,28
5655,28.296997,34.5,0.0799999982,28
5656,28.302110,34.5,0.0799999982,28
5657,28.307269,34.5,0.0799999982,28
5658,28.312175,34.5,0.0799999982,28
5659,28.317571,34.5,0.0799999982,28
5660,28.322998,34.5,0.0799999982,28
5661,28.328134,34.5,0.0799999982,28
5662,28.331961,34.5,0.0799999982,28
5663,28.337003,34.5,0.0799999982,28
5664,28.342086,34.5,0.0799999982,28
5665,28.347356,34.5,0.0799999982,28
5666,28.352248,34.5,0.0799999982,28
5667,28.357385,34.5,0.0799999982,28
5668,28.362540,34.5,0.0799999982,28
5669,28.367449,34.5,0.0799999982,28
5670,28.373150,34.5,0.0799999982,28
5671,28.376980,34.5,0.0799999982,28
5672,28.381872,34.5,0.0799999982,28
5673,28.386996,34.5,0.0799999982,28
5674,28.392142,34.5,0.0799999982,28
5675,28.397050,34.5,0.0799999982,28
5676,28.402423,34.5,0.0799999982,28
5677,28.407321,34.5,0.0799999982,28
5678,28.412226,34.5,0.0799999982,28
5679,28.417667,34.5,0.0799999982,28
5680,28.422556,34.5,0.0799999982,28
5681,28.427680,34.5,0.0799999982,28
5682,28.432027,34.5,0.0799999982,28
5683,28.437072,34.5,0.0799999982,28
5684,28.442160,34.5,0.0799999982,28
5685,28.447406,34.5,0.0799999982,28
5686,28.452310,34.5,0.0799999982,28
5687,28.457754,34.5,0.0799999982,28
5688,28.462643,34.5,0.0799999982,28
5689,28.467550,34.5,0.0799999982,28
5690,28.472991,34.5,0.0799999982,28
5691,28.477887,34.5,0.0799999982,28
5692,28.482247,34.5,0.0799999982,28
5693,28.487406,34.5,0.0799999982,28
5694,28.492311,34.5,0.0799999982,28
5695,28.497689,34.5,0.0799999982,28
5696,28.502578,34.5,0.0799999982,28
5697,28.507487,34.5,0.0799999982,28
5698,28.512927,34.5,0.0799999982,28
5699,28.517822,34.5,0.0799999982,28
5700,28.522742,34.5,0.0799999982,28
5701,28.528219,34.5,0.0799999982,28
5702,28.532358,34.5,0.0799999982,28
5703,28.537710,34.5,0.0799999982,28
5704,28.542979,34.5,0.0799999982,28
5705,28.547874,34.5,0.0799999982,28
5706,28.553258,34.5,0.0799999982,28
5707,28.556829,34.5,0.0799999982,28
5708,28.563061,34.5,0.0799999982,28
5709,28.567131,34.5,0.0799999982,28
5710,28.572027,34.5,0.0799999982,28
5711,28.576958,34.5,0.0799999982,28
5712,28.582362,34.5,0.0799999982,28
5713,28.587815,34.5,0.0799999982,28
5714,28.593193,34.5,0.0799999982,28
5715,28.598092,34.5,0.0799999982,28
5716,28.602997,34.5,0.0799999982,28
5717,28.607067,34.5,0.0799999982,28
5718,28.611962,34.5,0.0799999982,28
5719,28.617079,34.5,0.0799999982,28
5720,28.622248,34.5,0.0799999982,28
5721,28.627156,34.5,0.0799999982,28
5722,28.632529,34.5,0.0799999982,28
5723,28.638087,34.5,0.0799999982,28
5724,28.643171,34.5,0.0799999982,28
5725,28.647052,34.5,0.0799999982,28
5726,28.651947,34.5,0.0799999982,28
5727,28.656868,34.5,0.0799999982,28
5728,28.662311,34.5,0.0799999982,28
5729,28.667207,34.5,0.0799999982,28
5730,28.672342,34.5,0.0799999982,28
5731,28.677501,34.5,0.0799999982,28
5732,28.682407,34.5,0.0799999982,28
5733,28.687809,34.5,0.0799999982,28
5734,28.691902,34.5,0.0799999982,28
5735,28.696798,34.5,0.0799999982,28
5736,28.702222,34.5,0.0799999982,28
5737,28.707118,34.5,0.0799999982,28
5738,28.712254,34.5,0.0799999982,28
5739,28.717412,34.5,0.0799999982,28
5740,28.722317,34.5,0.0799999982,28
5741,28.727787,34.5,0.0799999982,28
5742,28.732679,34.5,0.0799999982,28
5743,28.737908,34.5,0.0799999982,28
5744,28.743688,34.5,0.0799999982,28
5745,28.747253,34.5,0.0799999982,28
5746,28.752145,34.5,0.0799999982,28
5747,28.757580,34.5,0.0799999982,28
5748,28.762486,34.5,0.0799999982,28
5749,28.767407,34.5,0.0799999982,28
5750,28.772835,34.5,0.0799999982,28
5751,28.777731,34.5,0.0799999982,28
5752,28.782848,34.5,0.0799999982,28
5753,28.788000,34.5,0.0799999982,28
5754,28.792905,34.5,0.0799999982,28
5755,28.798277,34.5,0.0799999982,28
5756,28.802385,34.5,0.0799999982,28
5757,28.807293,34.5,0.0799999982,28
5758,28.812746,34.5,0.0799999982,28
5759,28.817637,34.5,0.0799999982,28
5760,28.822735,34.5,0.0799999982,28
5761,28.827911,34.5,0.0799999982,28
5762,28.832816,34.5,0.0799999982,28
5763,28.838039,34.5,0.0799999982,28
5764,28.841909,34.5,0.0799999982,28
5765,28.846818,34.5,0.0799999982,28
5766,28.852229,34.5,0.0799999982,28
5767,28.857689,34.5,0.0799999982,28
5768,28.862577,34.5,0.0799999982,28
5769,28.867671,34.5,0.0799999982,28
5770,28.872848,34.5,0.0799999982,28
5771,28.877757,34.5,0.0799999982,28
5772,28.883128,34.5,0.0799999982,28
5773,28.888024,34.5,0.0799999982,28
5774,28.893121,34.5,0.0799999982,28
5775,28.896971,34.5,0.0799999982,28
5776,28.901863,34.5,0.0799999982,28
5777,28.906963,34.5,0.0799999982,28
5778,28.912703,34.5,0.0799999982,28
5779,28.917594,34.5,0.0799999982,28
5780,28.923034,34.5,0.0799999982,28
5781,28.927930,34.5,0.0799999982,28
5782,28.933027,34.5,0.0799999982,28
5783,28.938355,34.5,0.0799999982,28
5784,28.941921,34.5,0.0799999982,28
5785,28.947007,34.5,0.0799999982,28
5786,28.952271,34.5,0.0799999982,28
5787,28.957168,34.5,0.0799999982,28
5788,28.962525,34.5,0.0799999982,28
5789,28.967991,34.5,0.0799999982,28
5790,28.973085,34.5,0.0799999982,28
5791,28.976943,34.5,0.0799999982,28
5792,28.981835,34.5,0.0799999982,28
5793,28.986959,34.5,0.0799999982,28
5794,28.992105,34.5,0.0799999982,28
5795,28.997013,34.5,0.0799999982,28
5796,29.002385,34.5,0.0799999982,28
5797,29.007283,34.5,0.0799999982,28
5798,29.012188,34.5,0.0799999982,28
5799,29.017670,34.5,0.0799999982,28
5800,29.023101,34.5,0.0799999982,28
5801,29.028212,34.5,0.0799999982,28
5802,29.032064,34.5,0.0799999982,28
5803,29.038446,34.5,0.0799999982,28
5804,29.042193,34.5,0.0799999982,28
5805,29.053115,34.5,0.0799999982,28
5806,29.055337,34.5,0.0799999982,28
5807,29.059260,34.5,0.0799999982,28
5808,29.063117,34.5,0.0799999982,28
5809,29.069353,34.5,0.0799999982,28
5810,29.073451,34.5,0.0799999982,28
5811,29.078885,34.5,0.0799999982,28
5812,29.083777,34.5,0.0799999982,28
5813,29.088873,34.5,0.0799999982,28
5814,29.094046,34.5,0.0799999982,28
5815,29.098953,34.5,0.0799999982,28
5816,29.104327,34.5,0.0799999982,28
5817,29.109225,34.5,0.0799999982,28
5818,29.114130,34.5,0.0799999982,28
5819,29.118175,34.5,0.0799999982,28
5820,29.124408,34.5,0.0799999982,28
5821,29.129527,34.5,0.0799999982,28
5822,29.133863,34.5,0.0799999982,28
5823,29.138610,34.5,0.0799999982,28
5824,29.143701,34.5,0.0799999982,28
5825,29.148972,34.5,0.0799999982,28
5826,29.153864,34.5,0.0799999982,28
5827,29.158982,34.5,0.0799999982,28
5828,29.164134,34.5,0.0799999982,28
5829,29.169042,34.5,0.0799999982,28
5830,29.174415,34.5,0.0799999982,28
5831,29.179338,34.5,0.0799999982,28
5832,29.183427,34.5,0.0799999982,28
5833,29.188883,34.5,0.0799999982,28
5834,29.193775,34.5,0.0799999982,28
5835,29.198683,34.5,0.0799999982,28
5836,29.204122,34.5,0.0799999982,28
5837,29.209018,34.5,0.0799999982,28
5838,29.214153,34.5,0.0799999982,28
5839,29.219311,34.5,0.0799999982,28
5840,29.224217,34.5,0.0799999982,28
5841,29.229589,34.5,0.0799999982,28
5842,29.233158,34.5,0.0799999982,28
5843,29.238453,34.5,0.0799999982,28
5844,29.243919,34.5,0.0799999982,28
5845,29.248828,34.5,0.0799999982,28
5846,29.253942,34.5,0.0799999982,28
5847,29.259098,34.5,0.0799999982,28
5848,29.264003,34.5,0.0799999982,28
5849,29.269399,34.5,0.0799999982,28
5850,29.273229,34.5,0.0799999982,28
5851,29.278124,34.5,0.0799999982,28
5852,29.283215,34.5,0.0799999982,28
5853,29.288927,34.5,0.0799999982,28
5854,29.293833,34.5,0.0799999982,28
5855,29.299201,34.5,0.0799999982,28
5856,29.304094,34.5,0.0799999982,28
5857,29.309002,34.5,0.0799999982,28
5858,29.314404,34.5,0.0799999982,28
5859,29.319312,34.5,0.0799999982,28
5860,29.324681,34.5,0.0799999982,28
5861,29.328246,34.5,0.0799999982,28
5862,29.333138,34.5,0.0799999982,28
5863,29.338521,34.5,0.0799999982,28
5864,29.343963,34.5,0.0799999982,28
5865,29.348871,34.5,0.0799999982,28
5866,29.354312,34.5,0.0799999982,28
5867,29.359211,34.25,0.0799999982,28
5868,29.364115,34.25,0.0799999982,28
5869,29.368174,34.25,0.0799999982,28
5870,29.374407,34.25,0.0799999982,28
5871,29.379526,34.25,0.0799999982,28
5872,29.383366,34.25,0.0799999982,28
5873,29.388274,34.25,0.0799999982,28
5874,29.393663,34.25,0.0799999982,28
5875,29.399093,34.25,0.0799999982,28
5876,29.404023,34.25,0.0799999982,28
5877,29.409439,34.25,0.0799999982,28
5878,29.414345,34.25,0.0799999982,28
5879,29.419462,34.25,0.0799999982,28
5880,29.423291,34.25,0.0799999982,28
5881,29.428186,34.25,0.0799999982,28
5882,29.433597,34.25,0.0799999982,28
5883,29.438349,34.25,0.0799999982,28
5884,29.443255,34.25,0.0799999982,28
5885,29.448703,34.25,0.0799999982,28
5886,29.454162,34.25,0.0799999982,28
5887,29.459273,34.25,0.0799999982,28
5888,29.463126,34.25,0.0799999982,28
5889,29.469362,34.25,0.0799999982,28
5890,29.474740,34.25,0.0799999982,28
5891,29.478305,34.25,0.0799999982,28
5892,29.483198,34.25,0.0799999982,28
5893,29.488582,34.25,0.0799999982,28
5894,29.493477,34.25,0.0799999982,28
5895,29.498953,34.25,0.0799999982,28
5896,29.504353,34.25,0.0799999982,28
5897,29.509261,34.25,0.0799999982,28
5898,29.514373,34.25,0.0799999982,28
5899,29.518229,34.25,0.0799999982,28
5900,29.523121,34.25,0.0799999982,28
5901,29.528259,34.25,0.0799999982,28
5902,29.533415,34.25,0.0799999982,28
5903,29.538178,34.25,0.0799999982,28
5904,29.543620,34.25,0.0799999982,28
5905,29.548519,34.25,0.0799999982,28
5906,29.553449,34.25,0.0799999982,28
5907,29.559388,34.25,0.0799999982,28
5908,29.564280,34.25,0.0799999982,28
5909,29.569726,34.25,0.0799999982,28
5910,29.573287,34.25,0.0799999982,28
5911,29.578183,34.25,0.0799999982,28
5912,29.583621,34.25,0.0799999982,28
5913,29.588529,34.25,0.0799999982,28
5914,29.593643,34.25,0.0799999982,28
5915,29.598802,34.25,0.0799999982,28
5916,29.603707,34.25,0.0799999982,28
5917,29.609079,34.25,0.0799999982,28
5918,29.614487,34.25,0.0799999982,28
5919,29.619592,34.25,0.0799999982,28
5920,29.623431,34.25,0.0799999982,28
5921,29.628340,34.25,0.0799999982,28
5922,29.633454,34.25,0.0799999982,28
5923,29.638466,34.25,0.0799999982,28
5924,29.643372,34.25,0.0799999982,28
5925,29.648576,34.25,0.0799999982,28
5926,29.653751,34.25,0.0799999982,28
5927,29.658643,34.25,0.0799999982,28
5928,29.664027,34.25,0.0799999982,28
5929,29.668131,34.25,0.0799999982,28
5930,29.674591,34.25,0.0799999982,28
5931,29.678402,34.25,0.0799999982,28
5932,29.683308,34.25,0.0799999982,28
5933,29.688428,34.25,0.0799999982,28
5934,29.693584,34.25,0.0799999982,28
5935,29.698493,34.25,0.0799999982,28
5936,29.704014,34.25,0.0799999982,28
5937,29.708913,34.25,0.0799999982,28
5938,29.713999,34.25,0.0799999982,28
5939,29.718355,34.25,0.0799999982,28
5940,29.723250,34.25,0.0799999982,28
5941,29.728389,34.25,0.0799999982,28
5942,29.733544,34.25,0.0799999982,28
5943,29.738307,34.25,0.0799999982,28
5944,29.743511,34.25,0.0799999982,28
5945,29.748702,34.25,0.0799999982,28
5946,29.753590,34.25,0.0799999982,28
5947,29.759034,34.25,0.0799999982,28
5948,29.763926,34.25,0.0799999982,28
5949,29.769626,34.25,0.0799999982,28
5950,29.773437,34.25,0.0799999982,28
5951,29.778347,34.25,0.0799999982,28
5952,29.783464,34.25,0.0799999982,28
5953,29.788622,34.25,0.0799999982,28
5954,29.793527,34.25,0.0799999982,28
5955,29.798931,34.25,0.0799999982,28
5956,29.803837,34.25,0.0799999982,28
5957,29.808733,34.25,0.0799999982,28
5958,29.814169,34.25,0.0799999982,28
5959,29.819571,34.25,0.0799999982,28
5960,29.823373,34.25,0.0799999982,28
5961,29.828532,34.25,0.0799999982,28
5962,29.833438,34.25,0.0799999982,28
5963,29.838369,34.25,0.0799999982,28
5964,29.843628,34.25,0.0799999982,28
5965,29.848537,34.25,0.0799999982,28
5966,29.853658,34.25,0.0799999982,28
5967,29.858810,34.25,0.0799999982,28
5968,29.863716,34.25,0.0799999982,28
5969,29.868797,34.25,0.0799999982,28
5970,29.874524,34.25,0.0799999982,28
5971,29.879432,34.25,0.0799999982,28
5972,29.883228,34.25,0.0799999982,28
5973,29.888386,34.25,0.0799999982,28
5974,29.893291,34.25,0.0799999982,28
5975,29.898670,34.25,0.0799999982,28
5976,29.903559,34.25,0.0799999982,28
5977,29.908468,34.25,0.0799999982,28
5978,29.913908,34.25,0.0799999982,28
5979,29.918804,34.25,0.0799999982,28
5980,29.924211,34.25,0.0799999982,28
5981,29.928314,34.25,0.0799999982,28
5982,29.933207,34.25,0.0799999982,28
5983,29.938485,34.25,0.0799999982,28
5984,29.943380,34.25,0.0799999982,28
5985,29.948288,34.25,0.0799999982,28
5986,29.953730,34.25,0.0799999982,28
5987,29.958622,34.25,0.0799999982,28
5988,29.963528,34.25,0.0799999982,28
5989,29.968982,34.25,0.0799999982,28
5990,29.973899,34.25,0.0799999982,28
5991,29.978215,34.25,0.0799999982,28
5992,29.983393,34.25,0.0799999982,28
5993,29.988301,34.25,0.0799999982,28
5994,29.993655,34.25,0.0799999982,28
5995,29.998547,34.25,0.0799999982,28
5996,30.003693,34.25,0.0799999982,28
5997,30.008847,34.25,0.0799999982,28
5998,30.013753,34.25,0.0799999982,28
5999,30.019147,34.25,0.0799999982,28
6000,30.024040,34.25,0.0799999982,28
6001,30.028947,34.25,0.0799999982,28
6002,30.034871,34.25,0.0799999982,28
6003,30.038290,34.25,0.0799999982,28
6004,30.043374,34.25,0.0799999982,28
6005,30.054145,34.25,0.0799999982,28
6006,30.056366,34.25,0.0799999982,28
6007,30.060280,34.25,0.0799999982,28
6008,30.065467,34.25,0.0799999982,28
6009,30.070376,34.25,0.0799999982,28
6010,30.075754,34.25,0.0799999982,28
6011,30.079319,34.25,0.0799999982,28
6012,30.084211,34.25,0.0799999982,28
6013,30.089645,34.25,0.0799999982,28
6014,30.095086,34.25,0.0799999982,28
6015,30.099995,34.25,0.0799999982,28
6016,30.105413,34.25,0.0799999982,28
6017,30.110322,34.25,0.0799999982,28
6018,30.115411,34.25,0.0799999982,28
6019,30.119264,34.25,0.0799999982,28
6020,30.124157,34.25,0.0799999982,28
6021,30.129249,34.25,0.0799999982,28
6022,30.134428,34.25,0.0799999982,28
6023,30.139987,34.25,0.0799999982,28
6024,30.145410,34.25,0.0799999982,28
6025,30.150307,34.25,0.0799999982,28
6026,30.155445,34.25,0.0799999982,28
6027,30.159275,34.25,0.0799999982,28
6028,30.164168,34.25,0.0799999982,28
6029,30.169285,34.25,0.0799999982,28
6030,30.174464,34.25,0.0799999982,28
6031,30.179373,34.25,0.0799999982,28
6032,30.184727,34.25,0.0799999982,28
6033,30.189619,34.25,0.0799999982,28
6034,30.194524,34.25,0.0799999982,28
6035,30.200462,34.25,0.0799999982,28
6036,30.205358,34.25,0.0799999982,28
6037,30.210472,34.25,0.0799999982,28
6038,30.214325,34.25,0.0799999982,28
6039,30.219220,34.25,0.0799999982,28
6040,30.224309,34.25,0.0799999982,28
6041,30.229492,34.25,0.0799999982,28
6042,30.234398,34.25,0.0799999982,28
6043,30.240045,34.25,0.0799999982,28
6044,30.244937,34.25,0.0799999982,28
6045,30.249846,34.25,0.0799999982,28
6046,30.255294,34.25,0.0799999982,28
6047,30.259416,34.25,0.0799999982,28
6048,30.264321,34.25,0.0799999982,28
6049,30.269777,34.25,0.0799999982,28
6050,30.274669,34.25,0.0799999982,28
6051,30.280055,34.25,0.0799999982,28
6052,30.284951,34.25,0.0799999982,28
6053,30.289860,34.25,0.0799999982,28
6054,30.295532,34.25,0.0799999982,28
6055,30.300431,34.25,0.0799999982,28
6056,30.305336,34.25,0.0799999982,28
6057,30.309417,34.25,0.0799999982,28
6058,30.314883,34.25,0.0799999982,28
6059,30.320021,34.25,0.0799999982,28
6060,30.325175,34.25,0.0799999982,28
6061,30.330083,34.25,0.0799999982,28
6062,30.335455,34.25,0.0799999982,28
6063,30.339172,34.25,0.0799999982,28
6064,30.345594,34.25,0.0799999982,28
6065,30.349478,34.25,0.0799999982,28
6066,30.354374,34.25,0.0799999982,28
6067,30.359282,34.25,0.0799999982,28
6068,30.365235,34.25,0.0799999982,28
6069,30.370134,34.25,0.0799999982,28
6070,30.375516,34.25,0.0799999982,28
6071,30.380414,34.25,0.0799999982,28
6072,30.385319,34.25,0.0799999982,28
6073,30.389364,34.25,0.0799999982,28
6074,30.394260,34.25,0.0799999982,28
6075,30.399168,34.25,0.0799999982,28
6076,30.404603,34.25,0.0799999982,28
6077,30.409512,34.25,0.0799999982,28
6078,30.414637,34.25,0.0799999982,28
6079,30.420335,34.25,0.0799999982,28
6080,30.425227,34.25,0.0799999982,28
6081,30.429289,34.25,0.0799999982,28
6082,30.434182,34.25,0.0799999982,28
6083,30.439416,34.25,0.0799999982,28
6084,30.444683,34.25,0.0799999982,28
6085,30.449575,34.25,0.0799999982,28
6086,30.454672,34.25,0.0799999982,28
6087,30.459845,34.25,0.0799999982,28
6088,30.464751,34.25,0.0799999982,28
6089,30.470126,34.25,0.0799999982,28
6090,30.474244,34.25,0.0799999982,28
6091,30.480505,34.25,0.0799999982,28
6092,30.484575,34.25,0.0799999982,28
6093,30.489474,34.25,0.0799999982,28
6094,30.494379,34.25,0.0799999982,28
6095,30.499833,34.25,0.0799999982,28
6096,30.504726,34.25,0.0799999982,28
6097,30.509847,34.25,0.0799999982,28
6098,30.514995,34.25,0.0799999982,28
6099,30.519904,34.25,0.0799999982,28
6100,30.525300,34.25,0.0799999982,28
6101,30.529383,34.25,0.0799999982,28
6102,30.534288,34.25,0.0799999982,28
6103,30.539828,34.25,0.0799999982,28
6104,30.544733,34.25,0.0799999982,28
6105,30.549624,34.25,0.0799999982,28
6106,30.555063,34.25,0.0799999982,28
6107,30.559961,34.25,0.0799999982,28
6108,30.565089,34.25,0.0799999982,28
6109,30.570244,34.25,0.0799999982,28
6110,30.575655,34.25,0.0799999982,28
6111,30.579680,34.25,0.0799999982,28
6112,30.584569,34.25,0.0799999982,28
6113,30.589478,34.25,0.0799999982,28
6114,30.594918,34.25,0.0799999982,28
6115,30.599813,34.25,0.0799999982,28
6116,30.604909,34.25,0.0799999982,28
6117,30.610105,34.25,0.0799999982,28
6118,30.615011,34.25,0.0799999982,28
6119,30.620385,34.25,0.0799999982,28
6120,30.625280,34.25,0.0799999982,28
6121,30.629447,34.125,0.0799999982,28
6122,30.634904,34.125,0.0799999982,28
6123,30.639944,34.125,0.0799999982,28
6124,30.645027,34.125,0.0799999982,28
6125,30.650293,34.125,0.0799999982,28
6126,30.655186,34.125,0.0799999982,28
6127,30.660300,34.125,0.0799999982,28
6128,30.664152,34.125,0.0799999982,28
6129,30.670389,34.125,0.0799999982,28
6130,30.675742,34.125,0.0799999982,28
6131,30.679331,34.125,0.0799999982,28
6132,30.684765,34.125,0.0799999982,28
6133,30.690204,34.125,0.0799999982,28
6134,30.695096,34.125,0.0799999982,28
6135,30.700235,34.125,0.0799999982,28
6136,30.705390,34.125,0.0799999982,28
6137,30.710298,34.125,0.0799999982,28
6138,30.715646,34.125,0.0799999982,28
6139,30.719217,34.125,0.0799999982,28
6140,30.725449,34.125,0.0799999982,28
6141,30.729519,34.125,0.0799999982,28
6142,30.734985,34.125,0.0799999982,28
6143,30.740210,34.125,0.0799999982,28
6144,30.745459,34.125,0.0799999982,28
6145,30.750368,34.125,0.0799999982,28
6146,30.755789,34.125,0.0799999982,28
6147,30.759354,34.125,0.0799999982,28
6148,30.764245,34.125,0.0799999982,28
6149,30.769700,34.125,0.0799999982,28
6150,30.774588,34.125,0.0799999982,28
6151,30.779960,34.125,0.0799999982,28
6152,30.785405,34.125,0.0799999982,28
6153,30.790541,34.125,0.0799999982,28
6154,30.794356,34.125,0.0799999982,28
6155,30.799265,34.125,0.0799999982,28
6156,30.804378,34.125,0.0799999982,28
6157,30.809537,34.125,0.0799999982,28
6158,30.814442,34.125,0.0799999982,28
6159,30.819884,34.125,0.0799999982,28
6160,30.824777,34.125,0.0799999982,28
6161,30.829908,34.125,0.0799999982,28
6162,30.834255,34.125,0.0799999982,28
6163,30.839415,34.125,0.0799999982,28
6164,30.844498,34.125,0.0799999982,28
6165,30.849772,34.125,0.0799999982,28
6166,30.854664,34.125,0.0799999982,28
6167,30.859782,34.125,0.0799999982,28
6168,30.864934,34.125,0.0799999982,28
6169,30.869842,34.125,0.0799999982,28
6170,30.875214,34.125,0.0799999982,28
6171,30.880112,34.125,0.0799999982,28
6172,30.885017,34.125,0.0799999982,28
6173,30.890938,34.125,0.0799999982,28
6174,30.894500,34.125,0.0799999982,28
6175,30.899614,34.125,0.0799999982,28
6176,30.904797,34.125,0.0799999982,28
6177,30.909706,34.125,0.0799999982,28
6178,30.915075,34.125,0.0799999982,28
6179,30.919973,34.125,0.0799999982,28
6180,30.924879,34.125,0.0799999982,28
6181,30.930356,34.125,0.0799999982,28
6182,30.935262,34.125,0.0799999982,28
6183,30.940483,34.125,0.0799999982,28
6184,30.944629,34.125,0.0799999982,28
6185,30.949831,34.125,0.0799999982,28
6186,30.954724,34.125,0.0799999982,28
6187,30.960115,34.125,0.0799999982,28
6188,30.965011,34.125,0.0799999982,28
6189,30.969944,34.125,0.0799999982,28
6190,30.975372,34.125,0.0799999982,28
6191,30.980279,34.125,0.0799999982,28
6192,30.985391,34.125,0.0799999982,28
6193,30.989244,34.125,0.0799999982,28
6194,30.994696,34.125,0.0799999982,28
6195,31.000101,34.125,0.0799999982,28
6196,31.004997,34.125,0.0799999982,28
6197,31.009905,34.125,0.0799999982,28
6198,31.015345,34.125,0.0799999982,28
6199,31.020240,34.125,0.0799999982,28
6200,31.025352,34.125,0.0799999982,28
6201,31.029205,34.125,0.0799999982,28
6202,31.035437,34.125,0.0799999982,28
6203,31.040667,34.125,0.0799999982,28
6204,31.044526,34.125,0.0799999982,28
6205,31.054321,34.125,0.0799999982,28
6206,31.056775,34.125,0.0799999982,28
6207,31.060641,34.125,0.0799999982,28
6208,31.065536,34.125,0.0799999982,28
6209,31.070445,34.125,0.0799999982,28
6210,31.074503,34.125,0.0799999982,28
6211,31.079402,34.125,0.0799999982,28
6212,31.084505,34.125,0.0799999982,28
6213,31.089704,34.125,0.0799999982,28
6214,31.094593,34.125,0.0799999982,28
6215,31.099996,34.125,0.0799999982,28
6216,31.105417,34.125,0.0799999982,28
6217,31.110553,34.125,0.0799999982,28
6218,31.114368,34.125,0.0799999982,28
6219,31.120604,34.125,0.0799999982,28
6220,31.125992,34.125,0.0799999982,28
6221,31.129547,34.125,0.0799999982,28
6222,31.134453,34.125,0.0799999982,28
6223,31.139690,34.125,0.0799999982,28
6224,31.144579,34.125,0.0799999982,28
6225,31.149487,34.125,0.0799999982,28
6226,31.154956,34.125,0.0799999982,28
6227,31.160391,34.125,0.0799999982,28
6228,31.165296,34.125,0.0799999982,28
6229,31.170760,34.125,0.0799999982,28
6230,31.175651,34.125,0.0799999982,28
6231,31.180748,34.125,0.0799999982,28
6232,31.184577,34.125,0.0799999982,28
6233,31.189486,34.125,0.0799999982,28
6234,31.194602,34.125,0.0799999982,28
6235,31.199762,34.125,0.0799999982,28
6236,31.205233,34.125,0.0799999982,28
6237,31.210640,34.125,0.0799999982,28
6238,31.215545,34.125,0.0799999982,28
6239,31.220658,34.125,0.0799999982,28
6240,31.224491,34.125,0.0799999982,28
6241,31.229399,34.125,0.0799999982,28
6242,31.234489,34.125,0.0799999982,28
6243,31.239527,34.125,0.0799999982,28
6244,31.244432,34.125,0.0799999982,28
6245,31.249636,34.125,0.0799999982,28
6246,31.255358,34.125,0.0799999982,28
6247,31.260253,34.125,0.0799999982,28
6248,31.265709,34.125,0.0799999982,28
6249,31.270601,34.125,0.0799999982,28
6250,31.275708,34.125,0.0799999982,28
6251,31.279537,34.125,0.0799999982,28
6252,31.284443,34.125,0.0799999982,28
6253,31.289564,34.125,0.0799999982,28
6254,31.294719,34.125,0.0799999982,28
6255,31.299611,34.125,0.0799999982,28
6256,31.304978,34.125,0.0799999982,28
6257,31.309876,34.125,0.0799999982,28
6258,31.314797,34.125,0.0799999982,28
6259,31.320406,34.125,0.0799999982,28
6260,31.324520,34.125,0.0799999982,28
6261,31.329429,34.125,0.0799999982,28
6262,31.334882,34.125,0.0799999982,28
6263,31.339628,34.125,0.0799999982,28
6264,31.344719,34.125,0.0799999982,28
6265,31.349995,34.125,0.0799999982,28
6266,31.354888,34.125,0.0799999982,28
6267,31.360274,34.125,0.0799999982,28
6268,31.365169,34.125,0.0799999982,28
6269,31.370840,34.125,0.0799999982,28
6270,31.374689,34.125,0.0799999982,28
6271,31.379581,34.125,0.0799999982,28
6272,31.384680,34.125,0.0799999982,28
6273,31.389854,34.125,0.0799999982,28
6274,31.394760,34.125,0.0799999982,28
6275,31.400134,34.125,0.0799999982,28
6276,31.405027,34.125,0.0799999982,28
6277,31.409935,34.125,0.0799999982,28
6278,31.415353,34.125,0.0799999982,28
6279,31.419430,34.125,0.0799999982,28
6280,31.424566,34.125,0.0799999982,28
6281,31.429721,34.125,0.0799999982,28
6282,31.434610,34.125,0.0799999982,28
6283,31.439554,34.125,0.0799999982,28
6284,31.444831,34.125,0.0799999982,28
6285,31.449726,34.125,0.0799999982,28
6286,31.454844,34.125,0.0799999982,28
6287,31.459992,34.125,0.0799999982,28
6288,31.464898,34.125,0.0799999982,28
6289,31.470317,34.125,0.0799999982,28
6290,31.474433,34.125,0.0799999982,28
6291,31.479559,34.125,0.0799999982,28
6292,31.484718,34.125,0.0799999982,28
6293,31.489610,34.125,0.0799999982,28
6294,31.494973,34.125,0.0799999982,28
6295,31.499872,34.125,0.0799999982,28
6296,31.504777,34.125,0.0799999982,28
6297,31.510214,34.125,0.0799999982,28
6298,31.515106,34.125,0.0799999982,28
6299,31.520245,34.125,0.0799999982,28
6300,31.524574,34.125,0.0799999982,28
6301,31.529473,34.125,0.0799999982,28
6302,31.534912,34.125,0.0799999982,28
6303,31.539675,34.125,0.0799999982,28
6304,31.544563,34.125,0.0799999982,28
6305,31.550004,34.125,0.0799999982,28
6306,31.554900,34.125,0.0799999982,28
6307,31.559809,34.125,0.0799999982,28
6308,31.565238,34.125,0.0799999982,28
6309,31.570134,34.125,0.0799999982,28
6310,31.575545,34.125,0.0799999982,28
6311,31.579606,34.125,0.0799999982,28
6312,31.584502,34.125,0.0799999982,28
6313,31.589617,34.125,0.0799999982,28
6314,31.594791,34.125,0.0799999982,28
6315,31.599699,34.125,0.0799999982,28
6316,31.605068,34.125,0.0799999982,28
6317,31.609967,34.125,0.0799999982,28
6318,31.614872,34.125,0.0799999982,28
6319,31.620312,34.125,0.0799999982,28
6320,31.625205,34.125,0.0799999982,28
6321,31.629385,34.125,0.0799999982,28
6322,31.634826,34.125,0.0799999982,28
6323,31.639572,34.125,0.0799999982,28
6324,31.644662,34.125,0.0799999982,28
6325,31.649914,34.125,0.0799999982,28
6326,31.654806,34.125,0.0799999982,28
6327,31.659937,34.125,0.0799999982,28
6328,31.665101,34.125,0.0799999982,28
6329,31.670010,34.125,0.0799999982,28
6330,31.675179,34.125,0.0799999982,28
6331,31.680364,34.125,0.0799999982,28
6332,31.684443,34.125,0.0799999982,28
6333,31.689547,34.125,0.0799999982,28
6334,31.694780,34.125,0.0799999982,28
6335,31.699689,34.125,0.0799999982,28
6336,31.705058,34.125,0.0799999982,28
6337,31.709956,34.125,0.0799999982,28
6338,31.714886,34.125,0.0799999982,28
6339,31.720302,34.125,0.0799999982,28
6340,31.725195,34.125,0.0799999982,28
6341,31.730334,34.125,0.0799999982,28
6342,31.734669,34.125,0.0799999982,28
6343,31.740874,34.125,0.0799999982,28
6344,31.744737,34.125,0.0799999982,28
6345,31.749927,34.125,0.0799999982,28
6346,31.754833,34.125,0.0799999982,28
6347,31.760207,34.125,0.0799999982,28
6348,31.765100,34.125,0.0799999982,28
6349,31.770009,34.125,0.0799999982,28
6350,31.775410,34.125,0.0799999982,28
6351,31.780319,34.125,0.0799999982,28
6352,31.785740,34.125,0.0799999982,28
6353,31.789776,34.125,0.0799999982,28
6354,31.794681,34.125,0.0799999982,28
6355,31.799598,34.125,0.0799999982,28
6356,31.805003,34.125,0.0799999982,28
6357,31.809898,34.125,0.0799999982,28
6358,31.815011,34.125,0.0799999982,28
6359,31.820165,34.125,0.0799999982,28
6360,31.825070,34.125,0.0799999982,28
6361,31.830445,34.125,0.0799999982,28
6362,31.835341,34.125,0.0799999982,28
6363,31.840103,34.125,0.0799999982,28
6364,31.845569,34.125,0.0799999982,28
6365,31.849682,34.125,0.0799999982,28
6366,31.854571,34.125,0.0799999982,28
6367,31.860028,34.125,0.0799999982,28
6368,31.864920,34.125,0.0799999982,28
6369,31.870058,34.125,0.0799999982,28
6370,31.875214,34.125,0.0799999982,28
6371,31.880122,34.125,0.0799999982,28
6372,31.885598,34.125,0.0799999982,28
6373,31.890507,34.125,0.0799999982,28
6374,31.895607,34.125,0.0799999982,28
6375,31.899967,34.125,0.0799999982,28
6376,31.904873,33.875,0.0799999982,28
6377,31.910241,33.875,0.0799999982,28
6378,31.915137,33.875,0.0799999982,28
6379,31.920046,33.875,0.0799999982,28
6380,31.925495,33.875,0.0799999982,28
6381,31.930404,33.875,0.0799999982,28
6382,31.935518,33.875,0.0799999982,28
6383,31.940527,33.875,0.0799999982,28
6384,31.945432,33.875,0.0799999982,28
6385,31.949754,33.875,0.0799999982,28
6386,31.955012,33.875,0.0799999982,28
6387,31.959908,33.875,0.0799999982,28
6388,31.964997,33.875,0.0799999982,28
6389,31.970174,33.875,0.0799999982,28
6390,31.975079,33.875,0.0799999982,28
6391,31.980455,33.875,0.0799999982,28
6392,31.985350,33.875,0.0799999982,28
6393,31.990259,33.875,0.0799999982,28
6394,31.995724,33.875,0.0799999982,28
6395,31.999843,33.875,0.0799999982,28
6396,32.004948,33.875,0.0799999982,28
6397,32.010135,33.875,0.0799999982,28
6398,32.015040,33.875,0.0799999982,28
6399,32.020415,33.875,0.0799999982,28
6400,32.025310,33.875,0.0799999982,28
6401,32.030452,33.875,0.0799999982,28
6402,32.035608,33.875,0.0799999982,28
6403,32.040371,33.875,0.0799999982,28
6404,32.045454,33.875,0.0799999982,28
6405,32.054961,33.875,0.0799999982,28
6406,32.057706,33.875,0.0799999982,28
6407,32.059928,33.875,0.0799999982,28
6408,32.066389,33.875,0.0799999982,28
6409,32.070227,33.875,0.0799999982,28
6410,32.075188,33.875,0.0799999982,28
6411,32.080096,33.875,0.0799999982,28
6412,32.085484,33.875,0.0799999982,28
6413,32.090383,33.875,0.0799999982,28
6414,32.095288,33.875,0.0799999982,28
6415,32.100743,33.875,0.0799999982,28
6416,32.106189,33.875,0.0799999982,28
6417,32.111572,33.875,0.0799999982,28
6418,32.115140,33.875,0.0799999982,28
6419,32.120036,33.875,0.0799999982,28
6420,32.125474,33.875,0.0799999982,28
6421,32.130383,33.875,0.0799999982,28
6422,32.135472,33.875,0.0799999982,28
6423,32.140817,33.875,0.0799999982,28
6424,32.145710,33.875,0.0799999982,28
6425,32.150947,33.875,0.0799999982,28
6426,32.155290,33.875,0.0799999982,28
6427,32.160186,33.875,0.0799999982,28
6428,32.165571,33.875,0.0799999982,28
6429,32.170469,33.875,0.0799999982,28
6430,32.175375,33.875,0.0799999982,28
6431,32.180890,33.875,0.0799999982,28
6432,32.185782,33.875,0.0799999982,28
6433,32.190900,33.875,0.0799999982,28
6434,32.196052,33.875,0.0799999982,28
6435,32.200959,33.875,0.0799999982,28
6436,32.206357,33.875,0.0799999982,28
6437,32.210439,33.875,0.0799999982,28
6438,32.215345,33.875,0.0799999982,28
6439,32.220801,33.875,0.0799999982,28
6440,32.225693,33.875,0.0799999982,28
6441,32.230790,33.875,0.0799999982,28
6442,32.235962,33.875,0.0799999982,28
6443,32.241017,33.875,0.0799999982,28
6444,32.246230,33.875,0.0799999982,28
6445,32.250099,33.875,0.0799999982,28
6446,32.254992,33.875,0.0799999982,28
6447,32.260084,33.875,0.0799999982,28
6448,32.265856,33.875,0.0799999982,28
6449,32.270752,33.875,0.0799999982,28
6450,32.276170,33.875,0.0799999982,28
6451,32.281069,33.875,0.0799999982,28
6452,32.285972,33.875,0.0799999982,28
6453,32.289996,33.875,0.0799999982,28
6454,32.296232,33.875,0.0799999982,28
6455,32.301370,33.875,0.0799999982,28
6456,32.305198,33.875,0.0799999982,28
6457,32.310094,33.875,0.0799999982,28
6458,32.315207,33.875,0.0799999982,28
6459,32.320979,33.875,0.0799999982,28
6460,32.325872,33.875,0.0799999982,28
6461,32.331314,33.875,0.0799999982,28
6462,32.336207,33.875,0.0799999982,28
6463,32.341432,33.875,0.0799999982,28
6464,32.345316,33.875,0.0799999982,28
6465,32.350418,33.875,0.0799999982,28
6466,32.355324,33.875,0.0799999982,28
6467,32.360713,33.875,0.0799999982,28
6468,32.365602,33.875,0.0799999982,28
6469,32.370511,33.875,0.0799999982,28
6470,32.376445,33.875,0.0799999982,28
6471,32.380017,33.875,0.0799999982,28
6472,32.386249,33.875,0.0799999982,28
6473,32.390308,33.875,0.0799999982,28
6474,32.395203,33.875,0.0799999982,28
6475,32.400111,33.875,0.0799999982,28
6476,32.405547,33.875,0.0799999982,28
6477,32.410456,33.875,0.0799999982,28
6478,32.415573,33.875,0.0799999982,28
6479,32.420728,33.875,0.0799999982,28
6480,32.426179,33.875,0.0799999982,28
6481,32.430308,33.875,0.0799999982,28
6482,32.435204,33.875,0.0799999982,28
6483,32.441773,33.875,0.0799999982,28
6484,32.445632,33.875,0.0799999982,28
6485,32.450531,33.875,0.0799999982,28
6486,32.455436,33.875,0.0799999982,28
6487,32.460891,33.875,0.0799999982,28
6488,32.465783,33.875,0.0799999982,28
6489,32.470905,33.875,0.0799999982,28
6490,32.476053,33.875,0.0799999982,28
6491,32.481457,33.875,0.0799999982,28
6492,32.485507,33.875,0.0799999982,28
6493,32.490406,33.875,0.0799999982,28
6494,32.495543,33.875,0.0799999982,28
6495,32.500704,33.875,0.0799999982,28
6496,32.505593,33.875,0.0799999982,28
6497,32.510984,33.875,0.0799999982,28
6498,32.515880,33.875,0.0799999982,28
6499,32.520788,33.875,0.0799999982,28
6500,32.526224,33.875,0.0799999982,28
6501,32.531627,33.875,0.0799999982,28
6502,32.535395,33.875,0.0799999982,28
6503,32.540863,33.875,0.0799999982,28
6504,32.545756,33.875,0.0799999982,28
6505,32.550953,33.875,0.0799999982,28
6506,32.556125,33.875,0.0799999982,28
6507,32.561033,33.875,0.0799999982,28
6508,32.565079,33.875,0.0799999982,28
6509,32.569977,33.875,0.0799999982,28
6510,32.576442,33.875,0.0799999982,28
6511,32.580270,33.875,0.0799999982,28
6512,32.585718,33.875,0.0799999982,28
6513,32.590862,33.875,0.0799999982,28
6514,32.596010,33.875,0.0799999982,28
6515,32.600918,33.875,0.0799999982,28
6516,32.606291,33.875,0.0799999982,28
6517,32.611187,33.875,0.0799999982,28
6518,32.616117,33.875,0.0799999982,28
6519,32.620164,33.875,0.0799999982,28
6520,32.625057,33.875,0.0799999982,28
6521,32.629964,33.875,0.0799999982,28
6522,32.635927,33.875,0.0799999982,28
6523,32.640982,33.875,0.0799999982,28
6524,32.646064,33.875,0.0799999982,28
6525,32.651337,33.875,0.0799999982,28
6526,32.656229,33.875,0.0799999982,28
6527,32.661161,33.875,0.0799999982,28
6528,32.665204,33.875,0.0799999982,28
6529,32.670100,33.875,0.0799999982,28
6530,32.675029,33.875,0.0799999982,28
6531,32.680446,33.875,0.0799999982,28
6532,32.685352,33.875,0.0799999982,28
6533,32.691021,33.875,0.0799999982,28
6534,32.696175,33.875,0.0799999982,28
6535,32.701083,33.875,0.0799999982,28
6536,32.705032,33.875,0.0799999982,28
6537,32.710188,33.875,0.0799999982,28
6538,32.715093,33.875,0.0799999982,28
6539,32.720468,33.875,0.0799999982,28
6540,32.725363,33.875,0.0799999982,28
6541,32.730272,33.875,0.0799999982,28
6542,32.735710,33.875,0.0799999982,28
6543,32.742091,33.875,0.0799999982,28
6544,32.745838,33.875,0.0799999982,28
6545,32.751599,33.875,0.0799999982,28
6546,32.755168,33.875,0.0799999982,28
6547,32.760063,33.875,0.0799999982,28
6548,32.765498,33.875,0.0799999982,28
6549,32.770407,33.875,0.0799999982,28
6550,32.775521,33.875,0.0799999982,28
6551,32.780692,33.875,0.0799999982,28
6552,32.785581,33.875,0.0799999982,28
6553,32.790938,33.875,0.0799999982,28
6554,32.795844,33.875,0.0799999982,28
6555,32.800740,33.875,0.0799999982,28
6556,32.806683,33.875,0.0799999982,28
6557,32.810245,33.875,0.0799999982,28
6558,32.815381,33.875,0.0799999982,28
6559,32.820536,33.875,0.0799999982,28
6560,32.825442,33.875,0.0799999982,28
6561,32.830824,33.875,0.0799999982,28
6562,32.835730,33.875,0.0799999982,28
6563,32.842283,33.875,0.0799999982,28
6564,32.846166,33.875,0.0799999982,28
6565,32.851065,33.875,0.0799999982,28
6566,32.856468,33.875,0.0799999982,28
6567,32.860529,33.875,0.0799999982,28
6568,32.865425,33.875,0.0799999982,28
6569,32.870358,33.875,0.0799999982,28
6570,32.875788,33.875,0.0799999982,28
6571,32.880684,33.875,0.0799999982,28
6572,32.885820,33.875,0.0799999982,28
6573,32.890975,33.875,0.0799999982,28
6574,32.895880,33.875,0.0799999982,28
6575,32.901255,33.875,0.0799999982,28
6576,32.906673,33.875,0.0799999982,28
6577,32.910234,33.875,0.0799999982,28
6578,32.915673,33.875,0.0799999982,28
6579,32.920566,33.875,0.0799999982,28
6580,32.925687,33.875,0.0799999982,28
6581,32.930888,33.875,0.0799999982,28
6582,32.935794,33.875,0.0799999982,28
6583,32.942642,33.875,0.0799999982,28
6584,32.946210,33.875,0.0799999982,28
6585,32.951106,33.875,0.0799999982,28
6586,32.954989,33.875,0.0799999982,28
6587,32.960668,33.875,0.0799999982,28
6588,32.965557,33.875,0.0799999982,28
6589,32.970703,33.875,0.0799999982,28
6590,32.975851,33.875,0.0799999982,28
6591,32.980760,33.875,0.0799999982,28
6592,32.986176,33.875,0.0799999982,28
6593,32.991072,33.875,0.0799999982,28
6594,32.996194,33.875,0.0799999982,28
6595,33.000050,33.875,0.0799999982,28
6596,33.004942,33.875,0.0799999982,28
6597,33.010631,33.875,0.0799999982,28
6598,33.015787,33.875,0.0799999982,28
6599,33.020695,33.875,0.0799999982,28
6600,33.026067,33.875,0.0799999982,28
6601,33.030965,33.875,0.0799999982,28
6602,33.035871,33.875,0.0799999982,28
6603,33.041392,33.875,0.0799999982,28
6604,33.044956,33.875,0.0799999982,28
6605,33.054449,33.875,0.0799999982,28
6606,33.058766,33.875,0.0799999982,28
6607,33.061172,33.875,0.0799999982,28
6608,33.065305,33.875,0.0799999982,28
6609,33.070204,33.875,0.0799999982,28
6610,33.075288,33.875,0.0799999982,28
6611,33.080595,33.875,0.0799999982,28
6612,33.085491,33.875,0.0799999982,28
6613,33.090400,33.875,0.0799999982,28
6614,33.095861,33.875,0.0799999982,28
6615,33.100757,33.875,0.0799999982,28
6616,33.105874,33.875,0.0799999982,28
6617,33.111047,33.875,0.0799999982,28
6618,33.115951,33.875,0.0799999982,28
6619,33.121327,33.875,0.0799999982,28
6620,33.125438,33.875,0.0799999982,28
6621,33.130347,33.875,0.0799999982,28
6622,33.135796,33.875,0.0799999982,28
6623,33.142178,33.875,0.0799999982,28
6624,33.146061,33.875,0.0799999982,28
6625,33.149930,33.875,0.0799999982,28
6626,33.156162,33.875,0.0799999982,28
6627,33.161267,33.875,0.0799999982,28
6628,33.165120,33.875,0.0799999982,28
6629,33.170015,33.875,0.0799999982,28
6630,33.175104,33.875,0.0799999982,28
6631,33.180854,33.625,0.0799999982,28
6632,33.185747,33.625,0.0799999982,28
6633,33.191186,33.625,0.0799999982,28
6634,33.196078,33.625,0.0799999982,28
6635,33.201202,33.625,0.0799999982,28
6636,33.205030,33.625,0.0799999982,28
6637,33.209926,33.625,0.0799999982,28
6638,33.215015,33.625,0.0799999982,28
6639,33.220195,33.625,0.0799999982,28
6640,33.225100,33.625,0.0799999982,28
6641,33.230500,33.625,0.0799999982,28
6642,33.235927,33.625,0.0799999982,28
6643,33.242493,33.625,0.0799999982,28
6644,33.246375,33.625,0.0799999982,28
6645,33.249945,33.625,0.0799999982,28
6646,33.256178,33.625,0.0799999982,28
6647,33.260238,33.625,0.0799999982,28
6648,33.265133,33.625,0.0799999982,28
6649,33.270067,33.625,0.0799999982,28
6650,33.275480,33.625,0.0799999982,28
6651,33.280389,33.625,0.0799999982,28
6652,33.285503,33.625,0.0799999982,28
6653,33.291228,33.625,0.0799999982,28
6654,33.296121,33.625,0.0799999982,28
6655,33.300163,33.625,0.0799999982,28
6656,33.305056,33.625,0.0799999982,28
6657,33.309964,33.625,0.0799999982,28
6658,33.315369,33.625,0.0799999982,28
6659,33.320278,33.625,0.0799999982,28
6660,33.325636,33.625,0.0799999982,28
6661,33.330535,33.625,0.0799999982,28
6662,33.335464,33.625,0.0799999982,28
6663,33.342908,33.625,0.0799999982,28
6664,33.345130,33.625,0.0799999982,28
6665,33.350039,33.625,0.0799999982,28
6666,33.355473,33.625,0.0799999982,28
6667,33.360372,33.625,0.0799999982,28
6668,33.365276,33.625,0.0799999982,28
6669,33.370965,33.625,0.0799999982,28
6670,33.375861,33.625,0.0799999982,28
6671,33.380952,33.625,0.0799999982,28
6672,33.386144,33.625,0.0799999982,28
6673,33.391052,33.625,0.0799999982,28
6674,33.396449,33.625,0.0799999982,28
6675,33.400531,33.625,0.0799999982,28
6676,33.405437,33.625,0.0799999982,28
6677,33.410893,33.625,0.0799999982,28
6678,33.415786,33.625,0.0799999982,28
6679,33.420906,33.625,0.0799999982,28
6680,33.426055,33.625,0.0799999982,28
6681,33.430962,33.625,0.0799999982,28
6682,33.436335,33.625,0.0799999982,28
6683,33.442838,33.625,0.0799999982,28
6684,33.445060,33.625,0.0799999982,28
6685,33.450509,33.625,0.0799999982,28
6686,33.455952,33.625,0.0799999982,28
6687,33.461085,33.625,0.0799999982,28
6688,33.466240,33.625,0.0799999982,28
6689,33.471148,33.625,0.0799999982,28
6690,33.476521,33.625,0.0799999982,28
6691,33.480093,33.625,0.0799999982,28
6692,33.484985,33.625,0.0799999982,28
6693,33.490398,33.625,0.0799999982,28
6694,33.495303,33.625,0.0799999982,28
6695,33.500396,33.625,0.0799999982,28
6696,33.506101,33.625,0.0799999982,28
6697,33.510997,33.625,0.0799999982,28
6698,33.515056,33.625,0.0799999982,28
6699,33.519954,33.625,0.0799999982,28
6700,33.526394,33.625,0.0799999982,28
6701,33.530247,33.625,0.0799999982,28
6702,33.535140,33.625,0.0799999982,28
6703,33.540255,33.625,0.0799999982,28
6704,33.545544,33.625,0.0799999982,28
6705,33.550453,33.625,0.0799999982,28
6706,33.555660,33.625,0.0799999982,28
6707,33.560024,33.625,0.0799999982,28
6708,33.564919,33.625,0.0799999982,28
6709,33.570330,33.625,0.0799999982,28
6710,33.575225,33.625,0.0799999982,28
6711,33.580134,33.625,0.0799999982,28
6712,33.585580,33.625,0.0799999982,28
6713,33.590489,33.625,0.0799999982,28
6714,33.595606,33.625,0.0799999982,28
6715,33.600761,33.625,0.0799999982,28
6716,33.605666,33.625,0.0799999982,28
6717,33.611595,33.625,0.0799999982,28
6718,33.615164,33.625,0.0799999982,28
6719,33.620302,33.625,0.0799999982,28
6720,33.625508,33.625,0.0799999982,28
6721,33.630417,33.625,0.0799999982,28
6722,33.635795,33.625,0.0799999982,28
6723,33.642177,33.625,0.0799999982,28
6724,33.645933,33.625,0.0799999982,28
6725,33.651208,33.625,0.0799999982,28
6726,33.656100,33.625,0.0799999982,28
6727,33.661239,33.625,0.0799999982,28
6728,33.665569,33.625,0.0799999982,28
6729,33.670467,33.625,0.0799999982,28
6730,33.675603,33.625,0.0799999982,28
6731,33.680758,33.625,0.0799999982,28
6732,33.685663,33.625,0.0799999982,28
6733,33.691013,33.625,0.0799999982,28
6734,33.695909,33.625,0.0799999982,28
6735,33.701025,33.625,0.0799999982,28
6736,33.706181,33.625,0.0799999982,28
6737,33.711089,33.625,0.0799999982,28
6738,33.716461,33.625,0.0799999982,28
6739,33.720568,33.625,0.0799999982,28
6740,33.725474,33.625,0.0799999982,28
6741,33.730929,33.625,0.0799999982,28
6742,33.735821,33.625,0.0799999982,28
6743,33.742384,33.625,0.0799999982,28
6744,33.746248,33.625,0.0799999982,28
6745,33.751147,33.625,0.0799999982,28
6746,33.756077,33.625,0.0799999982,28
6747,33.760111,33.625,0.0799999982,28
6748,33.765007,33.625,0.0799999982,28
6749,33.770413,33.625,0.0799999982,28
6750,33.775920,33.625,0.0799999982,28
6751,33.780816,33.625,0.0799999982,28
6752,33.786199,33.625,0.0799999982,28
6753,33.791095,33.625,0.0799999982,28
6754,33.796000,33.625,0.0799999982,28
6755,33.800072,33.625,0.0799999982,28
6756,33.804967,33.625,0.0799999982,28
6757,33.811424,33.625,0.0799999982,28
6758,33.815253,33.625,0.0799999982,28
6759,33.820148,33.625,0.0799999982,28
6760,33.825287,33.625,0.0799999982,28
6761,33.831012,33.625,0.0799999982,28
6762,33.835905,33.625,0.0799999982,28
6763,33.842781,33.625,0.0799999982,28
6764,33.845003,33.625,0.0799999982,28
6765,33.851238,33.625,0.0799999982,28
6766,33.855122,33.625,0.0799999982,28
6767,33.860321,33.625,0.0799999982,28
6768,33.865226,33.625,0.0799999982,28
6769,33.870352,33.625,0.0799999982,28
6770,33.876032,33.625,0.0799999982,28
6771,33.880928,33.625,0.0799999982,28
6772,33.885012,33.625,0.0799999982,28
6773,33.891250,33.625,0.0799999982,28
6774,33.896351,33.625,0.0799999982,28
6775,33.900203,33.625,0.0799999982,28
6776,33.905096,33.625,0.0799999982,28
6777,33.910029,33.625,0.0799999982,28
6778,33.915454,33.625,0.0799999982,28
6779,33.920363,33.625,0.0799999982,28
6780,33.925481,33.625,0.0799999982,28
6781,33.931202,33.625,0.0799999982,28
6782,33.936094,33.625,0.0799999982,28
6783,33.942968,33.625,0.0799999982,28
6784,33.945189,33.625,0.0799999982,28
6785,33.950098,33.625,0.0799999982,28
6786,33.955312,33.625,0.0799999982,28
6787,33.960511,33.625,0.0799999982,28
6788,33.965416,33.625,0.0799999982,28
6789,33.970542,33.625,0.0799999982,28
6790,33.975701,33.625,0.0799999982,28
6791,33.981173,33.625,0.0799999982,28
6792,33.985227,33.625,0.0799999982,28
6793,33.990125,33.625,0.0799999982,28
6794,33.995239,33.625,0.0799999982,28
6795,34.000394,33.625,0.0799999982,28
6796,34.005299,33.625,0.0799999982,28
6797,34.010707,33.625,0.0799999982,28
6798,34.015596,33.625,0.0799999982,28
6799,34.020505,33.625,0.0799999982,28
6800,34.025943,33.625,0.0799999982,28
6801,34.030021,33.625,0.0799999982,28
6802,34.034916,33.625,0.0799999982,28
6803,34.040357,33.625,0.0799999982,28
6804,34.045395,33.625,0.0799999982,28
6805,34.050482,33.625,0.0799999982,28
6806,34.058504,33.625,0.0799999982,28
6807,34.060914,33.625,0.0799999982,28
6808,34.065873,33.625,0.0799999982,28
6809,34.070781,33.625,0.0799999982,28
6810,34.076029,33.625,0.0799999982,28
6811,34.081238,33.625,0.0799999982,28
6812,34.085295,33.625,0.0799999982,28
6813,34.090194,33.625,0.0799999982,28
6814,34.095640,33.625,0.0799999982,28
6815,34.100548,33.625,0.0799999982,28
6816,34.105669,33.625,0.0799999982,28
6817,34.110819,33.625,0.0799999982,28
6818,34.115724,33.625,0.0799999982,28
6819,34.121099,33.625,0.0799999982,28
6820,34.125995,33.625,0.0799999982,28
6821,34.131090,33.625,0.0799999982,28
6822,34.134939,33.625,0.0799999982,28
6823,34.140387,33.625,0.0799999982,28
6824,34.145524,33.625,0.0799999982,28
6825,34.152168,33.625,0.0799999982,28
6826,34.155733,33.625,0.0799999982,28
6827,34.160925,33.625,0.0799999982,28
6828,34.166118,33.625,0.0799999982,28
6829,34.171026,33.625,0.0799999982,28
6830,34.176399,33.625,0.0799999982,28
6831,34.179969,33.625,0.0799999982,28
6832,34.186226,33.625,0.0799999982,28
6833,34.190321,33.625,0.0799999982,28
6834,34.195762,33.625,0.0799999982,28
6835,34.200862,33.625,0.0799999982,28
6836,34.206054,33.625,0.0799999982,28
6837,34.210961,33.625,0.0799999982,28
6838,34.216334,33.625,0.0799999982,28
6839,34.221233,33.625,0.0799999982,28
6840,34.226347,33.625,0.0799999982,28
6841,34.230199,33.625,0.0799999982,28
6842,34.235092,33.625,0.0799999982,28
6843,34.240216,33.625,0.0799999982,28
6844,34.245931,33.625,0.0799999982,28
6845,34.252427,33.625,0.0799999982,28
6846,34.256307,33.625,0.0799999982,28
6847,34.260154,33.625,0.0799999982,28
6848,34.265047,33.625,0.0799999982,28
6849,34.270185,33.625,0.0799999982,28
6850,34.275341,33.625,0.0799999982,28
6851,34.280249,33.625,0.0799999982,28
6852,34.285596,33.625,0.0799999982,28
6853,34.290495,33.625,0.0799999982,28
6854,34.295609,33.625,0.0799999982,28
6855,34.299969,33.625,0.0799999982,28
6856,34.306201,33.625,0.0799999982,28
6857,34.309975,33.625,0.0799999982,28
6858,34.315152,33.625,0.0799999982,28
6859,34.320060,33.625,0.0799999982,28
6860,34.325432,33.625,0.0799999982,28
6861,34.330331,33.625,0.0799999982,28
6862,34.335469,33.625,0.0799999982,28
6863,34.340625,33.625,0.0799999982,28
6864,34.345530,33.625,0.0799999982,28
6865,34.350937,33.625,0.0799999982,28
6866,34.355112,33.625,0.0799999982,28
6867,34.360011,33.625,0.0799999982,28
6868,34.365453,33.625,0.0799999982,28
6869,34.370352,33.625,0.0799999982,28
6870,34.375283,33.625,0.0799999982,28
6871,34.380712,33.625,0.0799999982,28
6872,34.385601,33.625,0.0799999982,28
6873,34.390725,33.625,0.0799999982,28
6874,34.396130,33.625,0.0799999982,28
6875,34.401026,33.625,0.0799999982,28
6876,34.405344,33.625,0.0799999982,28
6877,34.410537,33.625,0.0799999982,28
6878,34.415443,33.625,0.0799999982,28
6879,34.420800,33.625,0.0799999982,28
6880,34.425705,33.625,0.0799999982,28
6881,34.430597,33.625,0.0799999982,28
6882,34.436062,33.625,0.0799999982,28
6883,34.440958,33.625,0.0799999982,28
6884,34.446341,33.625,0.0799999982,28
6885,34.452728,33.5,0.0799999982,28
6886,34.454949,33.5,0.0799999982,28
6887,34.460413,33.5,0.0799999982,28
6888,34.465855,33.5,0.0799999982,28
6889,34.470779,33.5,0.0799999982,28
6890,34.476173,33.5,0.0799999982,28
6891,34.481069,33.5,0.0799999982,28
6892,34.486180,33.5,0.0799999982,28
6893,34.490032,33.5,0.0799999982,28
6894,34.494925,33.5,0.0799999982,28
6895,34.500314,33.5,0.0799999982,28
6896,34.505210,33.5,0.0799999982,28
6897,34.510142,33.5,0.0799999982,28
6898,34.515564,33.5,0.0799999982,28
6899,34.520989,33.5,0.0799999982,28
6900,34.526091,33.5,0.0799999982,28
6901,34.529993,33.5,0.0799999982,28
6902,34.536225,33.5,0.0799999982,28
6903,34.540006,33.5,0.0799999982,28
6904,34.545158,33.5,0.0799999982,28
6905,34.550066,33.5,0.0799999982,28
6906,34.555400,33.5,0.0799999982,28
6907,34.560597,33.5,0.0799999982,28
6908,34.565502,33.5,0.0799999982,28
6909,34.570884,33.5,0.0799999982,28
6910,34.575001,33.5,0.0799999982,28
6911,34.581475,33.5,0.0799999982,28
6912,34.585318,33.5,0.0799999982,28
6913,34.590214,33.5,0.0799999982,28
6914,34.595349,33.5,0.0799999982,28
6915,34.600508,33.5,0.0799999982,28
6916,34.605413,33.5,0.0799999982,28
6917,34.610770,33.5,0.0799999982,28
6918,34.615675,33.5,0.0799999982,28
6919,34.620804,33.5,0.0799999982,28
6920,34.626455,33.5,0.0799999982,28
6921,34.630024,33.5,0.0799999982,28
6922,34.635410,33.5,0.0799999982,28
6923,34.640308,33.5,0.0799999982,28
6924,34.645213,33.5,0.0799999982,28
6925,34.650701,33.5,0.0799999982,28
6926,34.655739,33.5,0.0799999982,28
6927,34.660948,33.5,0.0799999982,28
6928,34.666141,33.5,0.0799999982,28
6929,34.671050,33.5,0.0799999982,28
6930,34.676422,33.5,0.0799999982,28
6931,34.680529,33.5,0.0799999982,28
6932,34.685435,33.5,0.0799999982,28
6933,34.690891,33.5,0.0799999982,28
6934,34.695783,33.5,0.0799999982,28
6935,34.700904,33.5,0.0799999982,28
6936,34.706052,33.5,0.0799999982,28
6937,34.710960,33.5,0.0799999982,28
6938,34.714985,33.5,0.0799999982,28
6939,34.721223,33.5,0.0799999982,28
6940,34.726333,33.5,0.0799999982,28
6941,34.730755,33.5,0.0799999982,28
6942,34.735644,33.5,0.0799999982,28
6943,34.740789,33.5,0.0799999982,28
6944,34.745938,33.5,0.0799999982,28
6945,34.750847,33.5,0.0799999982,28
6946,34.756180,33.5,0.0799999982,28
6947,34.760050,33.5,0.0799999982,28
6948,34.764942,33.5,0.0799999982,28
6949,34.770076,33.5,0.0799999982,28
6950,34.775239,33.5,0.0799999982,28
6951,34.780147,33.5,0.0799999982,28
6952,34.786099,33.5,0.0799999982,28
6953,34.790998,33.5,0.0799999982,28
6954,34.796132,33.5,0.0799999982,28
6955,34.799960,33.5,0.0799999982,28
6956,34.806192,33.5,0.0799999982,28
6957,34.811568,33.5,0.0799999982,28
6958,34.815137,33.5,0.0799999982,28
6959,34.820032,33.5,0.0799999982,28
6960,34.825470,33.5,0.0799999982,28
6961,34.830379,33.5,0.0799999982,28
6962,34.835771,33.5,0.0799999982,28
6963,34.841191,33.5,0.0799999982,28
6964,34.846096,33.5,0.0799999982,28
6965,34.850163,33.5,0.0799999982,28
6966,34.855201,33.5,0.0799999982,28
6967,34.860287,33.5,0.0799999982,28
6968,34.865531,33.5,0.0799999982,28
6969,34.870440,33.5,0.0799999982,28
6970,34.875529,33.5,0.0799999982,28
6971,34.880713,33.5,0.0799999982,28
6972,34.885601,33.5,0.0799999982,28
6973,34.891017,33.5,0.0799999982,28
6974,34.895114,33.5,0.0799999982,28
6975,34.900009,33.5,0.0799999982,28
6976,34.905417,33.5,0.0799999982,28
6977,34.910325,33.5,0.0799999982,28
6978,34.915439,33.5,0.0799999982,28
6979,34.920595,33.5,0.0799999982,28
6980,34.925500,33.5,0.0799999982,28
6981,34.930882,33.5,0.0799999982,28
6982,34.935788,33.5,0.0799999982,28
6983,34.940683,33.5,0.0799999982,28
6984,34.946618,33.5,0.0799999982,28
6985,34.950189,33.5,0.0799999982,28
6986,34.955417,33.5,0.0799999982,28
6987,34.960682,33.5,0.0799999982,28
6988,34.965571,33.5,0.0799999982,28
6989,34.970989,33.5,0.0799999982,28
6990,34.975885,33.5,0.0799999982,28
6991,34.980793,33.5,0.0799999982,28
6992,34.986230,33.5,0.0799999982,28
6993,34.991126,33.5,0.0799999982,28
6994,34.996562,33.5,0.0799999982,28
6995,35.000623,33.5,0.0799999982,28
6996,35.005519,33.5,0.0799999982,28
6997,35.010428,33.5,0.0799999982,28
6998,35.015882,33.5,0.0799999982,28
6999,35.020778,33.5,0.0799999982,28
7000,35.026161,33.5,0.0799999982,28
7001,35.031057,33.5,0.0799999982,28
7002,35.035961,33.5,0.0799999982,28
7003,35.040058,33.5,0.0799999982,28
7004,35.044953,33.5,0.0799999982,28
7005,35.050633,33.5,0.0799999982,28
7006,35.059680,33.5,0.0799999982,28
7007,35.061901,33.5,0.0799999982,28
7008,35.065463,33.5,0.0799999982,28
7009,35.070567,33.5,0.0799999982,28
7010,35.075867,33.5,0.0799999982,28
7011,35.080775,33.5,0.0799999982,28
7012,35.085667,33.5,0.0799999982,28
7013,35.091099,33.5,0.0799999982,28
7014,35.095992,33.5,0.0799999982,28
7015,35.101406,33.5,0.0799999982,28
7016,35.105467,33.5,0.0799999982,28
7017,35.110366,33.5,0.0799999982,28
7018,35.115494,33.5,0.0799999982,28
7019,35.120665,33.5,0.0799999982,28
7020,35.125554,33.5,0.0799999982,28
7021,35.130937,33.5,0.0799999982,28
7022,35.135842,33.5,0.0799999982,28
7023,35.140738,33.5,0.0799999982,28
7024,35.146174,33.5,0.0799999982,28
7025,35.151070,33.5,0.0799999982,28
7026,35.155429,33.5,0.0799999982,28
7027,35.160874,33.5,0.0799999982,28
7028,35.165779,33.5,0.0799999982,28
7029,35.170675,33.5,0.0799999982,28
7030,35.176151,33.5,0.0799999982,28
7031,35.181047,33.5,0.0799999982,28
7032,35.186182,33.5,0.0799999982,28
7033,35.190010,33.5,0.0799999982,28
7034,35.196243,33.5,0.0799999982,28
7035,35.199997,33.5,0.0799999982,28
7036,35.205745,33.5,0.0799999982,28
7037,35.210637,33.5,0.0799999982,28
7038,35.216006,33.5,0.0799999982,28
7039,35.220905,33.5,0.0799999982,28
7040,35.226022,33.5,0.0799999982,28
7041,35.231173,33.5,0.0799999982,28
7042,35.236078,33.5,0.0799999982,28
7043,35.241454,33.5,0.0799999982,28
7044,35.245022,33.5,0.0799999982,28
7045,35.249917,33.5,0.0799999982,28
7046,35.255852,33.5,0.0799999982,28
7047,35.260761,33.5,0.0799999982,28
7048,35.265979,33.5,0.0799999982,28
7049,35.271261,33.5,0.0799999982,28
7050,35.276154,33.5,0.0799999982,28
7051,35.281293,33.5,0.0799999982,28
7052,35.285120,33.5,0.0799999982,28
7053,35.290016,33.5,0.0799999982,28
7054,35.295142,33.5,0.0799999982,28
7055,35.300310,33.5,0.0799999982,28
7056,35.305215,33.5,0.0799999982,28
7057,35.310591,33.5,0.0799999982,28
7058,35.316042,33.5,0.0799999982,28
7059,35.321176,33.5,0.0799999982,28
7060,35.325006,33.5,0.0799999982,28
7061,35.331242,33.5,0.0799999982,28
7062,35.335019,33.5,0.0799999982,28
7063,35.340171,33.5,0.0799999982,28
7064,35.345076,33.5,0.0799999982,28
7065,35.350502,33.5,0.0799999982,28
7066,35.355407,33.5,0.0799999982,28
7067,35.360514,33.5,0.0799999982,28
7068,35.365843,33.5,0.0799999982,28
7069,35.369967,33.5,0.0799999982,28
7070,35.376377,33.5,0.0799999982,28
7071,35.380264,33.5,0.0799999982,28
7072,35.385160,33.5,0.0799999982,28
7073,35.390093,33.5,0.0799999982,28
7074,35.395506,33.5,0.0799999982,28
7075,35.400415,33.5,0.0799999982,28
7076,35.405504,33.5,0.0799999982,28
7077,35.410920,33.5,0.0799999982,28
7078,35.415812,33.5,0.0799999982,28
7079,35.421493,33.5,0.0799999982,28
7080,35.425321,33.5,0.0799999982,28
7081,35.430217,33.5,0.0799999982,28
7082,35.435331,33.5,0.0799999982,28
7083,35.440486,33.5,0.0799999982,28
7084,35.445391,33.5,0.0799999982,28
7085,35.450748,33.5,0.0799999982,28
7086,35.455637,33.5,0.0799999982,28
7087,35.460757,33.5,0.0799999982,28
7088,35.466086,33.5,0.0799999982,28
7089,35.470983,33.5,0.0799999982,28
7090,35.476065,33.5,0.0799999982,28
7091,35.481855,33.5,0.0799999982,28
7092,35.485416,33.5,0.0799999982,28
7093,35.490555,33.5,0.0799999982,28
7094,35.495714,33.5,0.0799999982,28
7095,35.500606,33.5,0.0799999982,28
7096,35.506061,33.5,0.0799999982,28
7097,35.510957,33.5,0.0799999982,28
7098,35.516078,33.5,0.0799999982,28
7099,35.521233,33.5,0.0799999982,28
7100,35.526138,33.5,0.0799999982,28
7101,35.531538,33.5,0.0799999982,28
7102,35.535621,33.5,0.0799999982,28
7103,35.540531,33.5,0.0799999982,28
7104,35.545982,33.5,0.0799999982,28
7105,35.550878,33.5,0.0799999982,28
7106,35.556261,33.5,0.0799999982,28
7107,35.561158,33.5,0.0799999982,28
7108,35.566208,33.5,0.0799999982,28
7109,35.570085,33.5,0.0799999982,28
7110,35.575266,33.5,0.0799999982,28
7111,35.580174,33.5,0.0799999982,28
7112,35.585288,33.5,0.0799999982,28
7113,35.591016,33.5,0.0799999982,28
7114,35.595908,33.5,0.0799999982,28
7115,35.601301,33.5,0.0799999982,28
7116,35.606197,33.5,0.0799999982,28
7117,35.611129,33.5,0.0799999982,28
7118,35.615175,33.5,0.0799999982,28
7119,35.620070,33.5,0.0799999982,28
7120,35.624974,33.5,0.0799999982,28
7121,35.630417,33.5,0.0799999982,28
7122,35.635322,33.5,0.0799999982,28
7123,35.640439,33.5,0.0799999982,28
7124,35.646165,33.5,0.0799999982,28
7125,35.651061,33.5,0.0799999982,28
7126,35.655100,33.5,0.0799999982,28
7127,35.659998,33.5,0.0799999982,28
7128,35.665073,33.5,0.0799999982,28
7129,35.670499,33.5,0.0799999982,28
7130,35.675394,33.5,0.0799999982,28
7131,35.680303,33.5,0.0799999982,28
7132,35.685758,33.5,0.0799999982,28
7133,35.690653,33.5,0.0799999982,28
7134,35.695747,33.5,0.0799999982,28
7135,35.700118,33.5,0.0799999982,28
7136,35.705014,33.5,0.0799999982,28
7137,35.710327,33.5,0.0799999982,28
7138,35.715482,33.5,0.0799999982,28
7139,35.720391,33.5,0.0799999982,28
7140,35.725516,33.25,0.0799999982,28
7141,35.730687,33.25,0.0799999982,28
7142,35.735576,33.25,0.0799999982,28
7143,35.740933,33.25,0.0799999982,28
7144,35.745839,33.25,0.0799999982,28
7145,35.751307,33.25,0.0799999982,28
7146,35.755375,33.25,0.0799999982,28
7147,35.760272,33.25,0.0799999982,28
7148,35.765323,33.25,0.0799999982,28
7149,35.770771,33.25,0.0799999982,28
7150,35.775676,33.25,0.0799999982,28
7151,35.780568,33.25,0.0799999982,28
7152,35.786023,33.25,0.0799999982,28
7153,35.790919,33.25,0.0799999982,28
7154,35.796029,33.25,0.0799999982,28
7155,35.801716,33.25,0.0799999982,28
7156,35.805278,33.25,0.0799999982,28
7157,35.810198,33.25,0.0799999982,28
7158,35.815605,33.25,0.0799999982,28
7159,35.820514,33.25,0.0799999982,28
7160,35.825430,33.25,0.0799999982,28
7161,35.830863,33.25,0.0799999982,28
7162,35.835755,33.25,0.0799999982,28
7163,35.840872,33.25,0.0799999982,28
7164,35.846025,33.25,0.0799999982,28
7165,35.850932,33.25,0.0799999982,28
7166,35.856329,33.25,0.0799999982,28
7167,35.860412,33.25,0.0799999982,28
7168,35.865463,33.25,0.0799999982,28
7169,35.870936,33.25,0.0799999982,28
7170,35.875842,33.25,0.0799999982,28
7171,35.880738,33.25,0.0799999982,28
7172,35.886212,33.25,0.0799999982,28
7173,35.891108,33.25,0.0799999982,28
7174,35.896244,33.25,0.0799999982,28
7175,35.900072,33.25,0.0799999982,28
7176,35.904964,33.25,0.0799999982,28
7177,35.910886,33.25,0.0799999982,28
7178,35.915791,33.25,0.0799999982,28
7179,35.920716,33.25,0.0799999982,28
7180,35.926123,33.25,0.0799999982,28
7181,35.931020,33.25,0.0799999982,28
7182,35.936155,33.25,0.0799999982,28
7183,35.939982,33.25,0.0799999982,28
7184,35.946215,33.25,0.0799999982,28
7185,35.949995,33.25,0.0799999982,28
7186,35.955148,33.25,0.0799999982,28
7187,35.960595,33.25,0.0799999982,28
7188,35.966065,33.25,0.0799999982,28
7189,35.969934,33.25,0.0799999982,28
7190,35.976166,33.25,0.0799999982,28
7191,35.981542,33.25,0.0799999982,28
7192,35.985111,33.25,0.0799999982,28
7193,35.990006,33.25,0.0799999982,28
7194,35.995390,33.25,0.0799999982,28
7195,36.000288,33.25,0.0799999982,28
7196,36.005414,33.25,0.0799999982,28
7197,36.011154,33.25,0.0799999982,28
7198,36.016047,33.25,0.0799999982,28
7199,36.021428,33.25,0.0799999982,28
7200,36.024997,33.25,0.0799999982,28
7201,36.031257,33.25,0.0799999982,28
7202,36.035301,33.25,0.0799999982,28
7203,36.040197,33.25,0.0799999982,28
7204,36.045102,33.25,0.0799999982,28
7205,36.050540,33.25,0.0799999982,28
7206,36.058436,33.25,0.0799999982,28
7207,36.060893,33.25,0.0799999982,28
7208,36.066278,33.25,0.0799999982,28
7209,36.070376,33.25,0.0799999982,28
7210,36.075281,33.25,0.0799999982,28
7211,36.080749,33.25,0.0799999982,28
7212,36.085638,33.25,0.0799999982,28
7213,36.090546,33.25,0.0799999982,28
7214,36.096001,33.25,0.0799999982,28
7215,36.100896,33.25,0.0799999982,28
7216,36.106011,33.25,0.0799999982,28
7217,36.111163,33.25,0.0799999982,28
7218,36.115241,33.25,0.0799999982,28
7219,36.120617,33.25,0.0799999982,28
7220,36.125513,33.25,0.0799999982,28
7221,36.130658,33.25,0.0799999982,28
7222,36.135810,33.25,0.0799999982,28
7223,36.140718,33.25,0.0799999982,28
7224,36.146090,33.25,0.0799999982,28
7225,36.150989,33.25,0.0799999982,28
7226,36.155919,33.25,0.0799999982,28
7227,36.161334,33.25,0.0799999982,28
7228,36.165046,33.25,0.0799999982,28
7229,36.169966,33.25,0.0799999982,28
7230,36.175377,33.25,0.0799999982,28
7231,36.180843,33.25,0.0799999982,28
7232,36.185958,33.25,0.0799999982,28
7233,36.191110,33.25,0.0799999982,28
7234,36.196015,33.25,0.0799999982,28
7235,36.201390,33.25,0.0799999982,28
7236,36.204957,33.25,0.0799999982,28
7237,36.211192,33.25,0.0799999982,28
7238,36.215238,33.25,0.0799999982,28
7239,36.220134,33.25,0.0799999982,28
7240,36.225064,33.25,0.0799999982,28
7241,36.231020,33.25,0.0799999982,28
7242,36.235915,33.25,0.0799999982,28
7243,36.241275,33.25,0.0799999982,28
7244,36.246171,33.25,0.0799999982,28
7245,36.251104,33.25,0.0799999982,28
7246,36.255148,33.25,0.0799999982,28
7247,36.260044,33.25,0.0799999982,28
7248,36.265095,33.25,0.0799999982,28
7249,36.270537,33.25,0.0799999982,28
7250,36.275433,33.25,0.0799999982,28
7251,36.280846,33.25,0.0799999982,28
7252,36.286271,33.25,0.0799999982,28
7253,36.291167,33.25,0.0799999982,28
7254,36.296278,33.25,0.0799999982,28
7255,36.300131,33.25,0.0799999982,28
7256,36.305024,33.25,0.0799999982,28
7257,36.310413,33.25,0.0799999982,28
7258,36.315308,33.25,0.0799999982,28
7259,36.320241,33.25,0.0799999982,28
7260,36.325681,33.25,0.0799999982,28
7261,36.330574,33.25,0.0799999982,28
7262,36.335967,33.25,0.0799999982,28
7263,36.340059,33.25,0.0799999982,28
7264,36.344952,33.25,0.0799999982,28
7265,36.350366,33.25,0.0799999982,28
7266,36.355271,33.25,0.0799999982,28
7267,36.360386,33.25,0.0799999982,28
7268,36.365715,33.25,0.0799999982,28
7269,36.370607,33.25,0.0799999982,28
7270,36.375697,33.25,0.0799999982,28
7271,36.380956,33.25,0.0799999982,28
7272,36.385848,33.25,0.0799999982,28
7273,36.390966,33.25,0.0799999982,28
7274,36.395292,33.25,0.0799999982,28
7275,36.400191,33.25,0.0799999982,28
7276,36.405573,33.25,0.0799999982,28
7277,36.410471,33.25,0.0799999982,28
7278,36.415610,33.25,0.0799999982,28
7279,36.420765,33.25,0.0799999982,28
7280,36.425670,33.25,0.0799999982,28
7281,36.431070,33.25,0.0799999982,28
7282,36.436182,33.25,0.0799999982,28
7283,36.441090,33.25,0.0799999982,28
7284,36.445436,33.25,0.0799999982,28
7285,36.450594,33.25,0.0799999982,28
7286,36.455500,33.25,0.0799999982,28
7287,36.460904,33.25,0.0799999982,28
7288,36.465955,33.25,0.0799999982,28
7289,36.470851,33.25,0.0799999982,28
7290,36.476347,33.25,0.0799999982,28
7291,36.481245,33.25,0.0799999982,28
7292,36.486150,33.25,0.0799999982,28
7293,36.490209,33.25,0.0799999982,28
7294,36.495607,33.25,0.0799999982,28
7295,36.500505,33.25,0.0799999982,28
7296,36.505968,33.25,0.0799999982,28
7297,36.510864,33.25,0.0799999982,28
7298,36.515971,33.25,0.0799999982,28
7299,36.521156,33.25,0.0799999982,28
7300,36.526060,33.25,0.0799999982,28
7301,36.531436,33.25,0.0799999982,28
7302,36.535004,33.25,0.0799999982,28
7303,36.541473,33.25,0.0799999982,28
7304,36.545301,33.25,0.0799999982,28
7305,36.550196,33.25,0.0799999982,28
7306,36.555310,33.25,0.0799999982,28
7307,36.561036,33.25,0.0799999982,28
7308,36.566074,33.25,0.0799999982,28
7309,36.571283,33.25,0.0799999982,28
7310,36.575128,33.25,0.0799999982,28
7311,36.580023,33.25,0.0799999982,28
7312,36.585137,33.25,0.0799999982,28
7313,36.590291,33.25,0.0799999982,28
7314,36.595197,33.25,0.0799999982,28
7315,36.600573,33.25,0.0799999982,28
7316,36.605468,33.25,0.0799999982,28
7317,36.610585,33.25,0.0799999982,28
7318,36.616335,33.25,0.0799999982,28
7319,36.621231,33.25,0.0799999982,28
7320,36.625011,33.25,0.0799999982,28
7321,36.630203,33.25,0.0799999982,28
7322,36.635107,33.25,0.0799999982,28
7323,36.640483,33.25,0.0799999982,28
7324,36.645379,33.25,0.0799999982,28
7325,36.650312,33.25,0.0799999982,28
7326,36.655750,33.25,0.0799999982,28
7327,36.660642,33.25,0.0799999982,28
7328,36.665873,33.25,0.0799999982,28
7329,36.671640,33.25,0.0799999982,28
7330,36.675208,33.25,0.0799999982,28
7331,36.680337,33.25,0.0799999982,28
7332,36.685502,33.25,0.0799999982,28
7333,36.690411,33.25,0.0799999982,28
7334,36.695511,33.25,0.0799999982,28
7335,36.700695,33.25,0.0799999982,28
7336,36.705584,33.25,0.0799999982,28
7337,36.710954,33.25,0.0799999982,28
7338,36.715859,33.25,0.0799999982,28
7339,36.719978,33.25,0.0799999982,28
7340,36.725377,33.25,0.0799999982,28
7341,36.730285,33.25,0.0799999982,28
7342,36.735408,33.25,0.0799999982,28
7343,36.740577,33.25,0.0799999982,28
7344,36.745483,33.25,0.0799999982,28
7345,36.750865,33.25,0.0799999982,28
7346,36.755770,33.25,0.0799999982,28
7347,36.760666,33.25,0.0799999982,28
7348,36.766307,33.25,0.0799999982,28
7349,36.771203,33.25,0.0799999982,28
7350,36.776108,33.25,0.0799999982,28
7351,36.779970,33.25,0.0799999982,28
7352,36.785673,33.25,0.0799999982,28
7353,36.790565,33.25,0.0799999982,28
7354,36.795683,33.25,0.0799999982,28
7355,36.800856,33.25,0.0799999982,28
7356,36.805762,33.25,0.0799999982,28
7357,36.811182,33.25,0.0799999982,28
7358,36.816074,33.25,0.0799999982,28
7359,36.821198,33.25,0.0799999982,28
7360,36.825051,33.25,0.0799999982,28
7361,36.829971,33.25,0.0799999982,28
7362,36.835637,33.25,0.0799999982,28
7363,36.840820,33.25,0.0799999982,28
7364,36.845726,33.25,0.0799999982,28
7365,36.851142,33.25,0.0799999982,28
7366,36.856035,33.25,0.0799999982,28
7367,36.860942,33.25,0.0799999982,28
7368,36.866298,33.25,0.0799999982,28
7369,36.870169,33.25,0.0799999982,28
7370,36.875062,33.25,0.0799999982,28
7371,36.879970,33.25,0.0799999982,28
7372,36.885914,33.25,0.0799999982,28
7373,36.890822,33.25,0.0799999982,28
7374,36.895947,33.25,0.0799999982,28
7375,36.901096,33.25,0.0799999982,28
7376,36.906001,33.25,0.0799999982,28
7377,36.911376,33.25,0.0799999982,28
7378,36.914943,33.25,0.0799999982,28
7379,36.921372,33.25,0.0799999982,28
7380,36.925217,33.25,0.0799999982,28
7381,36.930112,33.25,0.0799999982,28
7382,36.935240,33.25,0.0799999982,28
7383,36.940406,33.25,0.0799999982,28
7384,36.945878,33.25,0.0799999982,28
7385,36.951283,33.25,0.0799999982,28
7386,36.956175,33.25,0.0799999982,28
7387,36.961572,33.25,0.0799999982,28
7388,36.965285,33.25,0.0799999982,28
7389,36.970181,33.25,0.0799999982,28
7390,36.975620,33.25,0.0799999982,28
7391,36.980518,33.25,0.0799999982,28
7392,36.985424,33.25,0.0799999982,28
7393,36.990879,33.25,0.0799999982,28
7394,36.996281,33.25,0.0799999982,28
7395,37.000076,33.125,0.0799999982,28
7396,37.005239,33.125,0.0799999982,28
7397,37.010147,33.125,0.0799999982,28
7398,37.015273,33.125,0.0799999982,28
7399,37.020428,33.125,0.0799999982,28
7400,37.025334,33.125,0.0799999982,28
7401,37.030716,33.125,0.0799999982,28
7402,37.035604,33.125,0.0799999982,28
7403,37.040538,33.125,0.0799999982,28
7404,37.045977,33.125,0.0799999982,28
7405,37.050054,33.125,0.0799999982,28
7406,37.059482,33.125,0.0799999982,28
7407,37.061813,33.125,0.0799999982,28
7408,37.065401,33.125,0.0799999982,28
7409,37.070367,33.125,0.0799999982,28
7410,37.075272,33.125,0.0799999982,28
7411,37.080465,33.125,0.0799999982,28
7412,37.085680,33.125,0.0799999982,28
7413,37.090572,33.125,0.0799999982,28
7414,37.095683,33.125,0.0799999982,28
7415,37.100875,33.125,0.0799999982,28
7416,37.104999,33.125,0.0799999982,28
7417,37.110355,33.125,0.0799999982,28
7418,37.115250,33.125,0.0799999982,28
7419,37.120159,33.125,0.0799999982,28
7420,37.125605,33.125,0.0799999982,28
7421,37.130514,33.125,0.0799999982,28
7422,37.135631,33.125,0.0799999982,28
7423,37.140786,33.125,0.0799999982,28
7424,37.145691,33.125,0.0799999982,28
7425,37.151067,33.125,0.0799999982,28
7426,37.155962,33.125,0.0799999982,28
7427,37.160870,33.125,0.0799999982,28
7428,37.166362,33.125,0.0799999982,28
7429,37.170189,33.125,0.0799999982,28
7430,37.175162,33.125,0.0799999982,28
7431,37.180070,33.125,0.0799999982,28
7432,37.185458,33.125,0.0799999982,28
7433,37.190356,33.125,0.0799999982,28
7434,37.195262,33.125,0.0799999982,28
7435,37.200717,33.125,0.0799999982,28
7436,37.205605,33.125,0.0799999982,28
7437,37.210727,33.125,0.0799999982,28
7438,37.216403,33.125,0.0799999982,28
7439,37.219971,33.125,0.0799999982,28
7440,37.225333,33.125,0.0799999982,28
7441,37.230231,33.125,0.0799999982,28
7442,37.235136,33.125,0.0799999982,28
7443,37.240558,33.125,0.0799999982,28
7444,37.245464,33.125,0.0799999982,28
7445,37.250583,33.125,0.0799999982,28
7446,37.255764,33.125,0.0799999982,28
7447,37.260672,33.125,0.0799999982,28
7448,37.265597,33.125,0.0799999982,28
7449,37.271378,33.125,0.0799999982,28
7450,37.274945,33.125,0.0799999982,28
7451,37.281411,33.125,0.0799999982,28
7452,37.285240,33.125,0.0799999982,28
7453,37.290135,33.125,0.0799999982,28
7454,37.295521,33.125,0.0799999982,28
7455,37.300419,33.125,0.0799999982,28
7456,37.305557,33.125,0.0799999982,28
7457,37.310717,33.125,0.0799999982,28
7458,37.315606,33.125,0.0799999982,28
7459,37.321322,33.125,0.0799999982,28
7460,37.325150,33.125,0.0799999982,28
7461,37.330046,33.125,0.0799999982,28
7462,37.335160,33.125,0.0799999982,28
7463,37.340340,33.125,0.0799999982,28
7464,37.345245,33.125,0.0799999982,28
7465,37.350595,33.125,0.0799999982,28
7466,37.355491,33.125,0.0799999982,28
7467,37.360400,33.125,0.0799999982,28
7468,37.365620,33.125,0.0799999982,28
7469,37.370540,33.125,0.0799999982,28
7470,37.375965,33.125,0.0799999982,28
7471,37.381409,33.125,0.0799999982,28
7472,37.384976,33.125,0.0799999982,28
7473,37.391212,33.125,0.0799999982,28
7474,37.395271,33.125,0.0799999982,28
7475,37.400170,33.125,0.0799999982,28
7476,37.405075,33.125,0.0799999982,28
7477,37.410560,33.125,0.0799999982,28
7478,37.415466,33.125,0.0799999982,28
7479,37.420562,33.125,0.0799999982,28
7480,37.426309,33.125,0.0799999982,28
7481,37.431205,33.125,0.0799999982,28
7482,37.435246,33.125,0.0799999982,28
7483,37.440142,33.125,0.0799999982,28
7484,37.445047,33.125,0.0799999982,28
7485,37.450730,33.125,0.0799999982,28
7486,37.455619,33.125,0.0799999982,28
7487,37.460528,33.125,0.0799999982,28
7488,37.465763,33.125,0.0799999982,28
7489,37.470671,33.125,0.0799999982,28
7490,37.475560,33.125,0.0799999982,28
7491,37.481324,33.125,0.0799999982,28
7492,37.485196,33.125,0.0799999982,28
7493,37.490092,33.125,0.0799999982,28
7494,37.494997,33.125,0.0799999982,28
7495,37.500394,33.125,0.0799999982,28
7496,37.505299,33.125,0.0799999982,28
7497,37.510392,33.125,0.0799999982,28
7498,37.515572,33.125,0.0799999982,28
7499,37.520481,33.125,0.0799999982,28
7500,37.525860,33.125,0.0799999982,28
7501,37.530768,33.125,0.0799999982,28
7502,37.535660,33.125,0.0799999982,28
7503,37.541595,33.125,0.0799999982,28
7504,37.545163,33.125,0.0799999982,28
7505,37.550084,33.125,0.0799999982,28
7506,37.555494,33.125,0.0799999982,28
7507,37.560402,33.125,0.0799999982,28
7508,37.565333,33.125,0.0799999982,28
7509,37.570582,33.125,0.0799999982,28
7510,37.575488,33.125,0.0799999982,28
7511,37.580605,33.125,0.0799999982,28
7512,37.585760,33.125,0.0799999982,28
7513,37.591235,33.125,0.0799999982,28
7514,37.594997,33.125,0.0799999982,28
7515,37.600173,33.125,0.0799999982,28
7516,37.605078,33.125,0.0799999982,28
7517,37.610454,33.125,0.0799999982,28
7518,37.615349,33.125,0.0799999982,28
7519,37.620258,33.125,0.0799999982,28
7520,37.625770,33.125,0.0799999982,28
7521,37.630666,33.125,0.0799999982,28
7522,37.635786,33.125,0.0799999982,28
7523,37.641460,33.125,0.0799999982,28
7524,37.645028,33.125,0.0799999982,28
7525,37.650389,33.125,0.0799999982,28
7526,37.655284,33.125,0.0799999982,28
7527,37.660192,33.125,0.0799999982,28
7528,37.665539,33.125,0.0799999982,28
7529,37.670434,33.125,0.0799999982,28
7530,37.675339,33.125,0.0799999982,28
7531,37.680784,33.125,0.0799999982,28
7532,37.685689,33.125,0.0799999982,28
7533,37.690605,33.125,0.0799999982,28
7534,37.696509,33.125,0.0799999982,28
7535,37.700078,33.125,0.0799999982,28
7536,37.705198,33.125,0.0799999982,28
7537,37.710347,33.125,0.0799999982,28
7538,37.715252,33.125,0.0799999982,28
7539,37.720603,33.125,0.0799999982,28
7540,37.725498,33.125,0.0799999982,28
7541,37.730640,33.125,0.0799999982,28
7542,37.735795,33.125,0.0799999982,28
7543,37.740703,33.125,0.0799999982,28
7544,37.746100,33.125,0.0799999982,28
7545,37.750199,33.125,0.0799999982,28
7546,37.755092,33.125,0.0799999982,28
7547,37.760524,33.125,0.0799999982,28
7548,37.765284,33.125,0.0799999982,28
7549,37.770370,33.125,0.0799999982,28
7550,37.775616,33.125,0.0799999982,28
7551,37.780525,33.125,0.0799999982,28
7552,37.785614,33.125,0.0799999982,28
7553,37.790794,33.125,0.0799999982,28
7554,37.796266,33.125,0.0799999982,28
7555,37.800324,33.125,0.0799999982,28
7556,37.805216,33.125,0.0799999982,28
7557,37.810125,33.125,0.0799999982,28
7558,37.815549,33.125,0.0799999982,28
7559,37.820458,33.125,0.0799999982,28
7560,37.825575,33.125,0.0799999982,28
7561,37.830731,33.125,0.0799999982,28
7562,37.835619,33.125,0.0799999982,28
7563,37.840991,33.125,0.0799999982,28
7564,37.845886,33.125,0.0799999982,28
7565,37.850014,33.125,0.0799999982,28
7566,37.855438,33.125,0.0799999982,28
7567,37.860347,33.125,0.0799999982,28
7568,37.866891,33.125,0.0799999982,28
7569,37.870452,33.125,0.0799999982,28
7570,37.875345,33.125,0.0799999982,28
7571,37.880558,33.125,0.0799999982,28
7572,37.885776,33.125,0.0799999982,28
7573,37.890672,33.125,0.0799999982,28
7574,37.895767,33.125,0.0799999982,28
7575,37.900117,33.125,0.0799999982,28
7576,37.905013,33.125,0.0799999982,28
7577,37.910398,33.125,0.0799999982,28
7578,37.915292,33.125,0.0799999982,28
7579,37.920201,33.125,0.0799999982,28
7580,37.925663,33.125,0.0799999982,28
7581,37.930556,33.125,0.0799999982,28
7582,37.935655,33.125,0.0799999982,28
7583,37.940832,33.125,0.0799999982,28
7584,37.945738,33.125,0.0799999982,28
7585,37.951109,33.125,0.0799999982,28
7586,37.955233,33.125,0.0799999982,28
7587,37.960129,33.125,0.0799999982,28
7588,37.966763,33.125,0.0799999982,28
7589,37.970325,33.125,0.0799999982,28
7590,37.975408,33.125,0.0799999982,28
7591,37.980691,33.125,0.0799999982,28
7592,37.985580,33.125,0.0799999982,28
7593,37.990680,33.125,0.0799999982,28
7594,37.995856,33.125,0.0799999982,28
7595,38.000765,33.125,0.0799999982,28
7596,38.005061,33.125,0.0799999982,28
7597,38.010241,33.125,0.0799999982,28
7598,38.015145,33.125,0.0799999982,28
7599,38.020572,33.125,0.0799999982,28
7600,38.025478,33.125,0.0799999982,28
7601,38.030608,33.125,0.0799999982,28
7602,38.035764,33.125,0.0799999982,28
7603,38.040672,33.125,0.0799999982,28
7604,38.046139,33.125,0.0799999982,28
7605,38.051035,33.125,0.0799999982,28
7606,38.060437,33.125,0.0799999982,28
7607,38.062761,33.125,0.0799999982,28
7608,38.066640,33.125,0.0799999982,28
7609,38.070802,33.125,0.0799999982,28
7610,38.075707,33.125,0.0799999982,28
7611,38.080918,33.125,0.0799999982,28
7612,38.086131,33.125,0.0799999982,28
7613,38.091027,33.125,0.0799999982,28
7614,38.096118,33.125,0.0799999982,28
7615,38.101297,33.125,0.0799999982,28
7616,38.106202,33.125,0.0799999982,28
7617,38.112157,33.125,0.0799999982,28
7618,38.115725,33.125,0.0799999982,28
7619,38.120843,33.125,0.0799999982,28
7620,38.125995,33.125,0.0799999982,28
7621,38.130903,33.125,0.0799999982,28
7622,38.136275,33.125,0.0799999982,28
7623,38.141174,33.125,0.0799999982,28
7624,38.146079,33.125,0.0799999982,28
7625,38.151503,33.125,0.0799999982,28
7626,38.156409,33.125,0.0799999982,28
7627,38.161780,33.125,0.0799999982,28
7628,38.167374,33.125,0.0799999982,28
7629,38.170938,33.125,0.0799999982,28
7630,38.176372,33.125,0.0799999982,28
7631,38.181269,33.125,0.0799999982,28
7632,38.186174,33.125,0.0799999982,28
7633,38.191611,33.125,0.0799999982,28
7634,38.196517,33.125,0.0799999982,28
7635,38.201637,33.125,0.0799999982,28
7636,38.205448,33.125,0.0799999982,28
7637,38.210358,33.125,0.0799999982,28
7638,38.216811,33.125,0.0799999982,28
7639,38.221130,33.125,0.0799999982,28
7640,38.226023,33.125,0.0799999982,28
7641,38.231411,33.125,0.0799999982,28
7642,38.236305,33.125,0.0799999982,28
7643,38.241238,33.125,0.0799999982,28
7644,38.246683,33.125,0.0799999982,28
7645,38.251571,33.125,0.0799999982,28
7646,38.256695,33.125,0.0799999982,28
7647,38.260498,33.125,0.0799999982,28
7648,38.266896,33.125,0.0799999982,28
7649,38.271198,33.125,0.0799999982,28
7650,38.276440,33,0.0799999982,28
7651,38.281349,33,0.0799999982,28
7652,38.286720,33,0.0799999982,28
7653,38.291609,33,0.0799999982,28
7654,38.296515,33,0.0799999982,28
7655,38.300583,33,0.0799999982,28
7656,38.305479,33,0.0799999982,28
7657,38.310610,33,0.0799999982,28
7658,38.315765,33,0.0799999982,28
7659,38.320673,33,0.0799999982,28
7660,38.326070,33,0.0799999982,28
7661,38.331497,33,0.0799999982,28
7662,38.336623,33,0.0799999982,28
7663,38.340445,33,0.0799999982,28
7664,38.345351,33,0.0799999982,28
7665,38.350479,33,0.0799999982,28
7666,38.355626,33,0.0799999982,28
7667,38.360535,33,0.0799999982,28
7668,38.367383,33,0.0799999982,28
7669,38.370947,33,0.0799999982,28
7670,38.375839,33,0.0799999982,28
7671,38.381281,33,0.0799999982,28
7672,38.385402,33,0.0799999982,28
7673,38.391638,33,0.0799999982,28
7674,38.395700,33,0.0799999982,28
7675,38.400592,33,0.0799999982,28
7676,38.405696,33,0.0799999982,28
7677,38.410876,33,0.0799999982,28
7678,38.415781,33,0.0799999982,28
7679,38.420891,33,0.0799999982,28
7680,38.426039,33,0.0799999982,28
7681,38.431497,33,0.0799999982,28
7682,38.435544,33,0.0799999982,28
7683,38.440442,33,0.0799999982,28
7684,38.446917,33,0.0799999982,28
7685,38.450760,33,0.0799999982,28
7686,38.455652,33,0.0799999982,28
7687,38.460751,33,0.0799999982,28
7688,38.466435,33,0.0799999982,28
7689,38.471330,33,0.0799999982,28
7690,38.476259,33,0.0799999982,28
7691,38.481703,33,0.0799999982,28
7692,38.485835,33,0.0799999982,28
7693,38.490731,33,0.0799999982,28
7694,38.496154,33,0.0799999982,28
7695,38.501050,33,0.0799999982,28
7696,38.506185,33,0.0799999982,28
7697,38.511341,33,0.0799999982,28
7698,38.516246,33,0.0799999982,28
7699,38.521596,33,0.0799999982,28
7700,38.526491,33,0.0799999982,28
7701,38.531400,33,0.0799999982,28
7702,38.535768,33,0.0799999982,28
7703,38.540939,33,0.0799999982,28
7704,38.545831,33,0.0799999982,28
7705,38.550958,33,0.0799999982,28
7706,38.556106,33,0.0799999982,28
7707,38.561014,33,0.0799999982,28
7708,38.567866,33,0.0799999982,28
7709,38.571428,33,0.0799999982,28
7710,38.576320,33,0.0799999982,28
7711,38.581511,33,0.0799999982,28
7712,38.585383,33,0.0799999982,28
7713,38.590855,33,0.0799999982,28
7714,38.595761,33,0.0799999982,28
7715,38.601223,33,0.0799999982,28
7716,38.606116,33,0.0799999982,28
7717,38.611254,33,0.0799999982,28
7718,38.616410,33,0.0799999982,28
7719,38.621318,33,0.0799999982,28
7720,38.626675,33,0.0799999982,28
7721,38.631564,33,0.0799999982,28
7722,38.636715,33,0.0799999982,28
7723,38.641057,33,0.0799999982,28
7724,38.645952,33,0.0799999982,28
7725,38.651073,33,0.0799999982,28
7726,38.656221,33,0.0799999982,28
7727,38.661128,33,0.0799999982,28
7728,38.667981,33,0.0799999982,28
7729,38.671530,33,0.0799999982,28
7730,38.676435,33,0.0799999982,28
7731,38.681907,33,0.0799999982,28
7732,38.685469,33,0.0799999982,28
7733,38.690364,33,0.0799999982,28
7734,38.696331,33,0.0799999982,28
7735,38.701230,33,0.0799999982,28
7736,38.706612,33,0.0799999982,28
7737,38.711511,33,0.0799999982,28
7738,38.716416,33,0.0799999982,28
7739,38.721967,33,0.0799999982,28
7740,38.725529,33,0.0799999982,28
7741,38.730424,33,0.0799999982,28
7742,38.735831,33,0.0799999982,28
7743,38.740739,33,0.0799999982,28
7744,38.745628,33,0.0799999982,28
7745,38.751556,33,0.0799999982,28
7746,38.756451,33,0.0799999982,28
7747,38.761565,33,0.0799999982,28
7748,38.766895,33,0.0799999982,28
7749,38.770456,33,0.0799999982,28
7750,38.775540,33,0.0799999982,28
7751,38.780809,33,0.0799999982,28
7752,38.785701,33,0.0799999982,28
7753,38.791088,33,0.0799999982,28
7754,38.795984,33,0.0799999982,28
7755,38.801424,33,0.0799999982,28
7756,38.805462,33,0.0799999982,28
7757,38.810360,33,0.0799999982,28
7758,38.816799,33,0.0799999982,28
7759,38.820625,33,0.0799999982,28
7760,38.825531,33,0.0799999982,28
7761,38.830658,33,0.0799999982,28
7762,38.835807,33,0.0799999982,28
7763,38.840716,33,0.0799999982,28
7764,38.846157,33,0.0799999982,28
7765,38.851053,33,0.0799999982,28
7766,38.855982,33,0.0799999982,28
7767,38.861887,33,0.0799999982,28
7768,38.866940,33,0.0799999982,28
7769,38.870686,33,0.0799999982,28
7770,38.875944,33,0.0799999982,28
7771,38.880840,33,0.0799999982,28
7772,38.885958,33,0.0799999982,28
7773,38.891131,33,0.0799999982,28
7774,38.896037,33,0.0799999982,28
7775,38.901412,33,0.0799999982,28
7776,38.906307,33,0.0799999982,28
7777,38.911215,33,0.0799999982,28
7778,38.917179,33,0.0799999982,28
7779,38.920748,33,0.0799999982,28
7780,38.925882,33,0.0799999982,28
7781,38.931042,33,0.0799999982,28
7782,38.935947,33,0.0799999982,28
7783,38.941323,33,0.0799999982,28
7784,38.946218,33,0.0799999982,28
7785,38.951363,33,0.0799999982,28
7786,38.956515,33,0.0799999982,28
7787,38.961423,33,0.0799999982,28
7788,38.966249,33,0.0799999982,28
7789,38.971628,33,0.0799999982,28
7790,38.976524,33,0.0799999982,28
7791,38.981965,33,0.0799999982,28
7792,38.985527,33,0.0799999982,28
7793,38.990422,33,0.0799999982,28
7794,38.995877,33,0.0799999982,28
7795,39.000773,33,0.0799999982,28
7796,39.005694,33,0.0799999982,28
7797,39.011091,33,0.0799999982,28
7798,39.015984,33,0.0799999982,28
7799,39.021680,33,0.0799999982,28
7800,39.025484,33,0.0799999982,28
7801,39.030393,33,0.0799999982,28
7802,39.035764,33,0.0799999982,28
7803,39.040672,33,0.0799999982,28
7804,39.045561,33,0.0799999982,28
7805,39.051052,33,0.0799999982,28
7806,39.061954,33,0.0799999982,28
7807,39.064256,33,0.0799999982,28
7808,39.068197,33,0.0799999982,28
7809,39.073090,33,0.0799999982,28
7810,39.078504,33,0.0799999982,28
7811,39.082386,33,0.0799999982,28
7812,39.087588,33,0.0799999982,28
7813,39.092494,33,0.0799999982,28
7814,39.097615,33,0.0799999982,28
7815,39.102771,33,0.0799999982,28
7816,39.107680,33,0.0799999982,28
7817,39.113027,33,0.0799999982,28
7818,39.117925,33,0.0799999982,28
7819,39.122831,33,0.0799999982,28
7820,39.128274,33,0.0799999982,28
7821,39.132398,33,0.0799999982,28
7822,39.137306,33,0.0799999982,28
7823,39.142757,33,0.0799999982,28
7824,39.147650,33,0.0799999982,28
7825,39.153038,33,0.0799999982,28
7826,39.157933,33,0.0799999982,28
7827,39.162838,33,0.0799999982,28
7828,39.168362,33,0.0799999982,28
7829,39.171926,33,0.0799999982,28
7830,39.178162,33,0.0799999982,28
7831,39.182025,33,0.0799999982,28
7832,39.187221,33,0.0799999982,28
7833,39.192686,33,0.0799999982,28
7834,39.198053,33,0.0799999982,28
7835,39.202948,33,0.0799999982,28
7836,39.207857,33,0.0799999982,28
7837,39.211908,33,0.0799999982,28
7838,39.218144,33,0.0799999982,28
7839,39.223254,33,0.0799999982,28
7840,39.227110,33,0.0799999982,28
7841,39.232003,33,0.0799999982,28
7842,39.237141,33,0.0799999982,28
7843,39.242828,33,0.0799999982,28
7844,39.247738,33,0.0799999982,28
7845,39.253147,33,0.0799999982,28
7846,39.258043,33,0.0799999982,28
7847,39.263164,33,0.0799999982,28
7848,39.267076,33,0.0799999982,28
7849,39.271971,33,0.0799999982,28
7850,39.276904,33,0.0799999982,28
7851,39.282364,33,0.0799999982,28
7852,39.287263,33,0.0799999982,28
7853,39.292387,33,0.0799999982,28
7854,39.298169,33,0.0799999982,28
7855,39.303062,33,0.0799999982,28
7856,39.307101,33,0.0799999982,28
7857,39.311997,33,0.0799999982,28
7858,39.316930,33,0.0799999982,28
7859,39.322345,33,0.0799999982,28
7860,39.327241,33,0.0799999982,28
7861,39.332376,33,0.0799999982,28
7862,39.337536,33,0.0799999982,28
7863,39.342441,33,0.0799999982,28
7864,39.347844,33,0.0799999982,28
7865,39.352766,33,0.0799999982,28
7866,39.356869,33,0.0799999982,28
7867,39.362331,33,0.0799999982,28
7868,39.367495,33,0.0799999982,28
7869,39.372578,33,0.0799999982,28
7870,39.377848,33,0.0799999982,28
7871,39.382741,33,0.0799999982,28
7872,39.388123,33,0.0799999982,28
7873,39.393017,33,0.0799999982,28
7874,39.397925,33,0.0799999982,28
7875,39.401975,33,0.0799999982,28
7876,39.406874,33,0.0799999982,28
7877,39.412274,33,0.0799999982,28
7878,39.417734,33,0.0799999982,28
7879,39.422622,33,0.0799999982,28
7880,39.427744,33,0.0799999982,28
7881,39.432893,33,0.0799999982,28
7882,39.437802,33,0.0799999982,28
7883,39.443173,33,0.0799999982,28
7884,39.448072,33,0.0799999982,28
7885,39.452976,33,0.0799999982,28
7886,39.457021,33,0.0799999982,28
7887,39.461916,33,0.0799999982,28
7888,39.467518,33,0.0799999982,28
7889,39.473035,33,0.0799999982,28
7890,39.477933,33,0.0799999982,28
7891,39.482839,33,0.0799999982,28
7892,39.488482,33,0.0799999982,28
7893,39.492050,33,0.0799999982,28
7894,39.496946,33,0.0799999982,28
7895,39.502369,33,0.0799999982,28
7896,39.507277,33,0.0799999982,28
7897,39.512413,33,0.0799999982,28
7898,39.518142,33,0.0799999982,28
7899,39.523034,33,0.0799999982,28
7900,39.528424,33,0.0799999982,28
7901,39.531992,33,0.0799999982,28
7902,39.536888,33,0.0799999982,28
7903,39.542318,33,0.0799999982,28
7904,39.547214,32.875,0.0799999982,28
7905,39.552349,32.875,0.0799999982,28
7906,39.557507,32.875,0.0799999982,28
7907,39.562413,32.875,0.0799999982,28
7908,39.567636,32.875,0.0799999982,28
7909,39.573393,32.875,0.0799999982,28
7910,39.576964,32.875,0.0799999982,28
7911,39.581880,32.875,0.0799999982,28
7912,39.587286,32.875,0.0799999982,28
7913,39.592179,32.875,0.0799999982,28
7914,39.597314,32.875,0.0799999982,28
7915,39.602469,32.875,0.0799999982,28
7916,39.607378,32.875,0.0799999982,28
7917,39.612732,32.875,0.0799999982,28
7918,39.617624,32.875,0.0799999982,28
7919,39.623081,32.875,0.0799999982,28
7920,39.627173,32.875,0.0799999982,28
7921,39.632066,32.875,0.0799999982,28
7922,39.636973,32.875,0.0799999982,28
7923,39.642369,32.875,0.0799999982,28
7924,39.647277,32.875,0.0799999982,28
7925,39.652414,32.875,0.0799999982,28
7926,39.657573,32.875,0.0799999982,28
7927,39.662478,32.875,0.0799999982,28
7928,39.667709,32.875,0.0799999982,28
7929,39.673483,32.875,0.0799999982,28
7930,39.677054,32.875,0.0799999982,28
7931,39.681971,32.875,0.0799999982,28
7932,39.687363,32.875,0.0799999982,28
7933,39.692268,32.875,0.0799999982,28
7934,39.697379,32.875,0.0799999982,28
7935,39.702562,32.875,0.0799999982,28
7936,39.707471,32.875,0.0799999982,28
7937,39.712847,32.875,0.0799999982,28
7938,39.717756,32.875,0.0799999982,28
7939,39.722848,32.875,0.0799999982,28
7940,39.727231,32.875,0.0799999982,28
7941,39.732126,32.875,0.0799999982,28
7942,39.737512,32.875,0.0799999982,28
7943,39.742407,32.875,0.0799999982,28
7944,39.747315,32.875,0.0799999982,28
7945,39.752757,32.875,0.0799999982,28
7946,39.757650,32.875,0.0799999982,28
7947,39.762745,32.875,0.0799999982,28
7948,39.768068,32.875,0.0799999982,28
7949,39.772972,32.875,0.0799999982,28
7950,39.778399,32.875,0.0799999982,28
7951,39.782506,32.875,0.0799999982,28
7952,39.787415,32.875,0.0799999982,28
7953,39.792867,32.875,0.0799999982,28
7954,39.797762,32.875,0.0799999982,28
7955,39.803146,32.875,0.0799999982,28
7956,39.808042,32.875,0.0799999982,28
7957,39.812971,32.875,0.0799999982,28
7958,39.816975,32.875,0.0799999982,28
7959,39.821871,32.875,0.0799999982,28
7960,39.826977,32.875,0.0799999982,28
7961,39.832721,32.875,0.0799999982,28
7962,39.837612,32.875,0.0799999982,28
7963,39.842985,32.875,0.0799999982,28
7964,39.847884,32.875,0.0799999982,28
7965,39.852789,32.875,0.0799999982,28
7966,39.858229,32.875,0.0799999982,28
7967,39.863122,32.875,0.0799999982,28
7968,39.868348,32.875,0.0799999982,28
7969,39.872219,32.875,0.0799999982,28
7970,39.877117,32.875,0.0799999982,28
7971,39.882047,32.875,0.0799999982,28
7972,39.888008,32.875,0.0799999982,28
7973,39.892903,32.875,0.0799999982,28
7974,39.897812,32.875,0.0799999982,28
7975,39.903242,32.875,0.0799999982,28
7976,39.908137,32.875,0.0799999982,28
7977,39.911901,32.875,0.0799999982,28
7978,39.917081,32.875,0.0799999982,28
7979,39.921985,32.875,0.0799999982,28
7980,39.927357,32.875,0.0799999982,28
7981,39.932252,32.875,0.0799999982,28
7982,39.937948,32.875,0.0799999982,28
7983,39.943101,32.875,0.0799999982,28
7984,39.948009,32.875,0.0799999982,28
7985,39.953381,32.875,0.0799999982,28
7986,39.956951,32.875,0.0799999982,28
7987,39.963183,32.875,0.0799999982,28
7988,39.968812,32.875,0.0799999982,28
7989,39.972374,32.875,0.0799999982,28
7990,39.977269,32.875,0.0799999982,28
7991,39.982725,32.875,0.0799999982,28
7992,39.987617,32.875,0.0799999982,28
7993,39.992547,32.875,0.0799999982,28
7994,39.998474,32.875,0.0799999982,28
7995,40.002040,32.875,0.0799999982,28
7996,40.007132,32.875,0.0799999982,28
7997,40.012312,32.875,0.0799999982,28
7998,40.017220,32.875,0.0799999982,28
7999,40.022593,32.875,0.0799999982,28
8000,40.027492,32.875,0.0799999982,28
8001,40.032397,32.875,0.0799999982,28
8002,40.037841,32.875,0.0799999982,28
8003,40.042733,32.875,0.0799999982,28
8004,40.047875,32.875,0.0799999982,28
8005,40.052198,32.875,0.0799999982,28
8006,40.062989,32.875,0.0799999982,28
8007,40.065304,32.875,0.0799999982,28
8008,40.069245,32.875,0.0799999982,28
8009,40.074138,32.875,0.0799999982,28
8010,40.079046,32.875,0.0799999982,28
8011,40.082915,32.875,0.0799999982,28
8012,40.088130,32.875,0.0799999982,28
8013,40.093023,32.875,0.0799999982,28
8014,40.098411,32.875,0.0799999982,28
8015,40.103862,32.875,0.0799999982,28
8016,40.108956,32.875,0.0799999982,28
8017,40.114129,32.875,0.0799999982,28
8018,40.119037,32.875,0.0799999982,28
8019,40.124409,32.875,0.0799999982,28
8020,40.127981,32.875,0.0799999982,28
8021,40.134213,32.875,0.0799999982,28
8022,40.138257,32.875,0.0799999982,28
8023,40.143151,32.875,0.0799999982,28
8024,40.148059,32.875,0.0799999982,28
8025,40.154014,32.875,0.0799999982,28
8026,40.158910,32.875,0.0799999982,28
8027,40.164023,32.875,0.0799999982,28
8028,40.167937,32.875,0.0799999982,28
8029,40.174170,32.875,0.0799999982,28
8030,40.179256,32.875,0.0799999982,28
8031,40.183173,32.875,0.0799999982,28
8032,40.188071,32.875,0.0799999982,28
8033,40.192975,32.875,0.0799999982,28
8034,40.198390,32.875,0.0799999982,28
8035,40.203295,32.875,0.0799999982,28
8036,40.208413,32.875,0.0799999982,28
8037,40.214138,32.875,0.0799999982,28
8038,40.219034,32.875,0.0799999982,28
8039,40.223073,32.875,0.0799999982,28
8040,40.227971,32.875,0.0799999982,28
8041,40.234419,32.875,0.0799999982,28
8042,40.238293,32.875,0.0799999982,28
8043,40.243185,32.875,0.0799999982,28
8044,40.248291,32.875,0.0799999982,28
8045,40.253479,32.875,0.0799999982,28
8046,40.258388,32.875,0.0799999982,28
8047,40.263766,32.875,0.0799999982,28
8048,40.269318,32.875,0.0799999982,28
8049,40.274404,32.875,0.0799999982,28
8050,40.278283,32.875,0.0799999982,28
8051,40.283179,32.875,0.0799999982,28
8052,40.288088,32.875,0.0799999982,28
8053,40.293522,32.875,0.0799999982,28
8054,40.298431,32.875,0.0799999982,28
8055,40.303802,32.875,0.0799999982,28
8056,40.308710,32.875,0.0799999982,28
8057,40.313599,32.875,0.0799999982,28
8058,40.319040,32.875,0.0799999982,28
8059,40.323157,32.875,0.0799999982,28
8060,40.328271,32.875,0.0799999982,28
8061,40.333450,32.875,0.0799999982,28
8062,40.338360,32.875,0.0799999982,28
8063,40.343738,32.875,0.0799999982,28
8064,40.348630,32.875,0.0799999982,28
8065,40.353560,32.875,0.0799999982,28
8066,40.359001,32.875,0.0799999982,28
8067,40.363893,32.875,0.0799999982,28
8068,40.369118,32.875,0.0799999982,28
8069,40.373021,32.875,0.0799999982,28
8070,40.378461,32.875,0.0799999982,28
8071,40.383595,32.875,0.0799999982,28
8072,40.388754,32.875,0.0799999982,28
8073,40.393643,32.875,0.0799999982,28
8074,40.399006,32.875,0.0799999982,28
8075,40.403901,32.875,0.0799999982,28
8076,40.409021,32.875,0.0799999982,28
8077,40.414173,32.875,0.0799999982,28
8078,40.419081,32.875,0.0799999982,28
8079,40.424503,32.875,0.0799999982,28
8080,40.428586,32.875,0.0799999982,28
8081,40.433492,32.875,0.0799999982,28
8082,40.438947,32.875,0.0799999982,28
8083,40.443839,32.875,0.0799999982,28
8084,40.448957,32.875,0.0799999982,28
8085,40.454109,32.875,0.0799999982,28
8086,40.459017,32.875,0.0799999982,28
8087,40.463038,32.875,0.0799999982,28
8088,40.468081,32.875,0.0799999982,28
8089,40.472986,32.875,0.0799999982,28
8090,40.478462,32.875,0.0799999982,28
8091,40.483903,32.875,0.0799999982,28
8092,40.488836,32.875,0.0799999982,28
8093,40.494247,32.875,0.0799999982,28
8094,40.499143,32.875,0.0799999982,28
8095,40.504278,32.875,0.0799999982,28
8096,40.508342,32.875,0.0799999982,28
8097,40.513237,32.875,0.0799999982,28
8098,40.518375,32.875,0.0799999982,28
8099,40.523521,32.875,0.0799999982,28
8100,40.529008,32.875,0.0799999982,28
8101,40.534377,32.875,0.0799999982,28
8102,40.537948,32.875,0.0799999982,28
8103,40.544180,32.875,0.0799999982,28
8104,40.548225,32.875,0.0799999982,28
8105,40.553118,32.875,0.0799999982,28
8106,40.558051,32.875,0.0799999982,28
8107,40.563467,32.875,0.0799999982,28
8108,40.568521,32.875,0.0799999982,28
8109,40.573731,32.875,0.0799999982,28
8110,40.579421,32.875,0.0799999982,28
8111,40.582986,32.875,0.0799999982,28
8112,40.588376,32.875,0.0799999982,28
8113,40.593270,32.875,0.0799999982,28
8114,40.598179,32.875,0.0799999982,28
8115,40.603628,32.875,0.0799999982,28
8116,40.608537,32.875,0.0799999982,28
8117,40.613905,32.875,0.0799999982,28
8118,40.618814,32.875,0.0799999982,28
8119,40.623928,32.875,0.0799999982,28
8120,40.629613,32.875,0.0799999982,28
8121,40.633179,32.875,0.0799999982,28
8122,40.638546,32.875,0.0799999982,28
8123,40.643441,32.875,0.0799999982,28
8124,40.648350,32.875,0.0799999982,28
8125,40.653815,32.875,0.0799999982,28
8126,40.658711,32.875,0.0799999982,28
8127,40.663828,32.875,0.0799999982,28
8128,40.669125,32.875,0.0799999982,28
8129,40.674030,32.875,0.0799999982,28
8130,40.677899,32.875,0.0799999982,28
8131,40.683114,32.875,0.0799999982,28
8132,40.688540,32.875,0.0799999982,28
8133,40.693927,32.875,0.0799999982,28
8134,40.698836,32.875,0.0799999982,28
8135,40.703728,32.875,0.0799999982,28
8136,40.709190,32.875,0.0799999982,28
8137,40.714082,32.875,0.0799999982,28
8138,40.719220,32.875,0.0799999982,28
8139,40.723049,32.875,0.0799999982,28
8140,40.727944,32.875,0.0799999982,28
8141,40.733058,32.875,0.0799999982,28
8142,40.738746,32.875,0.0799999982,28
8143,40.743635,32.875,0.0799999982,28
8144,40.749020,32.875,0.0799999982,28
8145,40.753915,32.875,0.0799999982,28
8146,40.758824,32.875,0.0799999982,28
8147,40.764239,32.875,0.0799999982,28
8148,40.769280,32.875,0.0799999982,28
8149,40.774209,32.875,0.0799999982,28
8150,40.778057,32.875,0.0799999982,28
8151,40.783250,32.875,0.0799999982,28
8152,40.788146,32.875,0.0799999982,28
8153,40.793262,32.875,0.0799999982,28
8154,40.798950,32.875,0.0799999982,28
8155,40.803855,32.875,0.0799999982,28
8156,40.809294,32.875,0.0799999982,28
8157,40.814186,32.875,0.0799999982,28
8158,40.819311,32.75,0.0799999982,28
8159,40.823139,32.75,0.0799999982,28
8160,40.828035,32.75,0.0799999982,28
8161,40.832964,32.75,0.0799999982,28
8162,40.838389,32.75,0.0799999982,28
8163,40.843294,32.75,0.0799999982,28
8164,40.848412,32.75,0.0799999982,28
8165,40.854092,32.75,0.0799999982,28
8166,40.858989,32.75,0.0799999982,28
8167,40.864373,32.75,0.0799999982,28
8168,40.869531,32.75,0.0799999982,28
8169,40.873096,32.75,0.0799999982,28
8170,40.878522,32.75,0.0799999982,28
8171,40.883417,32.75,0.0799999982,28
8172,40.888551,32.75,0.0799999982,28
8173,40.893707,32.75,0.0799999982,28
8174,40.898599,32.75,0.0799999982,28
8175,40.903965,32.75,0.0799999982,28
8176,40.908089,32.75,0.0799999982,28
8177,40.912982,32.75,0.0799999982,28
8178,40.918386,32.75,0.0799999982,28
8179,40.923291,32.75,0.0799999982,28
8180,40.928409,32.75,0.0799999982,28
8181,40.933564,32.75,0.0799999982,28
8182,40.938473,32.75,0.0799999982,28
8183,40.943852,32.75,0.0799999982,28
8184,40.948760,32.75,0.0799999982,28
8185,40.953651,32.75,0.0799999982,28
8186,40.959612,32.75,0.0799999982,28
8187,40.963180,32.75,0.0799999982,28
8188,40.969750,32.75,0.0799999982,28
8189,40.973607,32.75,0.0799999982,28
8190,40.978506,32.75,0.0799999982,28
8191,40.983411,32.75,0.0799999982,28
8192,40.988866,32.75,0.0799999982,28
8193,40.993758,32.75,0.0799999982,28
8194,40.998876,32.75,0.0799999982,28
8195,41.004027,32.75,0.0799999982,28
8196,41.009432,32.75,0.0799999982,28
8197,41.013482,32.75,0.0799999982,28
8198,41.018381,32.75,0.0799999982,28
8199,41.023286,32.75,0.0799999982,28
8200,41.028751,32.75,0.0799999982,28
8201,41.033640,32.75,0.0799999982,28
8202,41.038737,32.75,0.0799999982,28
8203,41.043913,32.75,0.0799999982,28
8204,41.048822,32.75,0.0799999982,28
8205,41.054194,32.75,0.0799999982,28
8206,41.063296,32.75,0.0799999982,28
8207,41.065753,32.75,0.0799999982,28
8208,41.069405,32.75,0.0799999982,28
8209,41.075116,32.75,0.0799999982,28
8210,41.078687,32.75,0.0799999982,28
8211,41.083773,32.75,0.0799999982,28
8212,41.089031,32.75,0.0799999982,28
8213,41.093923,32.75,0.0799999982,28
8214,41.099037,32.75,0.0799999982,28
8215,41.104217,32.75,0.0799999982,28
8216,41.109125,32.75,0.0799999982,28
8217,41.114497,32.75,0.0799999982,28
8218,41.119396,32.75,0.0799999982,28
8219,41.123509,32.75,0.0799999982,28
8220,41.128966,32.75,0.0799999982,28
8221,41.133858,32.75,0.0799999982,28
8222,41.138979,32.75,0.0799999982,28
8223,41.144128,32.75,0.0799999982,28
8224,41.149036,32.75,0.0799999982,28
8225,41.154408,32.75,0.0799999982,28
8226,41.159307,32.75,0.0799999982,28
8227,41.164212,32.75,0.0799999982,28
8228,41.169433,32.75,0.0799999982,28
8229,41.174834,32.75,0.0799999982,28
8230,41.178400,32.75,0.0799999982,28
8231,41.183853,32.75,0.0799999982,28
8232,41.188761,32.75,0.0799999982,28
8233,41.193677,32.75,0.0799999982,28
8234,41.199104,32.75,0.0799999982,28
8235,41.203997,32.75,0.0799999982,28
8236,41.209817,32.75,0.0799999982,28
8237,41.213664,32.75,0.0799999982,28
8238,41.218556,32.75,0.0799999982,28
8239,41.223677,32.75,0.0799999982,28
8240,41.229383,32.75,0.0799999982,28
8241,41.234288,32.75,0.0799999982,28
8242,41.239730,32.75,0.0799999982,28
8243,41.244618,32.75,0.0799999982,28
8244,41.248423,32.75,0.0799999982,28
8245,41.253576,32.75,0.0799999982,28
8246,41.258485,32.75,0.0799999982,28
8247,41.263864,32.75,0.0799999982,28
8248,41.268772,32.75,0.0799999982,28
8249,41.273664,32.75,0.0799999982,28
8250,41.279624,32.75,0.0799999982,28
8251,41.284519,32.75,0.0799999982,28
8252,41.289660,32.75,0.0799999982,28
8253,41.293472,32.75,0.0799999982,28
8254,41.298382,32.75,0.0799999982,28
8255,41.303749,32.75,0.0799999982,28
8256,41.308641,32.75,0.0799999982,28
8257,41.313570,32.75,0.0799999982,28
8258,41.319012,32.75,0.0799999982,28
8259,41.323904,32.75,0.0799999982,28
8260,41.329021,32.75,0.0799999982,28
8261,41.334173,32.75,0.0799999982,28
8262,41.339631,32.75,0.0799999982,28
8263,41.343431,32.75,0.0799999982,28
8264,41.348589,32.75,0.0799999982,28
8265,41.353495,32.75,0.0799999982,28
8266,41.358874,32.75,0.0799999982,28
8267,41.363779,32.75,0.0799999982,28
8268,41.368675,32.75,0.0799999982,28
8269,41.374136,32.75,0.0799999982,28
8270,41.379033,32.75,0.0799999982,28
8271,41.384415,32.75,0.0799999982,28
8272,41.389313,32.75,0.0799999982,28
8273,41.394219,32.75,0.0799999982,28
8274,41.400157,32.75,0.0799999982,28
8275,41.403726,32.75,0.0799999982,28
8276,41.408617,32.75,0.0799999982,28
8277,41.414047,32.75,0.0799999982,28
8278,41.418943,32.75,0.0799999982,28
8279,41.424078,32.75,0.0799999982,28
8280,41.429237,32.75,0.0799999982,28
8281,41.434142,32.75,0.0799999982,28
8282,41.439514,32.75,0.0799999982,28
8283,41.444409,32.75,0.0799999982,28
8284,41.449317,32.75,0.0799999982,28
8285,41.453412,32.75,0.0799999982,28
8286,41.458882,32.75,0.0799999982,28
8287,41.463993,32.75,0.0799999982,28
8288,41.469173,32.75,0.0799999982,28
8289,41.474078,32.75,0.0799999982,28
8290,41.479450,32.75,0.0799999982,28
8291,41.484345,32.75,0.0799999982,28
8292,41.489254,32.75,0.0799999982,28
8293,41.494720,32.75,0.0799999982,28
8294,41.499611,32.75,0.0799999982,28
8295,41.504741,32.75,0.0799999982,28
8296,41.509080,32.75,0.0799999982,28
8297,41.513976,32.75,0.0799999982,28
8298,41.519114,32.75,0.0799999982,28
8299,41.524505,32.75,0.0799999982,28
8300,41.529414,32.75,0.0799999982,28
8301,41.534503,32.75,0.0799999982,28
8302,41.538359,32.75,0.0799999982,28
8303,41.544590,32.75,0.0799999982,28
8304,41.548365,32.75,0.0799999982,28
8305,41.553545,32.75,0.0799999982,28
8306,41.558454,32.75,0.0799999982,28
8307,41.563832,32.75,0.0799999982,28
8308,41.569255,32.75,0.0799999982,28
8309,41.574160,32.75,0.0799999982,28
8310,41.579601,32.75,0.0799999982,28
8311,41.584507,32.75,0.0799999982,28
8312,41.589602,32.75,0.0799999982,28
8313,41.593441,32.75,0.0799999982,28
8314,41.598350,32.75,0.0799999982,28
8315,41.603440,32.75,0.0799999982,28
8316,41.608689,32.75,0.0799999982,28
8317,41.613577,32.75,0.0799999982,28
8318,41.618981,32.75,0.0799999982,28
8319,41.624401,32.75,0.0799999982,28
8320,41.629309,32.75,0.0799999982,28
8321,41.633374,32.75,0.0799999982,28
8322,41.639611,32.75,0.0799999982,28
8323,41.644705,32.75,0.0799999982,28
8324,41.648538,32.75,0.0799999982,28
8325,41.653443,32.75,0.0799999982,28
8326,41.658843,32.75,0.0799999982,28
8327,41.663748,32.75,0.0799999982,28
8328,41.668640,32.75,0.0799999982,28
8329,41.674578,32.75,0.0799999982,28
8330,41.679477,32.75,0.0799999982,28
8331,41.684866,32.75,0.0799999982,28
8332,41.688432,32.75,0.0799999982,28
8333,41.693324,32.75,0.0799999982,28
8334,41.698777,32.75,0.0799999982,28
8335,41.703669,32.75,0.0799999982,28
8336,41.708766,32.75,0.0799999982,28
8337,41.713939,32.75,0.0799999982,28
8338,41.718847,32.75,0.0799999982,28
8339,41.723988,32.75,0.0799999982,28
8340,41.729438,32.75,0.0799999982,28
8341,41.733506,32.75,0.0799999982,28
8342,41.738405,32.75,0.0799999982,28
8343,41.743868,32.75,0.0799999982,28
8344,41.748764,32.75,0.0799999982,28
8345,41.754146,32.75,0.0799999982,28
8346,41.759043,32.75,0.0799999982,28
8347,41.763947,32.75,0.0799999982,28
8348,41.769377,32.75,0.0799999982,28
8349,41.774281,32.75,0.0799999982,28
8350,41.779675,32.75,0.0799999982,28
8351,41.784564,32.75,0.0799999982,28
8352,41.788697,32.75,0.0799999982,28
8353,41.794113,32.75,0.0799999982,28
8354,41.799009,32.75,0.0799999982,28
8355,41.804144,32.75,0.0799999982,28
8356,41.809302,32.75,0.0799999982,28
8357,41.814208,32.75,0.0799999982,28
8358,41.819634,32.75,0.0799999982,28
8359,41.824539,32.75,0.0799999982,28
8360,41.829674,32.75,0.0799999982,28
8361,41.833528,32.75,0.0799999982,28
8362,41.838957,32.75,0.0799999982,28
8363,41.844327,32.75,0.0799999982,28
8364,41.849226,32.75,0.0799999982,28
8365,41.854131,32.75,0.0799999982,28
8366,41.859577,32.75,0.0799999982,28
8367,41.864483,32.75,0.0799999982,28
8368,41.869857,32.75,0.0799999982,28
8369,41.873419,32.75,0.0799999982,28
8370,41.878314,32.75,0.0799999982,28
8371,41.883768,32.75,0.0799999982,28
8372,41.888664,32.75,0.0799999982,28
8373,41.894597,32.75,0.0799999982,28
8374,41.899497,32.75,0.0799999982,28
8375,41.904426,32.75,0.0799999982,28
8376,41.908471,32.75,0.0799999982,28
8377,41.913366,32.75,0.0799999982,28
8378,41.919805,32.75,0.0799999982,28
8379,41.923634,32.75,0.0799999982,28
8380,41.928543,32.75,0.0799999982,28
8381,41.933636,32.75,0.0799999982,28
8382,41.938822,32.75,0.0799999982,28
8383,41.944290,32.75,0.0799999982,28
8384,41.948345,32.75,0.0799999982,28
8385,41.954581,32.75,0.0799999982,28
8386,41.959502,32.75,0.0799999982,28
8387,41.963545,32.75,0.0799999982,28
8388,41.968443,32.75,0.0799999982,28
8389,41.973349,32.75,0.0799999982,28
8390,41.978803,32.75,0.0799999982,28
8391,41.983696,32.75,0.0799999982,28
8392,41.988811,32.75,0.0799999982,28
8393,41.994015,32.75,0.0799999982,28
8394,41.999469,32.75,0.0799999982,28
8395,42.003495,32.75,0.0799999982,28
8396,42.008393,32.75,0.0799999982,28
8397,42.013298,32.75,0.0799999982,28
8398,42.018739,32.75,0.0799999982,28
8399,42.023628,32.75,0.0799999982,28
8400,42.028752,32.75,0.0799999982,28
8401,42.033901,32.75,0.0799999982,28
8402,42.038809,32.75,0.0799999982,28
8403,42.044181,32.75,0.0799999982,28
8404,42.049102,32.75,0.0799999982,28
8405,42.054773,32.75,0.0799999982,28
8406,42.064204,32.75,0.0799999982,28
8407,42.066425,32.75,0.0799999982,28
8408,42.070350,32.75,0.0799999982,28
8409,42.074211,32.75,0.0799999982,28
8410,42.080447,32.75,0.0799999982,28
8411,42.085826,32.75,0.0799999982,28
8412,42.089391,32.75,0.0799999982,28
8413,42.094282,33.375,0.0799999982,28
8414,42.099642,33.375,0.0799999982,28
8415,42.105108,33.375,0.0799999982,28
8416,42.110041,33.375,0.0799999982,28
8417,42.115459,33.375,0.0799999982,28
8418,42.120369,33.375,0.0799999982,28
8419,42.125285,33.375,0.0799999982,28
8420,42.129318,33.375,0.0799999982,28
8421,42.134214,33.375,0.0799999982,28
8422,42.140647,33.375,0.0799999982,28
8423,42.144486,33.375,0.0799999982,28
8424,42.149394,33.375,0.0799999982,28
8425,42.154508,33.375,0.0799999982,28
8426,42.159683,33.375,0.0799999982,28
8427,42.165138,33.375,0.0799999982,28
8428,42.170545,33.375,0.0799999982,28
8429,42.175451,33.375,0.0799999982,28
8430,42.180582,33.375,0.0799999982,28
8431,42.184393,33.375,0.0799999982,28
8432,42.189301,33.375,0.0799999982,28
8433,42.194468,33.375,0.0799999982,28
8434,42.199628,33.375,0.0799999982,28
8435,42.204533,33.375,0.0799999982,28
8436,42.209912,33.375,0.0799999982,28
8437,42.214842,33.375,0.0799999982,28
8438,42.220468,33.375,0.0799999982,28
8439,42.224321,33.375,0.0799999982,28
8440,42.229217,33.375,0.0799999982,28
8441,42.234356,33.375,0.0799999982,28
8442,42.239514,33.375,0.0799999982,28
8443,42.244419,33.375,0.0799999982,28
8444,42.249911,33.375,0.0799999982,28
8445,42.254803,33.375,0.0799999982,28
8446,42.259931,33.375,0.0799999982,28
8447,42.265083,33.375,0.0799999982,28
8448,42.269206,33.375,0.0799999982,28
8449,42.274341,33.375,0.0799999982,28
8450,42.279500,33.375,0.0799999982,28
8451,42.284405,33.375,0.0799999982,28
8452,42.289847,33.375,0.0799999982,28
8453,42.294739,33.375,0.0799999982,28
8454,42.299843,33.375,0.0799999982,28
8455,42.305019,33.375,0.0799999982,28
8456,42.309927,33.375,0.0799999982,28
8457,42.315300,33.375,0.0799999982,28
8458,42.319411,33.375,0.0799999982,28
8459,42.324316,33.375,0.0799999982,28
8460,42.329768,33.375,0.0799999982,28
8461,42.334660,33.375,0.0799999982,28
8462,42.339778,33.375,0.0799999982,28
8463,42.344930,33.375,0.0799999982,28
8464,42.349839,33.375,0.0799999982,28
8465,42.355210,33.375,0.0799999982,28
8466,42.360106,33.375,0.0799999982,28
8467,42.365011,33.375,0.0799999982,28
8468,42.370931,33.375,0.0799999982,28
8469,42.374493,33.375,0.0799999982,28
8470,42.379635,33.375,0.0799999982,28
8471,42.384791,33.375,0.0799999982,28
8472,42.389699,33.375,0.0799999982,28
8473,42.395071,33.375,0.0799999982,28
8474,42.399969,33.375,0.0799999982,28
8475,42.404875,33.375,0.0799999982,28
8476,42.410290,33.375,0.0799999982,28
8477,42.415183,33.375,0.0799999982,28
8478,42.420569,33.375,0.0799999982,28
8479,42.425464,33.375,0.0799999982,28
8480,42.430373,33.375,0.0799999982,28
8481,42.434441,33.375,0.0799999982,28
8482,42.439883,33.375,0.0799999982,28
8483,42.444997,33.375,0.0799999982,28
8484,42.450149,33.375,0.0799999982,28
8485,42.455055,33.375,0.0799999982,28
8486,42.460458,33.375,0.0799999982,28
8487,42.465364,33.375,0.0799999982,28
8488,42.470721,33.375,0.0799999982,28
8489,42.474282,33.375,0.0799999982,28
8490,42.480519,33.375,0.0799999982,28
8491,42.484562,33.375,0.0799999982,28
8492,42.489988,33.375,0.0799999982,28
8493,42.494881,33.375,0.0799999982,28
8494,42.500321,33.375,0.0799999982,28
8495,42.505214,33.375,0.0799999982,28
8496,42.510352,33.375,0.0799999982,28
8497,42.515508,33.375,0.0799999982,28
8498,42.520417,33.375,0.0799999982,28
8499,42.524462,33.375,0.0799999982,28
8500,42.529361,33.375,0.0799999982,28
8501,42.534266,33.375,0.0799999982,28
8502,42.539994,33.375,0.0799999982,28
8503,42.545477,33.375,0.0799999982,28
8504,42.550597,33.375,0.0799999982,28
8505,42.554450,33.375,0.0799999982,28
8506,42.559359,33.375,0.0799999982,28
8507,42.564476,33.375,0.0799999982,28
8508,42.569635,33.375,0.0799999982,28
8509,42.574540,33.375,0.0799999982,28
8510,42.579919,33.375,0.0799999982,28
8511,42.584824,33.375,0.0799999982,28
8512,42.589747,33.375,0.0799999982,28
8513,42.595661,33.375,0.0799999982,28
8514,42.599225,33.375,0.0799999982,28
8515,42.605681,33.375,0.0799999982,28
8516,42.609499,33.375,0.0799999982,28
8517,42.614405,33.375,0.0799999982,28
8518,42.619779,33.375,0.0799999982,28
8519,42.624684,33.375,0.0799999982,28
8520,42.629576,33.375,0.0799999982,28
8521,42.635017,33.375,0.0799999982,28
8522,42.639912,33.375,0.0799999982,28
8523,42.645599,33.375,0.0799999982,28
8524,42.649414,33.375,0.0799999982,28
8525,42.654319,33.375,0.0799999982,28
8526,42.659453,33.375,0.0799999982,28
8527,42.664616,33.375,0.0799999982,28
8528,42.669525,33.375,0.0799999982,28
8529,42.674929,33.375,0.0799999982,28
8530,42.679838,33.375,0.0799999982,28
8531,42.684754,33.375,0.0799999982,28
8532,42.690166,33.375,0.0799999982,28
8533,42.695083,33.375,0.0799999982,28
8534,42.699430,33.375,0.0799999982,28
8535,42.704578,33.375,0.0799999982,28
8536,42.709486,33.375,0.0799999982,28
8537,42.714840,33.375,0.0799999982,28
8538,42.719749,33.375,0.0799999982,28
8539,42.724637,33.375,0.0799999982,28
8540,42.730077,33.375,0.0799999982,28
8541,42.734970,33.375,0.0799999982,28
8542,42.740084,33.375,0.0799999982,28
8543,42.745264,33.375,0.0799999982,28
8544,42.749342,33.375,0.0799999982,28
8545,42.754700,33.375,0.0799999982,28
8546,42.759592,33.375,0.0799999982,28
8547,42.764498,33.375,0.0799999982,28
8548,42.769988,33.375,0.0799999982,28
8549,42.774880,33.375,0.0799999982,28
8550,42.779997,33.375,0.0799999982,28
8551,42.785150,33.375,0.0799999982,28
8552,42.790058,33.375,0.0799999982,28
8553,42.795484,33.375,0.0799999982,28
8554,42.800393,33.375,0.0799999982,28
8555,42.805493,33.375,0.0799999982,28
8556,42.809853,33.375,0.0799999982,28
8557,42.814759,33.375,0.0799999982,28
8558,42.820152,33.375,0.0799999982,28
8559,42.825045,33.375,0.0799999982,28
8560,42.829953,33.375,0.0799999982,28
8561,42.835430,33.375,0.0799999982,28
8562,42.839892,33.375,0.0799999982,28
8563,42.845071,33.375,0.0799999982,28
8564,42.850233,33.375,0.0799999982,28
8565,42.855138,33.375,0.0799999982,28
8566,42.860513,33.375,0.0799999982,28
8567,42.864595,33.375,0.0799999982,28
8568,42.869492,33.375,0.0799999982,28
8569,42.874957,33.375,0.0799999982,28
8570,42.879852,33.375,0.0799999982,28
8571,42.884772,33.375,0.0799999982,28
8572,42.890171,33.375,0.0799999982,28
8573,42.895063,33.375,0.0799999982,28
8574,42.900202,33.375,0.0799999982,28
8575,42.905357,33.375,0.0799999982,28
8576,42.910266,33.375,0.0799999982,28
8577,42.915694,33.375,0.0799999982,28
8578,42.919812,33.375,0.0799999982,28
8579,42.924705,33.375,0.0799999982,28
8580,42.930132,33.375,0.0799999982,28
8581,42.935024,33.375,0.0799999982,28
8582,42.940163,33.375,0.0799999982,28
8583,42.945318,33.375,0.0799999982,28
8584,42.950227,33.375,0.0799999982,28
8585,42.954273,33.375,0.0799999982,28
8586,42.960509,33.375,0.0799999982,28
8587,42.965611,33.375,0.0799999982,28
8588,42.969971,33.375,0.0799999982,28
8589,42.974877,33.375,0.0799999982,28
8590,42.980246,33.375,0.0799999982,28
8591,42.985141,33.375,0.0799999982,28
8592,42.990050,33.375,0.0799999982,28
8593,42.995474,33.375,0.0799999982,28
8594,43.000383,33.375,0.0799999982,28
8595,43.005497,33.375,0.0799999982,28
8596,43.009325,33.375,0.0799999982,28
8597,43.014217,33.375,0.0799999982,28
8598,43.020206,33.375,0.0799999982,28
8599,43.025099,33.375,0.0799999982,28
8600,43.030008,33.375,0.0799999982,28
8601,43.035435,33.375,0.0799999982,28
8602,43.040344,33.375,0.0799999982,28
8603,43.045433,33.375,0.0799999982,28
8604,43.049286,33.375,0.0799999982,28
8605,43.055518,33.375,0.0799999982,28
8606,43.065412,33.375,0.0799999982,28
8607,43.067733,33.375,0.0799999982,28
8608,43.071582,33.375,0.0799999982,28
8609,43.075704,33.375,0.0799999982,28
8610,43.080596,33.375,0.0799999982,28
8611,43.086046,33.375,0.0799999982,28
8612,43.090942,33.375,0.0799999982,28
8613,43.096044,33.375,0.0799999982,28
8614,43.101233,33.375,0.0799999982,28
8615,43.106138,33.375,0.0799999982,28
8616,43.111514,33.375,0.0799999982,28
8617,43.116409,33.375,0.0799999982,28
8618,43.121317,33.375,0.0799999982,28
8619,43.126761,33.375,0.0799999982,28
8620,43.131653,33.375,0.0799999982,28
8621,43.135784,33.375,0.0799999982,28
8622,43.141246,33.375,0.0799999982,28
8623,43.146138,33.375,0.0799999982,28
8624,43.151071,33.375,0.0799999982,28
8625,43.156493,33.375,0.0799999982,28
8626,43.161401,33.375,0.0799999982,28
8627,43.166516,33.375,0.0799999982,28
8628,43.170344,33.375,0.0799999982,28
8629,43.176577,33.375,0.0799999982,28
8630,43.181933,33.375,0.0799999982,28
8631,43.185495,33.375,0.0799999982,28
8632,43.190390,33.375,0.0799999982,28
8633,43.196343,33.375,0.0799999982,28
8634,43.201241,33.375,0.0799999982,28
8635,43.206376,33.375,0.0799999982,28
8636,43.211532,33.375,0.0799999982,28
8637,43.216437,33.375,0.0799999982,28
8638,43.221819,33.375,0.0799999982,28
8639,43.225381,33.375,0.0799999982,28
8640,43.231616,33.375,0.0799999982,28
8641,43.235692,33.375,0.0799999982,28
8642,43.240584,33.375,0.0799999982,28
8643,43.245490,33.375,0.0799999982,28
8644,43.251442,33.375,0.0799999982,28
8645,43.256335,33.375,0.0799999982,28
8646,43.261426,33.375,0.0799999982,28
8647,43.266606,33.375,0.0799999982,28
8648,43.271515,33.375,0.0799999982,28
8649,43.275561,33.375,0.0799999982,28
8650,43.280459,33.375,0.0799999982,28
8651,43.285365,33.375,0.0799999982,28
8652,43.290855,33.375,0.0799999982,28
8653,43.295747,33.375,0.0799999982,28
8654,43.301134,33.375,0.0799999982,28
8655,43.306588,33.375,0.0799999982,28
8656,43.311496,33.375,0.0799999982,28
8657,43.315557,33.375,0.0799999982,28
8658,43.320456,33.375,0.0799999982,28
8659,43.325559,33.375,0.0799999982,28
8660,43.330739,33.375,0.0799999982,28
8661,43.335628,33.375,0.0799999982,28
8662,43.341065,33.375,0.0799999982,28
8663,43.345957,33.375,0.0799999982,28
8664,43.351081,33.375,0.0799999982,28
8665,43.355410,33.375,0.0799999982,28
8666,43.361645,33.375,0.0799999982,28
8667,43.365405,33.375,0.0799999982,28
8668,43.370600,36,0.0799999982,28
8669,43.375505,36,0.0799999982,28
8670,43.380887,36,0.0799999982,28
8671,43.385792,36,0.0799999982,28
8672,43.390716,36,0.0799999982,28
8673,43.396124,36,0.0799999982,28
8674,43.401021,36,0.0799999982,28
8675,43.406156,36,0.0799999982,28
8676,43.410535,36,0.0799999982,28
8677,43.415427,36,0.0799999982,28
8678,43.420568,36,0.0799999982,28
8679,43.425724,36,0.0799999982,28
8680,43.430616,36,0.0799999982,28
8681,43.436005,36,0.0799999982,28
8682,43.440904,36,0.0799999982,28
8683,43.445809,36,0.0799999982,28
8684,43.451249,36,0.0799999982,28
8685,43.456142,36,0.0799999982,28
8686,43.461075,36,0.0799999982,28
8687,43.467011,36,0.0799999982,28
8688,43.470560,36,0.0799999982,28
8689,43.475465,36,0.0799999982,28
8690,43.480925,36,0.0799999982,28
8691,43.485817,36,0.0799999982,28
8692,43.490947,36,0.0799999982,28
8693,43.496112,36,0.0799999982,28
8694,43.501020,36,0.0799999982,28
8695,43.506393,36,0.0799999982,28
8696,43.511290,36,0.0799999982,28
8697,43.515379,36,0.0799999982,28
8698,43.520837,36,0.0799999982,28
8699,43.525729,36,0.0799999982,28
8700,43.530846,36,0.0799999982,28
8701,43.535998,36,0.0799999982,28
8702,43.540906,36,0.0799999982,28
8703,43.546278,36,0.0799999982,28
8704,43.551177,36,0.0799999982,28
8705,43.556082,36,0.0799999982,28
8706,43.561767,36,0.0799999982,28
8707,43.565329,36,0.0799999982,28
8708,43.571589,36,0.0799999982,28
8709,43.575615,36,0.0799999982,28
8710,43.581084,36,0.0799999982,28
8711,43.585989,36,0.0799999982,28
8712,43.591409,36,0.0799999982,28
8713,43.596313,36,0.0799999982,28
8714,43.601735,36,0.0799999982,28
8715,43.606624,36,0.0799999982,28
8716,43.611532,36,0.0799999982,28
8717,43.615576,36,0.0799999982,28
8718,43.620475,36,0.0799999982,28
8719,43.625380,36,0.0799999982,28
8720,43.631333,36,0.0799999982,28
8721,43.636228,36,0.0799999982,28
8722,43.641614,36,0.0799999982,28
8723,43.646509,36,0.0799999982,28
8724,43.651660,36,0.0799999982,28
8725,43.655463,36,0.0799999982,28
8726,43.660372,36,0.0799999982,28
8727,43.665484,36,0.0799999982,28
8728,43.670644,36,0.0799999982,28
8729,43.675548,36,0.0799999982,28
8730,43.680659,36,0.0799999982,28
8731,43.686386,36,0.0799999982,28
8732,43.691294,36,0.0799999982,28
8733,43.695412,36,0.0799999982,28
8734,43.701653,36,0.0799999982,28
8735,43.706811,36,0.0799999982,28
8736,43.710637,36,0.0799999982,28
8737,43.715542,36,0.0799999982,28
8738,43.720638,36,0.0799999982,28
8739,43.725821,36,0.0799999982,28
8740,43.730730,36,0.0799999982,28
8741,43.736099,36,0.0799999982,28
8742,43.741552,36,0.0799999982,31.25
8743,43.746676,36,0.0799999982,31.25
8744,43.750523,36,0.0799999982,31.25
8745,43.755428,36,0.0799999982,31.25
8746,43.760555,36,0.0799999982,31.25
8747,43.765708,36,0.0799999982,31.25
8748,43.770600,36,0.0799999982,31.25
8749,43.775966,36,0.0799999982,31.25
8750,43.780874,36,0.0799999982,31.25
8751,43.785766,36,0.0799999982,31.25
8752,43.791709,36,0.0799999982,31.25
8753,43.796597,36,0.0799999982,31.25
8754,43.801742,36,0.0799999982,31.25
8755,43.805547,36,0.0799999982,31.25
8756,43.810457,36,0.0799999982,31.25
8757,43.815827,36,0.0799999982,31.25
8758,43.820736,36,0.0799999982,31.25
8759,43.825624,36,0.0799999982,31.25
8760,43.831065,36,0.0799999982,31.25
8761,43.835957,36,0.0799999982,31.25
8762,43.841096,36,0.0799999982,31.25
8763,43.846251,36,0.0799999982,31.25
8764,43.851659,36,0.0799999982,31.25
8765,43.855434,36,0.0799999982,31.25
8766,43.860590,36,0.0799999982,31.25
8767,43.865495,36,0.0799999982,31.25
8768,43.870852,36,0.0799999982,31.25
8769,43.875757,36,0.0799999982,31.25
8770,43.880653,36,0.0799999982,31.25
8771,43.886089,36,0.0799999982,31.25
8772,43.890985,36,0.0799999982,31.25
8773,43.896368,36,0.0799999982,31.25
8774,43.901266,36,0.0799999982,31.25
8775,43.906171,36,0.0799999982,31.25
8776,43.912135,36,0.0799999982,31.25
8777,43.915703,36,0.0799999982,31.25
8778,43.920620,36,0.0799999982,31.25
8779,43.926025,36,0.0799999982,31.25
8780,43.930920,36,0.0799999982,31.25
8781,43.936006,36,0.0799999982,31.25
8782,43.941189,36,0.0799999982,31.25
8783,43.946095,36,0.0799999982,31.25
8784,43.951195,36,0.0799999982,31.25
8785,43.956375,36,0.0799999982,31.25
8786,43.961283,36,0.0799999982,31.25
8787,43.966665,36,0.0799999982,31.25
8788,43.970755,36,0.0799999982,31.25
8789,43.975643,36,0.0799999982,31.25
8790,43.981074,36,0.0799999982,31.25
8791,43.985967,36,0.0799999982,31.25
8792,43.991081,36,0.0799999982,31.25
8793,43.996260,36,0.0799999982,31.25
8794,44.001169,36,0.0799999982,31.25
8795,44.006541,36,0.0799999982,31.25
8796,44.011440,36,0.0799999982,31.25
8797,44.016864,36,0.0799999982,31.25
8798,44.020897,36,0.0799999982,31.25
8799,44.025803,36,0.0799999982,31.25
8800,44.030924,36,0.0799999982,31.25
8801,44.036072,36,0.0799999982,31.25
8802,44.040980,36,0.0799999982,31.25
8803,44.046352,36,0.0799999982,31.25
8804,44.051250,36,0.0799999982,31.25
8805,44.056339,36,0.0799999982,31.25
8806,44.066486,36,0.0799999982,31.25
8807,44.068715,36,0.0799999982,31.25
8808,44.073042,36,0.0799999982,31.25
8809,44.076950,36,0.0799999982,31.25
8810,44.081856,36,0.0799999982,31.25
8811,44.086752,36,0.0799999982,31.25
8812,44.092174,36,0.0799999982,31.25
8813,44.097070,36,0.0799999982,31.25
8814,44.102205,36,0.0799999982,31.25
8815,44.107364,36,0.0799999982,31.25
8816,44.112269,36,0.0799999982,31.25
8817,44.117641,36,0.0799999982,31.25
8818,44.122536,36,0.0799999982,31.25
8819,44.127445,36,0.0799999982,31.25
8820,44.133383,36,0.0799999982,31.25
8821,44.136954,36,0.0799999982,31.25
8822,44.142069,36,0.0799999982,31.25
8823,44.147225,36,0.0799999982,31.25
8824,44.152130,36,0.0799999982,31.25
8825,44.157502,36,0.0799999982,31.25
8826,44.162397,36,0.0799999982,31.25
8827,44.167513,36,0.0799999982,31.25
8828,44.172685,36,0.0799999982,31.25
8829,44.177577,36,0.0799999982,31.25
8830,44.182981,36,0.0799999982,31.25
8831,44.187076,36,0.0799999982,31.25
8832,44.191969,36,0.0799999982,31.25
8833,44.197381,36,0.0799999982,31.25
8834,44.202286,36,0.0799999982,31.25
8835,44.207424,36,0.0799999982,31.25
8836,44.212580,36,0.0799999982,31.25
8837,44.217489,36,0.0799999982,31.25
8838,44.222868,36,0.0799999982,31.25
8839,44.227776,36,0.0799999982,31.25
8840,44.232669,36,0.0799999982,31.25
8841,44.236744,36,0.0799999982,31.25
8842,44.242199,36,0.0799999982,31.25
8843,44.247107,36,0.0799999982,31.25
8844,44.252548,36,0.0799999982,31.25
8845,44.257457,36,0.0799999982,31.25
8846,44.262574,36,0.0799999982,31.25
8847,44.267733,36,0.0799999982,31.25
8848,44.272621,36,0.0799999982,31.25
8849,44.278010,36,0.0799999982,31.25
8850,44.281562,36,0.0799999982,31.25
8851,44.287044,36,0.0799999982,31.25
8852,44.292487,36,0.0799999982,31.25
8853,44.297396,36,0.0799999982,31.25
8854,44.302764,36,0.0799999982,31.25
8855,44.307672,36,0.0799999982,31.25
8856,44.312798,36,0.0799999982,31.25
8857,44.316606,36,0.0799999982,31.25
8858,44.321514,36,0.0799999982,31.25
8859,44.326631,36,0.0799999982,31.25
8860,44.331787,36,0.0799999982,31.25
8861,44.336695,36,0.0799999982,31.25
8862,44.342395,36,0.0799999982,31.25
8863,44.347554,36,0.0799999982,31.25
8864,44.352460,36,0.0799999982,31.25
8865,44.357838,36,0.0799999982,31.25
8866,44.362744,36,0.0799999982,31.25
8867,44.367875,36,0.0799999982,31.25
8868,44.371696,36,0.0799999982,31.25
8869,44.376585,36,0.0799999982,31.25
8870,44.381711,36,0.0799999982,31.25
8871,44.386865,36,0.0799999982,31.25
8872,44.391770,36,0.0799999982,31.25
8873,44.397166,36,0.0799999982,31.25
8874,44.402593,36,0.0799999982,31.25
8875,44.407501,36,0.0799999982,31.25
8876,44.411565,36,0.0799999982,31.25
8877,44.417808,36,0.0799999982,31.25
8878,44.422729,36,0.0799999982,31.25
8879,44.426739,36,0.0799999982,31.25
8880,44.431628,36,0.0799999982,31.25
8881,44.436533,36,0.0799999982,31.25
8882,44.441988,36,0.0799999982,31.25
8883,44.446884,36,0.0799999982,31.25
8884,44.452294,36,0.0799999982,31.25
8885,44.457755,36,0.0799999982,31.25
8886,44.462643,36,0.0799999982,31.25
8887,44.467765,36,0.0799999982,31.25
8888,44.471570,36,0.0799999982,31.25
8889,44.477823,36,0.0799999982,31.25
8890,44.481571,36,0.0799999982,31.25
8891,44.486758,36,0.0799999982,31.25
8892,44.491647,36,0.0799999982,31.25
8893,44.497006,36,0.0799999982,31.25
8894,44.502414,36,0.0799999982,31.25
8895,44.507310,36,0.0799999982,31.25
8896,44.512751,36,0.0799999982,31.25
8897,44.517642,36,0.0799999982,31.25
8898,44.523030,36,0.0799999982,31.25
8899,44.526581,36,0.0799999982,31.25
8900,44.531490,36,0.0799999982,31.25
8901,44.536975,36,0.0799999982,31.25
8902,44.541868,36,0.0799999982,31.25
8903,44.546997,36,0.0799999982,31.25
8904,44.552160,36,0.0799999982,31.25
8905,44.557619,36,0.0799999982,31.25
8906,44.561639,36,0.0799999982,31.25
8907,44.566535,36,0.0799999982,31.25
8908,44.573005,36,0.0799999982,31.25
8909,44.577046,36,0.0799999982,31.25
8910,44.581941,36,0.0799999982,31.25
8911,44.586874,36,0.0799999982,31.25
8912,44.592273,36,0.0799999982,31.25
8913,44.597169,36,0.0799999982,31.25
8914,44.602303,36,0.0799999982,31.25
8915,44.606633,36,0.0799999982,31.25
8916,44.611531,36,0.0799999982,31.25
8917,44.616642,36,0.0799999982,31.25
8918,44.621825,36,0.0799999982,31.25
8919,44.626734,36,0.0799999982,31.25
8920,44.632102,36,0.0799999982,31.25
8921,44.637002,36,0.0799999982,31.25
8922,44.641907,39.125,0.0799999982,31.25
8923,44.647350,39.125,0.0799999982,31.25
8924,44.652242,39.125,0.0799999982,31.25
8925,44.657363,39.125,0.0799999982,31.25
8926,44.661689,39.125,0.0799999982,31.25
8927,44.666578,39.125,0.0799999982,31.25
8928,44.671969,39.125,0.0799999982,31.25
8929,44.676878,39.125,0.0799999982,31.25
8930,44.681770,39.125,0.0799999982,31.25
8931,44.687211,39.125,0.0799999982,31.25
8932,44.692103,39.125,0.0799999982,31.25
8933,44.697238,39.125,0.0799999982,31.25
8934,44.702444,39.125,0.0799999982,31.25
8935,44.707352,39.125,0.0799999982,31.25
8936,44.711733,39.125,0.0799999982,31.25
8937,44.716886,39.125,0.0799999982,31.25
8938,44.721791,39.125,0.0799999982,31.25
8939,44.727211,39.125,0.0799999982,31.25
8940,44.732103,39.125,0.0799999982,31.25
8941,44.737192,39.125,0.0799999982,31.25
8942,44.742638,39.125,0.0799999982,31.25
8943,44.747546,39.125,0.0799999982,31.25
8944,44.752918,39.125,0.0799999982,31.25
8945,44.757827,39.125,0.0799999982,31.25
8946,44.761941,39.125,0.0799999982,31.25
8947,44.767357,39.125,0.0799999982,31.25
8948,44.772249,39.125,0.0799999982,31.25
8949,44.777361,39.125,0.0799999982,31.25
8950,44.782541,39.125,0.0799999982,31.25
8951,44.787450,39.125,0.0799999982,31.25
8952,44.792829,39.125,0.0799999982,31.25
8953,44.797738,39.125,0.0799999982,31.25
8954,44.802626,39.125,0.0799999982,31.25
8955,44.806645,39.125,0.0799999982,31.25
8956,44.811543,39.125,0.0799999982,31.25
8957,44.817998,39.125,0.0799999982,31.25
8958,44.822351,39.125,0.0799999982,31.25
8959,44.827250,39.125,0.0799999982,31.25
8960,44.832632,39.125,0.0799999982,31.25
8961,44.837531,39.125,0.0799999982,31.25
8962,44.842462,39.125,0.0799999982,31.25
8963,44.847905,39.125,0.0799999982,31.25
8964,44.852797,39.125,0.0799999982,31.25
8965,44.857936,39.125,0.0799999982,31.25
8966,44.861762,39.125,0.0799999982,31.25
8967,44.866656,39.125,0.0799999982,31.25
8968,44.872043,39.125,0.0799999982,31.25
8969,44.877480,39.125,0.0799999982,31.25
8970,44.882608,39.125,0.0799999982,31.25
8971,44.887764,39.125,0.0799999982,31.25
8972,44.892669,39.125,0.0799999982,31.25
8973,44.896700,39.125,0.0799999982,31.25
8974,44.901589,39.125,0.0799999982,31.25
8975,44.906720,39.125,0.0799999982,31.25
8976,44.911883,39.125,0.0799999982,31.25
8977,44.916791,39.125,0.0799999982,31.25
8978,44.922163,39.125,0.0799999982,31.25
8979,44.927579,39.125,0.0799999982,31.25
8980,44.932706,39.125,0.0799999982,31.25
8981,44.936512,39.125,0.0799999982,31.25
8982,44.942764,39.125,0.0799999982,31.25
8983,44.948136,39.125,0.0799999982,31.25
8984,44.951701,39.125,0.0799999982,31.25
8985,44.956589,39.125,0.0799999982,31.25
8986,44.962029,39.125,0.0799999982,31.25
8987,44.966925,39.125,0.0799999982,31.25
8988,44.972060,39.125,0.0799999982,31.25
8989,44.977219,39.125,0.0799999982,31.25
8990,44.982124,39.125,0.0799999982,31.25
8991,44.987496,39.125,0.0799999982,31.25
8992,44.991604,39.125,0.0799999982,31.25
8993,44.996509,39.125,0.0799999982,31.25
8994,45.001990,39.125,0.0799999982,31.25
8995,45.006886,39.125,0.0799999982,31.25
8996,45.011999,39.125,0.0799999982,31.25
8997,45.017155,39.125,0.0799999982,31.25
8998,45.022060,39.125,0.0498699993,32.125
8999,45.027432,39.125,0.0498699993,32.125
9000,45.032328,39.125,0.0498699993,32.125
9001,45.037444,39.125,0.0498699993,32.125
9002,45.041780,39.125,0.0498699993,32.125
9003,45.046688,39.125,0.0498699993,32.125
9004,45.052054,39.125,0.0498699993,32.125
9005,45.056952,39.125,0.0498699993,32.125
9006,45.068317,39.125,0.0498699993,32.125
9007,45.070628,39.125,0.0498699993,32.125
9008,45.074479,39.125,0.0498699993,32.125
9009,45.079378,39.125,0.0498699993,32.125
9010,45.084282,39.125,0.0498699993,32.125
9011,45.088347,39.125,0.0498699993,32.125
9012,45.093242,39.125,0.0498699993,32.125
9013,45.098943,39.125,0.0498699993,32.125
9014,45.104105,39.125,0.0498699993,32.125
9015,45.109013,39.125,0.0498699993,32.125
9016,45.114385,39.125,0.0498699993,32.125
9017,45.119283,39.125,0.0498699993,32.125
9018,45.124188,39.125,0.0498699993,32.125
9019,45.129635,39.125,0.0498699993,32.125
9020,45.134540,39.125,0.0498699993,32.125
9021,45.139683,39.125,0.0498699993,32.125
9022,45.143497,39.125,0.0498699993,32.125
9023,45.148406,39.125,0.0498699993,32.125
9024,45.153323,39.125,0.0498699993,32.125
9025,45.159253,39.125,0.0498699993,32.125
9026,45.164149,39.125,0.0498699993,32.125
9027,45.169534,39.125,0.0498699993,32.125
9028,45.174430,39.125,0.0498699993,32.125
9029,45.179338,39.125,0.0498699993,32.125
9030,45.183383,39.125,0.0498699993,32.125
9031,45.188280,39.125,0.0498699993,32.125
9032,45.193384,39.125,0.0498699993,32.125
9033,45.198567,39.125,0.0498699993,32.125
9034,45.203473,39.125,0.0498699993,32.125
9035,45.209148,39.125,0.0498699993,32.125
9036,45.214328,39.125,0.0498699993,32.125
9037,45.219237,39.125,0.0498699993,32.125
9038,45.224609,39.125,0.0498699993,32.125
9039,45.229508,39.125,0.0498699993,32.125
9040,45.234413,39.125,0.0498699993,32.125
9041,45.238457,39.125,0.0498699993,32.125
9042,45.243352,39.125,0.0498699993,32.125
9043,45.248261,39.125,0.0498699993,32.125
9044,45.253716,39.125,0.0498699993,32.125
9045,45.258608,39.125,0.0498699993,32.125
9046,45.264273,39.125,0.0498699993,32.125
9047,45.269456,39.125,0.0498699993,32.125
9048,45.274362,39.125,0.0498699993,32.125
9049,45.279740,39.125,0.0498699993,32.125
9050,45.283302,39.125,0.0498699993,32.125
9051,45.289772,39.125,0.0498699993,32.125
9052,45.293632,39.125,0.0498699993,32.125
9053,45.298540,39.125,0.0498699993,32.125
9054,45.303633,39.125,0.0498699993,32.125
9055,45.308819,39.125,0.0498699993,32.125
9056,45.313725,39.125,0.0498699993,32.125
9057,45.319644,39.125,0.0498699993,32.125
9058,45.324539,39.125,0.0498699993,32.125
9059,45.329447,39.125,0.0498699993,32.125
9060,45.333492,39.125,0.0498699993,32.125
9061,45.338391,39.125,0.0498699993,32.125
9062,45.343296,39.125,0.0498699993,32.125
9063,45.348751,39.125,0.0498699993,32.125
9064,45.353639,39.125,0.0498699993,32.125
9065,45.358764,39.125,0.0498699993,32.125
9066,45.363913,39.125,0.0498699993,32.125
9067,45.368821,39.125,0.0498699993,32.125
9068,45.374217,39.125,0.0498699993,32.125
9069,45.378320,39.125,0.0498699993,32.125
9070,45.384553,39.125,0.0498699993,32.125
9071,45.388617,39.125,0.0498699993,32.125
9072,45.393512,39.125,0.0498699993,32.125
9073,45.398421,39.125,0.0498699993,32.125
9074,45.403875,39.125,0.0498699993,32.125
9075,45.408771,39.125,0.0498699993,32.125
9076,45.413885,39.125,0.0498699993,32.125
9077,45.419090,39.125,0.0498699993,32.125
9078,45.423996,39.125,0.0498699993,32.125
9079,45.428370,39.125,0.0498699993,32.125
9080,45.433525,39.125,0.0498699993,32.125
9081,45.438434,39.125,0.0498699993,32.125
9082,45.443787,39.125,0.0498699993,32.125
9083,45.448695,39.125,0.0498699993,32.125
9084,45.453584,39.125,0.0498699993,32.125
9085,45.459025,39.125,0.0498699993,32.125
9086,45.463917,39.125,0.0498699993,32.125
9087,45.469007,39.125,0.0498699993,32.125
9088,45.474186,39.125,0.0498699993,32.125
9089,45.478310,39.125,0.0498699993,32.125
9090,45.483672,39.125,0.0498699993,32.125
9091,45.488564,39.125,0.0498699993,32.125
9092,45.493470,39.125,0.0498699993,32.125
9093,45.498910,39.125,0.0498699993,32.125
9094,45.503803,39.125,0.0498699993,32.125
9095,45.509189,39.125,0.0498699993,32.125
9096,45.514082,39.125,0.0498699993,32.125
9097,45.519014,39.125,0.0498699993,32.125
9098,45.524417,39.125,0.0498699993,32.125
9099,45.529843,39.125,0.0498699993,32.125
9100,45.533639,39.125,0.0498699993,32.125
9101,45.538798,39.125,0.0498699993,32.125
9102,45.543703,39.125,0.0498699993,32.125
9103,45.549120,39.125,0.0498699993,32.125
9104,45.554013,39.125,0.0498699993,32.125
9105,45.559409,39.125,0.0498699993,32.125
9106,45.564303,39.125,0.0498699993,32.125
9107,45.569212,39.125,0.0498699993,32.125
9108,45.574634,39.125,0.0498699993,32.125
9109,45.579542,39.125,0.0498699993,32.125
9110,45.584635,39.125,0.0498699993,32.125
9111,45.588992,39.125,0.0498699993,32.125
9112,45.593888,39.125,0.0498699993,32.125
9113,45.599023,39.125,0.0498699993,32.125
9114,45.604417,39.125,0.0498699993,32.125
9115,45.609326,39.125,0.0498699993,32.125
9116,45.614462,39.125,0.0498699993,32.125
9117,45.618293,39.125,0.0498699993,32.125
9118,45.624526,39.125,0.0498699993,32.125
9119,45.628324,39.125,0.0498699993,32.125
9120,45.633479,39.125,0.0498699993,32.125
9121,45.638388,39.125,0.0498699993,32.125
9122,45.643830,39.125,0.0498699993,32.125
9123,45.649288,39.125,0.0498699993,32.125
9124,45.654645,39.125,0.0498699993,32.125
9125,45.659543,39.125,0.0498699993,32.125
9126,45.664448,39.125,0.0498699993,32.125
9127,45.668493,39.125,0.0498699993,32.125
9128,45.673388,39.125,0.0498699993,32.125
9129,45.678296,39.125,0.0498699993,32.125
9130,45.683751,39.125,0.0498699993,32.125
9131,45.688643,39.125,0.0498699993,32.125
9132,45.693761,39.125,0.0498699993,32.125
9133,45.699463,39.125,0.0498699993,32.125
9134,45.704369,39.125,0.0498699993,32.125
9135,45.709751,39.125,0.0498699993,32.125
9136,45.713313,39.125,0.0498699993,32.125
9137,45.719760,39.125,0.0498699993,32.125
9138,45.723592,39.125,0.0498699993,32.125
9139,45.728502,39.125,0.0498699993,32.125
9140,45.733643,39.125,0.0498699993,32.125
9141,45.738802,39.125,0.0498699993,32.125
9142,45.743708,39.125,0.0498699993,32.125
9143,45.749079,39.125,0.0498699993,32.125
9144,45.754533,39.125,0.0498699993,32.125
9145,45.759442,39.125,0.0498699993,32.125
9146,45.763503,39.125,0.0498699993,32.125
9147,45.768401,39.125,0.0498699993,32.125
9148,45.773306,39.125,0.0498699993,32.125
9149,45.778762,39.125,0.0498699993,32.125
9150,45.783653,39.125,0.0498699993,32.125
9151,45.789040,39.125,0.0498699993,32.125
9152,45.793935,39.125,0.0498699993,32.125
9153,45.798844,39.125,0.0498699993,32.125
9154,45.804789,39.125,0.0498699993,32.125
9155,45.808355,39.125,0.0498699993,32.125
9156,45.813476,39.125,0.0498699993,32.125
9157,45.818664,39.125,0.0498699993,32.125
9158,45.823553,39.125,0.0498699993,32.125
9159,45.829005,39.125,0.0498699993,32.125
9160,45.833897,39.125,0.0498699993,32.125
9161,45.839335,39.125,0.0498699993,32.125
9162,45.844230,39.125,0.0498699993,32.125
9163,45.849369,39.125,0.0498699993,32.125
9164,45.855053,39.125,0.0498699993,32.125
9165,45.858605,39.125,0.0498699993,32.125
9166,45.863763,39.125,0.0498699993,32.125
9167,45.868919,39.125,0.0498699993,32.125
9168,45.873825,39.125,0.0498699993,32.125
9169,45.879196,39.125,0.0498699993,32.125
9170,45.884089,39.125,0.0498699993,32.125
9171,45.888997,39.125,0.0498699993,32.125
9172,45.894399,39.125,0.0498699993,32.125
9173,45.899307,39.125,0.0498699993,32.125
9174,45.904394,39.125,0.0498699993,32.125
9175,45.908782,39.125,0.0498699993,32.125
9176,45.913687,39.125,0.0498699993,32.125
9177,45.919057,41.75,0.0498699993,32.125
9178,45.923952,41.75,0.0498699993,32.125
9179,45.928860,41.75,0.0498699993,32.125
9180,45.934301,41.75,0.0498699993,32.125
9181,45.939197,41.75,0.0498699993,32.125
9182,45.944333,41.75,0.0498699993,32.125
9183,45.949491,41.75,0.0498699993,32.125
9184,45.954397,41.75,0.0498699993,32.125
9185,45.959799,41.75,0.0498699993,32.125
9186,45.963893,41.75,0.0498699993,32.125
9187,45.968788,41.75,0.0498699993,32.125
9188,45.974262,41.75,0.0498699993,32.125
9189,45.979158,41.75,0.0498699993,32.125
9190,45.984540,41.75,0.0498699993,32.125
9191,45.989440,41.75,0.0498699993,32.125
9192,45.994565,41.75,0.0498699993,32.125
9193,45.998389,41.75,0.0498699993,32.125
9194,46.003294,41.75,0.0498699993,32.125
9195,46.008424,41.75,0.0498699993,32.125
9196,46.014190,41.75,0.0498699993,32.125
9197,46.019086,41.75,0.0498699993,32.125
9198,46.024502,41.75,0.0498699993,32.125
9199,46.029410,41.75,0.0498699993,32.125
9200,46.034325,41.75,0.0498699993,32.125
9201,46.038349,41.75,0.0498699993,32.125
9202,46.043245,41.75,0.0498699993,32.125
9203,46.049709,41.75,0.0498699993,32.125
9204,46.053513,41.75,0.0498699993,32.125
9205,46.058423,41.75,0.0498699993,32.125
9206,46.068453,41.75,0.0498699993,32.125
9207,46.070777,41.75,0.0498699993,32.125
9208,46.074626,41.75,0.0498699993,32.125
9209,46.078749,41.75,0.0498699993,32.125
9210,46.083637,41.75,0.0498699993,32.125
9211,46.089090,41.75,0.0498699993,32.125
9212,46.093983,41.75,0.0498699993,32.125
9213,46.099121,41.75,0.0498699993,32.125
9214,46.104276,41.75,0.0498699993,32.125
9215,46.109184,41.75,0.0498699993,32.125
9216,46.114310,41.75,0.0498699993,32.125
9217,46.119469,41.75,0.0498699993,32.125
9218,46.123594,41.75,0.0498699993,32.125
9219,46.128726,41.75,0.0498699993,32.125
9220,46.133879,41.75,0.0498699993,32.125
9221,46.138787,41.75,0.0498699993,32.125
9222,46.144159,41.75,0.0498699993,32.125
9223,46.149055,41.75,0.0498699993,32.125
9224,46.153959,41.75,0.0498699993,32.125
9225,46.159412,41.75,0.0498699993,32.125
9226,46.164317,41.75,0.0498699993,32.125
9227,46.169410,41.75,0.0498699993,32.125
9228,46.173790,41.75,0.0498699993,32.125
9229,46.178699,41.75,0.0498699993,32.125
9230,46.183804,41.75,0.0498699993,32.125
9231,46.188956,41.75,0.0498699993,32.125
9232,46.193862,41.75,0.0498699993,32.125
9233,46.199303,41.75,0.0498699993,32.125
9234,46.204196,41.75,0.0498699993,32.125
9235,46.209320,41.75,0.0498699993,32.125
9236,46.214475,41.75,0.0498699993,32.125
9237,46.219384,41.75,0.0498699993,32.125
9238,46.224762,41.75,0.0498699993,32.125
9239,46.228855,41.75,0.0498699993,32.125
9240,46.233748,41.75,0.0498699993,32.125
9241,46.239200,41.75,0.0498699993,32.125
9242,46.244092,41.75,0.0498699993,32.125
9243,46.249478,41.75,0.0498699993,32.125
9244,46.254373,41.75,0.0498699993,32.125
9245,46.259281,41.75,0.0498699993,32.125
9246,46.264748,41.75,0.0498699993,32.125
9247,46.269638,41.75,0.0498699993,32.125
9248,46.274736,41.75,0.0498699993,32.125
9249,46.279108,41.75,0.0498699993,32.125
9250,46.284004,41.75,0.0498699993,32.125
9251,46.289141,41.75,0.0498699993,32.125
9252,46.294296,41.75,0.0498699993,32.125
9253,46.299205,41.75,0.0498699993,32.125
9254,46.304578,41.75,0.021379998,30.375
9255,46.309477,41.75,0.021379998,30.375
9256,46.314382,41.75,0.021379998,30.375
9257,46.318426,41.75,0.021379998,30.375
9258,46.324665,41.75,0.021379998,30.375
9259,46.329761,41.75,0.021379998,30.375
9260,46.334157,41.75,0.021379998,30.375
9261,46.339056,41.75,0.021379998,30.375
9262,46.344166,41.75,0.021379998,30.375
9263,46.349350,41.75,0.021379998,30.375
9264,46.354255,41.75,0.021379998,30.375
9265,46.359697,41.75,0.021379998,30.375
9266,46.364585,41.75,0.021379998,30.375
9267,46.369696,41.75,0.021379998,30.375
9268,46.373526,41.75,0.021379998,30.375
9269,46.378435,41.75,0.021379998,30.375
9270,46.384399,41.75,0.021379998,30.375
9271,46.389297,41.75,0.021379998,30.375
9272,46.394203,41.75,0.021379998,30.375
9273,46.399624,41.75,0.021379998,30.375
9274,46.404530,41.75,0.021379998,30.375
9275,46.409657,41.75,0.021379998,30.375
9276,46.413461,41.75,0.021379998,30.375
9277,46.418371,41.75,0.021379998,30.375
9278,46.423487,41.75,0.021379998,30.375
9279,46.428646,41.75,0.021379998,30.375
9280,46.433550,41.75,0.021379998,30.375
9281,46.439499,41.75,0.021379998,30.375
9282,46.444394,41.75,0.021379998,30.375
9283,46.449326,41.75,0.021379998,30.375
9284,46.454768,41.75,0.021379998,30.375
9285,46.459663,41.75,0.021379998,30.375
9286,46.464780,41.75,0.021379998,30.375
9287,46.468586,41.75,0.021379998,30.375
9288,46.473492,41.75,0.021379998,30.375
9289,46.478612,41.75,0.021379998,30.375
9290,46.483767,41.75,0.021379998,30.375
9291,46.488675,41.75,0.021379998,30.375
9292,46.494376,41.75,0.021379998,30.375
9293,46.499534,41.75,0.021379998,30.375
9294,46.504440,41.75,0.021379998,30.375
9295,46.509819,41.75,0.021379998,30.375
9296,46.513381,41.75,0.021379998,30.375
9297,46.519615,41.75,0.021379998,30.375
9298,46.523666,41.75,0.021379998,30.375
9299,46.528558,41.75,0.021379998,30.375
9300,46.533463,41.75,0.021379998,30.375
9301,46.538918,41.75,0.021379998,30.375
9302,46.544346,41.75,0.021379998,30.375
9303,46.549454,41.75,0.021379998,30.375
9304,46.554606,41.75,0.021379998,30.375
9305,46.559514,41.75,0.021379998,30.375
9306,46.564868,41.75,0.021379998,30.375
9307,46.568433,41.75,0.021379998,30.375
9308,46.574669,41.75,0.021379998,30.375
9309,46.578716,41.75,0.021379998,30.375
9310,46.583605,41.75,0.021379998,30.375
9311,46.588514,41.75,0.021379998,30.375
9312,46.593967,41.75,0.021379998,30.375
9313,46.599395,41.75,0.021379998,30.375
9314,46.604779,41.75,0.021379998,30.375
9315,46.609687,41.75,0.021379998,30.375
9316,46.614815,41.75,0.021379998,30.375
9317,46.618880,41.75,0.021379998,30.375
9318,46.623785,41.75,0.021379998,30.375
9319,46.628680,41.75,0.021379998,30.375
9320,46.634104,41.75,0.021379998,30.375
9321,46.639000,41.75,0.021379998,30.375
9322,46.644382,41.75,0.021379998,30.375
9323,46.649280,41.75,0.021379998,30.375
9324,46.654210,41.75,0.021379998,30.375
9325,46.660150,41.75,0.021379998,30.375
9326,46.663719,41.75,0.021379998,30.375
9327,46.668610,41.75,0.021379998,30.375
9328,46.674040,41.75,0.021379998,30.375
9329,46.678936,41.75,0.021379998,30.375
9330,46.684071,41.75,0.021379998,30.375
9331,46.689230,41.75,0.021379998,30.375
9332,46.694134,41.75,0.021379998,30.375
9333,46.699507,41.75,0.021379998,30.375
9334,46.704402,41.75,0.021379998,30.375
9335,46.709826,41.75,0.021379998,30.375
9336,46.713862,41.75,0.021379998,30.375
9337,46.718771,41.75,0.021379998,30.375
9338,46.723691,41.75,0.021379998,30.375
9339,46.729114,41.75,0.021379998,30.375
9340,46.734007,41.75,0.021379998,30.375
9341,46.739145,41.75,0.021379998,30.375
9342,46.744300,41.75,0.021379998,30.375
9343,46.749208,41.75,0.021379998,30.375
9344,46.754632,41.75,0.021379998,30.375
9345,46.760065,41.75,0.021379998,30.375
9346,46.763822,41.75,0.021379998,30.375
9347,46.769002,41.75,0.021379998,30.375
9348,46.773907,41.75,0.021379998,30.375
9349,46.779278,41.75,0.021379998,30.375
9350,46.784172,41.75,0.021379998,30.375
9351,46.789079,41.75,0.021379998,30.375
9352,46.794578,41.75,0.021379998,30.375
9353,46.799487,41.75,0.021379998,30.375
9354,46.804604,41.75,0.021379998,30.375
9355,46.808416,41.75,0.021379998,30.375
9356,46.813870,41.75,0.021379998,30.375
9357,46.819264,41.75,0.021379998,30.375
9358,46.824160,41.75,0.021379998,30.375
9359,46.829068,41.75,0.021379998,30.375
9360,46.834514,41.75,0.021379998,30.375
9361,46.839422,41.75,0.021379998,30.375
9362,46.844515,41.75,0.021379998,30.375
9363,46.849702,41.75,0.021379998,30.375
9364,46.854591,41.75,0.021379998,30.375
9365,46.859979,41.75,0.021379998,30.375
9366,46.864103,41.75,0.021379998,30.375
9367,46.868999,41.75,0.021379998,30.375
9368,46.874453,41.75,0.021379998,30.375
9369,46.879362,41.75,0.021379998,30.375
9370,46.884730,41.75,0.021379998,30.375
9371,46.889622,41.75,0.021379998,30.375
9372,46.894552,41.75,0.021379998,30.375
9373,46.898596,41.75,0.021379998,30.375
9374,46.903492,41.75,0.021379998,30.375
9375,46.908400,41.75,0.021379998,30.375
9376,46.913855,41.75,0.021379998,30.375
9377,46.919303,41.75,0.021379998,30.375
9378,46.924437,41.75,0.021379998,30.375
9379,46.929596,41.75,0.021379998,30.375
9380,46.934501,41.75,0.021379998,30.375
9381,46.939879,41.75,0.021379998,30.375
9382,46.943441,41.75,0.021379998,30.375
9383,46.949704,41.75,0.021379998,30.375
9384,46.953752,41.75,0.021379998,30.375
9385,46.958644,41.75,0.021379998,30.375
9386,46.963549,41.75,0.021379998,30.375
9387,46.969502,41.75,0.021379998,30.375
9388,46.974395,41.75,0.021379998,30.375
9389,46.979511,41.75,0.021379998,30.375
9390,46.984683,41.75,0.021379998,30.375
9391,46.989574,41.75,0.021379998,30.375
9392,46.994929,41.75,0.021379998,30.375
9393,46.998494,41.75,0.021379998,30.375
9394,47.003386,41.75,0.021379998,30.375
9395,47.008840,41.75,0.021379998,30.375
9396,47.013733,41.75,0.021379998,30.375
9397,47.019143,41.75,0.021379998,30.375
9398,47.024570,41.75,0.021379998,30.375
9399,47.029503,41.75,0.021379998,30.375
9400,47.033542,41.75,0.021379998,30.375
9401,47.038441,41.75,0.021379998,30.375
9402,47.044874,41.75,0.021379998,30.375
9403,47.048723,41.75,0.021379998,30.375
9404,47.053611,41.75,0.021379998,30.375
9405,47.058743,41.75,0.021379998,30.375
9406,47.067376,41.75,0.021379998,30.375
9407,47.071873,41.75,0.021379998,30.375
9408,47.074299,41.75,0.021379998,30.375
9409,47.079562,41.75,0.021379998,30.375
9410,47.084468,41.75,0.021379998,30.375
9411,47.089864,41.75,0.021379998,30.375
9412,47.093425,41.75,0.021379998,30.375
9413,47.099692,41.75,0.021379998,30.375
9414,47.103712,41.75,0.021379998,30.375
9415,47.108604,41.75,0.021379998,30.375
9416,47.113534,41.75,0.021379998,30.375
9417,47.118964,41.75,0.021379998,30.375
9418,47.123856,41.75,0.021379998,30.375
9419,47.128974,41.75,0.021379998,30.375
9420,47.134695,41.75,0.021379998,30.375
9421,47.139587,41.75,0.021379998,30.375
9422,47.144963,41.75,0.021379998,30.375
9423,47.148528,41.75,0.021379998,30.375
9424,47.153421,41.75,0.021379998,30.375
9425,47.158811,41.75,0.021379998,30.375
9426,47.163717,41.75,0.021379998,30.375
9427,47.168609,41.75,0.021379998,30.375
9428,47.174038,41.75,0.021379998,30.375
9429,47.178934,41.75,0.021379998,30.375
9430,47.184070,41.75,0.021379998,30.375
9431,47.189792,41.75,0.021379998,30.375
9432,47.194684,41.75,0.021379998,30.375
9433,47.198712,43.125,0.021379998,30.375
9434,47.203600,43.125,0.021379998,30.375
9435,47.208509,43.125,0.021379998,30.375
9436,47.213974,43.125,0.021379998,30.375
9437,47.218869,43.125,0.021379998,30.375
9438,47.224253,43.125,0.021379998,30.375
9439,47.229149,43.125,0.021379998,30.375
9440,47.234054,43.125,0.021379998,30.375
9441,47.240020,43.125,0.021379998,30.375
9442,47.243572,43.125,0.021379998,30.375
9443,47.248707,43.125,0.021379998,30.375
9444,47.253858,43.125,0.021379998,30.375
9445,47.258766,43.125,0.021379998,30.375
9446,47.264138,43.125,0.021379998,30.375
9447,47.269038,43.125,0.021379998,30.375
9448,47.274150,43.125,0.021379998,30.375
9449,47.279309,43.125,0.021379998,30.375
9450,47.284214,43.125,0.021379998,30.375
9451,47.289611,43.125,0.021379998,30.375
9452,47.293738,43.125,0.021379998,30.375
9453,47.298630,43.125,0.021379998,30.375
9454,47.304055,43.125,0.021379998,30.375
9455,47.308951,43.125,0.021379998,30.375
9456,47.314086,43.125,0.021379998,30.375
9457,47.319245,43.125,0.021379998,30.375
9458,47.324150,43.125,0.021379998,30.375
9459,47.329573,43.125,0.021379998,30.375
9460,47.334478,43.125,0.021379998,30.375
9461,47.339609,43.125,0.021379998,30.375
9462,47.344063,43.125,0.021379998,30.375
9463,47.348959,43.125,0.021379998,30.375
9464,47.354072,43.125,0.021379998,30.375
9465,47.359256,43.125,0.021379998,30.375
9466,47.364161,43.125,0.021379998,30.375
9467,47.369583,43.125,0.021379998,30.375
9468,47.374489,43.125,0.021379998,30.375
9469,47.379596,43.125,0.021379998,30.375
9470,47.383435,43.125,0.021379998,30.375
9471,47.389687,43.125,0.021379998,30.375
9472,47.393454,43.125,0.021379998,30.375
9473,47.398616,43.125,0.021379998,30.375
9474,47.404087,43.125,0.021379998,30.375
9475,47.409519,43.125,0.021379998,30.375
9476,47.414425,43.125,0.021379998,30.375
9477,47.419785,43.125,0.021379998,30.375
9478,47.424690,43.125,0.021379998,30.375
9479,47.429581,43.125,0.021379998,30.375
9480,47.433626,43.125,0.021379998,30.375
9481,47.438525,43.125,0.021379998,30.375
9482,47.443430,43.125,0.021379998,30.375
9483,47.448885,43.125,0.021379998,30.375
9484,47.454287,43.125,0.021379998,30.375
9485,47.459416,43.125,0.021379998,30.375
9486,47.464572,43.125,0.021379998,30.375
9487,47.469480,43.125,0.021379998,30.375
9488,47.474859,43.125,0.021379998,30.375
9489,47.478425,43.125,0.021379998,30.375
9490,47.484660,43.125,0.021379998,30.375
9491,47.488707,43.125,0.021379998,30.375
9492,47.493596,43.125,0.021379998,30.375
9493,47.498505,43.125,0.021379998,30.375
9494,47.503959,43.125,0.021379998,30.375
9495,47.508855,43.125,0.021379998,30.375
9496,47.513969,43.125,0.021379998,30.375
9497,47.519691,43.125,0.021379998,30.375
9498,47.524580,43.125,0.021379998,30.375
9499,47.528601,43.125,0.021379998,30.375
9500,47.533496,43.125,0.021379998,30.375
9501,47.538405,43.125,0.021379998,30.375
9502,47.543870,43.125,0.021379998,30.375
9503,47.548766,43.125,0.021379998,30.375
9504,47.554149,43.125,0.021379998,30.375
9505,47.559048,43.125,0.021379998,30.375
9506,47.563952,43.125,0.021379998,30.375
9507,47.569898,43.125,0.021379998,30.375
9508,47.573460,43.125,0.021379998,30.375
9509,47.579932,43.125,0.021379998,30.375
9510,47.583753,43.125,0.021379998,30.375
9511,47.588645,43.125,0.00362999737,27.25
9512,47.593741,43.125,0.00362999737,27.25
9513,47.598921,43.125,0.00362999737,27.25
9514,47.603827,43.125,0.00362999737,27.25
9515,47.609318,43.125,0.00362999737,27.25
9516,47.614210,43.125,0.00362999737,27.25
9517,47.619310,43.125,0.00362999737,27.25
9518,47.623693,43.125,0.00362999737,27.25
9519,47.628585,43.125,0.00362999737,27.25
9520,47.633977,43.125,0.00362999737,27.25
9521,47.639066,43.125,0.00362999737,27.25
9522,47.643970,43.125,0.00362999737,27.25
9523,47.649370,43.125,0.00362999737,27.25
9524,47.654265,43.125,0.00362999737,27.25
9525,47.659173,43.125,0.00362999737,27.25
9526,47.664609,43.125,0.00362999737,27.25
9527,47.669518,43.125,0.00362999737,27.25
9528,47.674889,43.125,0.00362999737,27.25
9529,47.679031,43.125,0.00362999737,27.25
9530,47.683923,43.125,0.00362999737,27.25
9531,47.689384,43.125,0.00362999737,27.25
9532,47.694289,43.125,0.00362999737,27.25
9533,47.699406,43.125,0.00362999737,27.25
9534,47.704563,43.125,0.00362999737,27.25
9535,47.709471,43.125,0.00362999737,27.25
9536,47.714850,43.125,0.00362999737,27.25
9537,47.718415,43.125,0.00362999737,27.25
9538,47.724650,43.125,0.00362999737,27.25
9539,47.728722,43.125,0.00362999737,27.25
9540,47.734157,43.125,0.00362999737,27.25
9541,47.739089,43.125,0.00362999737,27.25
9542,47.744630,43.125,0.00362999737,27.25
9543,47.749529,43.125,0.00362999737,27.25
9544,47.754434,43.125,0.00362999737,27.25
9545,47.758493,43.125,0.00362999737,27.25
9546,47.763388,43.125,0.00362999737,27.25
9547,47.769852,43.125,0.00362999737,27.25
9548,47.773673,43.125,0.00362999737,27.25
9549,47.778565,43.125,0.00362999737,27.25
9550,47.783689,43.125,0.00362999737,27.25
9551,47.789392,43.125,0.00362999737,27.25
9552,47.794296,43.125,0.00362999737,27.25
9553,47.799739,43.125,0.00362999737,27.25
9554,47.804627,43.125,0.00362999737,27.25
9555,47.809738,43.125,0.00362999737,27.25
9556,47.813567,43.125,0.00362999737,27.25
9557,47.818477,43.125,0.00362999737,27.25
9558,47.823593,43.125,0.00362999737,27.25
9559,47.828752,43.125,0.00362999737,27.25
9560,47.833641,43.125,0.00362999737,27.25
9561,47.839029,43.125,0.00362999737,27.25
9562,47.844480,43.125,0.00362999737,27.25
9563,47.849616,43.125,0.00362999737,27.25
9564,47.853428,43.125,0.00362999737,27.25
9565,47.859681,43.125,0.00362999737,27.25
9566,47.863462,43.125,0.00362999737,27.25
9567,47.868613,43.125,0.00362999737,27.25
9568,47.873518,43.125,0.00362999737,27.25
9569,47.878897,43.125,0.00362999737,27.25
9570,47.883802,43.125,0.00362999737,27.25
9571,47.888698,43.125,0.00362999737,27.25
9572,47.894632,43.125,0.00362999737,27.25
9573,47.899531,43.125,0.00362999737,27.25
9574,47.904920,43.125,0.00362999737,27.25
9575,47.908485,43.125,0.00362999737,27.25
9576,47.913378,43.125,0.00362999737,27.25
9577,47.918768,43.125,0.00362999737,27.25
9578,47.923673,43.125,0.00362999737,27.25
9579,47.928590,43.125,0.00362999737,27.25
9580,47.934020,43.125,0.00362999737,27.25
9581,47.938916,43.125,0.00362999737,27.25
9582,47.944002,43.125,0.00362999737,27.25
9583,47.949749,43.125,0.00362999737,27.25
9584,47.954637,43.125,0.00362999737,27.25
9585,47.958668,43.125,0.00362999737,27.25
9586,47.963557,43.125,0.00362999737,27.25
9587,47.968678,43.125,0.00362999737,27.25
9588,47.973854,43.125,0.00362999737,27.25
9589,47.978762,43.125,0.00362999737,27.25
9590,47.984205,43.125,0.00362999737,27.25
9591,47.989100,43.125,0.00362999737,27.25
9592,47.994211,43.125,0.00362999737,27.25
9593,47.999934,43.125,0.00362999737,27.25
9594,48.003495,43.125,0.00362999737,27.25
9595,48.008864,43.125,0.00362999737,27.25
9596,48.013769,43.125,0.00362999737,27.25
9597,48.018693,43.125,0.00362999737,27.25
9598,48.024101,43.125,0.00362999737,27.25
9599,48.028997,43.125,0.00362999737,27.25
9600,48.034379,43.125,0.00362999737,27.25
9601,48.039278,43.125,0.00362999737,27.25
9602,48.044183,43.125,0.00362999737,27.25
9603,48.049604,43.125,0.00362999737,27.25
9604,48.053745,43.125,0.00362999737,27.25
9605,48.058664,43.125,0.00362999737,27.25
9606,48.070360,43.125,0.00362999737,27.25
9607,48.072582,43.125,0.00362999737,27.25
9608,48.076474,43.125,0.00362999737,27.25
9609,48.081667,43.125,0.00362999737,27.25
9610,48.086556,43.125,0.00362999737,27.25
9611,48.090605,43.125,0.00362999737,27.25
9612,48.095501,43.125,0.00362999737,27.25
9613,48.100409,43.125,0.00362999737,27.25
9614,48.106347,43.125,0.00362999737,27.25
9615,48.111246,43.125,0.00362999737,27.25
9616,48.116357,43.125,0.00362999737,27.25
9617,48.121537,43.125,0.00362999737,27.25
9618,48.126442,43.125,0.00362999737,27.25
9619,48.131824,43.125,0.00362999737,27.25
9620,48.135386,43.125,0.00362999737,27.25
9621,48.141857,43.125,0.00362999737,27.25
9622,48.145682,43.125,0.00362999737,27.25
9623,48.150574,43.125,0.00362999737,27.25
9624,48.155995,43.125,0.00362999737,27.25
9625,48.161404,43.125,0.00362999737,27.25
9626,48.166309,43.125,0.00362999737,27.25
9627,48.171684,43.125,0.00362999737,27.25
9628,48.176573,43.125,0.00362999737,27.25
9629,48.181481,43.125,0.00362999737,27.25
9630,48.185526,43.125,0.00362999737,27.25
9631,48.190424,43.125,0.00362999737,27.25
9632,48.196864,43.125,0.00362999737,27.25
9633,48.200732,43.125,0.00362999737,27.25
9634,48.205620,43.125,0.00362999737,27.25
9635,48.210737,43.125,0.00362999737,27.25
9636,48.216446,43.125,0.00362999737,27.25
9637,48.221345,43.125,0.00362999737,27.25
9638,48.226712,43.125,0.00362999737,27.25
9639,48.231601,43.125,0.00362999737,27.25
9640,48.236531,43.125,0.00362999737,27.25
9641,48.240575,43.125,0.00362999737,27.25
9642,48.245471,43.125,0.00362999737,27.25
9643,48.250606,43.125,0.00362999737,27.25
9644,48.255757,43.125,0.00362999737,27.25
9645,48.260665,43.125,0.00362999737,27.25
9646,48.266037,43.125,0.00362999737,27.25
9647,48.271496,43.125,0.00362999737,27.25
9648,48.276636,43.125,0.00362999737,27.25
9649,48.280461,43.125,0.00362999737,27.25
9650,48.285367,43.125,0.00362999737,27.25
9651,48.290488,43.125,0.00362999737,27.25
9652,48.295684,43.125,0.00362999737,27.25
9653,48.300576,43.125,0.00362999737,27.25
9654,48.305955,43.125,0.00362999737,27.25
9655,48.310863,43.125,0.00362999737,27.25
9656,48.315756,43.125,0.00362999737,27.25
9657,48.321697,43.125,0.00362999737,27.25
9658,48.326586,43.125,0.00362999737,27.25
9659,48.331975,43.125,0.00362999737,27.25
9660,48.335527,43.125,0.00362999737,27.25
9661,48.340436,43.125,0.00362999737,27.25
9662,48.345890,43.125,0.00362999737,27.25
9663,48.350786,43.125,0.00362999737,27.25
9664,48.355903,43.125,0.00362999737,27.25
9665,48.361077,43.125,0.00362999737,27.25
9666,48.365981,43.125,0.00362999737,27.25
9667,48.371357,43.125,0.00362999737,27.25
9668,48.375464,43.125,0.00362999737,27.25
9669,48.380374,43.125,0.00362999737,27.25
9670,48.385826,43.125,0.00362999737,27.25
9671,48.390722,43.125,0.00362999737,27.25
9672,48.396104,43.125,0.00362999737,27.25
9673,48.401003,43.125,0.00362999737,27.25
9674,48.405908,43.125,0.00362999737,27.25
9675,48.411323,43.125,0.00362999737,27.25
9676,48.416216,43.125,0.00362999737,27.25
9677,48.421330,43.125,0.00362999737,27.25
9678,48.425690,43.125,0.00362999737,27.25
9679,48.430582,43.125,0.00362999737,27.25
9680,48.435971,43.125,0.00362999737,27.25
9681,48.440880,43.125,0.00362999737,27.25
9682,48.445772,43.125,0.00362999737,27.25
9683,48.451209,43.125,0.00362999737,27.25
9684,48.456102,43.125,0.00362999737,27.25
9685,48.461216,43.125,0.00362999737,27.25
9686,48.466396,43.125,0.00362999737,27.25
9687,48.471304,43.125,0.00362999737,27.25
9688,48.476749,43.25,0.00362999737,27.25
9689,48.481638,43.25,0.00362999737,27.25
9690,48.485989,43.25,0.00362999737,27.25
9691,48.491143,43.25,0.00362999737,27.25
9692,48.496048,43.25,0.00362999737,27.25
9693,48.501424,43.25,0.00362999737,27.25
9694,48.506319,43.25,0.00362999737,27.25
9695,48.511252,43.25,0.00362999737,27.25
9696,48.516693,43.25,0.00362999737,27.25
9697,48.521581,43.25,0.00362999737,27.25
9698,48.526708,43.25,0.00362999737,27.25
9699,48.530535,43.25,0.00362999737,27.25
9700,48.535441,43.25,0.00362999737,27.25
9701,48.540562,43.25,0.00362999737,27.25
9702,48.546287,43.25,0.00362999737,27.25
9703,48.551183,43.25,0.00362999737,27.25
9704,48.556573,43.25,0.00362999737,27.25
9705,48.561472,43.25,0.00362999737,27.25
9706,48.566377,43.25,0.00362999737,27.25
9707,48.570446,43.25,0.00362999737,27.25
9708,48.576689,43.25,0.00362999737,27.25
9709,48.580473,43.25,0.00362999737,27.25
9710,48.585628,43.25,0.00362999737,27.25
9711,48.590537,43.25,0.00362999737,27.25
9712,48.595940,43.25,0.00362999737,27.25
9713,48.601360,43.25,0.00362999737,27.25
9714,48.606496,43.25,0.00362999737,27.25
9715,48.611667,43.25,0.00362999737,27.25
9716,48.616556,43.25,0.00362999737,27.25
9717,48.621914,43.25,0.00362999737,27.25
9718,48.625476,43.25,0.00362999737,27.25
9719,48.630371,43.25,0.00362999737,27.25
9720,48.635825,43.25,0.00362999737,27.25
9721,48.640721,43.25,0.00362999737,27.25
9722,48.645810,43.25,0.00362999737,27.25
9723,48.651719,43.25,0.00362999737,27.25
9724,48.656607,43.25,0.00362999737,27.25
9725,48.661996,43.25,0.00362999737,27.25
9726,48.665548,43.25,0.00362999737,27.25
9727,48.670457,43.25,0.00362999737,27.25
9728,48.675911,43.25,0.00362999737,27.25
9729,48.680807,43.25,0.00362999737,27.25
9730,48.686189,43.25,0.00362999737,27.25
9731,48.691086,43.25,0.00362999737,27.25
9732,48.696015,43.25,0.00362999737,27.25
9733,48.701939,43.25,0.00362999737,27.25
9734,48.705500,43.25,0.00362999737,27.25
9735,48.710639,43.25,0.00362999737,27.25
9736,48.715795,43.25,0.00362999737,27.25
9737,48.720703,43.25,0.00362999737,27.25
9738,48.726075,43.25,0.00362999737,27.25
9739,48.730974,43.25,0.00362999737,27.25
9740,48.735904,43.25,0.00362999737,27.25
9741,48.741344,43.25,0.00362999737,27.25
9742,48.746237,43.25,0.00362999737,27.25
9743,48.751658,43.25,0.00362999737,27.25
9744,48.755694,43.25,0.00362999737,27.25
9745,48.760586,43.25,0.00362999737,27.25
9746,48.765516,43.25,0.00362999737,27.25
9747,48.770945,43.25,0.00362999737,27.25
9748,48.775838,43.25,0.00362999737,27.25
9749,48.780746,43.25,0.00362999737,27.25
9750,48.786160,43.25,0.00362999737,27.25
9751,48.791056,43.25,0.00362999737,27.25
9752,48.796438,43.25,0.00362999737,27.25
9753,48.801337,43.25,0.00362999737,27.25
9754,48.806267,43.25,0.00362999737,27.25
9755,48.812214,43.25,0.00362999737,27.25
9756,48.815780,43.25,0.00362999737,27.25
9757,48.820914,43.25,0.00362999737,27.25
9758,48.826069,43.25,0.00362999737,27.25
9759,48.830976,43.25,0.00362999737,27.25
9760,48.836349,43.25,0.00362999737,27.25
9761,48.841247,43.25,0.00362999737,27.25
9762,48.846152,43.25,0.00362999737,27.25
9763,48.851574,43.25,0.00362999737,27.25
9764,48.856480,43.25,0.00362999737,27.25
9765,48.861600,43.25,0.00362999737,27.25
9766,48.865936,43.25,-0.00177999958,24
9767,48.870844,43.25,-0.00177999958,24
9768,48.875970,43.25,-0.00177999958,24
9769,48.881193,43.25,-0.00177999958,24
9770,48.886098,43.25,-0.00177999958,24
9771,48.891473,43.25,-0.00177999958,24
9772,48.896369,43.25,-0.00177999958,24
9773,48.901277,43.25,-0.00177999958,24
9774,48.906721,43.25,-0.00177999958,24
9775,48.911609,43.25,-0.00177999958,24
9776,48.916731,43.25,-0.00177999958,24
9777,48.921053,43.25,-0.00177999958,24
9778,48.925948,43.25,-0.00177999958,24
9779,48.931334,43.25,-0.00177999958,24
9780,48.936227,43.25,-0.00177999958,24
9781,48.941135,43.25,-0.00177999958,24
9782,48.946559,43.25,-0.00177999958,24
9783,48.951468,43.25,-0.00177999958,24
9784,48.956585,43.25,-0.00177999958,24
9785,48.960396,43.25,-0.00177999958,24
9786,48.966629,43.25,-0.00177999958,24
9787,48.971997,43.25,-0.00177999958,24
9788,48.976120,43.25,-0.00177999958,24
9789,48.981016,43.25,-0.00177999958,24
9790,48.986448,43.25,-0.00177999958,24
9791,48.991357,43.25,-0.00177999958,24
9792,48.996728,43.25,-0.00177999958,24
9793,49.001617,43.25,-0.00177999958,24
9794,49.006522,43.25,-0.00177999958,24
9795,49.010591,43.25,-0.00177999958,24
9796,49.015487,43.25,-0.00177999958,24
9797,49.020395,43.25,-0.00177999958,24
9798,49.026348,43.25,-0.00177999958,24
9799,49.031246,43.25,-0.00177999958,24
9800,49.036603,43.25,-0.00177999958,24
9801,49.041502,43.25,-0.00177999958,24
9802,49.046641,43.25,-0.00177999958,24
9803,49.050452,43.25,-0.00177999958,24
9804,49.056705,43.25,-0.00177999958,24
9805,49.060478,43.25,-0.00177999958,24
9806,49.072369,43.25,-0.00177999958,24
9807,49.074775,43.25,-0.00177999958,24
9808,49.078673,43.25,-0.00177999958,24
9809,49.082790,43.25,-0.00177999958,24
9810,49.087685,43.25,-0.00177999958,24
9811,49.093110,43.25,-0.00177999958,24
9812,49.098006,43.25,-0.00177999958,24
9813,49.103389,43.25,-0.00177999958,24
9814,49.108286,43.25,-0.00177999958,24
9815,49.113215,43.25,-0.00177999958,24
9816,49.118683,43.25,-0.00177999958,24
9817,49.123572,43.25,-0.00177999958,24
9818,49.128692,43.25,-0.00177999958,24
9819,49.132501,43.25,-0.00177999958,24
9820,49.137927,43.25,-0.00177999958,24
9821,49.143052,43.25,-0.00177999958,24
9822,49.148210,43.25,-0.00177999958,24
9823,49.153115,43.25,-0.00177999958,24
9824,49.158488,43.25,-0.00177999958,24
9825,49.163384,43.25,-0.00177999958,24
9826,49.168292,43.25,-0.00177999958,24
9827,49.173733,43.25,-0.00177999958,24
9828,49.178624,43.25,-0.00177999958,24
9829,49.183745,43.25,-0.00177999958,24
9830,49.187554,43.25,-0.00177999958,24
9831,49.192460,43.25,-0.00177999958,24
9832,49.197600,43.25,-0.00177999958,24
9833,49.203327,43.25,-0.00177999958,24
9834,49.208222,43.25,-0.00177999958,24
9835,49.213638,43.25,-0.00177999958,24
9836,49.218547,43.25,-0.00177999958,24
9837,49.223681,43.25,-0.00177999958,24
9838,49.227490,43.25,-0.00177999958,24
9839,49.232396,43.25,-0.00177999958,24
9840,49.237512,43.25,-0.00177999958,24
9841,49.242683,43.25,-0.00177999958,24
9842,49.247575,43.25,-0.00177999958,24
9843,49.252930,43.25,-0.00177999958,24
9844,49.258377,43.25,-0.00177999958,24
9845,49.263282,43.25,-0.00177999958,24
9846,49.268743,43.25,-0.00177999958,24
9847,49.273631,43.25,-0.00177999958,24
9848,49.277415,43.25,-0.00177999958,24
9849,49.282604,43.25,-0.00177999958,24
9850,49.287512,43.25,-0.00177999958,24
9851,49.292866,43.25,-0.00177999958,24
9852,49.297775,43.25,-0.00177999958,24
9853,49.302667,43.25,-0.00177999958,24
9854,49.308601,43.25,-0.00177999958,24
9855,49.313497,43.25,-0.00177999958,24
9856,49.318889,43.25,-0.00177999958,24
9857,49.322451,43.25,-0.00177999958,24
9858,49.327347,43.25,-0.00177999958,24
9859,49.332876,43.25,-0.00177999958,24
9860,49.337771,43.25,-0.00177999958,24
9861,49.343154,43.25,-0.00177999958,24
9862,49.348050,43.25,-0.00177999958,24
9863,49.353167,43.25,-0.00177999958,24
9864,49.358324,43.25,-0.00177999958,24
9865,49.362453,43.25,-0.00177999958,24
9866,49.367908,43.25,-0.00177999958,24
9867,49.372813,43.25,-0.00177999958,24
9868,49.377733,43.25,-0.00177999958,24
9869,49.383146,43.25,-0.00177999958,24
9870,49.388041,43.25,-0.00177999958,24
9871,49.393152,43.25,-0.00177999958,24
9872,49.398335,43.25,-0.00177999958,24
9873,49.403240,43.25,-0.00177999958,24
9874,49.408682,43.25,-0.00177999958,24
9875,49.412752,43.25,-0.00177999958,24
9876,49.417850,43.25,-0.00177999958,24
9877,49.423030,43.25,-0.00177999958,24
9878,49.427937,43.25,-0.00177999958,24
9879,49.433310,43.25,-0.00177999958,24
9880,49.438208,43.25,-0.00177999958,24
9881,49.443113,43.25,-0.00177999958,24
9882,49.448560,43.25,-0.00177999958,24
9883,49.453465,43.25,-0.00177999958,24
9884,49.458561,43.25,-0.00177999958,24
9885,49.462421,43.25,-0.00177999958,24
9886,49.467865,43.25,-0.00177999958,24
9887,49.473246,43.25,-0.00177999958,24
9888,49.478144,43.25,-0.00177999958,24
9889,49.483049,43.25,-0.00177999958,24
9890,49.488474,43.25,-0.00177999958,24
9891,49.493379,43.25,-0.00177999958,24
9892,49.498511,43.25,-0.00177999958,24
9893,49.502349,43.25,-0.00177999958,24
9894,49.508585,43.25,-0.00177999958,24
9895,49.513988,43.25,-0.00177999958,24
9896,49.518085,43.25,-0.00177999958,24
9897,49.522977,43.25,-0.00177999958,24
9898,49.528434,43.25,-0.00177999958,24
9899,49.533340,43.25,-0.00177999958,24
9900,49.538457,43.25,-0.00177999958,24
9901,49.543613,43.25,-0.00177999958,24
9902,49.548522,43.25,-0.00177999958,24
9903,49.553875,43.25,-0.00177999958,24
9904,49.557440,43.25,-0.00177999958,24
9905,49.563675,43.25,-0.00177999958,24
9906,49.567772,43.25,-0.00177999958,24
9907,49.573207,43.25,-0.00177999958,24
9908,49.578343,43.25,-0.00177999958,24
9909,49.583498,43.25,-0.00177999958,24
9910,49.588407,43.25,-0.00177999958,24
9911,49.593760,43.25,-0.00177999958,24
9912,49.598669,43.25,-0.00177999958,24
9913,49.603781,43.25,-0.00177999958,24
9914,49.607606,43.25,-0.00177999958,24
9915,49.612512,43.25,-0.00177999958,24
9916,49.617604,43.25,-0.00177999958,24
9917,49.623353,43.25,-0.00177999958,24
9918,49.628248,43.25,-0.00177999958,24
9919,49.633614,43.25,-0.00177999958,24
9920,49.638513,43.25,-0.00177999958,24
9921,49.643418,43.25,-0.00177999958,24
9922,49.647488,43.25,-0.00177999958,24
9923,49.652383,43.25,-0.00177999958,24
9924,49.658847,43.25,-0.00177999958,24
9925,49.662891,43.25,-0.00177999958,24
9926,49.667800,43.25,-0.00177999958,24
9927,49.673249,43.25,-0.00177999958,24
9928,49.678711,43.25,-0.00177999958,24
9929,49.683599,43.25,-0.00177999958,24
9930,49.688970,43.25,-0.00177999958,24
9931,49.692532,43.25,-0.00177999958,24
9932,49.697428,43.25,-0.00177999958,24
9933,49.702883,43.25,-0.00177999958,24
9934,49.707778,43.25,-0.00177999958,24
9935,49.712892,43.25,-0.00177999958,24
9936,49.718047,43.25,-0.00177999958,24
9937,49.722951,43.25,-0.00177999958,24
9938,49.728882,43.25,-0.00177999958,24
9939,49.732444,43.25,-0.00177999958,24
9940,49.737561,43.25,-0.00177999958,24
9941,49.742718,43.25,-0.00177999958,24
9942,49.747610,43.25,-0.00177999958,24
9943,49.752975,42.5,-0.00177999958,24
9944,49.757874,42.5,-0.00177999958,24
9945,49.762779,42.5,-0.00177999958,24
9946,49.768244,42.5,-0.00177999958,24
9947,49.773137,42.5,-0.00177999958,24
9948,49.778248,42.5,-0.00177999958,24
9949,49.783943,42.5,-0.00177999958,24
9950,49.787509,42.5,-0.00177999958,24
9951,49.792864,42.5,-0.00177999958,24
9952,49.797773,42.5,-0.00177999958,24
9953,49.802895,42.5,-0.00177999958,24
9954,49.808053,42.5,-0.00177999958,24
9955,49.812957,42.5,-0.00177999958,24
9956,49.818330,42.5,-0.00177999958,24
9957,49.823226,42.5,-0.00177999958,24
9958,49.828134,42.5,-0.00177999958,24
9959,49.833580,42.5,-0.00177999958,24
9960,49.837724,42.5,-0.00177999958,24
9961,49.842612,42.5,-0.00177999958,24
9962,49.848066,42.5,-0.00177999958,24
9963,49.852958,42.5,-0.00177999958,24
9964,49.857892,42.5,-0.00177999958,24
9965,49.863327,42.5,-0.00177999958,24
9966,49.868222,42.5,-0.00177999958,24
9967,49.873333,42.5,-0.00177999958,24
9968,49.878516,42.5,-0.00177999958,24
9969,49.883422,42.5,-0.00177999958,24
9970,49.888546,42.5,-0.00177999958,24
9971,49.892886,42.5,-0.00177999958,24
9972,49.897795,42.5,-0.00177999958,24
9973,49.903156,42.5,-0.00177999958,24
9974,49.908052,42.5,-0.00177999958,24
9975,49.912956,42.5,-0.00177999958,24
9976,49.918366,42.5,-0.00177999958,24
9977,49.923271,42.5,-0.00177999958,24
9978,49.928661,42.5,-0.00177999958,24
9979,49.933549,42.5,-0.00177999958,24
9980,49.938459,42.5,-0.00177999958,24
9981,49.942502,42.5,-0.00177999958,24
9982,49.947974,42.5,-0.00177999958,24
9983,49.953108,42.5,-0.00177999958,24
9984,49.958262,42.5,-0.00177999958,24
9985,49.963168,42.5,-0.00177999958,24
9986,49.968590,42.5,-0.00177999958,24
9987,49.973496,42.5,-0.00177999958,24
9988,49.978627,42.5,-0.00177999958,24
9989,49.982439,42.5,-0.00177999958,24
9990,49.987347,42.5,-0.00177999958,24
9991,49.992464,42.5,-0.00177999958,24
9992,49.997623,42.5,-0.00177999958,24
9993,50.002529,42.5,-0.00177999958,24
9994,50.008476,42.5,-0.00177999958,24
9995,50.013371,42.5,-0.00177999958,24
9996,50.018487,42.5,-0.00177999958,24
9997,50.023644,42.5,-0.00177999958,24
9998,50.028551,42.5,-0.00177999958,24
9999,50.032598,42.5,-0.00177999958,24
10000,50.037496,42.5,-0.00177999958,24
10001,50.042402,42.5,-0.00177999958,24
10002,50.047845,42.5,-0.00177999958,24
10003,50.052738,42.5,-0.00177999958,24
10004,50.057880,42.5,-0.00177999958,24
10005,50.063579,42.5,-0.00177999958,24
10006,50.072139,42.5,-0.00177999958,24
10007,50.074464,42.5,-0.00177999958,24
10008,50.078320,42.5,-0.00177999958,24
10009,50.083213,42.5,-0.00177999958,24
10010,50.088326,42.5,-0.00177999958,24
10011,50.093506,42.5,-0.00177999958,24
10012,50.098415,42.5,-0.00177999958,24
10013,50.103768,42.5,-0.00177999958,24
10014,50.108676,42.5,-0.00177999958,24
10015,50.113565,42.5,-0.00177999958,24
10016,50.117610,42.5,-0.00177999958,24
10017,50.123075,42.5,-0.00177999958,24
10018,50.128211,42.5,-0.00177999958,24
10019,50.133367,42.5,-0.00177999958,24
10020,50.138275,42.5,-0.00177999958,24
10021,50.143715,42.5,-0.00177999958,24
10022,50.148607,42.5,0.00252000056,21.5
10023,50.153741,42.5,0.00252000056,21.5
10024,50.157549,42.5,0.00252000056,21.5
10025,50.162456,42.5,0.00252000056,21.5
10026,50.167376,42.5,0.00252000056,21.5
10027,50.173302,42.5,0.00252000056,21.5
10028,50.178201,42.5,0.00252000056,21.5
10029,50.183633,42.5,0.00252000056,21.5
10030,50.188531,42.5,0.00252000056,21.5
10031,50.193437,42.5,0.00252000056,21.5
10032,50.197481,42.5,0.00252000056,21.5
10033,50.202377,42.5,0.00252000056,21.5
10034,50.208840,42.5,0.00252000056,21.5
10035,50.212645,42.5,0.00252000056,21.5
10036,50.217553,42.5,0.00252000056,21.5
10037,50.222674,42.5,0.00252000056,21.5
10038,50.227833,42.5,0.00252000056,21.5
10039,50.233273,42.5,0.00252000056,21.5
10040,50.238728,42.5,0.00252000056,21.5
10041,50.243616,42.5,0.00252000056,21.5
10042,50.248727,42.5,0.00252000056,21.5
10043,50.252556,42.5,0.00252000056,21.5
10044,50.257465,42.5,0.00252000056,21.5
10045,50.262837,42.5,0.00252000056,21.5
10046,50.267745,42.5,0.00252000056,21.5
10047,50.272666,42.5,0.00252000056,21.5
10048,50.278127,42.5,0.00252000056,21.5
10049,50.283526,42.5,0.00252000056,21.5
10050,50.288713,42.5,0.00252000056,21.5
10051,50.292542,42.5,0.00252000056,21.5
10052,50.297451,42.5,0.00252000056,21.5
10053,50.302822,42.5,0.00252000056,21.5
10054,50.307731,42.5,0.00252000056,21.5
10055,50.312644,42.5,0.00252000056,21.5
10056,50.318063,42.5,0.00252000056,21.5
10057,50.322955,42.5,0.00252000056,21.5
10058,50.328091,42.5,0.00252000056,21.5
10059,50.333246,42.5,0.00252000056,21.5
10060,50.338154,42.5,0.00252000056,21.5
10061,50.342479,42.5,0.00252000056,21.5
10062,50.347638,42.5,0.00252000056,21.5
10063,50.352543,42.5,0.00252000056,21.5
10064,50.357921,42.5,0.00252000056,21.5
10065,50.362827,42.5,0.00252000056,21.5
10066,50.367722,42.5,0.00252000056,21.5
10067,50.373208,42.5,0.00252000056,21.5
10068,50.378104,42.5,0.00252000056,21.5
10069,50.383218,42.5,0.00252000056,21.5
10070,50.388373,42.5,0.00252000056,21.5
10071,50.392455,42.5,0.00252000056,21.5
10072,50.397559,42.5,0.00252000056,21.5
10073,50.402734,42.5,0.00252000056,21.5
10074,50.407626,42.5,0.00252000056,21.5
10075,50.412992,42.5,0.00252000056,21.5
10076,50.417891,42.5,0.00252000056,21.5
10077,50.422820,42.5,0.00252000056,21.5
10078,50.428261,42.5,0.00252000056,21.5
10079,50.433154,42.5,0.00252000056,21.5
10080,50.438289,42.5,0.00252000056,21.5
10081,50.443445,42.5,0.00252000056,21.5
10082,50.447552,42.5,0.00252000056,21.5
10083,50.452931,42.5,0.00252000056,21.5
10084,50.457841,42.5,0.00252000056,21.5
10085,50.462733,42.5,0.00252000056,21.5
10086,50.468182,42.5,0.00252000056,21.5
10087,50.473075,42.5,0.00252000056,21.5
10088,50.478176,42.5,0.00252000056,21.5
10089,50.483356,42.5,0.00252000056,21.5
10090,50.488264,42.5,0.00252000056,21.5
10091,50.493611,42.5,0.00252000056,21.5
10092,50.499020,42.5,0.00252000056,21.5
10093,50.502571,42.5,0.00252000056,21.5
10094,50.508008,42.5,0.00252000056,21.5
10095,50.512900,42.5,0.00252000056,21.5
10096,50.518012,42.5,0.00252000056,21.5
10097,50.523192,42.5,0.00252000056,21.5
10098,50.528100,42.5,0.00252000056,21.5
10099,50.533472,42.5,0.00252000056,21.5
10100,50.538371,42.5,0.00252000056,21.5
10101,50.543275,42.5,0.00252000056,21.5
10102,50.548716,42.5,0.00252000056,21.5
10103,50.553605,42.5,0.00252000056,21.5
10104,50.557975,42.5,0.00252000056,21.5
10105,50.563128,42.5,0.00252000056,21.5
10106,50.568037,42.5,0.00252000056,21.5
10107,50.573408,42.5,0.00252000056,21.5
10108,50.578305,42.5,0.00252000056,21.5
10109,50.583211,42.5,0.00252000056,21.5
10110,50.588636,42.5,0.00252000056,21.5
10111,50.593541,42.5,0.00252000056,21.5
10112,50.598634,42.5,0.00252000056,21.5
10113,50.602473,42.5,0.00252000056,21.5
10114,50.607899,42.5,0.00252000056,21.5
10115,50.613022,42.5,0.00252000056,21.5
10116,50.618180,42.5,0.00252000056,21.5
10117,50.623085,42.5,0.00252000056,21.5
10118,50.628457,42.5,0.00252000056,21.5
10119,50.633353,42.5,0.00252000056,21.5
10120,50.638261,42.5,0.00252000056,21.5
10121,50.643727,42.5,0.00252000056,21.5
10122,50.648618,42.5,0.00252000056,21.5
10123,50.653720,42.5,0.00252000056,21.5
10124,50.657573,42.5,0.00252000056,21.5
10125,50.662479,42.5,0.00252000056,21.5
10126,50.668171,42.5,0.00252000056,21.5
10127,50.673326,42.5,0.00252000056,21.5
10128,50.678235,42.5,0.00252000056,21.5
10129,50.683688,42.5,0.00252000056,21.5
10130,50.687477,42.5,0.00252000056,21.5
10131,50.692383,42.5,0.00252000056,21.5
10132,50.697522,42.5,0.00252000056,21.5
10133,50.702696,42.5,0.00252000056,21.5
10134,50.707587,42.5,0.00252000056,21.5
10135,50.712719,42.5,0.00252000056,21.5
10136,50.717869,42.5,0.00252000056,21.5
10137,50.723271,42.5,0.00252000056,21.5
10138,50.728704,42.5,0.00252000056,21.5
10139,50.733593,42.5,0.00252000056,21.5
10140,50.738502,42.5,0.00252000056,21.5
10141,50.742545,42.5,0.00252000056,21.5
10142,50.747444,42.5,0.00252000056,21.5
10143,50.752521,42.5,0.00252000056,21.5
10144,50.757982,42.5,0.00252000056,21.5
10145,50.762875,42.5,0.00252000056,21.5
10146,50.767990,42.5,0.00252000056,21.5
10147,50.773698,42.5,0.00252000056,21.5
10148,50.778590,42.5,0.00252000056,21.5
10149,50.783975,42.5,0.00252000056,21.5
10150,50.787531,42.5,0.00252000056,21.5
10151,50.792436,42.5,0.00252000056,21.5
10152,50.797893,42.5,0.00252000056,21.5
10153,50.802786,42.5,0.00252000056,21.5
10154,50.807925,42.5,0.00252000056,21.5
10155,50.813077,42.5,0.00252000056,21.5
10156,50.817985,42.5,0.00252000056,21.5
10157,50.823357,42.5,0.00252000056,21.5
10158,50.827471,42.5,0.00252000056,21.5
10159,50.832376,42.5,0.00252000056,21.5
10160,50.837829,42.5,0.00252000056,21.5
10161,50.842722,42.5,0.00252000056,21.5
10162,50.847864,42.5,0.00252000056,21.5
10163,50.853013,42.5,0.00252000056,21.5
10164,50.857921,42.5,0.00252000056,21.5
10165,50.863293,42.5,0.00252000056,21.5
10166,50.868192,42.5,0.00252000056,21.5
10167,50.873121,42.5,0.00252000056,21.5
10168,50.879060,42.5,0.00252000056,21.5
10169,50.882612,42.5,0.00252000056,21.5
10170,50.887722,42.5,0.00252000056,21.5
10171,50.892898,42.5,0.00252000056,21.5
10172,50.897807,42.5,0.00252000056,21.5
10173,50.903179,42.5,0.00252000056,21.5
10174,50.908075,42.5,0.00252000056,21.5
10175,50.912979,42.5,0.00252000056,21.5
10176,50.918382,42.5,0.00252000056,21.5
10177,50.923288,42.5,0.00252000056,21.5
10178,50.928683,42.5,0.00252000056,21.5
10179,50.932801,42.5,0.00252000056,21.5
10180,50.937696,42.5,0.00252000056,21.5
10181,50.943146,42.5,0.00252000056,21.5
10182,50.948041,42.5,0.00252000056,21.5
10183,50.953150,42.5,0.00252000056,21.5
10184,50.958335,42.5,0.00252000056,21.5
10185,50.963240,42.5,0.00252000056,21.5
10186,50.968613,42.5,0.00252000056,21.5
10187,50.973508,42.5,0.00252000056,21.5
10188,50.978441,42.5,0.00252000056,21.5
10189,50.982486,42.5,0.00252000056,21.5
10190,50.987957,42.5,0.00252000056,21.5
10191,50.993088,42.5,0.00252000056,21.5
10192,50.998245,42.5,0.00252000056,21.5
10193,51.003151,42.5,0.00252000056,21.5
10194,51.008523,42.5,0.00252000056,21.5
10195,51.013419,42.5,0.00252000056,21.5
10196,51.018328,42.5,0.00252000056,21.5
10197,51.022396,42.5,0.00252000056,21.5
10198,51.028634,41.375,0.00252000056,21.5
10199,51.032398,41.375,0.00252000056,21.5
10200,51.038151,41.375,0.00252000056,21.5
10201,51.043044,41.375,0.00252000056,21.5
10202,51.048434,41.375,0.00252000056,21.5
10203,51.053329,41.375,0.00252000056,21.5
10204,51.058238,41.375,0.00252000056,21.5
10205,51.063678,41.375,0.00252000056,21.5
10206,51.073718,41.375,0.00252000056,21.5
10207,51.076041,41.375,0.00252000056,21.5
10208,51.079891,41.375,0.00252000056,21.5
10209,51.084783,41.375,0.00252000056,21.5
10210,51.089903,41.375,0.00252000056,21.5
10211,51.094229,41.375,0.00252000056,21.5
10212,51.099128,41.375,0.00252000056,21.5
10213,51.104262,41.375,0.00252000056,21.5
10214,51.109421,41.375,0.00252000056,21.5
10215,51.114327,41.375,0.00252000056,21.5
10216,51.119476,41.375,0.00252000056,21.5
10217,51.124632,41.375,0.00252000056,21.5
10218,51.129540,41.375,0.00252000056,21.5
10219,51.134919,41.375,0.00252000056,21.5
10220,51.139828,41.375,0.00252000056,21.5
10221,51.144720,41.375,0.00252000056,21.5
10222,51.148792,41.375,0.00252000056,21.5
10223,51.154253,41.375,0.00252000056,21.5
10224,51.159379,41.375,0.00252000056,21.5
10225,51.164542,41.375,0.00252000056,21.5
10226,51.169451,41.375,0.00252000056,21.5
10227,51.174805,41.375,0.00252000056,21.5
10228,51.179714,41.375,0.00252000056,21.5
10229,51.184602,41.375,0.00252000056,21.5
10230,51.190042,41.375,0.00252000056,21.5
10231,51.194934,41.375,0.00252000056,21.5
10232,51.200073,41.375,0.00252000056,21.5
10233,51.204453,41.375,0.00252000056,21.5
10234,51.209352,41.375,0.00252000056,21.5
10235,51.214486,41.375,0.00252000056,21.5
10236,51.219645,41.375,0.00252000056,21.5
10237,51.224549,41.375,0.00252000056,21.5
10238,51.229929,41.375,0.00252000056,21.5
10239,51.234835,41.375,0.00252000056,21.5
10240,51.239730,41.375,0.00252000056,21.5
10241,51.243802,41.375,0.00252000056,21.5
10242,51.248711,41.375,0.00252000056,21.5
10243,51.255172,41.375,0.00252000056,21.5
10244,51.259502,41.375,0.00252000056,21.5
10245,51.264395,41.375,0.00252000056,21.5
10246,51.269790,41.375,0.00252000056,21.5
10247,51.274695,41.375,0.00252000056,21.5
10248,51.279586,41.375,0.00252000056,21.5
10249,51.285027,41.375,0.00252000056,21.5
10250,51.289922,41.375,0.00252000056,21.5
10251,51.295058,41.375,0.00252000056,21.5
10252,51.298887,41.375,0.00252000056,21.5
10253,51.303779,41.375,0.00252000056,21.5
10254,51.309197,41.375,0.00252000056,21.5
10255,51.314637,41.375,0.00252000056,21.5
10256,51.319545,41.375,0.00252000056,21.5
10257,51.324635,41.375,0.00252000056,21.5
10258,51.329819,41.375,0.00252000056,21.5
10259,51.334724,41.375,0.00252000056,21.5
10260,51.338776,41.375,0.00252000056,21.5
10261,51.343681,41.375,0.00252000056,21.5
10262,51.350133,41.375,0.00252000056,21.5
10263,51.353960,41.375,0.00252000056,21.5
10264,51.358856,41.375,0.00252000056,21.5
10265,51.363974,41.375,0.00252000056,21.5
10266,51.369695,41.375,0.00252000056,21.5
10267,51.374584,41.375,0.00252000056,21.5
10268,51.380002,41.375,0.00252000056,21.5
10269,51.384895,41.375,0.00252000056,21.5
10270,51.390021,41.375,0.00252000056,21.5
10271,51.393847,41.375,0.00252000056,21.5
10272,51.398743,41.375,0.00252000056,21.5
10273,51.404103,41.375,0.00252000056,21.5
10274,51.409003,41.375,0.00252000056,21.5
10275,51.413908,41.375,0.00252000056,21.5
10276,51.419878,41.375,0.00252000056,21.5
10277,51.424783,41.375,0.00252000056,21.5
10278,51.430177,41.375,0.0120099988,20.125
10279,51.433743,41.375,0.0120099988,20.125
10280,51.438634,41.375,0.0120099988,20.125
10281,51.444025,41.375,0.0120099988,20.125
10282,51.448924,41.375,0.0120099988,20.125
10283,51.453829,41.375,0.0120099988,20.125
10284,51.459284,41.375,0.0120099988,20.125
10285,51.464177,41.375,0.0120099988,20.125
10286,51.469615,41.375,0.0120099988,20.125
10287,51.475023,41.375,0.0120099988,20.125
10288,51.479918,41.375,0.0120099988,20.125
10289,51.485030,41.375,0.0120099988,20.125
10290,51.488857,41.375,0.0120099988,20.125
10291,51.493750,41.375,0.0120099988,20.125
10292,51.499139,41.375,0.0120099988,20.125
10293,51.504032,41.375,0.0120099988,20.125
10294,51.508939,41.375,0.0120099988,20.125
10295,51.514370,41.375,0.0120099988,20.125
10296,51.519278,41.375,0.0120099988,20.125
10297,51.524414,41.375,0.0120099988,20.125
10298,51.528750,41.375,0.0120099988,20.125
10299,51.533639,41.375,0.0120099988,20.125
10300,51.539024,41.375,0.0120099988,20.125
10301,51.543920,41.375,0.0120099988,20.125
10302,51.548828,41.375,0.0120099988,20.125
10303,51.554269,41.375,0.0120099988,20.125
10304,51.559165,41.375,0.0120099988,20.125
10305,51.564300,41.375,0.0120099988,20.125
10306,51.569459,41.375,0.0120099988,20.125
10307,51.574365,41.375,0.0120099988,20.125
10308,51.580390,41.375,0.0120099988,20.125
10309,51.583957,41.375,0.0120099988,20.125
10310,51.589073,41.375,0.0120099988,20.125
10311,51.594228,41.375,0.0120099988,20.125
10312,51.599135,41.375,0.0120099988,20.125
10313,51.604508,41.375,0.0120099988,20.125
10314,51.609407,41.375,0.0120099988,20.125
10315,51.614312,41.375,0.0120099988,20.125
10316,51.619753,41.375,0.0120099988,20.125
10317,51.624641,41.375,0.0120099988,20.125
10318,51.629763,41.375,0.0120099988,20.125
10319,51.634914,41.375,0.0120099988,20.125
10320,51.638996,41.375,0.0120099988,20.125
10321,51.644122,41.375,0.0120099988,20.125
10322,51.649280,41.375,0.0120099988,20.125
10323,51.654185,41.375,0.0120099988,20.125
10324,51.659558,41.375,0.0120099988,20.125
10325,51.664453,41.375,0.0120099988,20.125
10326,51.669361,41.375,0.0120099988,20.125
10327,51.674802,41.375,0.0120099988,20.125
10328,51.679697,41.375,0.0120099988,20.125
10329,51.685081,41.375,0.0120099988,20.125
10330,51.688636,41.375,0.0120099988,20.125
10331,51.694908,41.375,0.0120099988,20.125
10332,51.698960,41.375,0.0120099988,20.125
10333,51.704605,41.375,0.0120099988,20.125
10334,51.709513,41.375,0.0120099988,20.125
10335,51.714900,41.375,0.0120099988,20.125
10336,51.719809,41.375,0.0120099988,20.125
10337,51.724701,41.375,0.0120099988,20.125
10338,51.728737,41.375,0.0120099988,20.125
10339,51.733626,41.375,0.0120099988,20.125
10340,51.738762,41.375,0.0120099988,20.125
10341,51.743912,41.375,0.0120099988,20.125
10342,51.748821,41.375,0.0120099988,20.125
10343,51.754193,41.375,0.0120099988,20.125
10344,51.759666,41.375,0.0120099988,20.125
10345,51.764780,41.375,0.0120099988,20.125
10346,51.769935,41.375,0.0120099988,20.125
10347,51.774841,41.375,0.0120099988,20.125
10348,51.780216,41.375,0.0120099988,20.125
10349,51.783782,41.375,0.0120099988,20.125
10350,51.788677,41.375,0.0120099988,20.125
10351,51.794109,41.375,0.0120099988,20.125
10352,51.799005,41.375,0.0120099988,20.125
10353,51.804388,41.375,0.0120099988,20.125
10354,51.809866,41.375,0.0120099988,20.125
10355,51.814787,41.375,0.0120099988,20.125
10356,51.818793,41.375,0.0120099988,20.125
10357,51.823698,41.375,0.0120099988,20.125
10358,51.830163,41.375,0.0120099988,20.125
10359,51.833992,41.375,0.0120099988,20.125
10360,51.838888,41.375,0.0120099988,20.125
10361,51.844274,41.375,0.0120099988,20.125
10362,51.849173,41.375,0.0120099988,20.125
10363,51.854078,41.375,0.0120099988,20.125
10364,51.859523,41.375,0.0120099988,20.125
10365,51.864428,41.375,0.0120099988,20.125
10366,51.870150,41.375,0.0120099988,20.125
10367,51.873977,41.375,0.0120099988,20.125
10368,51.878873,41.375,0.0120099988,20.125
10369,51.883990,41.375,0.0120099988,20.125
10370,51.889146,41.375,0.0120099988,20.125
10371,51.894051,41.375,0.0120099988,20.125
10372,51.899423,41.375,0.0120099988,20.125
10373,51.904318,41.375,0.0120099988,20.125
10374,51.909227,41.375,0.0120099988,20.125
10375,51.914664,41.375,0.0120099988,20.125
10376,51.919556,41.375,0.0120099988,20.125
10377,51.924952,41.375,0.0120099988,20.125
10378,51.929045,41.375,0.0120099988,20.125
10379,51.933937,41.375,0.0120099988,20.125
10380,51.939377,41.375,0.0120099988,20.125
10381,51.944281,41.375,0.0120099988,20.125
10382,51.949421,41.375,0.0120099988,20.125
10383,51.954576,41.375,0.0120099988,20.125
10384,51.959485,41.375,0.0120099988,20.125
10385,51.964926,41.375,0.0120099988,20.125
10386,51.969821,41.375,0.0120099988,20.125
10387,51.974951,41.375,0.0120099988,20.125
10388,51.979273,41.375,0.0120099988,20.125
10389,51.984169,41.375,0.0120099988,20.125
10390,51.989554,41.375,0.0120099988,20.125
10391,51.994449,41.375,0.0120099988,20.125
10392,51.999358,41.375,0.0120099988,20.125
10393,52.004798,41.375,0.0120099988,20.125
10394,52.009694,41.375,0.0120099988,20.125
10395,52.014811,41.375,0.0120099988,20.125
10396,52.018682,41.375,0.0120099988,20.125
10397,52.024914,41.375,0.0120099988,20.125
10398,52.030314,41.375,0.0120099988,20.125
10399,52.034398,41.375,0.0120099988,20.125
10400,52.039306,41.375,0.0120099988,20.125
10401,52.044759,41.375,0.0120099988,20.125
10402,52.049654,41.375,0.0120099988,20.125
10403,52.054772,41.375,0.0120099988,20.125
10404,52.059921,41.375,0.0120099988,20.125
10405,52.064826,41.375,0.0120099988,20.125
10406,52.075262,41.375,0.0120099988,20.125
10407,52.077726,41.375,0.0120099988,20.125
10408,52.081794,41.375,0.0120099988,20.125
10409,52.085356,41.375,0.0120099988,20.125
10410,52.090599,41.375,0.0120099988,20.125
10411,52.095800,41.375,0.0120099988,20.125
10412,52.100696,41.375,0.0120099988,20.125
10413,52.105790,41.375,0.0120099988,20.125
10414,52.110967,41.375,0.0120099988,20.125
10415,52.115873,41.375,0.0120099988,20.125
10416,52.121247,41.375,0.0120099988,20.125
10417,52.126140,41.375,0.0120099988,20.125
10418,52.131282,41.375,0.0120099988,20.125
10419,52.136439,41.375,0.0120099988,20.125
10420,52.140546,41.375,0.0120099988,20.125
10421,52.145654,41.375,0.0120099988,20.125
10422,52.150831,41.375,0.0120099988,20.125
10423,52.155736,41.375,0.0120099988,20.125
10424,52.161153,41.375,0.0120099988,20.125
10425,52.166045,41.375,0.0120099988,20.125
10426,52.171145,41.375,0.0120099988,20.125
10427,52.176325,41.375,0.0120099988,20.125
10428,52.181233,41.375,0.0120099988,20.125
10429,52.186678,41.375,0.0120099988,20.125
10430,52.191567,41.375,0.0120099988,20.125
10431,52.196678,41.375,0.0120099988,20.125
10432,52.201022,41.375,0.0120099988,20.125
10433,52.205917,41.375,0.0120099988,20.125
10434,52.211006,41.375,0.0120099988,20.125
10435,52.216189,41.375,0.0120099988,20.125
10436,52.221097,41.375,0.0120099988,20.125
10437,52.226466,41.375,0.0120099988,20.125
10438,52.231365,41.375,0.0120099988,20.125
10439,52.236294,41.375,0.0120099988,20.125
10440,52.240340,41.375,0.0120099988,20.125
10441,52.246600,41.375,0.0120099988,20.125
10442,52.250709,41.375,0.0120099988,20.125
10443,52.256149,41.375,0.0120099988,20.125
10444,52.261045,41.375,0.0120099988,20.125
10445,52.266180,41.375,0.0120099988,20.125
10446,52.271335,41.375,0.0120099988,20.125
10447,52.276241,41.375,0.0120099988,20.125
10448,52.281686,41.375,0.0120099988,20.125
10449,52.286574,41.375,0.0120099988,20.125
10450,52.291710,41.375,0.0120099988,20.125
10451,52.295515,41.375,0.0120099988,20.125
10452,52.300940,41.375,0.0120099988,20.125
10453,52.306041,40.5,0.0120099988,20.125
10454,52.311270,40.5,0.0120099988,20.125
10455,52.316176,40.5,0.0120099988,20.125
10456,52.321602,40.5,0.0120099988,20.125
10457,52.326508,40.5,0.0120099988,20.125
10458,52.331614,40.5,0.0120099988,20.125
10459,52.335454,40.5,0.0120099988,20.125
10460,52.340363,40.5,0.0120099988,20.125
10461,52.345731,40.5,0.0120099988,20.125
10462,52.350622,40.5,0.0120099988,20.125
10463,52.356311,40.5,0.0120099988,20.125
10464,52.361466,40.5,0.0120099988,20.125
10465,52.366372,40.5,0.0120099988,20.125
10466,52.371754,40.5,0.0120099988,20.125
10467,52.375316,40.5,0.0120099988,20.125
10468,52.381551,40.5,0.0120099988,20.125
10469,52.385620,40.5,0.0120099988,20.125
10470,52.390518,40.5,0.0120099988,20.125
10471,52.395647,40.5,0.0120099988,20.125
10472,52.400802,40.5,0.0120099988,20.125
10473,52.406251,40.5,0.0120099988,20.125
10474,52.411633,40.5,0.0120099988,20.125
10475,52.416528,40.5,0.0120099988,20.125
10476,52.421436,40.5,0.0120099988,20.125
10477,52.425506,40.5,0.0120099988,20.125
10478,52.430404,40.5,0.0120099988,20.125
10479,52.435309,40.5,0.0120099988,20.125
10480,52.440764,40.5,0.0120099988,20.125
10481,52.445656,40.5,0.0120099988,20.125
10482,52.450750,40.5,0.0120099988,20.125
10483,52.456451,40.5,0.0120099988,20.125
10484,52.461350,40.5,0.0120099988,20.125
10485,52.465406,40.5,0.0120099988,20.125
10486,52.470303,40.5,0.0120099988,20.125
10487,52.476755,40.5,0.0120099988,20.125
10488,52.480606,40.5,0.0120099988,20.125
10489,52.485511,40.5,0.0120099988,20.125
10490,52.490632,40.5,0.0120099988,20.125
10491,52.495787,40.5,0.0120099988,20.125
10492,52.500695,40.5,0.0120099988,20.125
10493,52.506068,40.5,0.0120099988,20.125
10494,52.511519,40.5,0.0120099988,20.125
10495,52.516736,40.5,0.0120099988,20.125
10496,52.520541,40.5,0.0120099988,20.125
10497,52.525447,40.5,0.0120099988,20.125
10498,52.530577,40.5,0.0120099988,20.125
10499,52.535723,40.5,0.0120099988,20.125
10500,52.540615,40.5,0.0120099988,20.125
10501,52.546003,40.5,0.0120099988,20.125
10502,52.550902,40.5,0.0120099988,20.125
10503,52.555807,40.5,0.0120099988,20.125
10504,52.561752,40.5,0.0120099988,20.125
10505,52.565314,40.5,0.0120099988,20.125
10506,52.571761,40.5,0.0120099988,20.125
10507,52.575591,40.5,0.0120099988,20.125
10508,52.580500,40.5,0.0120099988,20.125
10509,52.585417,40.5,0.0120099988,20.125
10510,52.590850,40.5,0.0120099988,20.125
10511,52.595742,40.5,0.0120099988,20.125
10512,52.600838,40.5,0.0120099988,20.125
10513,52.606011,40.5,0.0120099988,20.125
10514,52.610919,40.5,0.0120099988,20.125
10515,52.616315,40.5,0.0120099988,20.125
10516,52.620399,40.5,0.0120099988,20.125
10517,52.625304,40.5,0.0120099988,20.125
10518,52.630761,40.5,0.0120099988,20.125
10519,52.635652,40.5,0.0120099988,20.125
10520,52.640773,40.5,0.0120099988,20.125
10521,52.645922,40.5,0.0120099988,20.125
10522,52.650831,40.5,0.0120099988,20.125
10523,52.656202,40.5,0.0120099988,20.125
10524,52.661098,40.5,0.0120099988,20.125
10525,52.666003,40.5,0.0120099988,20.125
10526,52.671973,40.5,0.0120099988,20.125
10527,52.675525,40.5,0.0120099988,20.125
10528,52.680671,40.5,0.0120099988,20.125
10529,52.685833,40.5,0.0120099988,20.125
10530,52.690741,40.5,0.0120099988,20.125
10531,52.696158,40.5,0.0120099988,20.125
10532,52.701054,40.5,0.0120099988,20.125
10533,52.706175,40.5,0.0120099988,20.125
10534,52.711330,40.5,0.0201199986,19.625
10535,52.716236,40.5,0.0201199986,19.625
10536,52.721931,40.5,0.0201199986,19.625
10537,52.726035,40.5,0.0201199986,19.625
10538,52.730931,40.5,0.0201199986,19.625
10539,52.736355,40.5,0.0201199986,19.625
10540,52.741250,40.5,0.0201199986,19.625
10541,52.746178,40.5,0.0201199986,19.625
10542,52.751602,40.5,0.0201199986,19.625
10543,52.756508,40.5,0.0201199986,19.625
10544,52.761641,40.5,0.0201199986,19.625
10545,52.765461,40.5,0.0201199986,19.625
10546,52.770371,40.5,0.0201199986,19.625
10547,52.775795,40.5,0.0201199986,19.625
10548,52.781220,40.5,0.0201199986,19.625
10549,52.786112,40.5,0.0201199986,19.625
10550,52.791499,40.5,0.0201199986,19.625
10551,52.796394,40.5,0.0201199986,19.625
10552,52.801302,40.5,0.0201199986,19.625
10553,52.805347,40.5,0.0201199986,19.625
10554,52.811585,40.5,0.0201199986,19.625
10555,52.816706,40.5,0.0201199986,19.625
10556,52.820511,40.5,0.0201199986,19.625
10557,52.825416,40.5,0.0201199986,19.625
10558,52.830791,40.5,0.0201199986,19.625
10559,52.836235,40.5,0.0201199986,19.625
10560,52.841143,40.5,0.0201199986,19.625
10561,52.846584,40.5,0.0201199986,19.625
10562,52.851493,40.5,0.0201199986,19.625
10563,52.856586,40.5,0.0201199986,19.625
10564,52.860425,40.5,0.0201199986,19.625
10565,52.865330,40.5,0.0201199986,19.625
10566,52.870447,40.5,0.0201199986,19.625
10567,52.875603,40.5,0.0201199986,19.625
10568,52.880512,40.5,0.0201199986,19.625
10569,52.886437,40.5,0.0201199986,19.625
10570,52.891333,40.5,0.0201199986,19.625
10571,52.896703,40.5,0.0201199986,19.625
10572,52.900265,40.5,0.0201199986,19.625
10573,52.906497,40.5,0.0201199986,19.625
10574,52.910541,40.5,0.0201199986,19.625
10575,52.915437,40.5,0.0201199986,19.625
10576,52.920346,40.5,0.0201199986,19.625
10577,52.925800,40.5,0.0201199986,19.625
10578,52.930696,40.5,0.0201199986,19.625
10579,52.936382,40.5,0.0201199986,19.625
10580,52.941537,40.5,0.0201199986,19.625
10581,52.946443,40.5,0.0201199986,19.625
10582,52.951570,40.5,0.0201199986,19.625
10583,52.955382,40.5,0.0201199986,19.625
10584,52.960291,40.5,0.0201199986,19.625
10585,52.965383,40.5,0.0201199986,19.625
10586,52.970563,40.5,0.0201199986,19.625
10587,52.975469,40.5,0.0201199986,19.625
10588,52.980825,40.5,0.0201199986,19.625
10589,52.986227,40.5,0.0201199986,19.625
10590,52.991356,40.5,0.0201199986,19.625
10591,52.996511,40.5,0.0201199986,19.625
10592,53.001420,40.5,0.0201199986,19.625
10593,53.006777,40.5,0.0201199986,19.625
10594,53.010339,40.5,0.0201199986,19.625
10595,53.016571,40.5,0.0201199986,19.625
10596,53.020615,40.5,0.0201199986,19.625
10597,53.025511,40.5,0.0201199986,19.625
10598,53.030420,40.5,0.0201199986,19.625
10599,53.035874,40.5,0.0201199986,19.625
10600,53.040770,40.5,0.0201199986,19.625
10601,53.046202,40.5,0.0201199986,19.625
10602,53.050327,40.5,0.0201199986,19.625
10603,53.056559,40.5,0.0201199986,19.625
10604,53.060626,40.5,0.0201199986,19.625
10605,53.065521,40.5,0.0201199986,19.625
10606,53.075445,40.5,0.0201199986,19.625
10607,53.077767,40.5,0.0201199986,19.625
10608,53.081614,40.5,0.0201199986,19.625
10609,53.086509,40.5,0.0201199986,19.625
10610,53.091665,40.5,0.0201199986,19.625
10611,53.095483,40.5,0.0201199986,19.625
10612,53.100950,40.5,0.0201199986,19.625
10613,53.106060,40.5,0.0201199986,19.625
10614,53.111239,40.5,0.0201199986,19.625
10615,53.116144,40.5,0.0201199986,19.625
10616,53.121520,40.5,0.0201199986,19.625
10617,53.126415,40.5,0.0201199986,19.625
10618,53.131323,40.5,0.0201199986,19.625
10619,53.136767,40.5,0.0201199986,19.625
10620,53.141659,40.5,0.0201199986,19.625
10621,53.146777,40.5,0.0201199986,19.625
10622,53.151100,40.5,0.0201199986,19.625
10623,53.155996,40.5,0.0201199986,19.625
10624,53.161381,40.5,0.0201199986,19.625
10625,53.166275,40.5,0.0201199986,19.625
10626,53.171183,40.5,0.0201199986,19.625
10627,53.176630,40.5,0.0201199986,19.625
10628,53.181539,40.5,0.0201199986,19.625
10629,53.186666,40.5,0.0201199986,19.625
10630,53.190468,40.5,0.0201199986,19.625
10631,53.195374,40.5,0.0201199986,19.625
10632,53.200469,40.5,0.0201199986,19.625
10633,53.206219,40.5,0.0201199986,19.625
10634,53.211115,40.5,0.0201199986,19.625
10635,53.216556,40.5,0.0201199986,19.625
10636,53.221464,40.5,0.0201199986,19.625
10637,53.226850,40.5,0.0201199986,19.625
10638,53.230411,40.5,0.0201199986,19.625
10639,53.236678,40.5,0.0201199986,19.625
10640,53.240694,40.5,0.0201199986,19.625
10641,53.245583,40.5,0.0201199986,19.625
10642,53.250492,40.5,0.0201199986,19.625
10643,53.255946,40.5,0.0201199986,19.625
10644,53.261383,40.5,0.0201199986,19.625
10645,53.266503,40.5,0.0201199986,19.625
10646,53.271675,40.5,0.0201199986,19.625
10647,53.276564,40.5,0.0201199986,19.625
10648,53.281674,40.5,0.0201199986,19.625
10649,53.285503,40.5,0.0201199986,19.625
10650,53.290412,40.5,0.0201199986,19.625
10651,53.295505,40.5,0.0201199986,19.625
10652,53.300701,40.5,0.0201199986,19.625
10653,53.305589,40.5,0.0201199986,19.625
10654,53.310971,40.5,0.0201199986,19.625
10655,53.316391,40.5,0.0201199986,19.625
10656,53.321299,40.5,0.0201199986,19.625
10657,53.326769,40.5,0.0201199986,19.625
10658,53.331661,40.5,0.0201199986,19.625
10659,53.336801,40.5,0.0201199986,19.625
10660,53.340603,40.5,0.0201199986,19.625
10661,53.345509,40.5,0.0201199986,19.625
10662,53.350604,40.5,0.0201199986,19.625
10663,53.355784,40.5,0.0201199986,19.625
10664,53.360692,40.5,0.0201199986,19.625
10665,53.366089,40.5,0.0201199986,19.625
10666,53.371543,40.5,0.0201199986,19.625
10667,53.376449,40.5,0.0201199986,19.625
10668,53.380513,40.5,0.0201199986,19.625
10669,53.385408,40.5,0.0201199986,19.625
10670,53.391845,40.5,0.0201199986,19.625
10671,53.395693,40.5,0.0201199986,19.625
10672,53.400585,40.5,0.0201199986,19.625
10673,53.405957,40.5,0.0201199986,19.625
10674,53.410865,40.5,0.0201199986,19.625
10675,53.415758,40.5,0.0201199986,19.625
10676,53.421699,40.5,0.0201199986,19.625
10677,53.426588,40.5,0.0201199986,19.625
10678,53.431733,40.5,0.0201199986,19.625
10679,53.435538,40.5,0.0201199986,19.625
10680,53.440447,40.5,0.0201199986,19.625
10681,53.445564,40.5,0.0201199986,19.625
10682,53.450720,40.5,0.0201199986,19.625
10683,53.455609,40.5,0.0201199986,19.625
10684,53.460978,40.5,0.0201199986,19.625
10685,53.465874,40.5,0.0201199986,19.625
10686,53.470990,40.5,0.0201199986,19.625
10687,53.476715,40.5,0.0201199986,19.625
10688,53.481604,40.5,0.0201199986,19.625
10689,53.486980,40.5,0.0201199986,19.625
10690,53.490531,40.5,0.0201199986,19.625
10691,53.495437,40.5,0.0201199986,19.625
10692,53.500891,40.5,0.0201199986,19.625
10693,53.505783,40.5,0.0201199986,19.625
10694,53.510901,40.5,0.0201199986,19.625
10695,53.516053,40.5,0.0201199986,19.625
10696,53.520960,40.5,0.0201199986,19.625
10697,53.526358,40.5,0.0201199986,19.625
10698,53.530441,40.5,0.0201199986,19.625
10699,53.536878,40.5,0.0201199986,19.625
10700,53.540724,40.5,0.0201199986,19.625
10701,53.545612,40.5,0.0201199986,19.625
10702,53.550716,40.5,0.0201199986,19.625
10703,53.555889,40.5,0.0201199986,19.625
10704,53.560797,40.5,0.0201199986,19.625
10705,53.566169,40.5,0.0201199986,19.625
10706,53.571065,40.5,0.0201199986,19.625
10707,53.576482,40.5,0.0201199986,19.625
10708,53.580543,40.125,0.0201199986,19.625
10709,53.585438,40.125,0.0201199986,19.625
10710,53.591902,40.125,0.0201199986,19.625
10711,53.595724,40.125,0.0201199986,19.625
10712,53.600615,40.125,0.0201199986,19.625
10713,53.605739,40.125,0.0201199986,19.625
10714,53.610888,40.125,0.0201199986,19.625
10715,53.615793,40.125,0.0201199986,19.625
10716,53.621213,40.125,0.0201199986,19.625
10717,53.626627,40.125,0.0201199986,19.625
10718,53.630405,40.125,0.0201199986,19.625
10719,53.635585,40.125,0.0201199986,19.625
10720,53.640494,40.125,0.0201199986,19.625
10721,53.645872,40.125,0.0201199986,19.625
10722,53.650781,40.125,0.0201199986,19.625
10723,53.655673,40.125,0.0201199986,19.625
10724,53.661160,40.125,0.0201199986,19.625
10725,53.666052,40.125,0.0201199986,19.625
10726,53.671191,40.125,0.0201199986,19.625
10727,53.676371,40.125,0.0201199986,19.625
10728,53.680450,40.125,0.0201199986,19.625
10729,53.685833,40.125,0.0201199986,19.625
10730,53.690742,40.125,0.0201199986,19.625
10731,53.695867,40.125,0.0201199986,19.625
10732,53.701019,40.125,0.0201199986,19.625
10733,53.705924,40.125,0.0201199986,19.625
10734,53.711299,40.125,0.0201199986,19.625
10735,53.716195,40.125,0.0201199986,19.625
10736,53.721103,40.125,0.0201199986,19.625
10737,53.726549,40.125,0.0201199986,19.625
10738,53.731458,40.125,0.0201199986,19.625
10739,53.736856,40.125,0.0201199986,19.625
10740,53.741104,40.125,0.0201199986,19.625
10741,53.746000,40.125,0.0201199986,19.625
10742,53.751138,40.125,0.0201199986,19.625
10743,53.756299,40.125,0.0201199986,19.625
10744,53.761207,40.125,0.0201199986,19.625
10745,53.766294,40.125,0.0201199986,19.625
10746,53.771759,40.125,0.0201199986,19.625
10747,53.776654,40.125,0.0201199986,19.625
10748,53.781772,40.125,0.0201199986,19.625
10749,53.785577,40.125,0.0201199986,19.625
10750,53.790486,40.125,0.0201199986,19.625
10751,53.795617,40.125,0.0201199986,19.625
10752,53.801353,40.125,0.0201199986,19.625
10753,53.806245,40.125,0.0201199986,19.625
10754,53.811684,40.125,0.0201199986,19.625
10755,53.816573,40.125,0.0201199986,19.625
10756,53.821708,40.125,0.0201199986,19.625
10757,53.825513,40.125,0.0201199986,19.625
10758,53.830422,40.125,0.0201199986,19.625
10759,53.835539,40.125,0.0201199986,19.625
10760,53.840698,40.125,0.0201199986,19.625
10761,53.845587,40.125,0.0201199986,19.625
10762,53.850956,40.125,0.0201199986,19.625
10763,53.856404,40.125,0.0201199986,19.625
10764,53.861336,40.125,0.0201199986,19.625
10765,53.866772,40.125,0.0201199986,19.625
10766,53.871664,40.125,0.0201199986,19.625
10767,53.876761,40.125,0.0201199986,19.625
10768,53.880587,40.125,0.0201199986,19.625
10769,53.885493,40.125,0.0201199986,19.625
10770,53.890590,40.125,0.0201199986,19.625
10771,53.895769,40.125,0.0201199986,19.625
10772,53.900677,40.125,0.0201199986,19.625
10773,53.906048,40.125,0.0201199986,19.625
10774,53.911476,40.125,0.0201199986,19.625
10775,53.916587,40.125,0.0201199986,19.625
10776,53.920423,40.125,0.0201199986,19.625
10777,53.926675,40.125,0.0201199986,19.625
10778,53.930703,40.125,0.0201199986,19.625
10779,53.935592,40.125,0.0201199986,19.625
10780,53.940501,40.125,0.0201199986,19.625
10781,53.945940,40.125,0.0201199986,19.625
10782,53.950836,40.125,0.0201199986,19.625
10783,53.956022,40.125,0.0201199986,19.625
10784,53.961745,40.125,0.0201199986,19.625
10785,53.966633,40.125,0.0201199986,19.625
10786,53.972033,40.125,0.0201199986,19.625
10787,53.975585,40.125,0.0201199986,19.625
10788,53.980494,40.125,0.0201199986,19.625
10789,53.985951,40.125,0.0201199986,19.625
10790,53.990847,40.125,0.0237099994,19.5
10791,53.996205,40.125,0.0237099994,19.5
10792,54.001101,40.125,0.0237099994,19.5
10793,54.006006,40.125,0.0237099994,19.5
10794,54.011976,40.125,0.0237099994,19.5
10795,54.015526,40.125,0.0237099994,19.5
10796,54.020662,40.125,0.0237099994,19.5
10797,54.025810,40.125,0.0237099994,19.5
10798,54.030719,40.125,0.0237099994,19.5
10799,54.036091,40.125,0.0237099994,19.5
10800,54.040990,40.125,0.0237099994,19.5
10801,54.045895,40.125,0.0237099994,19.5
10802,54.051359,40.125,0.0237099994,19.5
10803,54.056251,40.125,0.0237099994,19.5
10804,54.061342,40.125,0.0237099994,19.5
10805,54.065703,40.125,0.0237099994,19.5
10806,54.075744,40.125,0.0237099994,19.5
10807,54.078060,40.125,0.0237099994,19.5
10808,54.081910,40.125,0.0237099994,19.5
10809,54.086806,40.125,0.0237099994,19.5
10810,54.091897,40.125,0.0237099994,19.5
10811,54.095748,40.125,0.0237099994,19.5
10812,54.101982,40.125,0.0237099994,19.5
10813,54.105763,40.125,0.0237099994,19.5
10814,54.110937,40.125,0.0237099994,19.5
10815,54.116373,40.125,0.0237099994,19.5
10816,54.121750,40.125,0.0237099994,19.5
10817,54.126638,40.125,0.0237099994,19.5
10818,54.131546,40.125,0.0237099994,19.5
10819,54.136990,40.125,0.0237099994,19.5
10820,54.141883,40.125,0.0237099994,19.5
10821,54.147002,40.125,0.0237099994,19.5
10822,54.150822,40.125,0.0237099994,19.5
10823,54.155714,40.125,0.0237099994,19.5
10824,54.160813,40.125,0.0237099994,19.5
10825,54.165986,40.125,0.0237099994,19.5
10826,54.171433,40.125,0.0237099994,19.5
10827,54.176802,40.125,0.0237099994,19.5
10828,54.181707,40.125,0.0237099994,19.5
10829,54.186596,40.125,0.0237099994,19.5
10830,54.192037,40.125,0.0237099994,19.5
10831,54.196932,40.125,0.0237099994,19.5
10832,54.202067,40.125,0.0237099994,19.5
10833,54.205896,40.125,0.0237099994,19.5
10834,54.210792,40.125,0.0237099994,19.5
10835,54.216177,40.125,0.0237099994,19.5
10836,54.221074,40.125,0.0237099994,19.5
10837,54.226003,40.125,0.0237099994,19.5
10838,54.231927,40.125,0.0237099994,19.5
10839,54.236835,40.125,0.0237099994,19.5
10840,54.241960,40.125,0.0237099994,19.5
10841,54.245782,40.125,0.0237099994,19.5
10842,54.250678,40.125,0.0237099994,19.5
10843,54.255773,40.125,0.0237099994,19.5
10844,54.260946,40.125,0.0237099994,19.5
10845,54.265852,40.125,0.0237099994,19.5
10846,54.271272,40.125,0.0237099994,19.5
10847,54.276165,40.125,0.0237099994,19.5
10848,54.281536,40.125,0.0237099994,19.5
10849,54.285685,40.125,0.0237099994,19.5
10850,54.292106,40.125,0.0237099994,19.5
10851,54.295951,40.125,0.0237099994,19.5
10852,54.300847,40.125,0.0237099994,19.5
10853,54.305767,40.125,0.0237099994,19.5
10854,54.311169,40.125,0.0237099994,19.5
10855,54.316061,40.125,0.0237099994,19.5
10856,54.321175,40.125,0.0237099994,19.5
10857,54.326355,40.125,0.0237099994,19.5
10858,54.331263,40.125,0.0237099994,19.5
10859,54.336635,40.125,0.0237099994,19.5
10860,54.340735,40.125,0.0237099994,19.5
10861,54.347189,40.125,0.0237099994,19.5
10862,54.351026,40.125,0.0237099994,19.5
10863,54.355919,40.125,0.0237099994,19.5
10864,54.361036,40.125,0.0237099994,19.5
10865,54.366191,40.125,0.0237099994,19.5
10866,54.371099,40.125,0.0237099994,19.5
10867,54.376522,40.125,0.0237099994,19.5
10868,54.381430,40.125,0.0237099994,19.5
10869,54.386865,40.125,0.0237099994,19.5
10870,54.390877,40.125,0.0237099994,19.5
10871,54.395782,40.125,0.0237099994,19.5
10872,54.400903,40.125,0.0237099994,19.5
10873,54.406052,40.125,0.0237099994,19.5
10874,54.410959,40.125,0.0237099994,19.5
10875,54.416332,40.125,0.0237099994,19.5
10876,54.421230,40.125,0.0237099994,19.5
10877,54.426135,40.125,0.0237099994,19.5
10878,54.431582,40.125,0.0237099994,19.5
10879,54.436488,40.125,0.0237099994,19.5
10880,54.441912,40.125,0.0237099994,19.5
10881,54.445973,40.125,0.0237099994,19.5
10882,54.450872,40.125,0.0237099994,19.5
10883,54.455802,40.125,0.0237099994,19.5
10884,54.461203,40.125,0.0237099994,19.5
10885,54.466096,40.125,0.0237099994,19.5
10886,54.471234,40.125,0.0237099994,19.5
10887,54.476390,40.125,0.0237099994,19.5
10888,54.481298,40.125,0.0237099994,19.5
10889,54.486399,40.125,0.0237099994,19.5
10890,54.491579,40.125,0.0237099994,19.5
10891,54.496484,40.125,0.0237099994,19.5
10892,54.502138,40.125,0.0237099994,19.5
10893,54.505990,40.125,0.0237099994,19.5
10894,54.510886,40.125,0.0237099994,19.5
10895,54.516003,40.125,0.0237099994,19.5
10896,54.521156,40.125,0.0237099994,19.5
10897,54.526061,40.125,0.0237099994,19.5
10898,54.531436,40.125,0.0237099994,19.5
10899,54.536331,40.125,0.0237099994,19.5
10900,54.541470,40.125,0.0237099994,19.5
10901,54.546628,40.125,0.0237099994,19.5
10902,54.551536,40.125,0.0237099994,19.5
10903,54.556981,40.125,0.0237099994,19.5
10904,54.561040,40.125,0.0237099994,19.5
10905,54.566170,40.125,0.0237099994,19.5
10906,54.571325,40.125,0.0237099994,19.5
10907,54.576230,40.125,0.0237099994,19.5
10908,54.581606,40.125,0.0237099994,19.5
10909,54.586501,40.125,0.0237099994,19.5
10910,54.591410,40.125,0.0237099994,19.5
10911,54.596853,40.125,0.0237099994,19.5
10912,54.601746,40.125,0.0237099994,19.5
10913,54.607204,40.125,0.0237099994,19.5
10914,54.611260,40.125,0.0237099994,19.5
10915,54.616154,40.125,0.0237099994,19.5
10916,54.621603,40.125,0.0237099994,19.5
10917,54.626508,40.125,0.0237099994,19.5
10918,54.631429,40.125,0.0237099994,19.5
10919,54.636864,40.125,0.0237099994,19.5
10920,54.641756,40.125,0.0237099994,19.5
10921,54.646877,40.125,0.0237099994,19.5
10922,54.650720,40.125,0.0237099994,19.5
10923,54.656954,40.125,0.0237099994,19.5
10924,54.660712,40.125,0.0237099994,19.5
10925,54.666439,40.125,0.0237099994,19.5
10926,54.671347,40.125,0.0237099994,19.5
10927,54.676726,40.125,0.0237099994,19.5
10928,54.681615,40.125,0.0237099994,19.5
10929,54.686520,40.125,0.0237099994,19.5
10930,54.691985,40.125,0.0237099994,19.5
10931,54.696881,40.125,0.0237099994,19.5
10932,54.701995,40.125,0.0237099994,19.5
10933,54.705820,40.125,0.0237099994,19.5
10934,54.710716,40.125,0.0237099994,19.5
10935,54.715835,40.125,0.0237099994,19.5
10936,54.721538,40.125,0.0237099994,19.5
10937,54.726443,40.125,0.0237099994,19.5
10938,54.731822,40.125,0.0237099994,19.5
10939,54.736731,40.125,0.0237099994,19.5
10940,54.741856,40.125,0.0237099994,19.5
10941,54.745680,40.125,0.0237099994,19.5
10942,54.751916,40.125,0.0237099994,19.5
10943,54.755719,40.125,0.0237099994,19.5
10944,54.761151,40.125,0.0237099994,19.5
10945,54.766043,40.125,0.0237099994,19.5
10946,54.771154,40.125,0.0237099994,19.5
10947,54.776904,40.125,0.0237099994,19.5
10948,54.781796,40.125,0.0237099994,19.5
10949,54.785821,40.125,0.0237099994,19.5
10950,54.790729,40.125,0.0237099994,19.5
10951,54.797177,40.125,0.0237099994,19.5
10952,54.801005,40.125,0.0237099994,19.5
10953,54.805897,40.125,0.0237099994,19.5
10954,54.811018,40.125,0.0237099994,19.5
10955,54.816170,40.125,0.0237099994,19.5
10956,54.821078,40.125,0.0237099994,19.5
10957,54.826474,40.125,0.0237099994,19.5
10958,54.831902,40.125,0.0237099994,19.5
10959,54.836825,40.125,0.0237099994,19.5
10960,54.840831,40.125,0.0237099994,19.5
10961,54.845736,40.125,0.0237099994,19.5
10962,54.852201,40.125,0.0237099994,19.5
10963,54.856030,40,0.0237099994,19.5
10964,54.860925,40,0.0237099994,19.5
10965,54.866311,40,0.0237099994,19.5
10966,54.871210,40,0.0237099994,19.5
10967,54.876114,40,0.0237099994,19.5
10968,54.882054,40,0.0237099994,19.5
10969,54.886952,40,0.0237099994,19.5
10970,54.890738,40,0.0237099994,19.5
10971,54.895892,40,0.0237099994,19.5
10972,54.900800,40,0.0237099994,19.5
10973,54.905907,40,0.0237099994,19.5
10974,54.911081,40,0.0237099994,19.5
10975,54.915985,40,0.0237099994,19.5
10976,54.921361,40,0.0237099994,19.5
10977,54.926255,40,0.0237099994,19.5
10978,54.931188,40,0.0237099994,19.5
10979,54.937128,40,0.0237099994,19.5
10980,54.940696,40,0.0237099994,19.5
10981,54.945817,40,0.0237099994,19.5
10982,54.950991,40,0.0237099994,19.5
10983,54.955896,40,0.0237099994,19.5
10984,54.961271,40,0.0237099994,19.5
10985,54.966167,40,0.0237099994,19.5
10986,54.971075,40,0.0237099994,19.5
10987,54.976496,40,0.0237099994,19.5
10988,54.981405,40,0.0237099994,19.5
10989,54.987073,40,0.0237099994,19.5
10990,54.990926,40,0.0237099994,19.5
10991,54.995818,40,0.0237099994,19.5
10992,55.000967,40,0.0237099994,19.5
10993,55.006116,40,0.0237099994,19.5
10994,55.011024,40,0.0237099994,19.5
10995,55.016396,40,0.0237099994,19.5
10996,55.021293,40,0.0237099994,19.5
10997,55.026199,40,0.0237099994,19.5
10998,55.031621,40,0.0237099994,19.5
10999,55.037043,40,0.0237099994,19.5
11000,55.042172,40,0.0237099994,19.5
11001,55.046000,40,0.0237099994,19.5
11002,55.050896,40,0.0237099994,19.5
11003,55.056013,40,0.0237099994,19.5
11004,55.061165,40,0.0237099994,19.5
11005,55.066070,40,0.0237099994,19.5
11006,55.077576,40,0.0237099994,19.5
11007,55.079801,40,0.0237099994,19.5
11008,55.083363,40,0.0237099994,19.5
11009,55.088467,40,0.0237099994,19.5
11010,55.093776,40,0.0237099994,19.5
11011,55.097868,40,0.0237099994,19.5
11012,55.102761,40,0.0237099994,19.5
11013,55.108187,40,0.0237099994,19.5
11014,55.113080,40,0.0237099994,19.5
11015,55.118215,40,0.0237099994,19.5
11016,55.123370,40,0.0237099994,19.5
11017,55.128278,40,0.0237099994,19.5
11018,55.133658,40,0.0237099994,19.5
11019,55.138549,40,0.0237099994,19.5
11020,55.143455,40,0.0237099994,19.5
11021,55.149394,40,0.0237099994,19.5
11022,55.152961,40,0.0237099994,19.5
11023,55.157856,40,0.0237099994,19.5
11024,55.163284,40,0.0237099994,19.5
11025,55.168180,40,0.0237099994,19.5
11026,55.173314,40,0.0237099994,19.5
11027,55.178473,40,0.0237099994,19.5
11028,55.183379,40,0.0237099994,19.5
11029,55.188733,40,0.0237099994,19.5
11030,55.193621,40,0.0237099994,19.5
11031,55.199038,40,0.0237099994,19.5
11032,55.203149,40,0.0237099994,19.5
11033,55.208048,40,0.0237099994,19.5
11034,55.212952,40,0.0237099994,19.5
11035,55.218373,40,0.0237099994,19.5
11036,55.223278,40,0.0237099994,19.5
11037,55.228414,40,0.0237099994,19.5
11038,55.233570,40,0.0237099994,19.5
11039,55.238479,40,0.0237099994,19.5
11040,55.243832,40,0.0237099994,19.5
11041,55.249208,40,0.0237099994,19.5
11042,55.252773,40,0.0237099994,19.5
11043,55.258197,40,0.0237099994,19.5
11044,55.263089,40,0.0237099994,19.5
11045,55.268225,40,0.0237099994,19.5
11046,55.273380,40,0.0249600001,19.5
11047,55.278288,40,0.0249600001,19.5
11048,55.283667,40,0.0249600001,19.5
11049,55.288559,40,0.0249600001,19.5
11050,55.293464,40,0.0249600001,19.5
11051,55.298905,40,0.0249600001,19.5
11052,55.303027,40,0.0249600001,19.5
11053,55.307947,40,0.0249600001,19.5
11054,55.313343,40,0.0249600001,19.5
11055,55.318238,40,0.0249600001,19.5
11056,55.323375,40,0.0249600001,19.5
11057,55.328533,40,0.0249600001,19.5
11058,55.333438,40,0.0249600001,19.5
11059,55.338842,40,0.0249600001,19.5
11060,55.343748,40,0.0249600001,19.5
11061,55.348639,40,0.0249600001,19.5
11062,55.352715,40,0.0249600001,19.5
11063,55.358180,40,0.0249600001,19.5
11064,55.363085,40,0.0249600001,19.5
11065,55.368526,40,0.0249600001,19.5
11066,55.373432,40,0.0249600001,19.5
11067,55.378878,40,0.0249600001,19.5
11068,55.383784,40,0.0249600001,19.5
11069,55.388679,40,0.0249600001,19.5
11070,55.392726,40,0.0249600001,19.5
11071,55.397618,40,0.0249600001,19.5
11072,55.404050,40,0.0249600001,19.5
11073,55.407904,40,0.0249600001,19.5
11074,55.413305,40,0.0249600001,19.5
11075,55.418410,40,0.0249600001,19.5
11076,55.423590,40,0.0249600001,19.5
11077,55.428499,40,0.0249600001,19.5
11078,55.433928,40,0.0249600001,19.5
11079,55.438836,40,0.0249600001,19.5
11080,55.443953,40,0.0249600001,19.5
11081,55.447790,40,0.0249600001,19.5
11082,55.452682,40,0.0249600001,19.5
11083,55.457799,40,0.0249600001,19.5
11084,55.462951,40,0.0249600001,19.5
11085,55.468402,40,0.0249600001,19.5
11086,55.473852,40,0.0249600001,19.5
11087,55.478748,40,0.0249600001,19.5
11088,55.483872,40,0.0249600001,19.5
11089,55.487700,40,0.0249600001,19.5
11090,55.492588,40,0.0249600001,19.5
11091,55.498003,40,0.0249600001,19.5
11092,55.502899,40,0.0249600001,19.5
11093,55.508021,40,0.0249600001,19.5
11094,55.513171,40,0.0249600001,19.5
11095,55.518575,40,0.0249600001,19.5
11096,55.522625,40,0.0249600001,19.5
11097,55.528868,40,0.0249600001,19.5
11098,55.533992,40,0.0249600001,19.5
11099,55.537845,40,0.0249600001,19.5
11100,55.542738,40,0.0249600001,19.5
11101,55.547857,40,0.0249600001,19.5
11102,55.553007,40,0.0249600001,19.5
11103,55.557915,40,0.0249600001,19.5
11104,55.563287,40,0.0249600001,19.5
11105,55.568183,40,0.0249600001,19.5
11106,55.573645,40,0.0249600001,19.5
11107,55.577718,40,0.0249600001,19.5
11108,55.582606,40,0.0249600001,19.5
11109,55.589088,40,0.0249600001,19.5
11110,55.592916,40,0.0249600001,19.5
11111,55.597811,40,0.0249600001,19.5
11112,55.603198,40,0.0249600001,19.5
11113,55.608094,40,0.0249600001,19.5
11114,55.612998,40,0.0249600001,19.5
11115,55.618401,40,0.0249600001,19.5
11116,55.623890,40,0.0249600001,19.5
11117,55.627680,40,0.0249600001,19.5
11118,55.632828,40,0.0249600001,19.5
11119,55.637737,40,0.0249600001,19.5
11120,55.643153,40,0.0249600001,19.5
11121,55.648049,40,0.0249600001,19.5
11122,55.653146,40,0.0249600001,19.5
11123,55.658329,40,0.0249600001,19.5
11124,55.663234,40,0.0249600001,19.5
11125,55.668606,40,0.0249600001,19.5
11126,55.673502,40,0.0249600001,19.5
11127,55.677622,40,0.0249600001,19.5
11128,55.683050,40,0.0249600001,19.5
11129,55.687945,40,0.0249600001,19.5
11130,55.693081,40,0.0249600001,19.5
11131,55.698240,40,0.0249600001,19.5
11132,55.703145,40,0.0249600001,19.5
11133,55.708568,40,0.0249600001,19.5
11134,55.713474,40,0.0249600001,19.5
11135,55.718604,40,0.0249600001,19.5
11136,55.723760,40,0.0249600001,19.5
11137,55.727842,40,0.0249600001,19.5
11138,55.733239,40,0.0249600001,19.5
11139,55.738138,40,0.0249600001,19.5
11140,55.743067,40,0.0249600001,19.5
11141,55.748493,40,0.0249600001,19.5
11142,55.753398,40,0.0249600001,19.5
11143,55.758515,40,0.0249600001,19.5
11144,55.763687,40,0.0249600001,19.5
11145,55.768579,40,0.0249600001,19.5
11146,55.773957,40,0.0249600001,19.5
11147,55.777719,40,0.0249600001,19.5
11148,55.783159,40,0.0249600001,19.5
11149,55.788550,40,0.0249600001,19.5
11150,55.793445,40,0.0249600001,19.5
11151,55.798590,40,0.0249600001,19.5
11152,55.803756,40,0.0249600001,19.5
11153,55.808664,40,0.0249600001,19.5
11154,55.813747,40,0.0249600001,19.5
11155,55.817580,40,0.0249600001,19.5
11156,55.823829,40,0.0249600001,19.5
11157,55.827601,40,0.0249600001,19.5
11158,55.833350,40,0.0249600001,19.5
11159,55.838244,40,0.0249600001,19.5
11160,55.843709,40,0.0249600001,19.5
11161,55.848601,40,0.0249600001,19.5
11162,55.853733,40,0.0249600001,19.5
11163,55.857540,40,0.0249600001,19.5
11164,55.863790,40,0.0249600001,19.5
11165,55.869162,40,0.0249600001,19.5
11166,55.872727,40,0.0249600001,19.5
11167,55.877618,40,0.0249600001,19.5
11168,55.883055,40,0.0249600001,19.5
11169,55.887950,40,0.0249600001,19.5
11170,55.893612,40,0.0249600001,19.5
11171,55.898798,40,0.0249600001,19.5
11172,55.903703,40,0.0249600001,19.5
11173,55.908832,40,0.0249600001,19.5
11174,55.912636,40,0.0249600001,19.5
11175,55.917545,40,0.0249600001,19.5
11176,55.922666,40,0.0249600001,19.5
11177,55.927824,40,0.0249600001,19.5
11178,55.932730,40,0.0249600001,19.5
11179,55.938098,40,0.0249600001,19.5
11180,55.942994,40,0.0249600001,19.5
11181,55.947903,40,0.0249600001,19.5
11182,55.953873,40,0.0249600001,19.5
11183,55.958781,40,0.0249600001,19.5
11184,55.963906,40,0.0249600001,19.5
11185,55.967732,40,0.0249600001,19.5
11186,55.972620,40,0.0249600001,19.5
11187,55.977747,40,0.0249600001,19.5
11188,55.982893,40,0.0249600001,19.5
11189,55.987802,40,0.0249600001,19.5
11190,55.993173,40,0.0249600001,19.5
11191,55.998069,40,0.0249600001,19.5
11192,56.003192,40,0.0249600001,19.5
11193,56.008908,40,0.0249600001,19.5
11194,56.013800,40,0.0249600001,19.5
11195,56.019171,40,0.0249600001,19.5
11196,56.022737,40,0.0249600001,19.5
11197,56.027628,40,0.0249600001,19.5
11198,56.033064,40,0.0249600001,19.5
11199,56.037959,40,0.0249600001,19.5
11200,56.043096,40,0.0249600001,19.5
11201,56.048254,40,0.0249600001,19.5
11202,56.053159,40,0.0249600001,19.5
11203,56.058532,40,0.0249600001,19.5
11204,56.062642,40,0.0249600001,19.5
11205,56.067549,40,0.0249600001,19.5
11206,56.077559,40,0.0249600001,19.5
11207,56.079785,40,0.0249600001,19.5
11208,56.083346,40,0.0249600001,19.5
11209,56.088450,40,0.0249600001,19.5
11210,56.093749,40,0.0249600001,19.5
11211,56.098641,40,0.0249600001,19.5
11212,56.103776,40,0.0249600001,19.5
11213,56.108104,40,0.0249600001,19.5
11214,56.112998,40,0.0249600001,19.5
11215,56.118385,40,0.0249600001,19.5
11216,56.123280,40,0.0249600001,19.5
11217,56.128189,40,0.0249600001,19.5
11218,56.133635,40.25,0.0249600001,19.5
11219,56.138544,40.25,0.0249600001,19.5
11220,56.143685,40.25,0.0249600001,19.5
11221,56.148845,40.25,0.0249600001,19.5
11222,56.153751,40.25,0.0249600001,19.5
11223,56.159122,40.25,0.0249600001,19.5
11224,56.163246,40.25,0.0249600001,19.5
11225,56.168142,40.25,0.0249600001,19.5
11226,56.173571,40.25,0.0249600001,19.5
11227,56.178480,40.25,0.0249600001,19.5
11228,56.183572,40.25,0.0249600001,19.5
11229,56.188758,40.25,0.0249600001,19.5
11230,56.193647,40.25,0.0249600001,19.5
11231,56.199032,40.25,0.0249600001,19.5
11232,56.202584,40.25,0.0249600001,19.5
11233,56.208861,40.25,0.0249600001,19.5
11234,56.212888,40.25,0.0249600001,19.5
11235,56.218349,40.25,0.0249600001,19.5
11236,56.223255,40.25,0.0249600001,19.5
11237,56.228715,40.25,0.0249600001,19.5
11238,56.233604,40.25,0.0249600001,19.5
11239,56.238704,40.25,0.0249600001,19.5
11240,56.242533,40.25,0.0249600001,19.5
11241,56.248785,40.25,0.0249600001,19.5
11242,56.254157,40.25,0.0249600001,19.5
11243,56.257727,40.25,0.0249600001,19.5
11244,56.262614,40.25,0.0249600001,19.5
11245,56.268573,40.25,0.0249600001,19.5
11246,56.273469,40.25,0.0249600001,19.5
11247,56.278861,40.25,0.0249600001,19.5
11248,56.283767,40.25,0.0249600001,19.5
11249,56.288902,40.25,0.0249600001,19.5
11250,56.292745,40.25,0.0249600001,19.5
11251,56.297636,40.25,0.0249600001,19.5
11252,56.302760,40.25,0.0249600001,19.5
11253,56.307912,40.25,0.0249600001,19.5
11254,56.312818,40.25,0.0249600001,19.5
11255,56.318214,40.25,0.0249600001,19.5
11256,56.323641,40.25,0.0249600001,19.5
11257,56.328761,40.25,0.0249600001,19.5
11258,56.332588,40.25,0.0249600001,19.5
11259,56.338841,40.25,0.0249600001,19.5
11260,56.342607,40.25,0.0249600001,19.5
11261,56.347801,40.25,0.0249600001,19.5
11262,56.352706,40.25,0.0249600001,19.5
11263,56.358076,40.25,0.0249600001,19.5
11264,56.362971,40.25,0.0249600001,19.5
11265,56.367880,40.25,0.0249600001,19.5
11266,56.373800,40.25,0.0249600001,19.5
11267,56.378708,40.25,0.0249600001,19.5
11268,56.383833,40.25,0.0249600001,19.5
11269,56.387641,40.25,0.0249600001,19.5
11270,56.392546,40.25,0.0249600001,19.5
11271,56.397943,40.25,0.0249600001,19.5
11272,56.402849,40.25,0.0249600001,19.5
11273,56.407773,40.25,0.0249600001,19.5
11274,56.413205,40.25,0.0249600001,19.5
11275,56.418101,40.25,0.0249600001,19.5
11276,56.423236,40.25,0.0249600001,19.5
11277,56.428962,40.25,0.0249600001,19.5
11278,56.433854,40.25,0.0249600001,19.5
11279,56.437625,40.25,0.0249600001,19.5
11280,56.442808,40.25,0.0249600001,19.5
11281,56.447717,40.25,0.0249600001,19.5
11282,56.453156,40.25,0.0249600001,19.5
11283,56.458051,40.25,0.0249600001,19.5
11284,56.463175,40.25,0.0249600001,19.5
11285,56.468331,40.25,0.0249600001,19.5
11286,56.473236,40.25,0.0249600001,19.5
11287,56.478609,40.25,0.0249600001,19.5
11288,56.482733,40.25,0.0249600001,19.5
11289,56.487624,40.25,0.0249600001,19.5
11290,56.493052,40.25,0.0249600001,19.5
11291,56.497948,40.25,0.0249600001,19.5
11292,56.503084,40.25,0.0249600001,19.5
11293,56.508242,40.25,0.0249600001,19.5
11294,56.513147,40.25,0.0249600001,19.5
11295,56.518520,40.25,0.0249600001,19.5
11296,56.523415,40.25,0.0249600001,19.5
11297,56.528348,40.25,0.0249600001,19.5
11298,56.534312,40.25,0.0249600001,19.5
11299,56.537884,40.25,0.0249600001,19.5
11300,56.542974,40.25,0.0249600001,19.5
11301,56.548153,40.25,0.0249600001,19.5
11302,56.553058,40.25,0.02214,19.25
11303,56.558430,40.25,0.02214,19.25
11304,56.563326,40.25,0.02214,19.25
11305,56.568235,40.25,0.02214,19.25
11306,56.573680,40.25,0.02214,19.25
11307,56.578573,40.25,0.02214,19.25
11308,56.583709,40.25,0.02214,19.25
11309,56.588035,40.25,0.02214,19.25
11310,56.592930,40.25,0.02214,19.25
11311,56.598316,40.25,0.02214,19.25
11312,56.603212,40.25,0.02214,19.25
11313,56.608378,40.25,0.02214,19.25
11314,56.613559,40.25,0.02214,19.25
11315,56.618468,40.25,0.02214,19.25
11316,56.623821,40.25,0.02214,19.25
11317,56.628730,40.25,0.02214,19.25
11318,56.633618,40.25,0.02214,19.25
11319,56.637719,40.25,0.02214,19.25
11320,56.643153,40.25,0.02214,19.25
11321,56.648291,40.25,0.02214,19.25
11322,56.653444,40.25,0.02214,19.25
11323,56.658353,40.25,0.02214,19.25
11324,56.663732,40.25,0.02214,19.25
11325,56.668624,40.25,0.02214,19.25
11326,56.673757,40.25,0.02214,19.25
11327,56.677577,40.25,0.02214,19.25
11328,56.683827,40.25,0.02214,19.25
11329,56.689222,40.25,0.02214,19.25
11330,56.693322,40.25,0.02214,19.25
11331,56.698218,40.25,0.02214,19.25
11332,56.703666,40.25,0.02214,19.25
11333,56.708558,40.25,0.02214,19.25
11334,56.713680,40.25,0.02214,19.25
11335,56.718832,40.25,0.02214,19.25
11336,56.723737,40.25,0.02214,19.25
11337,56.729109,40.25,0.02214,19.25
11338,56.732677,40.25,0.02214,19.25
11339,56.737568,40.25,0.02214,19.25
11340,56.743499,40.25,0.02214,19.25
11341,56.748398,40.25,0.02214,19.25
11342,56.753787,40.25,0.02214,19.25
11343,56.758696,40.25,0.02214,19.25
11344,56.763608,40.25,0.02214,19.25
11345,56.767660,40.25,0.02214,19.25
11346,56.772549,40.25,0.02214,19.25
11347,56.778801,40.25,0.02214,19.25
11348,56.782766,40.25,0.02214,19.25
11349,56.787939,40.25,0.02214,19.25
11350,56.793345,40.25,0.02214,19.25
11351,56.798728,40.25,0.02214,19.25
11352,56.803833,40.25,0.02214,19.25
11353,56.808742,40.25,0.02214,19.25
11354,56.813844,40.25,0.02214,19.25
11355,56.817674,40.25,0.02214,19.25
11356,56.822563,40.25,0.02214,19.25
11357,56.829002,40.25,0.02214,19.25
11358,56.832855,40.25,0.02214,19.25
11359,56.837750,40.25,0.02214,19.25
11360,56.842846,40.25,0.02214,19.25
11361,56.848573,40.25,0.02214,19.25
11362,56.853478,40.25,0.02214,19.25
11363,56.858857,40.25,0.02214,19.25
11364,56.863763,40.25,0.02214,19.25
11365,56.868891,40.25,0.02214,19.25
11366,56.872716,40.25,0.02214,19.25
11367,56.877607,40.25,0.02214,19.25
11368,56.882731,40.25,0.02214,19.25
11369,56.887883,40.25,0.02214,19.25
11370,56.892789,40.25,0.02214,19.25
11371,56.898160,40.25,0.02214,19.25
11372,56.903053,40.25,0.02214,19.25
11373,56.908730,40.25,0.02214,19.25
11374,56.912534,40.25,0.02214,19.25
11375,56.918787,40.25,0.02214,19.25
11376,56.922814,40.25,0.02214,19.25
11377,56.927723,40.25,0.02214,19.25
11378,56.932849,40.25,0.02214,19.25
11379,56.938003,40.25,0.02214,19.25
11380,56.942908,40.25,0.02214,19.25
11381,56.948305,40.25,0.02214,19.25
11382,56.953201,40.25,0.02214,19.25
11383,56.958618,40.25,0.02214,19.25
11384,56.962660,40.25,0.02214,19.25
11385,56.967553,40.25,0.02214,19.25
11386,56.974009,40.25,0.02214,19.25
11387,56.977838,40.25,0.02214,19.25
11388,56.982731,40.25,0.02214,19.25
11389,56.988116,40.25,0.02214,19.25
11390,56.993012,40.25,0.02214,19.25
11391,56.997920,40.25,0.02214,19.25
11392,57.003335,40.25,0.02214,19.25
11393,57.008741,40.25,0.02214,19.25
11394,57.013850,40.25,0.02214,19.25
11395,57.017699,40.25,0.02214,19.25
11396,57.022587,40.25,0.02214,19.25
11397,57.027786,40.25,0.02214,19.25
11398,57.032935,40.25,0.02214,19.25
11399,57.037844,40.25,0.02214,19.25
11400,57.043216,40.25,0.02214,19.25
11401,57.048114,40.25,0.02214,19.25
11402,57.053245,40.25,0.02214,19.25
11403,57.058411,40.25,0.02214,19.25
11404,57.063883,40.25,0.02214,19.25
11405,57.067641,40.25,0.02214,19.25
11406,57.078830,40.25,0.02214,19.25
11407,57.081261,40.25,0.02214,19.25
11408,57.085153,40.25,0.02214,19.25
11409,57.090052,40.25,0.02214,19.25
11410,57.094956,40.25,0.02214,19.25
11411,57.099001,40.25,0.02214,19.25
11412,57.103897,40.25,0.02214,19.25
11413,57.110329,40.25,0.02214,19.25
11414,57.114206,40.25,0.02214,19.25
11415,57.119634,40.25,0.02214,19.25
11416,57.125014,40.25,0.02214,19.25
11417,57.129913,40.25,0.02214,19.25
11418,57.134818,40.25,0.02214,19.25
11419,57.138894,40.25,0.02214,19.25
11420,57.145127,40.25,0.02214,19.25
11421,57.150264,40.25,0.02214,19.25
11422,57.154093,40.25,0.02214,19.25
11423,57.158989,40.25,0.02214,19.25
11424,57.164078,40.25,0.02214,19.25
11425,57.169825,40.25,0.02214,19.25
11426,57.174717,40.25,0.02214,19.25
11427,57.180089,40.25,0.02214,19.25
11428,57.184985,40.25,0.02214,19.25
11429,57.189893,40.25,0.02214,19.25
11430,57.193943,40.25,0.02214,19.25
11431,57.198852,40.25,0.02214,19.25
11432,57.203966,40.25,0.02214,19.25
11433,57.209122,40.25,0.02214,19.25
11434,57.214027,40.25,0.02214,19.25
11435,57.219399,40.25,0.02214,19.25
11436,57.224851,40.25,0.02214,19.25
11437,57.229760,40.25,0.02214,19.25
11438,57.235193,40.25,0.02214,19.25
11439,57.240089,40.25,0.02214,19.25
11440,57.245225,40.25,0.02214,19.25
11441,57.249053,40.25,0.02214,19.25
11442,57.253945,40.25,0.02214,19.25
11443,57.259062,40.25,0.02214,19.25
11444,57.264218,40.25,0.02214,19.25
11445,57.269125,40.25,0.02214,19.25
11446,57.274498,40.25,0.02214,19.25
11447,57.279950,40.25,0.02214,19.25
11448,57.285086,40.25,0.02214,19.25
11449,57.288914,40.25,0.02214,19.25
11450,57.295146,40.25,0.02214,19.25
11451,57.298930,40.25,0.02214,19.25
11452,57.304079,40.25,0.02214,19.25
11453,57.308987,40.25,0.02214,19.25
11454,57.314359,40.25,0.02214,19.25
11455,57.319258,40.25,0.02214,19.25
11456,57.324163,40.25,0.02214,19.25
11457,57.330102,40.25,0.02214,19.25
11458,57.334997,40.25,0.02214,19.25
11459,57.340135,40.25,0.02214,19.25
11460,57.343963,40.25,0.02214,19.25
11461,57.348859,40.25,0.02214,19.25
11462,57.353979,40.25,0.02214,19.25
11463,57.359132,40.25,0.02214,19.25
11464,57.364037,40.25,0.02214,19.25
11465,57.369409,40.25,0.02214,19.25
11466,57.374303,40.25,0.02214,19.25
11467,57.379992,40.25,0.02214,19.25
11468,57.385152,40.25,0.02214,19.25
11469,57.390060,40.25,0.02214,19.25
11470,57.395432,40.25,0.02214,19.25
11471,57.399003,40.25,0.02214,19.25
11472,57.403896,40.25,0.02214,19.25
11473,57.409350,40.375,0.02214,19.25
11474,57.414242,40.375,0.02214,19.25
11475,57.419381,40.375,0.02214,19.25
11476,57.424537,40.375,0.02214,19.25
11477,57.429445,40.375,0.02214,19.25
11478,57.434799,40.375,0.02214,19.25
11479,57.438941,40.375,0.02214,19.25
11480,57.443833,40.375,0.02214,19.25
11481,57.449241,40.375,0.02214,19.25
11482,57.454134,40.375,0.02214,19.25
11483,57.459067,40.375,0.02214,19.25
11484,57.464483,40.375,0.02214,19.25
11485,57.469391,40.375,0.02214,19.25
11486,57.474760,40.375,0.02214,19.25
11487,57.479668,40.375,0.02214,19.25
11488,57.484582,40.375,0.02214,19.25
11489,57.490023,40.375,0.02214,19.25
11490,57.494141,40.375,0.02214,19.25
11491,57.499278,40.375,0.02214,19.25
11492,57.504433,40.375,0.02214,19.25
11493,57.509342,40.375,0.02214,19.25
11494,57.514784,40.375,0.02214,19.25
11495,57.519679,40.375,0.02214,19.25
11496,57.524808,40.375,0.02214,19.25
11497,57.529982,40.375,0.02214,19.25
11498,57.534887,40.375,0.02214,19.25
11499,57.538943,40.375,0.02214,19.25
11500,57.543848,40.375,0.02214,19.25
11501,57.549523,40.375,0.02214,19.25
11502,57.554695,40.375,0.02214,19.25
11503,57.559586,40.375,0.02214,19.25
11504,57.564941,40.375,0.02214,19.25
11505,57.569850,40.375,0.02214,19.25
11506,57.574742,40.375,0.02214,19.25
11507,57.580178,40.375,0.02214,19.25
11508,57.585071,40.375,0.02214,19.25
11509,57.590201,40.375,0.02214,19.25
11510,57.594038,40.375,0.02214,19.25
11511,57.599497,40.375,0.02214,19.25
11512,57.604877,40.375,0.02214,19.25
11513,57.609786,40.375,0.02214,19.25
11514,57.614903,40.375,0.02214,19.25
11515,57.620062,40.375,0.02214,19.25
11516,57.624967,40.375,0.02214,19.25
11517,57.630046,40.375,0.02214,19.25
11518,57.633899,40.375,0.02214,19.25
11519,57.640134,40.375,0.02214,19.25
11520,57.645259,40.375,0.02214,19.25
11521,57.649588,40.375,0.02214,19.25
11522,57.654484,40.375,0.02214,19.25
11523,57.659926,40.375,0.02214,19.25
11524,57.664832,40.375,0.02214,19.25
11525,57.669727,40.375,0.02214,19.25
11526,57.675164,40.375,0.02214,19.25
11527,57.680060,40.375,0.02214,19.25
11528,57.685442,40.375,0.02214,19.25
11529,57.689014,40.375,0.02214,19.25
11530,57.693906,40.375,0.02214,19.25
11531,57.699887,40.375,0.02214,19.25
11532,57.704793,40.375,0.02214,19.25
11533,57.709896,40.375,0.02214,19.25
11534,57.715123,40.375,0.02214,19.25
11535,57.720031,40.375,0.02214,19.25
11536,57.725403,40.375,0.02214,19.25
11537,57.728973,40.375,0.02214,19.25
11538,57.733865,40.375,0.02214,19.25
11539,57.739251,40.375,0.02214,19.25
11540,57.744147,40.375,0.02214,19.25
11541,57.749080,40.375,0.02214,19.25
11542,57.754494,40.375,0.02214,19.25
11543,57.759959,40.375,0.02214,19.25
11544,57.765067,40.375,0.02214,19.25
11545,57.768920,40.375,0.02214,19.25
11546,57.775152,40.375,0.02214,19.25
11547,57.778908,40.375,0.02214,19.25
11548,57.784088,40.375,0.02214,19.25
11549,57.788996,40.375,0.02214,19.25
11550,57.794365,40.375,0.02214,19.25
11551,57.799264,40.375,0.02214,19.25
11552,57.804169,40.375,0.02214,19.25
11553,57.809618,40.375,0.02214,19.25
11554,57.814548,40.375,0.02214,19.25
11555,57.820512,40.375,0.02214,19.25
11556,57.824265,40.375,0.02214,19.25
11557,57.829174,40.375,0.02214,19.25
11558,57.834304,40.375,0.0204099994,18.875
11559,57.839462,40.375,0.0204099994,18.875
11560,57.844368,40.375,0.0204099994,18.875
11561,57.849517,40.375,0.0204099994,18.875
11562,57.854689,40.375,0.0204099994,18.875
11563,57.859581,40.375,0.0204099994,18.875
11564,57.864999,40.375,0.0204099994,18.875
11565,57.869061,40.375,0.0204099994,18.875
11566,57.873953,40.375,0.0204099994,18.875
11567,57.879381,40.375,0.0204099994,18.875
11568,57.884286,40.375,0.0204099994,18.875
11569,57.889206,40.375,0.0204099994,18.875
11570,57.894616,40.375,0.0204099994,18.875
11571,57.899525,40.375,0.0204099994,18.875
11572,57.904642,40.375,0.0204099994,18.875
11573,57.909798,40.375,0.0204099994,18.875
11574,57.914703,40.375,0.0204099994,18.875
11575,57.920148,40.375,0.0204099994,18.875
11576,57.925561,40.375,0.0204099994,18.875
11577,57.929324,40.375,0.0204099994,18.875
11578,57.934495,40.375,0.0204099994,18.875
11579,57.939403,40.375,0.0204099994,18.875
11580,57.944782,40.375,0.0204099994,18.875
11581,57.949690,40.375,0.0204099994,18.875
11582,57.954813,40.375,0.0204099994,18.875
11583,57.959968,40.375,0.0204099994,18.875
11584,57.964874,40.375,0.0204099994,18.875
11585,57.970248,40.375,0.0204099994,18.875
11586,57.975167,40.375,0.0204099994,18.875
11587,57.979277,40.375,0.0204099994,18.875
11588,57.984717,40.375,0.0204099994,18.875
11589,57.989608,40.375,0.0204099994,18.875
11590,57.994705,40.375,0.0204099994,18.875
11591,57.999879,40.375,0.0204099994,18.875
11592,58.004784,40.375,0.0204099994,18.875
11593,58.010159,40.375,0.0204099994,18.875
11594,58.015052,40.375,0.0204099994,18.875
11595,58.019984,40.375,0.0204099994,18.875
11596,58.023985,40.375,0.0204099994,18.875
11597,58.029430,40.375,0.0204099994,18.875
11598,58.034557,40.375,0.0204099994,18.875
11599,58.039721,40.375,0.0204099994,18.875
11600,58.044610,40.375,0.0204099994,18.875
11601,58.050020,40.375,0.0204099994,18.875
11602,58.054915,40.375,0.0204099994,18.875
11603,58.059824,40.375,0.0204099994,18.875
11604,58.065264,40.375,0.0204099994,18.875
11605,58.070160,40.375,0.0204099994,18.875
11606,58.080068,40.375,0.0204099994,18.875
11607,58.082381,40.375,0.0204099994,18.875
11608,58.086232,40.375,0.0204099994,18.875
11609,58.090351,40.375,0.0204099994,18.875
11610,58.095243,40.375,0.0204099994,18.875
11611,58.100746,40.375,0.0204099994,18.875
11612,58.105634,40.375,0.0204099994,18.875
11613,58.110756,40.375,0.0204099994,18.875
11614,58.115908,40.375,0.0204099994,18.875
11615,58.120816,40.375,0.0204099994,18.875
11616,58.126188,40.375,0.0204099994,18.875
11617,58.131085,40.375,0.0204099994,18.875
11618,58.135989,40.375,0.0204099994,18.875
11619,58.140060,40.375,0.0204099994,18.875
11620,58.145477,40.375,0.0204099994,18.875
11621,58.150613,40.375,0.0204099994,18.875
11622,58.155768,40.375,0.0204099994,18.875
11623,58.160676,40.375,0.0204099994,18.875
11624,58.166024,40.375,0.0204099994,18.875
11625,58.170922,40.375,0.0204099994,18.875
11626,58.175828,40.375,0.0204099994,18.875
11627,58.181268,40.375,0.0204099994,18.875
11628,58.186161,40.375,0.0204099994,18.875
11629,58.191299,40.375,0.0204099994,18.875
11630,58.195629,40.375,0.0204099994,18.875
11631,58.200527,40.375,0.0204099994,18.875
11632,58.205917,40.375,0.0204099994,18.875
11633,58.210825,40.375,0.0204099994,18.875
11634,58.215718,40.375,0.0204099994,18.875
11635,58.221154,40.375,0.0204099994,18.875
11636,58.226047,40.375,0.0204099994,18.875
11637,58.231185,40.375,0.0204099994,18.875
11638,58.235013,40.375,0.0204099994,18.875
11639,58.241249,40.375,0.0204099994,18.875
11640,58.246596,40.375,0.0204099994,18.875
11641,58.250168,40.375,0.0204099994,18.875
11642,58.255626,40.375,0.0204099994,18.875
11643,58.261065,40.375,0.0204099994,18.875
11644,58.265957,40.375,0.0204099994,18.875
11645,58.271096,40.375,0.0204099994,18.875
11646,58.276251,40.375,0.0204099994,18.875
11647,58.281159,40.375,0.0204099994,18.875
11648,58.286532,40.375,0.0204099994,18.875
11649,58.290104,40.375,0.0204099994,18.875
11650,58.294996,40.375,0.0204099994,18.875
11651,58.300405,40.375,0.0204099994,18.875
11652,58.305310,40.375,0.0204099994,18.875
11653,58.310431,40.375,0.0204099994,18.875
11654,58.316157,40.375,0.0204099994,18.875
11655,58.321053,40.375,0.0204099994,18.875
11656,58.325117,40.375,0.0204099994,18.875
11657,58.330016,40.375,0.0204099994,18.875
11658,58.336480,40.375,0.0204099994,18.875
11659,58.340358,40.375,0.0204099994,18.875
11660,58.345250,40.375,0.0204099994,18.875
11661,58.350368,40.375,0.0204099994,18.875
11662,58.355523,40.375,0.0204099994,18.875
11663,58.360432,40.375,0.0204099994,18.875
11664,58.365810,40.375,0.0204099994,18.875
11665,58.371230,40.375,0.0204099994,18.875
11666,58.376366,40.375,0.0204099994,18.875
11667,58.380194,40.375,0.0204099994,18.875
11668,58.385086,40.375,0.0204099994,18.875
11669,58.390228,40.375,0.0204099994,18.875
11670,58.395383,40.375,0.0204099994,18.875
11671,58.400292,40.375,0.0204099994,18.875
11672,58.405639,40.375,0.0204099994,18.875
11673,58.410538,40.375,0.0204099994,18.875
11674,58.415467,40.375,0.0204099994,18.875
11675,58.421406,40.375,0.0204099994,18.875
11676,58.426301,40.375,0.0204099994,18.875
11677,58.431440,40.375,0.0204099994,18.875
11678,58.435268,40.375,0.0204099994,18.875
11679,58.440164,40.375,0.0204099994,18.875
11680,58.445550,40.375,0.0204099994,18.875
11681,58.450448,40.375,0.0204099994,18.875
11682,58.455354,40.375,0.0204099994,18.875
11683,58.460820,40.375,0.0204099994,18.875
11684,58.465712,40.375,0.0204099994,18.875
11685,58.470075,40.375,0.0204099994,18.875
11686,58.475230,40.375,0.0204099994,18.875
11687,58.480139,40.375,0.0204099994,18.875
11688,58.485511,40.375,0.0204099994,18.875
11689,58.490409,40.375,0.0204099994,18.875
11690,58.495545,40.375,0.0204099994,18.875
11691,58.500707,40.375,0.0204099994,18.875
11692,58.505596,40.375,0.0204099994,18.875
11693,58.510987,40.375,0.0204099994,18.875
11694,58.515883,40.375,0.0204099994,18.875
11695,58.521341,40.375,0.0204099994,18.875
11696,58.525407,40.375,0.0204099994,18.875
11697,58.530305,40.375,0.0204099994,18.875
11698,58.535210,40.375,0.0204099994,18.875
11699,58.540666,40.375,0.0204099994,18.875
11700,58.545555,40.375,0.0204099994,18.875
11701,58.550952,40.375,0.0204099994,18.875
11702,58.555857,40.375,0.0204099994,18.875
11703,58.560753,40.375,0.0204099994,18.875
11704,58.566189,40.375,0.0204099994,18.875
11705,58.570265,40.375,0.0204099994,18.875
11706,58.575183,40.375,0.0204099994,18.875
11707,58.580607,40.375,0.0204099994,18.875
11708,58.585513,40.375,0.0204099994,18.875
11709,58.590888,40.375,0.0204099994,18.875
11710,58.595793,40.375,0.0204099994,18.875
11711,58.600689,40.375,0.0204099994,18.875
11712,58.606175,40.375,0.0204099994,18.875
11713,58.611071,40.375,0.0204099994,18.875
11714,58.616206,40.375,0.0204099994,18.875
11715,58.620035,40.375,0.0204099994,18.875
11716,58.626267,40.375,0.0204099994,18.875
11717,58.630340,40.375,0.0204099994,18.875
11718,58.635767,40.375,0.0204099994,18.875
11719,58.640896,40.375,0.0204099994,18.875
11720,58.646059,40.375,0.0204099994,18.875
11721,58.650966,40.375,0.0204099994,18.875
11722,58.656339,40.375,0.0204099994,18.875
11723,58.661237,40.375,0.0204099994,18.875
11724,58.666142,40.375,0.0204099994,18.875
11725,58.670262,40.375,0.0204099994,18.875
11726,58.675158,40.375,0.0204099994,18.875
11727,58.680264,40.375,0.0204099994,18.875
11728,58.686014,40.75,0.0204099994,18.875
11729,58.690910,40.75,0.0204099994,18.875
11730,58.696345,40.75,0.0204099994,18.875
11731,58.701241,40.75,0.0204099994,18.875
11732,58.706338,40.75,0.0204099994,18.875
11733,58.710190,40.75,0.0204099994,18.875
11734,58.715083,40.75,0.0204099994,18.875
11735,58.720200,40.75,0.0204099994,18.875
11736,58.725355,40.75,0.0204099994,18.875
11737,58.730264,40.75,0.0204099994,18.875
11738,58.735635,40.75,0.0204099994,18.875
11739,58.741062,40.75,0.0204099994,18.875
11740,58.746175,40.75,0.0204099994,18.875
11741,58.750001,40.75,0.0204099994,18.875
11742,58.756233,40.75,0.0204099994,18.875
11743,58.761609,40.75,0.0204099994,18.875
11744,58.765177,40.75,0.0204099994,18.875
11745,58.770073,40.75,0.0204099994,18.875
11746,58.775511,40.75,0.0204099994,18.875
11747,58.780420,40.75,0.0204099994,18.875
11748,58.785533,40.75,0.0204099994,18.875
11749,58.791259,40.75,0.0204099994,18.875
11750,58.796152,40.75,0.0204099994,18.875
11751,58.800218,40.75,0.0204099994,18.875
11752,58.805111,40.75,0.0204099994,18.875
11753,58.810044,40.75,0.0204099994,18.875
11754,58.815447,40.75,0.0204099994,18.875
11755,58.820355,40.75,0.0204099994,18.875
11756,58.825445,40.75,0.0204099994,18.875
11757,58.830625,40.75,0.0204099994,18.875
11758,58.835530,40.75,0.0204099994,18.875
11759,58.841480,40.75,0.0204099994,18.875
11760,58.845252,40.75,0.0204099994,18.875
11761,58.850161,40.75,0.0204099994,18.875
11762,58.855277,40.75,0.0204099994,18.875
11763,58.860453,40.75,0.0204099994,18.875
11764,58.865359,40.75,0.0204099994,18.875
11765,58.870460,40.75,0.0204099994,18.875
11766,58.875640,40.75,0.0204099994,18.875
11767,58.880548,40.75,0.0204099994,18.875
11768,58.885902,40.75,0.0204099994,18.875
11769,58.891357,40.75,0.0204099994,18.875
11770,58.896288,40.75,0.0204099994,18.875
11771,58.900319,40.75,0.0204099994,18.875
11772,58.905215,40.75,0.0204099994,18.875
11773,58.910147,40.75,0.0204099994,18.875
11774,58.915558,40.75,0.0204099994,18.875
11775,58.920468,40.75,0.0204099994,18.875
11776,58.925584,40.75,0.0204099994,18.875
11777,58.930740,40.75,0.0204099994,18.875
11778,58.935629,40.75,0.0204099994,18.875
11779,58.940997,40.75,0.0204099994,18.875
11780,58.945119,40.75,0.0204099994,18.875
11781,58.950014,40.75,0.0204099994,18.875
11782,58.955497,40.75,0.0204099994,18.875
11783,58.960406,40.75,0.0204099994,18.875
11784,58.965322,40.75,0.0204099994,18.875
11785,58.970752,40.75,0.0204099994,18.875
11786,58.975640,40.75,0.0204099994,18.875
11787,58.980765,40.75,0.0204099994,18.875
11788,58.985914,40.75,0.0204099994,18.875
11789,58.990822,40.75,0.0204099994,18.875
11790,58.996194,40.75,0.0204099994,18.875
11791,59.000319,40.75,0.0204099994,18.875
11792,59.005211,40.75,0.0204099994,18.875
11793,59.010685,40.75,0.0204099994,18.875
11794,59.015574,40.75,0.0204099994,18.875
11795,59.020698,40.75,0.0204099994,18.875
11796,59.025850,40.75,0.0204099994,18.875
11797,59.030758,40.75,0.0204099994,18.875
11798,59.036180,40.75,0.0204099994,18.875
11799,59.041077,40.75,0.0204099994,18.875
11800,59.045981,40.75,0.0204099994,18.875
11801,59.050053,40.75,0.0204099994,18.875
11802,59.055451,40.75,0.0204099994,18.875
11803,59.060605,40.75,0.0204099994,18.875
11804,59.065761,40.75,0.0204099994,18.875
11805,59.070669,40.75,0.0204099994,18.875
11806,59.080674,40.75,0.0204099994,18.875
11807,59.082895,40.75,0.0204099994,18.875
11808,59.086457,40.75,0.0204099994,18.875
11809,59.091560,40.75,0.0204099994,18.875
11810,59.096850,40.75,0.0204099994,18.875
11811,59.101755,40.75,0.0204099994,18.875
11812,59.106643,40.75,0.0204099994,18.875
11813,59.110958,40.75,0.0204099994,18.875
11814,59.116153,40.75,0.0156999994,18.125
11815,59.121049,40.75,0.0156999994,18.125
11816,59.126164,40.75,0.0156999994,18.125
11817,59.131319,40.75,0.0156999994,18.125
11818,59.136225,40.75,0.0156999994,18.125
11819,59.141600,40.75,0.0156999994,18.125
11820,59.146496,40.75,0.0156999994,18.125
11821,59.151690,40.75,0.0156999994,18.125
11822,59.156849,40.75,0.0156999994,18.125
11823,59.160969,40.75,0.0156999994,18.125
11824,59.166347,40.75,0.0156999994,18.125
11825,59.171245,40.75,0.0156999994,18.125
11826,59.176175,40.75,0.0156999994,18.125
11827,59.181597,40.75,0.0156999994,18.125
11828,59.186503,40.75,0.0156999994,18.125
11829,59.191637,40.75,0.0156999994,18.125
11830,59.196807,40.75,0.0156999994,18.125
11831,59.201712,40.75,0.0156999994,18.125
11832,59.207084,40.75,0.0156999994,18.125
11833,59.210636,40.75,0.0156999994,18.125
11834,59.216089,40.75,0.0156999994,18.125
11835,59.221533,40.75,0.0156999994,18.125
11836,59.226439,40.75,0.0156999994,18.125
11837,59.231558,40.75,0.0156999994,18.125
11838,59.236721,40.75,0.0156999994,18.125
11839,59.241610,40.75,0.0156999994,18.125
11840,59.246976,40.75,0.0156999994,18.125
11841,59.251872,40.75,0.0156999994,18.125
11842,59.256780,40.75,0.0156999994,18.125
11843,59.260825,40.75,0.0156999994,18.125
11844,59.266240,40.75,0.0156999994,18.125
11845,59.271161,40.75,0.0156999994,18.125
11846,59.276582,40.75,0.0156999994,18.125
11847,59.281491,40.75,0.0156999994,18.125
11848,59.286608,40.75,0.0156999994,18.125
11849,59.291763,40.75,0.0156999994,18.125
11850,59.296672,40.75,0.0156999994,18.125
11851,59.302019,40.75,0.0156999994,18.125
11852,59.306915,40.75,0.0156999994,18.125
11853,59.311820,40.75,0.0156999994,18.125
11854,59.315849,40.75,0.0156999994,18.125
11855,59.321307,40.75,0.0156999994,18.125
11856,59.326237,40.75,0.0156999994,18.125
11857,59.331673,40.75,0.0156999994,18.125
11858,59.336562,40.75,0.0156999994,18.125
11859,59.341671,40.75,0.0156999994,18.125
11860,59.346841,40.75,0.0156999994,18.125
11861,59.351747,40.75,0.0156999994,18.125
11862,59.356857,40.75,0.0156999994,18.125
11863,59.360699,40.75,0.0156999994,18.125
11864,59.366934,40.75,0.0156999994,18.125
11865,59.370988,40.75,0.0156999994,18.125
11866,59.376400,40.75,0.0156999994,18.125
11867,59.381308,40.75,0.0156999994,18.125
11868,59.386423,40.75,0.0156999994,18.125
11869,59.391628,40.75,0.0156999994,18.125
11870,59.396534,40.75,0.0156999994,18.125
11871,59.401916,40.75,0.0156999994,18.125
11872,59.406824,40.75,0.0156999994,18.125
11873,59.411949,40.75,0.0156999994,18.125
11874,59.415774,40.75,0.0156999994,18.125
11875,59.420670,40.75,0.0156999994,18.125
11876,59.426359,40.75,0.0156999994,18.125
11877,59.431514,40.75,0.0156999994,18.125
11878,59.436420,40.75,0.0156999994,18.125
11879,59.441776,40.75,0.0156999994,18.125
11880,59.446684,40.75,0.0156999994,18.125
11881,59.451598,40.75,0.0156999994,18.125
11882,59.457042,40.75,0.0156999994,18.125
11883,59.461934,40.75,0.0156999994,18.125
11884,59.467070,40.75,0.0156999994,18.125
11885,59.470899,40.75,0.0156999994,18.125
11886,59.475791,40.75,0.0156999994,18.125
11887,59.480909,40.75,0.0156999994,18.125
11888,59.486617,40.75,0.0156999994,18.125
11889,59.491525,40.75,0.0156999994,18.125
11890,59.496992,40.75,0.0156999994,18.125
11891,59.501884,40.75,0.0156999994,18.125
11892,59.507012,40.75,0.0156999994,18.125
11893,59.510835,40.75,0.0156999994,18.125
11894,59.515727,40.75,0.0156999994,18.125
11895,59.520850,40.75,0.0156999994,18.125
11896,59.525999,40.75,0.0156999994,18.125
11897,59.530907,40.75,0.0156999994,18.125
11898,59.536374,40.75,0.0156999994,18.125
11899,59.541806,40.75,0.0156999994,18.125
11900,59.547189,40.75,0.0156999994,18.125
11901,59.550755,40.75,0.0156999994,18.125
11902,59.555643,40.75,0.0156999994,18.125
11903,59.561062,40.75,0.0156999994,18.125
11904,59.565957,40.75,0.0156999994,18.125
11905,59.570866,40.75,0.0156999994,18.125
11906,59.576296,40.75,0.0156999994,18.125
11907,59.581192,40.75,0.0156999994,18.125
11908,59.586575,40.75,0.0156999994,18.125
11909,59.590702,40.75,0.0156999994,18.125
11910,59.596960,40.75,0.0156999994,18.125
11911,59.600977,40.75,0.0156999994,18.125
11912,59.605872,40.75,0.0156999994,18.125
11913,59.610780,40.75,0.0156999994,18.125
11914,59.616207,40.75,0.0156999994,18.125
11915,59.621102,40.75,0.0156999994,18.125
11916,59.626238,40.75,0.0156999994,18.125
11917,59.631394,40.75,0.0156999994,18.125
11918,59.636298,40.75,0.0156999994,18.125
11919,59.641984,40.75,0.0156999994,18.125
11920,59.645806,40.75,0.0156999994,18.125
11921,59.650702,40.75,0.0156999994,18.125
11922,59.656137,40.75,0.0156999994,18.125
11923,59.661036,40.75,0.0156999994,18.125
11924,59.665964,40.75,0.0156999994,18.125
11925,59.671371,40.75,0.0156999994,18.125
11926,59.676275,40.75,0.0156999994,18.125
11927,59.681388,40.75,0.0156999994,18.125
11928,59.686568,40.75,0.0156999994,18.125
11929,59.691477,40.75,0.0156999994,18.125
11930,59.696859,40.75,0.0156999994,18.125
11931,59.700998,40.75,0.0156999994,18.125
11932,59.705890,40.75,0.0156999994,18.125
11933,59.711318,40.75,0.0156999994,18.125
11934,59.716210,40.75,0.0156999994,18.125
11935,59.721348,40.75,0.0156999994,18.125
11936,59.726504,40.75,0.0156999994,18.125
11937,59.731412,40.75,0.0156999994,18.125
11938,59.736795,40.75,0.0156999994,18.125
11939,59.741700,40.75,0.0156999994,18.125
11940,59.746808,40.75,0.0156999994,18.125
11941,59.750675,40.75,0.0156999994,18.125
11942,59.756123,40.75,0.0156999994,18.125
11943,59.761507,40.75,0.0156999994,18.125
11944,59.766402,40.75,0.0156999994,18.125
11945,59.771310,40.75,0.0156999994,18.125
11946,59.776754,40.75,0.0156999994,18.125
11947,59.781642,40.75,0.0156999994,18.125
11948,59.786735,40.75,0.0156999994,18.125
11949,59.790775,40.75,0.0156999994,18.125
11950,59.795680,40.75,0.0156999994,18.125
11951,59.802146,40.75,0.0156999994,18.125
11952,59.806475,40.75,0.0156999994,18.125
11953,59.811372,40.75,0.0156999994,18.125
11954,59.816460,40.75,0.0156999994,18.125
11955,59.821640,40.75,0.0156999994,18.125
11956,59.826544,40.75,0.0156999994,18.125
11957,59.831902,40.75,0.0156999994,18.125
11958,59.836810,40.75,0.0156999994,18.125
11959,59.841731,40.75,0.0156999994,18.125
11960,59.845750,40.75,0.0156999994,18.125
11961,59.850642,40.75,0.0156999994,18.125
11962,59.857120,40.75,0.0156999994,18.125
11963,59.861474,40.75,0.0156999994,18.125
11964,59.866583,40.75,0.0156999994,18.125
11965,59.871492,40.75,0.0156999994,18.125
11966,59.876613,40.75,0.0156999994,18.125
11967,59.881790,40.75,0.0156999994,18.125
11968,59.886686,40.75,0.0156999994,18.125
11969,59.891805,40.75,0.0156999994,18.125
11970,59.896960,40.75,0.0156999994,18.125
11971,59.901866,40.75,0.0156999994,18.125
11972,59.907238,40.75,0.0156999994,18.125
11973,59.911352,40.75,0.0156999994,18.125
11974,59.916257,40.75,0.0156999994,18.125
11975,59.921703,40.75,0.0156999994,18.125
11976,59.926591,40.75,0.0156999994,18.125
11977,59.931695,40.75,0.0156999994,18.125
11978,59.936872,40.75,0.0156999994,18.125
11979,59.941777,40.75,0.0156999994,18.125
11980,59.947148,40.75,0.0156999994,18.125
11981,59.950717,40.75,0.0156999994,18.125
11982,59.956976,40.75,0.0156999994,18.125
11983,59.960997,40.75,0.0156999994,18.125
11984,59.966462,40.75,0.0156999994,18.125
11985,59.971395,40.75,0.0156999994,18.125
11986,59.976834,40.75,0.0156999994,18.125
11987,59.981726,40.75,0.0156999994,18.125
11988,59.986847,40.75,0.0156999994,18.125
11989,59.990665,40.75,0.0156999994,18.125
11990,59.996901,40.75,0.0156999994,18.125
11991,60.002273,40.75,0.0156999994,18.125
11992,60.005842,40.75,0.0156999994,18.125
11993,60.010738,40.75,0.0156999994,18.125
11994,60.016674,40.75,0.0156999994,18.125
11995,60.021562,40.75,0.0156999994,18.125
11996,60.026955,40.75,0.0156999994,18.125
11997,60.031861,40.75,0.0156999994,18.125
11998,60.036756,40.75,0.0156999994,18.125
11999,60.040800,40.75,0.0156999994,18.125
12000,60.045705,40.75,0.0156999994,18.125
12001,60.052127,40.75,0.0156999994,18.125
12002,60.055973,40.75,0.0156999994,18.125
12003,60.060869,40.75,0.0156999994,18.125
12004,60.065990,40.75,0.0156999994,18.125
12005,60.071741,40.75,0.0156999994,18.125
12006,60.081620,40.75,0.0156999994,18.125
12007,60.083930,40.75,0.0156999994,18.125
12008,60.087781,40.75,0.0156999994,18.125
12009,60.092673,40.75,0.0156999994,18.125
12010,60.098134,40.75,0.0156999994,18.125
12011,60.101699,40.75,0.0156999994,18.125
12012,60.106588,40.75,0.0156999994,18.125
12013,60.112027,40.75,0.0156999994,18.125
12014,60.116923,40.75,0.0156999994,18.125
12015,60.122058,40.75,0.0156999994,18.125
12016,60.127785,40.75,0.0156999994,18.125
12017,60.132677,40.75,0.0156999994,18.125
12018,60.136729,40.75,0.0156999994,18.125
12019,60.141617,40.75,0.0156999994,18.125
12020,60.148082,40.75,0.0156999994,18.125
12021,60.151911,40.75,0.0156999994,18.125
12022,60.156806,40.75,0.0156999994,18.125
12023,60.161923,40.75,0.0156999994,18.125
12024,60.167079,40.75,0.0156999994,18.125
12025,60.171983,40.75,0.0156999994,18.125
12026,60.177355,40.75,0.0156999994,18.125
12027,60.182770,40.75,0.0156999994,18.125
12028,60.187907,40.75,0.0156999994,18.125
12029,60.191746,40.75,0.0156999994,18.125
12030,60.196634,40.75,0.0156999994,18.125
12031,60.201758,40.75,0.0156999994,18.125
12032,60.206914,40.75,0.0156999994,18.125
12033,60.211819,40.75,0.0156999994,18.125
12034,60.217241,40.75,0.0156999994,18.125
12035,60.222136,40.75,0.0156999994,18.125
12036,60.227045,40.75,0.0156999994,18.125
12037,60.232494,40.75,0.0156999994,18.125
12038,60.236615,40.75,0.0156999994,18.125
12039,60.243092,40.75,0.0156999994,18.125
12040,60.246924,40.75,0.0156999994,18.125
12041,60.251816,40.75,0.0156999994,18.125
12042,60.257277,40.75,0.0156999994,18.125
12043,60.262173,40.75,0.0156999994,18.125
12044,60.267105,40.75,0.0156999994,18.125
12045,60.272527,40.75,0.0156999994,18.125
12046,60.277435,40.75,0.0156999994,18.125
12047,60.282528,40.75,0.0156999994,18.125
12048,60.286889,40.75,0.0156999994,18.125
12049,60.291795,40.75,0.0156999994,18.125
12050,60.296901,40.75,0.0156999994,18.125
12051,60.302046,40.75,0.0156999994,18.125
12052,60.306953,40.75,0.0156999994,18.125
12053,60.312380,40.75,0.0156999994,18.125
12054,60.317288,40.75,0.0156999994,18.125
12055,60.322376,40.75,0.0156999994,18.125
12056,60.327573,40.75,0.0156999994,18.125
12057,60.332478,40.75,0.0156999994,18.125
12058,60.337856,40.75,0.0156999994,18.125
12059,60.341973,40.75,0.0156999994,18.125
12060,60.346868,40.75,0.0156999994,18.125
12061,60.352318,40.75,0.0156999994,18.125
12062,60.357214,40.75,0.0156999994,18.125
12063,60.362325,40.75,0.0156999994,18.125
12064,60.367508,40.75,0.0156999994,18.125
12065,60.372413,40.75,0.0156999994,18.125
12066,60.377792,40.75,0.0156999994,18.125
12067,60.382697,40.75,0.0156999994,18.125
12068,60.387588,40.75,0.0156999994,18.125
12069,60.391664,40.75,0.0156999994,18.125
12070,60.397102,40.75,0.0147399995,17.375
12071,60.402008,40.75,0.0147399995,17.375
12072,60.407427,40.75,0.0147399995,17.375
12073,60.412332,40.75,0.0147399995,17.375
12074,60.417449,40.75,0.0147399995,17.375
12075,60.422604,40.75,0.0147399995,17.375
12076,60.427513,40.75,0.0147399995,17.375
12077,60.432892,40.75,0.0147399995,17.375
12078,60.437800,40.75,0.0147399995,17.375
12079,60.443197,40.75,0.0147399995,17.375
12080,60.447258,40.75,0.0147399995,17.375
12081,60.452154,40.75,0.0147399995,17.375
12082,60.457294,40.75,0.0147399995,17.375
12083,60.462440,40.75,0.0147399995,17.375
12084,60.467348,40.75,0.0147399995,17.375
12085,60.472791,40.75,0.0147399995,17.375
12086,60.477686,40.75,0.0147399995,17.375
12087,60.483055,40.75,0.0147399995,17.375
12088,60.486606,40.75,0.0147399995,17.375
12089,60.492859,40.75,0.0147399995,17.375
12090,60.496913,40.75,0.0147399995,17.375
12091,60.502368,40.75,0.0147399995,17.375
12092,60.507276,40.75,0.0147399995,17.375
12093,60.512737,40.75,0.0147399995,17.375
12094,60.517628,40.75,0.0147399995,17.375
12095,60.522747,40.75,0.0147399995,17.375
12096,60.526555,40.75,0.0147399995,17.375
12097,60.532808,40.75,0.0147399995,17.375
12098,60.536838,40.75,0.0147399995,17.375
12099,60.541744,40.75,0.0147399995,17.375
12100,60.546632,40.75,0.0147399995,17.375
12101,60.552098,40.75,0.0147399995,17.375
12102,60.557549,40.75,0.0147399995,17.375
12103,60.562958,40.75,0.0147399995,17.375
12104,60.567867,40.75,0.0147399995,17.375
12105,60.572759,40.75,0.0147399995,17.375
12106,60.576809,40.75,0.0147399995,17.375
12107,60.581715,40.75,0.0147399995,17.375
12108,60.586604,40.75,0.0147399995,17.375
12109,60.592034,40.75,0.0147399995,17.375
12110,60.596929,40.75,0.0147399995,17.375
12111,60.602065,40.75,0.0147399995,17.375
12112,60.607224,40.75,0.0147399995,17.375
12113,60.612696,40.75,0.0147399995,17.375
12114,60.618076,40.75,0.0147399995,17.375
12115,60.621625,40.75,0.0147399995,17.375
12116,60.626531,40.75,0.0147399995,17.375
12117,60.632019,40.75,0.0147399995,17.375
12118,60.636915,40.75,0.0147399995,17.375
12119,60.642298,40.75,0.0147399995,17.375
12120,60.647197,40.75,0.0147399995,17.375
12121,60.652102,40.75,0.0147399995,17.375
12122,60.657529,40.75,0.0147399995,17.375
12123,60.661618,40.75,0.0147399995,17.375
12124,60.668074,40.75,0.0147399995,17.375
12125,60.671903,40.75,0.0147399995,17.375
12126,60.676798,40.75,0.0147399995,17.375
12127,60.682184,40.75,0.0147399995,17.375
12128,60.687083,40.75,0.0147399995,17.375
12129,60.692196,40.75,0.0147399995,17.375
12130,60.697354,40.75,0.0147399995,17.375
12131,60.702260,40.75,0.0147399995,17.375
12132,60.707688,40.75,0.0147399995,17.375
12133,60.712577,40.75,0.0147399995,17.375
12134,60.716716,40.75,0.0147399995,17.375
12135,60.722125,40.75,0.0147399995,17.375
12136,60.727021,40.75,0.0147399995,17.375
12137,60.732132,40.75,0.0147399995,17.375
12138,60.737290,40.75,0.0147399995,17.375
12139,60.742195,40.75,0.0147399995,17.375
12140,60.747624,40.75,0.0147399995,17.375
12141,60.752530,40.75,0.0147399995,17.375
12142,60.757933,40.75,0.0147399995,17.375
12143,60.762839,40.75,0.0147399995,17.375
12144,60.767735,40.75,0.0147399995,17.375
12145,60.771782,40.75,0.0147399995,17.375
12146,60.777244,40.75,0.0147399995,17.375
12147,60.782377,40.75,0.0147399995,17.375
12148,60.787535,40.75,0.0147399995,17.375
12149,60.792441,40.75,0.0147399995,17.375
12150,60.797820,40.75,0.0147399995,17.375
12151,60.802725,40.75,0.0147399995,17.375
12152,60.807616,40.75,0.0147399995,17.375
12153,60.811636,40.75,0.0147399995,17.375
12154,60.816531,40.75,0.0147399995,17.375
12155,60.822990,40.75,0.0147399995,17.375
12156,60.826819,40.75,0.0147399995,17.375
12157,60.832265,40.75,0.0147399995,17.375
12158,60.837377,40.75,0.0147399995,17.375
12159,60.842556,40.75,0.0147399995,17.375
12160,60.847465,40.75,0.0147399995,17.375
12161,60.852869,40.75,0.0147399995,17.375
12162,60.857778,40.75,0.0147399995,17.375
12163,60.862670,40.75,0.0147399995,17.375
12164,60.866720,40.75,0.0147399995,17.375
12165,60.871609,40.75,0.0147399995,17.375
12166,60.878087,40.75,0.0147399995,17.375
12167,60.882163,40.75,0.0147399995,17.375
12168,60.887618,40.75,0.0147399995,17.375
12169,60.892756,40.75,0.0147399995,17.375
12170,60.896562,40.75,0.0147399995,17.375
12171,60.902815,40.75,0.0147399995,17.375
12172,60.908187,40.75,0.0147399995,17.375
12173,60.911755,40.75,0.0147399995,17.375
12174,60.916643,40.75,0.0147399995,17.375
12175,60.922080,40.75,0.0147399995,17.375
12176,60.926976,40.75,0.0147399995,17.375
12177,60.932090,40.75,0.0147399995,17.375
12178,60.937245,40.75,0.0147399995,17.375
12179,60.942702,40.75,0.0147399995,17.375
12180,60.946731,40.75,0.0147399995,17.375
12181,60.951620,40.75,0.0147399995,17.375
12182,60.958084,40.75,0.0147399995,17.375
12183,60.961913,40.75,0.0147399995,17.375
12184,60.966809,40.75,0.0147399995,17.375
12185,60.971926,40.75,0.0147399995,17.375
12186,60.977081,40.75,0.0147399995,17.375
12187,60.981986,40.75,0.0147399995,17.375
12188,60.987389,40.75,0.0147399995,17.375
12189,60.992861,40.75,0.0147399995,17.375
12190,60.997974,40.75,0.0147399995,17.375
12191,61.001824,40.75,0.0147399995,17.375
12192,61.006720,40.75,0.0147399995,17.375
12193,61.012105,40.75,0.0147399995,17.375
12194,61.017004,40.75,0.0147399995,17.375
12195,61.021910,40.75,0.0147399995,17.375
12196,61.027352,40.75,0.0147399995,17.375
12197,61.032244,40.75,0.0147399995,17.375
12198,61.037380,40.75,0.0147399995,17.375
12199,61.042536,40.75,0.0147399995,17.375
12200,61.046640,40.75,0.0147399995,17.375
12201,61.052041,40.75,0.0147399995,17.375
12202,61.056936,40.75,0.0147399995,17.375
12203,61.061842,40.75,0.0147399995,17.375
12204,61.067263,40.75,0.0147399995,17.375
12205,61.072156,40.75,0.0147399995,17.375
12206,61.082171,40.75,0.0147399995,17.375
12207,61.084475,40.75,0.0147399995,17.375
12208,61.088353,40.75,0.0147399995,17.375
12209,61.093245,40.75,0.0147399995,17.375
12210,61.098153,40.75,0.0147399995,17.375
12211,61.102222,40.75,0.0147399995,17.375
12212,61.107709,40.75,0.0147399995,17.375
12213,61.112598,40.75,0.0147399995,17.375
12214,61.118034,40.75,0.0147399995,17.375
12215,61.122926,40.75,0.0147399995,17.375
12216,61.128038,40.75,0.0147399995,17.375
12217,61.133217,40.75,0.0147399995,17.375
12218,61.138126,40.75,0.0147399995,17.375
12219,61.143498,40.75,0.0147399995,17.375
12220,61.148396,40.75,0.0147399995,17.375
12221,61.153301,40.75,0.0147399995,17.375
12222,61.157370,40.75,0.0147399995,17.375
12223,61.162812,40.75,0.0147399995,17.375
12224,61.167736,40.75,0.0147399995,17.375
12225,61.173130,40.75,0.0147399995,17.375
12226,61.178026,40.75,0.0147399995,17.375
12227,61.183137,40.75,0.0147399995,17.375
12228,61.188319,40.75,0.0147399995,17.375
12229,61.193225,40.75,0.0147399995,17.375
12230,61.198597,40.75,0.0147399995,17.375
12231,61.202166,40.75,0.0147399995,17.375
12232,61.207584,40.75,0.0147399995,17.375
12233,61.212974,40.75,0.0147399995,17.375
12234,61.217873,40.75,0.0147399995,17.375
12235,61.222989,40.75,0.0147399995,17.375
12236,61.228156,40.75,0.0147399995,17.375
12237,61.233061,40.75,0.0147399995,17.375
12238,61.238433,40.625,0.0147399995,17.375
12239,61.243329,40.625,0.0147399995,17.375
12240,61.248237,40.625,0.0147399995,17.375
12241,61.252306,40.625,0.0147399995,17.375
12242,61.257736,40.625,0.0147399995,17.375
12243,61.262862,40.625,0.0147399995,17.375
12244,61.268017,40.625,0.0147399995,17.375
12245,61.272922,40.625,0.0147399995,17.375
12246,61.278342,40.625,0.0147399995,17.375
12247,61.283234,40.625,0.0147399995,17.375
12248,61.288356,40.625,0.0147399995,17.375
12249,61.292184,40.625,0.0147399995,17.375
12250,61.298420,40.625,0.0147399995,17.375
12251,61.303520,40.625,0.0147399995,17.375
12252,61.307366,40.625,0.0147399995,17.375
12253,61.312785,40.625,0.0147399995,17.375
12254,61.318230,40.625,0.0147399995,17.375
12255,61.323123,40.625,0.0147399995,17.375
12256,61.328032,40.625,0.0147399995,17.375
12257,61.333483,40.625,0.0147399995,17.375
12258,61.338392,40.625,0.0147399995,17.375
12259,61.343505,40.625,0.0147399995,17.375
12260,61.347337,40.625,0.0147399995,17.375
12261,61.352230,40.625,0.0147399995,17.375
12262,61.357344,40.625,0.0147399995,17.375
12263,61.362523,40.625,0.0147399995,17.375
12264,61.367432,40.625,0.0147399995,17.375
12265,61.372835,40.625,0.0147399995,17.375
12266,61.378258,40.625,0.0147399995,17.375
12267,61.383163,40.625,0.0147399995,17.375
12268,61.387228,40.625,0.0147399995,17.375
12269,61.392123,40.625,0.0147399995,17.375
12270,61.398580,40.625,0.0147399995,17.375
12271,61.402391,40.625,0.0147399995,17.375
12272,61.407300,40.625,0.0147399995,17.375
12273,61.412721,40.625,0.0147399995,17.375
12274,61.417614,40.625,0.0147399995,17.375
12275,61.422519,40.625,0.0147399995,17.375
12276,61.428482,40.625,0.0147399995,17.375
12277,61.433375,40.625,0.0147399995,17.375
12278,61.438505,40.625,0.0147399995,17.375
12279,61.442344,40.625,0.0147399995,17.375
12280,61.447240,40.625,0.0147399995,17.375
12281,61.452601,40.625,0.0147399995,17.375
12282,61.457500,40.625,0.0147399995,17.375
12283,61.462405,40.625,0.0147399995,17.375
12284,61.467873,40.625,0.0147399995,17.375
12285,61.472765,40.625,0.0147399995,17.375
12286,61.477905,40.625,0.0147399995,17.375
12287,61.482231,40.625,0.0147399995,17.375
12288,61.487130,40.625,0.0147399995,17.375
12289,61.492512,40.625,0.0147399995,17.375
12290,61.497410,40.625,0.0147399995,17.375
12291,61.502315,40.625,0.0147399995,17.375
12292,61.507809,40.625,0.0147399995,17.375
12293,61.512701,40.625,0.0147399995,17.375
12294,61.518084,40.625,0.0147399995,17.375
12295,61.522980,40.625,0.0147399995,17.375
12296,61.527889,40.625,0.0147399995,17.375
12297,61.532226,40.625,0.0147399995,17.375
12298,61.537411,40.625,0.0147399995,17.375
12299,61.542316,40.625,0.0147399995,17.375
12300,61.547438,40.625,0.0147399995,17.375
12301,61.552595,40.625,0.0147399995,17.375
12302,61.557503,40.625,0.0147399995,17.375
12303,61.562882,40.625,0.0147399995,17.375
12304,61.567791,40.625,0.0147399995,17.375
12305,61.572683,40.625,0.0147399995,17.375
12306,61.578122,40.625,0.0147399995,17.375
12307,61.582262,40.625,0.0147399995,17.375
12308,61.587397,40.625,0.0147399995,17.375
12309,61.592605,40.625,0.0147399995,17.375
12310,61.597513,40.625,0.0147399995,17.375
12311,61.602892,40.625,0.0147399995,17.375
12312,61.607801,40.625,0.0147399995,17.375
12313,61.612693,40.625,0.0147399995,17.375
12314,61.618133,40.625,0.0147399995,17.375
12315,61.623026,40.625,0.0147399995,17.375
12316,61.628137,40.625,0.0147399995,17.375
12317,61.633895,40.625,0.0147399995,17.375
12318,61.637460,40.625,0.0147399995,17.375
12319,61.642828,40.625,0.0147399995,17.375
12320,61.647738,40.625,0.0147399995,17.375
12321,61.652625,40.625,0.0147399995,17.375
12322,61.658094,40.625,0.0147399995,17.375
12323,61.662987,40.625,0.0147399995,17.375
12324,61.668122,40.625,0.0147399995,17.375
12325,61.673277,40.625,0.0147399995,17.375
12326,61.678186,40.625,0.0151899997,16.75
12327,61.683558,40.625,0.0151899997,16.75
12328,61.687130,40.625,0.0151899997,16.75
12329,61.692588,40.625,0.0151899997,16.75
12330,61.698030,40.625,0.0151899997,16.75
12331,61.702922,40.625,0.0151899997,16.75
12332,61.708305,40.625,0.0151899997,16.75
12333,61.713201,40.625,0.0151899997,16.75
12334,61.718134,40.625,0.0151899997,16.75
12335,61.722178,40.625,0.0151899997,16.75
12336,61.728418,40.625,0.0151899997,16.75
12337,61.733506,40.625,0.0151899997,16.75
12338,61.737399,40.625,0.0151899997,16.75
12339,61.742858,40.625,0.0151899997,16.75
12340,61.748021,40.625,0.0151899997,16.75
12341,61.753175,40.625,0.0151899997,16.75
12342,61.758083,40.625,0.0151899997,16.75
12343,61.763455,40.625,0.0151899997,16.75
12344,61.768353,40.625,0.0151899997,16.75
12345,61.773259,40.625,0.0151899997,16.75
12346,61.777303,40.625,0.0151899997,16.75
12347,61.782199,40.625,0.0151899997,16.75
12348,61.787131,40.625,0.0151899997,16.75
12349,61.793060,40.625,0.0151899997,16.75
12350,61.797958,40.625,0.0151899997,16.75
12351,61.803069,40.625,0.0151899997,16.75
12352,61.808251,40.625,0.0151899997,16.75
12353,61.813156,40.625,0.0151899997,16.75
12354,61.817228,40.625,0.0151899997,16.75
12355,61.822121,40.625,0.0151899997,16.75
12356,61.827249,40.625,0.0151899997,16.75
12357,61.832396,40.625,0.0151899997,16.75
12358,61.837303,40.625,0.0151899997,16.75
12359,61.842428,40.625,0.0151899997,16.75
12360,61.848158,40.625,0.0151899997,16.75
12361,61.853050,40.625,0.0151899997,16.75
12362,61.858494,40.625,0.0151899997,16.75
12363,61.863399,40.625,0.0151899997,16.75
12364,61.868527,40.625,0.0151899997,16.75
12365,61.872356,40.625,0.0151899997,16.75
12366,61.877251,40.625,0.0151899997,16.75
12367,61.882365,40.625,0.0151899997,16.75
12368,61.887524,40.625,0.0151899997,16.75
12369,61.892429,40.625,0.0151899997,16.75
12370,61.897831,40.625,0.0151899997,16.75
12371,61.902132,40.625,0.0151899997,16.75
12372,61.908372,40.625,0.0151899997,16.75
12373,61.912166,40.625,0.0151899997,16.75
12374,61.917327,40.625,0.0151899997,16.75
12375,61.922233,40.625,0.0151899997,16.75
12376,61.927355,40.625,0.0151899997,16.75
12377,61.932510,40.625,0.0151899997,16.75
12378,61.937419,40.625,0.0151899997,16.75
12379,61.942861,40.625,0.0151899997,16.75
12380,61.947756,40.625,0.0151899997,16.75
12381,61.953454,40.625,0.0151899997,16.75
12382,61.957285,40.625,0.0151899997,16.75
12383,61.962177,40.625,0.0151899997,16.75
12384,61.967316,40.625,0.0151899997,16.75
12385,61.972471,40.625,0.0151899997,16.75
12386,61.977380,40.625,0.0151899997,16.75
12387,61.982734,40.625,0.0151899997,16.75
12388,61.987626,40.625,0.0151899997,16.75
12389,61.992532,40.625,0.0151899997,16.75
12390,61.997974,40.625,0.0151899997,16.75
12391,62.003374,40.625,0.0151899997,16.75
12392,62.008757,40.625,0.0151899997,16.75
12393,62.012318,40.625,0.0151899997,16.75
12394,62.017214,40.625,0.0151899997,16.75
12395,62.022665,40.625,0.0151899997,16.75
12396,62.027557,40.625,0.0151899997,16.75
12397,62.032682,40.625,0.0151899997,16.75
12398,62.037833,40.625,0.0151899997,16.75
12399,62.042739,40.625,0.0151899997,16.75
12400,62.048110,40.625,0.0151899997,16.75
12401,62.053006,40.625,0.0151899997,16.75
12402,62.058705,40.625,0.0151899997,16.75
12403,62.062510,40.625,0.0151899997,16.75
12404,62.067418,40.625,0.0151899997,16.75
12405,62.072536,40.625,0.0151899997,16.75
12406,62.082665,40.625,0.0151899997,16.75
12407,62.085071,40.625,0.0151899997,16.75
12408,62.088954,40.625,0.0151899997,16.75
12409,62.093859,40.625,0.0151899997,16.75
12410,62.098755,40.625,0.0151899997,16.75
12411,62.102803,40.625,0.0151899997,16.75
12412,62.107711,40.625,0.0151899997,16.75
12413,62.113397,40.625,0.0151899997,16.75
12414,62.118555,40.625,0.0151899997,16.75
12415,62.123461,40.625,0.0151899997,16.75
12416,62.128840,40.625,0.0151899997,16.75
12417,62.133745,40.625,0.0151899997,16.75
12418,62.138874,40.625,0.0151899997,16.75
12419,62.142698,40.625,0.0151899997,16.75
12420,62.148932,40.625,0.0151899997,16.75
12421,62.154306,40.625,0.0151899997,16.75
12422,62.157878,40.625,0.0151899997,16.75
12423,62.163335,40.625,0.0151899997,16.75
12424,62.168799,40.625,0.0151899997,16.75
12425,62.173691,40.625,0.0151899997,16.75
12426,62.179078,40.625,0.0151899997,16.75
12427,62.183974,40.625,0.0151899997,16.75
12428,62.188882,40.625,0.0151899997,16.75
12429,62.192933,40.625,0.0151899997,16.75
12430,62.197842,40.625,0.0151899997,16.75
12431,62.202763,40.625,0.0151899997,16.75
12432,62.208163,40.625,0.0151899997,16.75
12433,62.213562,40.625,0.0151899997,16.75
12434,62.218699,40.625,0.0151899997,16.75
12435,62.223850,40.625,0.0151899997,16.75
12436,62.228759,40.625,0.0151899997,16.75
12437,62.232808,40.625,0.0151899997,16.75
12438,62.237717,40.625,0.0151899997,16.75
12439,62.244165,40.625,0.0151899997,16.75
12440,62.247996,40.625,0.0151899997,16.75
12441,62.252889,40.625,0.0151899997,16.75
12442,62.257981,40.625,0.0151899997,16.75
12443,62.263207,40.625,0.0151899997,16.75
12444,62.268674,40.625,0.0151899997,16.75
12445,62.274084,40.625,0.0151899997,16.75
12446,62.278980,40.625,0.0151899997,16.75
12447,62.284101,40.625,0.0151899997,16.75
12448,62.287932,40.625,0.0151899997,16.75
12449,62.292824,40.625,0.0151899997,16.75
12450,62.297951,40.625,0.0151899997,16.75
12451,62.303119,40.625,0.0151899997,16.75
12452,62.308027,40.625,0.0151899997,16.75
12453,62.313399,40.625,0.0151899997,16.75
12454,62.318296,40.625,0.0151899997,16.75
12455,62.323202,40.625,0.0151899997,16.75
12456,62.329141,40.625,0.0151899997,16.75
12457,62.332710,40.625,0.0151899997,16.75
12458,62.337845,40.625,0.0151899997,16.75
12459,62.343004,40.625,0.0151899997,16.75
12460,62.347913,40.625,0.0151899997,16.75
12461,62.353285,40.625,0.0151899997,16.75
12462,62.358181,40.625,0.0151899997,16.75
12463,62.363320,40.625,0.0151899997,16.75
12464,62.368480,40.625,0.0151899997,16.75
12465,62.373385,40.625,0.0151899997,16.75
12466,62.379061,40.625,0.0151899997,16.75
12467,62.382889,40.625,0.0151899997,16.75
12468,62.387784,40.625,0.0151899997,16.75
12469,62.392881,40.625,0.0151899997,16.75
12470,62.398057,40.625,0.0151899997,16.75
12471,62.402961,40.625,0.0151899997,16.75
12472,62.408334,40.625,0.0151899997,16.75
12473,62.413229,40.625,0.0151899997,16.75
12474,62.418138,40.625,0.0151899997,16.75
12475,62.423609,40.625,0.0151899997,16.75
12476,62.428518,40.625,0.0151899997,16.75
12477,62.433610,40.625,0.0151899997,16.75
12478,62.437970,40.625,0.0151899997,16.75
12479,62.442876,40.625,0.0151899997,16.75
12480,62.447977,40.625,0.0151899997,16.75
12481,62.453153,40.625,0.0151899997,16.75
12482,62.458062,40.625,0.0151899997,16.75
12483,62.463434,40.625,0.0151899997,16.75
12484,62.468332,40.625,0.0151899997,16.75
12485,62.473237,40.625,0.0151899997,16.75
12486,62.478678,40.625,0.0151899997,16.75
12487,62.483566,40.625,0.0151899997,16.75
12488,62.489284,40.625,0.0151899997,16.75
12489,62.493113,40.625,0.0151899997,16.75
12490,62.498009,40.625,0.0151899997,16.75
12491,62.503122,40.625,0.0151899997,16.75
12492,62.508280,40.625,0.0151899997,16.75
12493,62.513185,40.375,0.0151899997,16.75
12494,62.518558,40.375,0.0151899997,16.75
12495,62.523454,40.375,0.0151899997,16.75
12496,62.528387,40.375,0.0151899997,16.75
12497,62.533828,40.375,0.0151899997,16.75
12498,62.538724,40.375,0.0151899997,16.75
12499,62.543841,40.375,0.0151899997,16.75
12500,62.548163,40.375,0.0151899997,16.75
12501,62.553059,40.375,0.0151899997,16.75
12502,62.558444,40.375,0.0151899997,16.75
12503,62.563339,40.375,0.0151899997,16.75
12504,62.568248,40.375,0.0151899997,16.75
12505,62.573763,40.375,0.0151899997,16.75
12506,62.578659,40.375,0.0151899997,16.75
12507,62.584042,40.375,0.0151899997,16.75
12508,62.588940,40.375,0.0151899997,16.75
12509,62.593846,40.375,0.0151899997,16.75
12510,62.597897,40.375,0.0151899997,16.75
12511,62.603355,40.375,0.0151899997,16.75
12512,62.608467,40.375,0.0151899997,16.75
12513,62.613663,40.375,0.0151899997,16.75
12514,62.618555,40.375,0.0151899997,16.75
12515,62.623910,40.375,0.0151899997,16.75
12516,62.628818,40.375,0.0151899997,16.75
12517,62.633734,40.375,0.0151899997,16.75
12518,62.637833,40.375,0.0151899997,16.75
12519,62.642738,40.375,0.0151899997,16.75
12520,62.648996,40.375,0.0151899997,16.75
12521,62.653064,40.375,0.0151899997,16.75
12522,62.658533,40.375,0.0151899997,16.75
12523,62.663673,40.375,0.0151899997,16.75
12524,62.668826,40.375,0.0151899997,16.75
12525,62.673731,40.375,0.0151899997,16.75
12526,62.677783,40.375,0.0151899997,16.75
12527,62.682688,40.375,0.0151899997,16.75
12528,62.689139,40.375,0.0151899997,16.75
12529,62.692967,40.375,0.0151899997,16.75
12530,62.697862,40.375,0.0151899997,16.75
12531,62.702980,40.375,0.0151899997,16.75
12532,62.708702,40.375,0.0151899997,16.75
12533,62.713590,40.375,0.0151899997,16.75
12534,62.719033,40.375,0.0151899997,16.75
12535,62.723926,40.375,0.0151899997,16.75
12536,62.729050,40.375,0.0151899997,16.75
12537,62.732879,40.375,0.0151899997,16.75
12538,62.737774,40.375,0.0151899997,16.75
12539,62.742892,40.375,0.0151899997,16.75
12540,62.748071,40.375,0.0151899997,16.75
12541,62.752975,40.375,0.0151899997,16.75
12542,62.758627,40.375,0.0151899997,16.75
12543,62.763810,40.375,0.0151899997,16.75
12544,62.768719,40.375,0.0151899997,16.75
12545,62.774088,40.375,0.0151899997,16.75
12546,62.778987,40.375,0.0151899997,16.75
12547,62.783893,40.375,0.0151899997,16.75
12548,62.787967,40.375,0.0151899997,16.75
12549,62.792872,40.375,0.0151899997,16.75
12550,62.797767,40.375,0.0151899997,16.75
12551,62.803325,40.375,0.0151899997,16.75
12552,62.808223,40.375,0.0151899997,16.75
12553,62.813657,40.375,0.0151899997,16.75
12554,62.819084,40.375,0.0151899997,16.75
12555,62.823976,40.375,0.0151899997,16.75
12556,62.829115,40.375,0.0151899997,16.75
12557,62.832942,40.375,0.0151899997,16.75
12558,62.837838,40.375,0.0151899997,16.75
12559,62.842981,40.375,0.0151899997,16.75
12560,62.848161,40.375,0.0151899997,16.75
12561,62.853066,40.375,0.0151899997,16.75
12562,62.858439,40.375,0.0151899997,16.75
12563,62.863334,40.375,0.0151899997,16.75
12564,62.869026,40.375,0.0151899997,16.75
12565,62.872855,40.375,0.0151899997,16.75
12566,62.877750,40.375,0.0151899997,16.75
12567,62.882870,40.375,0.0151899997,16.75
12568,62.888022,40.375,0.0151899997,16.75
12569,62.892926,40.375,0.0151899997,16.75
12570,62.898299,40.375,0.0151899997,16.75
12571,62.903195,40.375,0.0151899997,16.75
12572,62.908104,40.375,0.0151899997,16.75
12573,62.913763,40.375,0.0151899997,16.75
12574,62.917827,40.375,0.0151899997,16.75
12575,62.922733,40.375,0.0151899997,16.75
12576,62.928160,40.375,0.0151899997,16.75
12577,62.933053,40.375,0.0151899997,16.75
12578,62.938188,40.375,0.0151899997,16.75
12579,62.943343,40.375,0.0151899997,16.75
12580,62.948251,40.375,0.0151899997,16.75
12581,62.953624,40.375,0.0151899997,16.75
12582,62.958522,40.375,0.0172099993,16.375
12583,62.963428,40.375,0.0172099993,16.375
12584,62.968869,40.375,0.0172099993,16.375
12585,62.972926,40.375,0.0172099993,16.375
12586,62.978049,40.375,0.0172099993,16.375
12587,62.983205,40.375,0.0172099993,16.375
12588,62.988113,40.375,0.0172099993,16.375
12589,62.993485,40.375,0.0172099993,16.375
12590,62.998383,40.375,0.0172099993,16.375
12591,63.003288,40.375,0.0172099993,16.375
12592,63.008754,40.375,0.0172099993,16.375
12593,63.013642,40.375,0.0172099993,16.375
12594,63.018780,40.375,0.0172099993,16.375
12595,63.023941,40.375,0.0172099993,16.375
12596,63.028850,40.375,0.0172099993,16.375
12597,63.034221,40.375,0.0172099993,16.375
12598,63.038349,40.375,0.0172099993,16.375
12599,63.043241,40.375,0.0172099993,16.375
12600,63.048687,40.375,0.0172099993,16.375
12601,63.053575,40.375,0.0172099993,16.375
12602,63.058704,40.375,0.0172099993,16.375
12603,63.063852,40.375,0.0172099993,16.375
12604,63.068761,40.375,0.0172099993,16.375
12605,63.073842,40.375,0.0172099993,16.375
12606,63.083972,40.375,0.0172099993,16.375
12607,63.086194,40.375,0.0172099993,16.375
12608,63.090513,40.375,0.0172099993,16.375
12609,63.094411,40.375,0.0172099993,16.375
12610,63.099310,40.375,0.0172099993,16.375
12611,63.104215,40.375,0.0172099993,16.375
12612,63.109670,40.375,0.0172099993,16.375
12613,63.114558,40.375,0.0172099993,16.375
12614,63.119658,40.375,0.0172099993,16.375
12615,63.124835,40.375,0.0172099993,16.375
12616,63.129744,40.375,0.0172099993,16.375
12617,63.135112,40.375,0.0172099993,16.375
12618,63.140011,40.375,0.0172099993,16.375
12619,63.144916,40.375,0.0172099993,16.375
12620,63.150836,40.375,0.0172099993,16.375
12621,63.154398,40.375,0.0172099993,16.375
12622,63.159293,40.375,0.0172099993,16.375
12623,63.164745,40.375,0.0172099993,16.375
12624,63.169636,40.375,0.0172099993,16.375
12625,63.174754,40.375,0.0172099993,16.375
12626,63.179906,40.375,0.0172099993,16.375
12627,63.184812,40.375,0.0172099993,16.375
12628,63.190187,40.375,0.0172099993,16.375
12629,63.195080,40.375,0.0172099993,16.375
12630,63.199148,40.375,0.0172099993,16.375
12631,63.204589,40.375,0.0172099993,16.375
12632,63.209497,40.375,0.0172099993,16.375
12633,63.214612,40.375,0.0172099993,16.375
12634,63.219767,40.375,0.0172099993,16.375
12635,63.224672,40.375,0.0172099993,16.375
12636,63.230022,40.375,0.0172099993,16.375
12637,63.234918,40.375,0.0172099993,16.375
12638,63.239827,40.375,0.0172099993,16.375
12639,63.245267,40.375,0.0172099993,16.375
12640,63.250163,40.375,0.0172099993,16.375
12641,63.254275,40.375,0.0172099993,16.375
12642,63.259705,40.375,0.0172099993,16.375
12643,63.264593,40.375,0.0172099993,16.375
12644,63.269717,40.375,0.0172099993,16.375
12645,63.274867,40.375,0.0172099993,16.375
12646,63.279776,40.375,0.0172099993,16.375
12647,63.285147,40.375,0.0172099993,16.375
12648,63.290043,40.375,0.0172099993,16.375
12649,63.294947,40.375,0.0172099993,16.375
12650,63.300377,40.375,0.0172099993,16.375
12651,63.305281,40.375,0.0172099993,16.375
12652,63.309397,40.375,0.0172099993,16.375
12653,63.314854,40.375,0.0172099993,16.375
12654,63.319750,40.375,0.0172099993,16.375
12655,63.324867,40.375,0.0172099993,16.375
12656,63.330016,40.375,0.0172099993,16.375
12657,63.334921,40.375,0.0172099993,16.375
12658,63.340000,40.375,0.0172099993,16.375
12659,63.345180,40.375,0.0172099993,16.375
12660,63.350088,40.375,0.0172099993,16.375
12661,63.355460,40.375,0.0172099993,16.375
12662,63.359031,40.375,0.0172099993,16.375
12663,63.364489,40.375,0.0172099993,16.375
12664,63.369953,40.375,0.0172099993,16.375
12665,63.374846,40.375,0.0172099993,16.375
12666,63.379939,40.375,0.0172099993,16.375
12667,63.385116,40.375,0.0172099993,16.375
12668,63.390025,40.375,0.0172099993,16.375
12669,63.395396,40.375,0.0172099993,16.375
12670,63.400293,40.375,0.0172099993,16.375
12671,63.405223,40.375,0.0172099993,16.375
12672,63.409269,40.375,0.0172099993,16.375
12673,63.414165,40.375,0.0172099993,16.375
12674,63.419073,40.375,0.0172099993,16.375
12675,63.424987,40.375,0.0172099993,16.375
12676,63.429885,40.375,0.0172099993,16.375
12677,63.434791,40.375,0.0172099993,16.375
12678,63.440217,40.375,0.0172099993,16.375
12679,63.445110,40.375,0.0172099993,16.375
12680,63.450545,40.375,0.0172099993,16.375
12681,63.454113,40.375,0.0172099993,16.375
12682,63.459010,40.375,0.0172099993,16.375
12683,63.464447,40.375,0.0172099993,16.375
12684,63.469356,40.375,0.0172099993,16.375
12685,63.474445,40.375,0.0172099993,16.375
12686,63.480195,40.375,0.0172099993,16.375
12687,63.485088,40.375,0.0172099993,16.375
12688,63.489180,40.375,0.0172099993,16.375
12689,63.494073,40.375,0.0172099993,16.375
12690,63.498981,40.375,0.0172099993,16.375
12691,63.504383,40.375,0.0172099993,16.375
12692,63.509291,40.375,0.0172099993,16.375
12693,63.514406,40.375,0.0172099993,16.375
12694,63.519565,40.375,0.0172099993,16.375
12695,63.524471,40.375,0.0172099993,16.375
12696,63.529619,40.375,0.0172099993,16.375
12697,63.535345,40.375,0.0172099993,16.375
12698,63.540240,40.375,0.0172099993,16.375
12699,63.544280,40.375,0.0172099993,16.375
12700,63.549176,40.375,0.0172099993,16.375
12701,63.554081,40.375,0.0172099993,16.375
12702,63.559508,40.375,0.0172099993,16.375
12703,63.564413,40.375,0.0172099993,16.375
12704,63.569506,40.375,0.0172099993,16.375
12705,63.574705,40.375,0.0172099993,16.375
12706,63.579596,40.375,0.0172099993,16.375
12707,63.585570,40.375,0.0172099993,16.375
12708,63.589141,40.375,0.0172099993,16.375
12709,63.594059,40.375,0.0172099993,16.375
12710,63.599469,40.375,0.0172099993,16.375
12711,63.604374,40.375,0.0172099993,16.375
12712,63.609489,40.375,0.0172099993,16.375
12713,63.614663,40.375,0.0172099993,16.375
12714,63.619554,40.375,0.0172099993,16.375
12715,63.624909,40.375,0.0172099993,16.375
12716,63.629818,40.375,0.0172099993,16.375
12717,63.635223,40.375,0.0172099993,16.375
12718,63.639326,40.375,0.0172099993,16.375
12719,63.644221,40.375,0.0172099993,16.375
12720,63.649129,40.375,0.0172099993,16.375
12721,63.654565,40.375,0.0172099993,16.375
12722,63.659474,40.375,0.0172099993,16.375
12723,63.664870,40.375,0.0172099993,16.375
12724,63.669779,40.375,0.0172099993,16.375
12725,63.674671,40.375,0.0172099993,16.375
12726,63.680157,40.375,0.0172099993,16.375
12727,63.685050,40.375,0.0172099993,16.375
12728,63.690189,40.375,0.0172099993,16.375
12729,63.694518,40.375,0.0172099993,16.375
12730,63.699414,40.375,0.0172099993,16.375
12731,63.704806,40.375,0.0172099993,16.375
12732,63.709715,40.375,0.0172099993,16.375
12733,63.714604,40.375,0.0172099993,16.375
12734,63.720044,40.375,0.0172099993,16.375
12735,63.724936,40.375,0.0172099993,16.375
12736,63.730050,40.375,0.0172099993,16.375
12737,63.735230,40.375,0.0172099993,16.375
12738,63.740138,40.375,0.0172099993,16.375
12739,63.744487,40.375,0.0172099993,16.375
12740,63.749647,40.375,0.0172099993,16.375
12741,63.754551,40.375,0.0172099993,16.375
12742,63.759955,40.375,0.0172099993,16.375
12743,63.764861,40.375,0.0172099993,16.375
12744,63.769756,40.375,0.0172099993,16.375
12745,63.775243,40.375,0.0172099993,16.375
12746,63.780138,40.375,0.0172099993,16.375
12747,63.785521,40.375,0.0172099993,16.375
12748,63.789092,40.375,0.0172099993,16.375
12749,63.793985,40.25,0.0172099993,16.375
12750,63.799927,40.25,0.0172099993,16.375
12751,63.804832,40.25,0.0172099993,16.375
12752,63.809728,40.25,0.0172099993,16.375
12753,63.815154,40.25,0.0172099993,16.375
12754,63.820049,40.25,0.0172099993,16.375
12755,63.825482,40.25,0.0172099993,16.375
12756,63.829053,40.25,0.0172099993,16.375
12757,63.835311,40.25,0.0172099993,16.375
12758,63.839356,40.25,0.0172099993,16.375
12759,63.844250,40.25,0.0172099993,16.375
12760,63.849183,40.25,0.0172099993,16.375
12761,63.855112,40.25,0.0172099993,16.375
12762,63.860011,40.25,0.0172099993,16.375
12763,63.865146,40.25,0.0172099993,16.375
12764,63.868973,40.25,0.0172099993,16.375
12765,63.875206,40.25,0.0172099993,16.375
12766,63.880582,40.25,0.0172099993,16.375
12767,63.884150,40.25,0.0172099993,16.375
12768,63.889046,40.25,0.0172099993,16.375
12769,63.894484,40.25,0.0172099993,16.375
12770,63.899392,40.25,0.0172099993,16.375
12771,63.904482,40.25,0.0172099993,16.375
12772,63.910257,40.25,0.0172099993,16.375
12773,63.915150,40.25,0.0172099993,16.375
12774,63.920568,40.25,0.0172099993,16.375
12775,63.924136,40.25,0.0172099993,16.375
12776,63.929033,40.25,0.0172099993,16.375
12777,63.934706,40.25,0.0172099993,16.375
12778,63.939598,40.25,0.0172099993,16.375
12779,63.944527,40.25,0.0172099993,16.375
12780,63.950000,40.25,0.0172099993,16.375
12781,63.954892,40.25,0.0172099993,16.375
12782,63.960557,40.25,0.0172099993,16.375
12783,63.964397,40.25,0.0172099993,16.375
12784,63.969304,40.25,0.0172099993,16.375
12785,63.974419,40.25,0.0172099993,16.375
12786,63.979578,40.25,0.0172099993,16.375
12787,63.984484,40.25,0.0172099993,16.375
12788,63.989607,40.25,0.0172099993,16.375
12789,63.994763,40.25,0.0172099993,16.375
12790,63.999671,40.25,0.0172099993,16.375
12791,64.005043,40.25,0.0172099993,16.375
12792,64.010452,40.25,0.0172099993,16.375
12793,64.014020,40.25,0.0172099993,16.375
12794,64.019446,40.25,0.0172099993,16.375
12795,64.024351,40.25,0.0172099993,16.375
12796,64.029468,40.25,0.0172099993,16.375
12797,64.034624,40.25,0.0172099993,16.375
12798,64.039533,40.25,0.0172099993,16.375
12799,64.044886,40.25,0.0172099993,16.375
12800,64.049795,40.25,0.0172099993,16.375
12801,64.054906,40.25,0.0172099993,16.375
12802,64.060097,40.25,0.0172099993,16.375
12803,64.065002,40.25,0.0172099993,16.375
12804,64.070402,40.25,0.0172099993,16.375
12805,64.074484,40.25,0.0172099993,16.375
12806,64.084401,40.25,0.0172099993,16.375
12807,64.086731,40.25,0.0172099993,16.375
12808,64.090575,40.25,0.0172099993,16.375
12809,64.095471,40.25,0.0172099993,16.375
12810,64.100380,40.25,0.0172099993,16.375
12811,64.104444,40.25,0.0172099993,16.375
12812,64.109343,40.25,0.0172099993,16.375
12813,64.115775,40.25,0.0172099993,16.375
12814,64.119608,40.25,0.0172099993,16.375
12815,64.125041,40.25,0.0172099993,16.375
12816,64.130134,40.25,0.0172099993,16.375
12817,64.135314,40.25,0.0172099993,16.375
12818,64.140223,40.25,0.0172099993,16.375
12819,64.145595,40.25,0.0172099993,16.375
12820,64.150493,40.25,0.0172099993,16.375
12821,64.155399,40.25,0.0172099993,16.375
12822,64.159443,40.25,0.0172099993,16.375
12823,64.164338,40.25,0.0172099993,16.375
12824,64.170807,40.25,0.0172099993,16.375
12825,64.174632,40.25,0.0172099993,16.375
12826,64.179540,40.25,0.0172099993,16.375
12827,64.184665,40.25,0.0172099993,16.375
12828,64.190370,40.25,0.0172099993,16.375
12829,64.195275,40.25,0.0172099993,16.375
12830,64.200740,40.25,0.0172099993,16.375
12831,64.205628,40.25,0.0172099993,16.375
12832,64.210763,40.25,0.0172099993,16.375
12833,64.214618,40.25,0.0172099993,16.375
12834,64.219527,40.25,0.0172099993,16.375
12835,64.224898,40.25,0.0172099993,16.375
12836,64.229807,40.25,0.0172099993,16.375
12837,64.234699,40.25,0.0172099993,16.375
12838,64.240633,40.25,0.0181399994,16.125
12839,64.245529,40.25,0.0181399994,16.125
12840,64.250921,40.25,0.0181399994,16.125
12841,64.254483,40.25,0.0181399994,16.125
12842,64.259379,40.25,0.0181399994,16.125
12843,64.264833,40.25,0.0181399994,16.125
12844,64.269728,40.25,0.0181399994,16.125
12845,64.274641,40.25,0.0181399994,16.125
12846,64.280046,40.25,0.0181399994,16.125
12847,64.284939,40.25,0.0181399994,16.125
12848,64.290077,40.25,0.0181399994,16.125
12849,64.294407,40.25,0.0181399994,16.125
12850,64.300645,40.25,0.0181399994,16.125
12851,64.304694,40.25,0.0181399994,16.125
12852,64.309586,40.25,0.0181399994,16.125
12853,64.314735,40.25,0.0181399994,16.125
12854,64.319905,40.25,0.0181399994,16.125
12855,64.324811,40.25,0.0181399994,16.125
12856,64.329945,40.25,0.0181399994,16.125
12857,64.335094,40.25,0.0181399994,16.125
12858,64.340002,40.25,0.0181399994,16.125
12859,64.345374,40.25,0.0181399994,16.125
12860,64.349482,40.25,0.0181399994,16.125
12861,64.354388,40.25,0.0181399994,16.125
12862,64.359843,40.25,0.0181399994,16.125
12863,64.364736,40.25,0.0181399994,16.125
12864,64.369856,40.25,0.0181399994,16.125
12865,64.375005,40.25,0.0181399994,16.125
12866,64.379913,40.25,0.0181399994,16.125
12867,64.385355,40.25,0.0181399994,16.125
12868,64.390249,40.25,0.0181399994,16.125
12869,64.395179,40.25,0.0181399994,16.125
12870,64.401103,40.25,0.0181399994,16.125
12871,64.404671,40.25,0.0181399994,16.125
12872,64.409792,40.25,0.0181399994,16.125
12873,64.414941,40.25,0.0181399994,16.125
12874,64.419850,40.25,0.0181399994,16.125
12875,64.425221,40.25,0.0181399994,16.125
12876,64.430117,40.25,0.0181399994,16.125
12877,64.435256,40.25,0.0181399994,16.125
12878,64.440413,40.25,0.0181399994,16.125
12879,64.445318,40.25,0.0181399994,16.125
12880,64.450675,40.25,0.0181399994,16.125
12881,64.454817,40.25,0.0181399994,16.125
12882,64.459737,40.25,0.0181399994,16.125
12883,64.465138,40.25,0.0181399994,16.125
12884,64.470033,40.25,0.0181399994,16.125
12885,64.475466,40.25,0.0181399994,16.125
12886,64.480364,40.25,0.0181399994,16.125
12887,64.485269,40.25,0.0181399994,16.125
12888,64.490736,40.25,0.0181399994,16.125
12889,64.495624,40.25,0.0181399994,16.125
12890,64.500748,40.25,0.0181399994,16.125
12891,64.505071,40.25,0.0181399994,16.125
12892,64.509969,40.25,0.0181399994,16.125
12893,64.515080,40.25,0.0181399994,16.125
12894,64.520260,40.25,0.0181399994,16.125
12895,64.525165,40.25,0.0181399994,16.125
12896,64.530293,40.25,0.0181399994,16.125
12897,64.535449,40.25,0.0181399994,16.125
12898,64.540358,40.25,0.0181399994,16.125
12899,64.545711,40.25,0.0181399994,16.125
12900,64.550603,40.25,0.0181399994,16.125
12901,64.554694,40.25,0.0181399994,16.125
12902,64.560148,40.25,0.0181399994,16.125
12903,64.565041,40.25,0.0181399994,16.125
12904,64.570155,40.25,0.0181399994,16.125
12905,64.575334,40.25,0.0181399994,16.125
12906,64.580243,40.25,0.0181399994,16.125
12907,64.585615,40.25,0.0181399994,16.125
12908,64.590513,40.25,0.0181399994,16.125
12909,64.595419,40.25,0.0181399994,16.125
12910,64.599488,40.25,0.0181399994,16.125
12911,64.604383,40.25,0.0181399994,16.125
12912,64.610848,40.25,0.0181399994,16.125
12913,64.615170,40.25,0.0181399994,16.125
12914,64.620068,40.25,0.0181399994,16.125
12915,64.625179,40.25,0.0181399994,16.125
12916,64.630359,40.25,0.0181399994,16.125
12917,64.635264,40.25,0.0181399994,16.125
12918,64.640614,40.25,0.0181399994,16.125
12919,64.645510,40.25,0.0181399994,16.125
12920,64.650419,40.25,0.0181399994,16.125
12921,64.654474,40.25,0.0181399994,16.125
12922,64.659373,40.25,0.0181399994,16.125
12923,64.665822,40.25,0.0181399994,16.125
12924,64.670194,40.25,0.0181399994,16.125
12925,64.675090,40.25,0.0181399994,16.125
12926,64.680475,40.25,0.0181399994,16.125
12927,64.685371,40.25,0.0181399994,16.125
12928,64.690279,40.25,0.0181399994,16.125
12929,64.695745,40.25,0.0181399994,16.125
12930,64.700637,40.25,0.0181399994,16.125
12931,64.705730,40.25,0.0181399994,16.125
12932,64.709562,40.25,0.0181399994,16.125
12933,64.714468,40.25,0.0181399994,16.125
12934,64.719565,40.25,0.0181399994,16.125
12935,64.725314,40.25,0.0181399994,16.125
12936,64.730209,40.25,0.0181399994,16.125
12937,64.735695,40.25,0.0181399994,16.125
12938,64.740586,40.25,0.0181399994,16.125
12939,64.745719,40.25,0.0181399994,16.125
12940,64.749523,40.25,0.0181399994,16.125
12941,64.754429,40.25,0.0181399994,16.125
12942,64.759547,40.25,0.0181399994,16.125
12943,64.764709,40.25,0.0181399994,16.125
12944,64.769600,40.25,0.0181399994,16.125
12945,64.775339,40.25,0.0181399994,16.125
12946,64.780494,40.25,0.0181399994,16.125
12947,64.785399,40.25,0.0181399994,16.125
12948,64.790756,40.25,0.0181399994,16.125
12949,64.794318,40.25,0.0181399994,16.125
12950,64.800554,40.25,0.0181399994,16.125
12951,64.804597,40.25,0.0181399994,16.125
12952,64.809497,40.25,0.0181399994,16.125
12953,64.814628,40.25,0.0181399994,16.125
12954,64.819804,40.25,0.0181399994,16.125
12955,64.825209,40.25,0.0181399994,16.125
12956,64.830585,40.25,0.0181399994,16.125
12957,64.835481,40.25,0.0181399994,16.125
12958,64.840414,40.25,0.0181399994,16.125
12959,64.844458,40.25,0.0181399994,16.125
12960,64.849358,40.25,0.0181399994,16.125
12961,64.855817,40.25,0.0181399994,16.125
12962,64.859663,40.25,0.0181399994,16.125
12963,64.864552,40.25,0.0181399994,16.125
12964,64.869676,40.25,0.0181399994,16.125
12965,64.874832,40.25,0.0181399994,16.125
12966,64.880304,40.25,0.0181399994,16.125
12967,64.885666,40.25,0.0181399994,16.125
12968,64.890558,40.25,0.0181399994,16.125
12969,64.895464,40.25,0.0181399994,16.125
12970,64.899533,40.25,0.0181399994,16.125
12971,64.904428,40.25,0.0181399994,16.125
12972,64.909337,40.25,0.0181399994,16.125
12973,64.914791,40.25,0.0181399994,16.125
12974,64.919687,40.25,0.0181399994,16.125
12975,64.925045,40.25,0.0181399994,16.125
12976,64.930499,40.25,0.0181399994,16.125
12977,64.935405,40.25,0.0181399994,16.125
12978,64.939494,40.25,0.0181399994,16.125
12979,64.944389,40.25,0.0181399994,16.125
12980,64.949523,40.25,0.0181399994,16.125
12981,64.954930,40.25,0.0181399994,16.125
12982,64.959826,40.25,0.0181399994,16.125
12983,64.965231,40.25,0.0181399994,16.125
12984,64.970127,40.25,0.0181399994,16.125
12985,64.975032,40.25,0.0181399994,16.125
12986,64.980484,40.25,0.0181399994,16.125
12987,64.984602,40.25,0.0181399994,16.125
12988,64.989511,40.25,0.0181399994,16.125
12989,64.994963,40.25,0.0181399994,16.125
12990,64.999859,40.25,0.0181399994,16.125
12991,65.005242,40.25,0.0181399994,16.125
12992,65.010138,40.25,0.0181399994,16.125
12993,65.015043,40.25,0.0181399994,16.125
12994,65.020470,40.25,0.0181399994,16.125
12995,65.025376,40.25,0.0181399994,16.125
12996,65.030747,40.25,0.0181399994,16.125
12997,65.036148,40.25,0.0181399994,16.125
12998,65.039718,40.25,0.0181399994,16.125
12999,65.045134,40.25,0.0181399994,16.125
13000,65.050029,40.25,0.0181399994,16.125
13001,65.055165,40.25,0.0181399994,16.125
13002,65.060320,40.25,0.0181399994,16.125
13003,65.065225,40.25,0.0181399994,16.125
13004,65.070671,40.25,0.0181399994,16.125
13005,65.075559,40.25,0.0181399994,16.125
13006,65.085412,40.25,0.0181399994,16.125
13007,65.087725,40.25,0.0181399994,16.125
13008,65.091598,40.25,0.0181399994,16.125
13009,65.095694,40.25,0.0181399994,16.125
13010,65.100585,40.25,0.0181399994,16.125
13011,65.106013,40.25,0.0181399994,16.125
13012,65.110909,40.25,0.0181399994,16.125
13013,65.116045,40.25,0.0181399994,16.125
13014,65.121200,40.25,0.0181399994,16.125
13015,65.126104,40.25,0.0181399994,16.125
13016,65.131480,40.25,0.0181399994,16.125
13017,65.136376,40.25,0.0181399994,16.125
13018,65.141284,40.25,0.0181399994,16.125
13019,65.147223,40.25,0.0181399994,16.125
13020,65.150791,40.25,0.0181399994,16.125
13021,65.155711,40.25,0.0181399994,16.125
13022,65.161138,40.25,0.0181399994,16.125
13023,65.166030,40.25,0.0181399994,16.125
13024,65.171169,40.25,0.0181399994,16.125
13025,65.176324,40.25,0.0181399994,16.125
13026,65.181233,40.25,0.0181399994,16.125
13027,65.186605,40.25,0.0181399994,16.125
13028,65.191504,40.25,0.0181399994,16.125
13029,65.196409,40.25,0.0181399994,16.125
13030,65.200503,40.25,0.0181399994,16.125
13031,65.205944,40.25,0.0181399994,16.125
13032,65.210852,40.25,0.0181399994,16.125
13033,65.216288,40.25,0.0181399994,16.125
13034,65.221184,40.25,0.0181399994,16.125
13035,65.226294,40.25,0.0181399994,16.125
13036,65.231474,40.25,0.0181399994,16.125
13037,65.236379,40.25,0.0181399994,16.125
13038,65.240428,40.25,0.0181399994,16.125
13039,65.245324,40.25,0.0181399994,16.125
13040,65.251799,40.25,0.0181399994,16.125
13041,65.255603,40.25,0.0181399994,16.125
13042,65.261071,40.25,0.0181399994,16.125
13043,65.266452,40.25,0.0181399994,16.125
13044,65.271350,40.25,0.0181399994,16.125
13045,65.276256,40.25,0.0181399994,16.125
13046,65.281718,40.25,0.0181399994,16.125
13047,65.286607,40.25,0.0181399994,16.125
13048,65.291731,40.25,0.0181399994,16.125
13049,65.295589,40.25,0.0181399994,16.125
13050,65.300498,40.25,0.0181399994,16.125
13051,65.305869,40.25,0.0181399994,16.125
13052,65.311340,40.25,0.0181399994,16.125
13053,65.316257,40.25,0.0181399994,16.125
13054,65.321679,40.25,0.0181399994,16.125
13055,65.326567,40.25,0.0181399994,16.125
13056,65.331696,40.25,0.0181399994,16.125
13057,65.335503,40.25,0.0181399994,16.125
13058,65.340412,40.25,0.0181399994,16.125
13059,65.345526,40.25,0.0181399994,16.125
13060,65.350697,40.25,0.0181399994,16.125
13061,65.355586,40.25,0.0181399994,16.125
13062,65.360944,40.25,0.0181399994,16.125
13063,65.366345,40.25,0.0181399994,16.125
13064,65.371474,40.25,0.0181399994,16.125
13065,65.376630,40.25,0.0181399994,16.125
13066,65.381538,40.25,0.0181399994,16.125
13067,65.386895,40.25,0.0181399994,16.125
13068,65.390457,40.25,0.0181399994,16.125
13069,65.395349,40.25,0.0181399994,16.125
13070,65.400715,40.25,0.0181399994,16.125
13071,65.405604,40.25,0.0181399994,16.125
13072,65.410513,40.25,0.0181399994,16.125
13073,65.415966,40.25,0.0181399994,16.125
13074,65.421415,40.25,0.0181399994,16.125
13075,65.426549,40.25,0.0181399994,16.125
13076,65.430363,40.25,0.0181399994,16.125
13077,65.436596,40.25,0.0181399994,16.125
13078,65.441966,40.25,0.0181399994,16.125
13079,65.445527,40.25,0.0181399994,16.125
13080,65.450423,40.25,0.0181399994,16.125
13081,65.455878,40.25,0.0181399994,16.125
13082,65.460773,40.25,0.0181399994,16.125
13083,65.466156,40.25,0.0181399994,16.125
13084,65.471053,40.25,0.0181399994,16.125
13085,65.476493,40.25,0.0181399994,16.125
13086,65.480530,40.25,0.0181399994,16.125
13087,65.485425,40.25,0.0181399994,16.125
13088,65.490556,40.25,0.0181399994,16.125
13089,65.495715,40.25,0.0181399994,16.125
13090,65.500607,40.25,0.0181399994,16.125
13091,65.505970,40.25,0.0181399994,16.125
13092,65.510879,40.25,0.0181399994,16.125
13093,65.515985,40.25,0.0181399994,16.125
13094,65.521159,40.25,0.0178200006,15.875
13095,65.526064,40.25,0.0178200006,15.875
13096,65.531440,40.25,0.0178200006,15.875
13097,65.535547,40.25,0.0178200006,15.875
13098,65.540457,40.25,0.0178200006,15.875
13099,65.545909,40.25,0.0178200006,15.875
13100,65.550805,40.25,0.0178200006,15.875
13101,65.555921,40.25,0.0178200006,15.875
13102,65.561096,40.25,0.0178200006,15.875
13103,65.566001,40.25,0.0178200006,15.875
13104,65.571376,40.25,0.0178200006,15.875
13105,65.576270,40.25,0.0178200006,15.875
13106,65.581178,40.25,0.0178200006,15.875
13107,65.587143,40.25,0.0178200006,15.875
13108,65.590712,40.25,0.0178200006,15.875
13109,65.595821,40.25,0.0178200006,15.875
13110,65.601007,40.25,0.0178200006,15.875
13111,65.605912,40.25,0.0178200006,15.875
13112,65.611287,40.25,0.0178200006,15.875
13113,65.616183,40.25,0.0178200006,15.875
13114,65.621115,40.25,0.0178200006,15.875
13115,65.626537,40.25,0.0178200006,15.875
13116,65.631445,40.25,0.0178200006,15.875
13117,65.636538,40.25,0.0178200006,15.875
13118,65.640898,40.25,0.0178200006,15.875
13119,65.645804,40.25,0.0178200006,15.875
13120,65.650904,40.25,0.0178200006,15.875
13121,65.656082,40.25,0.0178200006,15.875
13122,65.660989,40.25,0.0178200006,15.875
13123,65.666361,40.25,0.0178200006,15.875
13124,65.671260,40.25,0.0178200006,15.875
13125,65.676165,40.25,0.0178200006,15.875
13126,65.681611,40.25,0.0178200006,15.875
13127,65.687033,40.25,0.0178200006,15.875
13128,65.690814,40.25,0.0178200006,15.875
13129,65.695967,40.25,0.0178200006,15.875
13130,65.700876,40.25,0.0178200006,15.875
13131,65.706247,40.25,0.0178200006,15.875
13132,65.711143,40.25,0.0178200006,15.875
13133,65.716260,40.25,0.0178200006,15.875
13134,65.721415,40.25,0.0178200006,15.875
13135,65.726320,40.25,0.0178200006,15.875
13136,65.731702,40.25,0.0178200006,15.875
13137,65.736591,40.25,0.0178200006,15.875
13138,65.741499,40.25,0.0178200006,15.875
13139,65.745568,40.25,0.0178200006,15.875
13140,65.751009,40.25,0.0178200006,15.875
13141,65.755938,40.25,0.0178200006,15.875
13142,65.761365,40.25,0.0178200006,15.875
13143,65.766270,40.25,0.0178200006,15.875
13144,65.771372,40.25,0.0178200006,15.875
13145,65.776565,40.25,0.0178200006,15.875
13146,65.781473,40.25,0.0178200006,15.875
13147,65.786830,40.25,0.0178200006,15.875
13148,65.790391,40.25,0.0178200006,15.875
13149,65.796623,40.25,0.0178200006,15.875
13150,65.800696,40.25,0.0178200006,15.875
13151,65.806108,40.25,0.0178200006,15.875
13152,65.811210,40.25,0.0178200006,15.875
13153,65.816677,40.25,0.0178200006,15.875
13154,65.821566,40.25,0.0178200006,15.875
13155,65.826693,40.25,0.0178200006,15.875
13156,65.830498,40.25,0.0178200006,15.875
13157,65.835404,40.25,0.0178200006,15.875
13158,65.840775,40.25,0.0178200006,15.875
13159,65.845680,40.25,0.0178200006,15.875
13160,65.850572,40.25,0.0178200006,15.875
13161,65.856535,40.25,0.0178200006,15.875
13162,65.861431,40.25,0.0178200006,15.875
13163,65.866801,40.25,0.0178200006,15.875
13164,65.870363,40.25,0.0178200006,15.875
13165,65.876595,40.25,0.0178200006,15.875
13166,65.880615,40.25,0.0178200006,15.875
13167,65.885510,40.25,0.0178200006,15.875
13168,65.890444,40.25,0.0178200006,15.875
13169,65.895874,40.25,0.0178200006,15.875
13170,65.900770,40.25,0.0178200006,15.875
13171,65.905886,40.25,0.0178200006,15.875
13172,65.911588,40.25,0.0178200006,15.875
13173,65.916494,40.25,0.0178200006,15.875
13174,65.921873,40.25,0.0178200006,15.875
13175,65.925434,40.25,0.0178200006,15.875
13176,65.930330,40.25,0.0178200006,15.875
13177,65.935784,40.25,0.0178200006,15.875
13178,65.940680,40.25,0.0178200006,15.875
13179,65.945772,40.25,0.0178200006,15.875
13180,65.950946,40.25,0.0178200006,15.875
13181,65.955851,40.25,0.0178200006,15.875
13182,65.961786,40.25,0.0178200006,15.875
13183,65.965348,40.25,0.0178200006,15.875
13184,65.970446,40.25,0.0178200006,15.875
13185,65.975854,40.25,0.0178200006,15.875
13186,65.980750,40.25,0.0178200006,15.875
13187,65.985859,40.25,0.0178200006,15.875
13188,65.991057,40.25,0.0178200006,15.875
13189,65.995961,40.25,0.0178200006,15.875
13190,66.001337,40.25,0.0178200006,15.875
13191,66.006232,40.25,0.0178200006,15.875
13192,66.011140,40.25,0.0178200006,15.875
13193,66.015478,40.25,0.0178200006,15.875
13194,66.020635,40.25,0.0178200006,15.875
13195,66.025541,40.25,0.0178200006,15.875
13196,66.030666,40.25,0.0178200006,15.875
13197,66.035822,40.25,0.0178200006,15.875
13198,66.040731,40.25,0.0178200006,15.875
13199,66.046102,40.25,0.0178200006,15.875
13200,66.051002,40.25,0.0178200006,15.875
13201,66.055907,40.25,0.0178200006,15.875
13202,66.061347,40.25,0.0178200006,15.875
13203,66.065473,40.25,0.0178200006,15.875
13204,66.070603,40.25,0.0178200006,15.875
13205,66.075761,40.25,0.0178200006,15.875
13206,66.087191,40.25,0.0178200006,15.875
13207,66.089499,40.25,0.0178200006,15.875
13208,66.093348,40.25,0.0178200006,15.875
13209,66.098243,40.25,0.0178200006,15.875
13210,66.103357,40.25,0.0178200006,15.875
13211,66.107188,40.25,0.0178200006,15.875
13212,66.113421,40.25,0.0178200006,15.875
13213,66.117195,40.25,0.0178200006,15.875
13214,66.122941,40.25,0.0178200006,15.875
13215,66.127836,40.25,0.0178200006,15.875
13216,66.133206,40.25,0.0178200006,15.875
13217,66.138102,40.25,0.0178200006,15.875
13218,66.143217,40.25,0.0178200006,15.875
13219,66.148377,40.25,0.0178200006,15.875
13220,66.153281,40.25,0.0178200006,15.875
13221,66.157328,40.25,0.0178200006,15.875
13222,66.162223,40.25,0.0178200006,15.875
13223,66.167640,40.25,0.0178200006,15.875
13224,66.173073,40.25,0.0178200006,15.875
13225,66.177968,40.25,0.0178200006,15.875
13226,66.183103,40.25,0.0178200006,15.875
13227,66.188262,40.25,0.0178200006,15.875
13228,66.193167,40.25,0.0178200006,15.875
13229,66.197188,40.25,0.0178200006,15.875
13230,66.203422,40.25,0.0178200006,15.875
13231,66.208527,40.25,0.0178200006,15.875
13232,66.212416,40.25,0.0178200006,15.875
13233,66.217325,40.25,0.0178200006,15.875
13234,66.222414,40.25,0.0178200006,15.875
13235,66.228167,40.25,0.0178200006,15.875
13236,66.233060,40.25,0.0178200006,15.875
13237,66.238501,40.25,0.0178200006,15.875
13238,66.243407,40.25,0.0178200006,15.875
13239,66.248537,40.25,0.0178200006,15.875
13240,66.252353,40.25,0.0178200006,15.875
13241,66.257262,40.25,0.0178200006,15.875
13242,66.262375,40.25,0.0178200006,15.875
13243,66.267534,40.25,0.0178200006,15.875
13244,66.272440,40.25,0.0178200006,15.875
13245,66.278361,40.25,0.0178200006,15.875
13246,66.283256,40.25,0.0178200006,15.875
13247,66.288189,40.25,0.0178200006,15.875
13248,66.292235,40.25,0.0178200006,15.875
13249,66.297131,40.25,0.0178200006,15.875
13250,66.303388,40.25,0.0178200006,15.875
13251,66.307423,40.25,0.0178200006,15.875
13252,66.312319,40.25,0.0178200006,15.875
13253,66.317227,40.25,0.0178200006,15.875
13254,66.322679,40.25,0.0178200006,15.875
13255,66.327571,40.25,0.0178200006,15.875
13256,66.332694,40.25,0.0178200006,15.875
13257,66.338422,40.25,0.0178200006,15.875
13258,66.343327,40.25,0.0178200006,15.875
13259,66.347373,40.25,0.0178200006,15.875
13260,66.352268,40.25,0.0178200006,15.875
13261,66.357176,40.25,0.0178200006,15.875
13262,66.362624,40.25,0.0178200006,15.875
13263,66.367532,40.25,0.0178200006,15.875
13264,66.372655,40.25,0.0178200006,15.875
13265,66.377808,40.25,0.0178200006,15.875
13266,66.382714,40.25,0.0178200006,15.875
13267,66.388085,40.25,0.0178200006,15.875
13268,66.392209,40.25,0.0178200006,15.875
13269,66.397105,40.25,0.0178200006,15.875
13270,66.402584,40.25,0.0178200006,15.875
13271,66.407493,40.25,0.0178200006,15.875
13272,66.412864,40.25,0.0178200006,15.875
13273,66.417773,40.25,0.0178200006,15.875
13274,66.422693,40.25,0.0178200006,15.875
13275,66.428105,40.25,0.0178200006,15.875
13276,66.432998,40.25,0.0178200006,15.875
13277,66.438113,40.25,0.0178200006,15.875
13278,66.443263,40.25,0.0178200006,15.875
13279,66.447341,40.25,0.0178200006,15.875
13280,66.452725,40.25,0.0178200006,15.875
13281,66.457618,40.25,0.0178200006,15.875
13282,66.462523,40.25,0.0178200006,15.875
13283,66.467965,40.25,0.0178200006,15.875
13284,66.472858,40.25,0.0178200006,15.875
13285,66.477996,40.25,0.0178200006,15.875
13286,66.483150,40.25,0.0178200006,15.875
13287,66.488058,40.25,0.0178200006,15.875
13288,66.493430,40.25,0.0178200006,15.875
13289,66.498328,40.25,0.0178200006,15.875
13290,66.502391,40.25,0.0178200006,15.875
13291,66.507827,40.25,0.0178200006,15.875
13292,66.512719,40.25,0.0178200006,15.875
13293,66.517837,40.25,0.0178200006,15.875
13294,66.523035,40.25,0.0178200006,15.875
13295,66.527943,40.25,0.0178200006,15.875
13296,66.533315,40.25,0.0178200006,15.875
13297,66.538211,40.25,0.0178200006,15.875
13298,66.543116,40.25,0.0178200006,15.875
13299,66.547189,40.25,0.0178200006,15.875
13300,66.553446,40.25,0.0178200006,15.875
13301,66.557768,40.25,0.0178200006,15.875
13302,66.562921,40.25,0.0178200006,15.875
13303,66.567830,40.25,0.0178200006,15.875
13304,66.573201,40.25,0.0178200006,15.875
13305,66.578097,40.25,0.0178200006,15.875
13306,66.583002,40.25,0.0178200006,15.875
13307,66.588405,40.25,0.0178200006,15.875
13308,66.593310,40.25,0.0178200006,15.875
13309,66.598681,40.25,0.0178200006,15.875
13310,66.602242,40.25,0.0178200006,15.875
13311,66.607666,40.25,0.0178200006,15.875
13312,66.613118,40.25,0.0178200006,15.875
13313,66.618014,40.25,0.0178200006,15.875
13314,66.623124,40.25,0.0178200006,15.875
13315,66.628307,40.25,0.0178200006,15.875
13316,66.633212,40.25,0.0178200006,15.875
13317,66.638585,40.25,0.0178200006,15.875
13318,66.642153,40.25,0.0178200006,15.875
13319,66.648390,40.25,0.0178200006,15.875
13320,66.652458,40.25,0.0178200006,15.875
13321,66.657358,40.25,0.0178200006,15.875
13322,66.662263,40.25,0.0178200006,15.875
13323,66.668214,40.25,0.0178200006,15.875
13324,66.673110,40.25,0.0178200006,15.875
13325,66.678248,40.25,0.0178200006,15.875
13326,66.683404,40.25,0.0178200006,15.875
13327,66.688312,40.25,0.0178200006,15.875
13328,66.693691,40.25,0.0178200006,15.875
13329,66.697256,40.25,0.0178200006,15.875
13330,66.702148,40.25,0.0178200006,15.875
13331,66.707587,40.25,0.0178200006,15.875
13332,66.712493,40.25,0.0178200006,15.875
13333,66.717608,40.25,0.0178200006,15.875
13334,66.723334,40.25,0.0178200006,15.875
13335,66.728230,40.25,0.0178200006,15.875
13336,66.733595,40.25,0.0178200006,15.875
13337,66.737167,40.25,0.0178200006,15.875
13338,66.743399,40.25,0.0178200006,15.875
13339,66.747444,40.25,0.0178200006,15.875
13340,66.752339,40.25,0.0178200006,15.875
13341,66.757247,40.25,0.0178200006,15.875
13342,66.762702,40.25,0.0178200006,15.875
13343,66.767593,40.25,0.0178200006,15.875
13344,66.773259,40.25,0.0178200006,15.875
13345,66.778418,40.25,0.0178200006,15.875
13346,66.783323,40.25,0.0178200006,15.875
13347,66.788702,40.25,0.0178200006,15.875
13348,66.792264,40.25,0.0178200006,15.875
13349,66.797160,40.25,0.0178200006,15.875
13350,66.802594,40.25,0.0175000001,15.625
13351,66.807502,40.25,0.0175000001,15.625
13352,66.812619,40.25,0.0175000001,15.625
13353,66.817777,40.25,0.0175000001,15.625
13354,66.822683,40.25,0.0175000001,15.625
13355,66.828605,40.25,0.0175000001,15.625
13356,66.832174,40.25,0.0175000001,15.625
13357,66.838643,40.25,0.0175000001,15.625
13358,66.842454,40.25,0.0175000001,15.625
13359,66.847363,40.25,0.0175000001,15.625
13360,66.852734,40.25,0.0175000001,15.625
13361,66.857627,40.25,0.0175000001,15.625
13362,66.862532,40.25,0.0175000001,15.625
13363,66.868024,40.25,0.0175000001,15.625
13364,66.872917,40.25,0.0175000001,15.625
13365,66.878328,40.25,0.0175000001,15.625
13366,66.882390,40.25,0.0175000001,15.625
13367,66.887288,40.25,0.0175000001,15.625
13368,66.892217,40.25,0.0175000001,15.625
13369,66.897635,40.25,0.0175000001,15.625
13370,66.902540,40.25,0.0175000001,15.625
13371,66.907686,40.25,0.0175000001,15.625
13372,66.912835,40.25,0.0175000001,15.625
13373,66.917744,40.25,0.0175000001,15.625
13374,66.923160,40.25,0.0175000001,15.625
13375,66.928562,40.25,0.0175000001,15.625
13376,66.932349,40.25,0.0175000001,15.625
13377,66.937511,40.25,0.0175000001,15.625
13378,66.942416,40.25,0.0175000001,15.625
13379,66.947794,40.25,0.0175000001,15.625
13380,66.952700,40.25,0.0175000001,15.625
13381,66.957591,40.25,0.0175000001,15.625
13382,66.963032,40.25,0.0175000001,15.625
13383,66.967928,40.25,0.0175000001,15.625
13384,66.973063,40.25,0.0175000001,15.625
13385,66.978222,40.25,0.0175000001,15.625
13386,66.982297,40.25,0.0175000001,15.625
13387,66.987754,40.25,0.0175000001,15.625
13388,66.992841,40.25,0.0175000001,15.625
13389,66.997749,40.25,0.0175000001,15.625
13390,67.003193,40.25,0.0175000001,15.625
13391,67.008088,40.25,0.0175000001,15.625
13392,67.013191,40.25,0.0175000001,15.625
13393,67.018382,40.25,0.0175000001,15.625
13394,67.023287,40.25,0.0175000001,15.625
13395,67.028667,40.25,0.0175000001,15.625
13396,67.032228,40.25,0.0175000001,15.625
13397,67.037124,40.25,0.0175000001,15.625
13398,67.042583,40.25,0.0175000001,15.625
13399,67.048027,40.25,0.0175000001,15.625
13400,67.053408,40.25,0.0175000001,15.625
13401,67.058305,40.25,0.0175000001,15.625
13402,67.063211,40.25,0.0175000001,15.625
13403,67.067281,40.25,0.0175000001,15.625
13404,67.072177,40.25,0.0175000001,15.625
13405,67.078633,40.25,0.0175000001,15.625
13406,67.087148,40.25,0.0175000001,15.625
13407,67.089370,40.25,0.0175000001,15.625
13408,67.092935,40.25,0.0175000001,15.625
13409,67.098029,40.25,0.0175000001,15.625
13410,67.103307,40.25,0.0175000001,15.625
13411,67.107413,40.25,0.0175000001,15.625
13412,67.112319,40.25,0.0175000001,15.625
13413,67.117849,40.25,0.0175000001,15.625
13414,67.122742,40.25,0.0175000001,15.625
13415,67.127884,40.25,0.0175000001,15.625
13416,67.133033,40.25,0.0175000001,15.625
13417,67.137941,40.25,0.0175000001,15.625
13418,67.143313,40.25,0.0175000001,15.625
13419,67.148209,40.25,0.0175000001,15.625
13420,67.153114,40.25,0.0175000001,15.625
13421,67.157161,40.25,0.0175000001,15.625
13422,67.162627,40.25,0.0175000001,15.625
13423,67.167768,40.25,0.0175000001,15.625
13424,67.172919,40.25,0.0175000001,15.625
13425,67.177828,40.25,0.0175000001,15.625
13426,67.183199,40.25,0.0175000001,15.625
13427,67.188095,40.25,0.0175000001,15.625
13428,67.193000,40.25,0.0175000001,15.625
13429,67.198402,40.25,0.0175000001,15.625
13430,67.203307,40.25,0.0175000001,15.625
13431,67.208400,40.25,0.0175000001,15.625
13432,67.212760,40.25,0.0175000001,15.625
13433,67.217669,40.25,0.0175000001,15.625
13434,67.223035,40.25,0.0175000001,15.625
13435,67.227933,40.25,0.0175000001,15.625
13436,67.232863,40.25,0.0175000001,15.625
13437,67.238282,40.25,0.0175000001,15.625
13438,67.243175,40.25,0.0175000001,15.625
13439,67.248314,40.25,0.0175000001,15.625
13440,67.252139,40.25,0.0175000001,15.625
13441,67.258375,40.25,0.0175000001,15.625
13442,67.262448,40.25,0.0175000001,15.625
13443,67.267909,40.25,0.0175000001,15.625
13444,67.272801,40.25,0.0175000001,15.625
13445,67.278184,40.25,0.0175000001,15.625
13446,67.283077,40.25,0.0175000001,15.625
13447,67.287986,40.25,0.0175000001,15.625
13448,67.293387,40.25,0.0175000001,15.625
13449,67.298295,40.25,0.0175000001,15.625
13450,67.303385,40.25,0.0175000001,15.625
13451,67.307241,40.25,0.0175000001,15.625
13452,67.312134,40.25,0.0175000001,15.625
13453,67.317272,40.25,0.0175000001,15.625
13454,67.322990,40.25,0.0175000001,15.625
13455,67.327886,40.25,0.0175000001,15.625
13456,67.333304,40.25,0.0175000001,15.625
13457,67.338199,40.25,0.0175000001,15.625
13458,67.343320,40.25,0.0175000001,15.625
13459,67.347152,40.25,0.0175000001,15.625
13460,67.353385,40.25,0.0175000001,15.625
13461,67.358485,40.25,0.0175000001,15.625
13462,67.362340,40.25,0.0175000001,15.625
13463,67.367236,40.25,0.0175000001,15.625
13464,67.372372,40.25,0.0175000001,15.625
13465,67.378100,40.25,0.0175000001,15.625
13466,67.382993,40.25,0.0175000001,15.625
13467,67.388383,40.25,0.0175000001,15.625
13468,67.393278,40.25,0.0175000001,15.625
13469,67.398187,40.25,0.0175000001,15.625
13470,67.402232,40.25,0.0175000001,15.625
13471,67.407128,40.25,0.0175000001,15.625
13472,67.413581,40.25,0.0175000001,15.625
13473,67.417399,40.25,0.0175000001,15.625
13474,67.422304,40.25,0.0175000001,15.625
13475,67.428122,40.25,0.0175000001,15.625
13476,67.433277,40.25,0.0175000001,15.625
13477,67.438185,40.25,0.0175000001,15.625
13478,67.442232,40.25,0.0175000001,15.625
13479,67.447128,40.25,0.0175000001,15.625
13480,67.453595,40.25,0.0175000001,15.625
13481,67.457410,40.25,0.0175000001,15.625
13482,67.462315,40.25,0.0175000001,15.625
13483,67.467432,40.25,0.0175000001,15.625
13484,67.472588,40.25,0.0175000001,15.625
13485,67.477496,40.25,0.0175000001,15.625
13486,67.482874,40.25,0.0175000001,15.625
13487,67.488297,40.25,0.0175000001,15.625
13488,67.493431,40.25,0.0175000001,15.625
13489,67.497262,40.25,0.0175000001,15.625
13490,67.502154,40.25,0.0175000001,15.625
13491,67.507540,40.25,0.0175000001,15.625
13492,67.512436,40.25,0.0175000001,15.625
13493,67.517345,40.25,0.0175000001,15.625
13494,67.522785,40.25,0.0175000001,15.625
13495,67.527680,40.25,0.0175000001,15.625
13496,67.532774,40.25,0.0175000001,15.625
13497,67.537949,40.25,0.0175000001,15.625
13498,67.543397,40.25,0.0175000001,15.625
13499,67.547204,40.25,0.0175000001,15.625
13500,67.552384,40.25,0.0175000001,15.625
13501,67.557292,40.25,0.0175000001,15.625
13502,67.562640,40.25,0.0175000001,15.625
13503,67.567539,40.25,0.0175000001,15.625
13504,67.572468,40.25,0.0175000001,15.625
13505,67.577912,40.25,0.0175000001,15.625
13506,67.582805,40.25,0.0175000001,15.625
13507,67.587944,40.25,0.0175000001,15.625
13508,67.592270,40.25,0.0175000001,15.625
13509,67.597166,40.25,0.0175000001,15.625
13510,67.602304,40.25,0.0175000001,15.625
13511,67.607462,40.25,0.0175000001,15.625
13512,67.612368,40.25,0.0175000001,15.625
13513,67.617746,40.25,0.0175000001,15.625
13514,67.622635,40.25,0.0175000001,15.625
13515,67.627543,40.25,0.0175000001,15.625
13516,67.632984,40.25,0.0175000001,15.625
13517,67.637879,40.25,0.0175000001,15.625
13518,67.643312,40.25,0.0175000001,15.625
13519,67.648211,40.25,0.0175000001,15.625
13520,67.652298,40.25,0.0175000001,15.625
13521,67.657759,40.25,0.0175000001,15.625
13522,67.662650,40.25,0.0175000001,15.625
13523,67.668035,40.25,0.0175000001,15.625
13524,67.672930,40.25,0.0175000001,15.625
13525,67.677863,40.25,0.0175000001,15.625
13526,67.683329,40.25,0.0175000001,15.625
13527,67.688224,40.25,0.0175000001,15.625
13528,67.693336,40.25,0.0175000001,15.625
13529,67.697191,40.25,0.0175000001,15.625
13530,67.703424,40.25,0.0175000001,15.625
13531,67.707494,40.25,0.0175000001,15.625
13532,67.712922,40.25,0.0175000001,15.625
13533,67.718057,40.25,0.0175000001,15.625
13534,67.723213,40.25,0.0175000001,15.625
13535,67.728121,40.25,0.0175000001,15.625
13536,67.732167,40.25,0.0175000001,15.625
13537,67.738404,40.25,0.0175000001,15.625
13538,67.743320,40.25,0.0175000001,15.625
13539,67.747416,40.25,0.0175000001,15.625
13540,67.752312,40.25,0.0175000001,15.625
13541,67.757220,40.25,0.0175000001,15.625
13542,67.763156,40.25,0.0175000001,15.625
13543,67.768052,40.25,0.0175000001,15.625
13544,67.772956,40.25,0.0175000001,15.625
13545,67.778398,40.25,0.0175000001,15.625
13546,67.783303,40.25,0.0175000001,15.625
13547,67.788674,40.25,0.0175000001,15.625
13548,67.792236,40.25,0.0175000001,15.625
13549,67.797132,40.25,0.0175000001,15.625
13550,67.802516,40.25,0.0175000001,15.625
13551,67.807415,40.25,0.0175000001,15.625
13552,67.812320,40.25,0.0175000001,15.625
13553,67.818273,40.25,0.0175000001,15.625
13554,67.823169,40.25,0.0175000001,15.625
13555,67.828307,40.25,0.0175000001,15.625
13556,67.832135,40.25,0.0175000001,15.625
13557,67.838371,40.25,0.0175000001,15.625
13558,67.843749,40.25,0.0175000001,15.625
13559,67.847314,40.25,0.0175000001,15.625
13560,67.852206,40.25,0.0175000001,15.625
13561,67.857591,40.25,0.0175000001,15.625
13562,67.862486,40.25,0.0175000001,15.625
13563,67.867395,40.25,0.0175000001,15.625
13564,67.873347,40.25,0.0175000001,15.625
13565,67.878243,40.25,0.0175000001,15.625
13566,67.883332,40.25,0.0175000001,15.625
13567,67.887187,40.25,0.0175000001,15.625
13568,67.893420,40.25,0.0175000001,15.625
13569,67.897194,40.25,0.0175000001,15.625
13570,67.902374,40.25,0.0175000001,15.625
13571,67.907281,40.25,0.0175000001,15.625
13572,67.912725,40.25,0.0175000001,15.625
13573,67.917615,40.25,0.0175000001,15.625
13574,67.922745,40.25,0.0175000001,15.625
13575,67.928450,40.25,0.0175000001,15.625
13576,67.933356,40.25,0.0175000001,15.625
13577,67.937402,40.25,0.0175000001,15.625
13578,67.942296,40.25,0.0175000001,15.625
13579,67.947204,40.25,0.0175000001,15.625
13580,67.952626,40.25,0.0175000001,15.625
13581,67.957535,40.25,0.0175000001,15.625
13582,67.962452,40.25,0.0175000001,15.625
13583,67.967888,40.25,0.0175000001,15.625
13584,67.972780,40.25,0.0175000001,15.625
13585,67.977923,40.25,0.0175000001,15.625
13586,67.982245,40.25,0.0175000001,15.625
13587,67.987144,40.25,0.0175000001,15.625
13588,67.992254,40.25,0.0175000001,15.625
13589,67.997438,40.25,0.0175000001,15.625
13590,68.002343,40.25,0.0175000001,15.625
13591,68.007746,40.25,0.0175000001,15.625
13592,68.012852,40.25,0.0175000001,15.625
13593,68.017761,40.25,0.0175000001,15.625
13594,68.023139,40.25,0.0175000001,15.625
13595,68.028035,40.25,0.0175000001,15.625
13596,68.032963,40.25,0.0175000001,15.625
13597,68.038878,40.25,0.0175000001,15.625
13598,68.042440,40.25,0.0175000001,15.625
13599,68.047336,40.25,0.0175000001,15.625
13600,68.052811,40.25,0.0175000001,15.625
13601,68.057706,40.25,0.0175000001,15.625
13602,68.062800,40.25,0.0175000001,15.625
13603,68.067976,40.25,0.0175000001,15.625
13604,68.072881,40.25,0.0175000001,15.625
13605,68.078303,40.25,0.0175000001,15.625
13606,68.087926,40.25,0.0171799995,15.375
13607,68.090343,40.25,0.0171799995,15.375
13608,68.094228,40.25,0.0171799995,15.375
13609,68.098356,40.25,0.0171799995,15.375
13610,68.103262,40.25,0.0171799995,15.375
13611,68.108736,40.25,0.0171799995,15.375
13612,68.113624,40.25,0.0171799995,15.375
13613,68.118750,40.25,0.0171799995,15.375
13614,68.123898,40.25,0.0171799995,15.375
13615,68.128806,40.25,0.0171799995,15.375
13616,68.134178,40.25,0.0171799995,15.375
13617,68.139075,40.25,0.0171799995,15.375
13618,68.143210,40.25,0.0171799995,15.375
13619,68.148628,40.25,0.0171799995,15.375
13620,68.153533,40.25,0.0171799995,15.375
13621,68.158933,40.25,0.0171799995,15.375
13622,68.163838,40.25,0.0171799995,15.375
13623,68.168966,40.25,0.0171799995,15.375
13624,68.174118,40.25,0.0171799995,15.375
13625,68.179026,40.25,0.0171799995,15.375
13626,68.184151,40.25,0.0171799995,15.375
13627,68.187983,40.25,0.0171799995,15.375
13628,68.194718,40.25,0.0171799995,15.375
13629,68.198744,40.25,0.0171799995,15.375
13630,68.203632,40.25,0.0171799995,15.375
13631,68.208541,40.25,0.0171799995,15.375
13632,68.213981,40.25,0.0171799995,15.375
13633,68.218877,40.25,0.0171799995,15.375
13634,68.223990,40.25,0.0171799995,15.375
13635,68.229146,40.25,0.0171799995,15.375
13636,68.234051,40.25,0.0171799995,15.375
13637,68.239448,40.25,0.0171799995,15.375
13638,68.243016,40.25,0.0171799995,15.375
13639,68.249252,40.25,0.0171799995,15.375
13640,68.253296,40.25,0.0171799995,15.375
13641,68.258765,40.25,0.0171799995,15.375
13642,68.263902,40.25,0.0171799995,15.375
13643,68.269057,40.25,0.0171799995,15.375
13644,68.273961,40.25,0.0171799995,15.375
13645,68.278008,40.25,0.0171799995,15.375
13646,68.284244,40.25,0.0171799995,15.375
13647,68.289346,40.25,0.0171799995,15.375
13648,68.293199,40.25,0.0171799995,15.375
13649,68.298094,40.25,0.0171799995,15.375
13650,68.303506,40.25,0.0171799995,15.375
13651,68.308921,40.25,0.0171799995,15.375
13652,68.314019,40.25,0.0171799995,15.375
13653,68.319202,40.25,0.0171799995,15.375
13654,68.324106,40.25,0.0171799995,15.375
13655,68.329529,40.25,0.0171799995,15.375
13656,68.333097,40.25,0.0171799995,15.375
13657,68.337993,40.25,0.0171799995,15.375
13658,68.343431,40.25,0.0171799995,15.375
13659,68.348340,40.25,0.0171799995,15.375
13660,68.353454,40.25,0.0171799995,15.375
13661,68.358612,40.25,0.0171799995,15.375
13662,68.363518,40.25,0.0171799995,15.375
13663,68.368921,40.25,0.0171799995,15.375
13664,68.373013,40.25,0.0171799995,15.375
13665,68.379249,40.25,0.0171799995,15.375
13666,68.383313,40.25,0.0171799995,15.375
13667,68.388211,40.25,0.0171799995,15.375
13668,68.393116,40.25,0.0171799995,15.375
13669,68.398552,40.25,0.0171799995,15.375
13670,68.403458,40.25,0.0171799995,15.375
13671,68.408578,40.25,0.0171799995,15.375
13672,68.413733,40.25,0.0171799995,15.375
13673,68.419138,40.25,0.0171799995,15.375
13674,68.424514,40.25,0.0171799995,15.375
13675,68.428086,40.25,0.0171799995,15.375
13676,68.432979,40.25,0.0171799995,15.375
13677,68.438416,40.25,0.0171799995,15.375
13678,68.443321,40.25,0.0171799995,15.375
13679,68.448414,40.25,0.0171799995,15.375
13680,68.453594,40.25,0.0171799995,15.375
13681,68.458503,40.25,0.0171799995,15.375
13682,68.463857,40.25,0.0171799995,15.375
13683,68.468765,40.25,0.0171799995,15.375
13684,68.473657,40.25,0.0171799995,15.375
13685,68.479617,40.25,0.0171799995,15.375
13686,68.483185,40.25,0.0171799995,15.375
13687,68.488324,40.25,0.0171799995,15.375
13688,68.493480,40.25,0.0171799995,15.375
13689,68.498389,40.25,0.0171799995,15.375
13690,68.503742,40.25,0.0171799995,15.375
13691,68.508634,40.25,0.0171799995,15.375
13692,68.513539,40.25,0.0171799995,15.375
13693,68.519005,40.25,0.0171799995,15.375
13694,68.523898,40.25,0.0171799995,15.375
13695,68.529014,40.25,0.0171799995,15.375
13696,68.533341,40.25,0.0171799995,15.375
13697,68.538239,40.25,0.0171799995,15.375
13698,68.543350,40.25,0.0171799995,15.375
13699,68.548532,40.25,0.0171799995,15.375
13700,68.553438,40.25,0.0171799995,15.375
13701,68.558842,40.25,0.0171799995,15.375
13702,68.563748,40.25,0.0171799995,15.375
13703,68.568639,40.25,0.0171799995,15.375
13704,68.574130,40.25,0.0171799995,15.375
13705,68.579026,40.25,0.0171799995,15.375
13706,68.584136,40.25,0.0171799995,15.375
13707,68.588490,40.25,0.0171799995,15.375
13708,68.593383,40.25,0.0171799995,15.375
13709,68.598753,40.25,0.0171799995,15.375
13710,68.603642,40.25,0.0171799995,15.375
13711,68.608550,40.25,0.0171799995,15.375
13712,68.613990,40.25,0.0171799995,15.375
13713,68.618886,40.25,0.0171799995,15.375
13714,68.623990,40.25,0.0171799995,15.375
13715,68.629181,40.25,0.0171799995,15.375
13716,68.634086,40.25,0.0171799995,15.375
13717,68.639458,40.25,0.0171799995,15.375
13718,68.643565,40.25,0.0171799995,15.375
13719,68.648474,40.25,0.0171799995,15.375
13720,68.653926,40.25,0.0171799995,15.375
13721,68.658822,40.25,0.0171799995,15.375
13722,68.663939,40.25,0.0171799995,15.375
13723,68.669092,40.25,0.0171799995,15.375
13724,68.673997,40.25,0.0171799995,15.375
13725,68.679369,40.25,0.0171799995,15.375
13726,68.682936,40.25,0.0171799995,15.375
13727,68.689171,40.25,0.0171799995,15.375
13728,68.693509,40.25,0.0171799995,15.375
13729,68.698683,40.25,0.0171799995,15.375
13730,68.703572,40.25,0.0171799995,15.375
13731,68.708492,40.25,0.0171799995,15.375
13732,68.713929,40.25,0.0171799995,15.375
13733,68.718825,40.25,0.0171799995,15.375
13734,68.724209,40.25,0.0171799995,15.375
13735,68.729108,40.25,0.0171799995,15.375
13736,68.734037,40.25,0.0171799995,15.375
13737,68.738082,40.25,0.0171799995,15.375
13738,68.743537,40.25,0.0171799995,15.375
13739,68.748471,40.25,0.0171799995,15.375
13740,68.753891,40.25,0.0171799995,15.375
13741,68.758787,40.25,0.0171799995,15.375
13742,68.763901,40.25,0.0171799995,15.375
13743,68.769056,40.25,0.0171799995,15.375
13744,68.773961,40.25,0.0171799995,15.375
13745,68.779333,40.25,0.0171799995,15.375
13746,68.784229,40.25,0.0171799995,15.375
13747,68.789161,40.25,0.0171799995,15.375
13748,68.793231,40.25,0.0171799995,15.375
13749,68.798666,40.25,0.0171799995,15.375
13750,68.803786,40.25,0.0171799995,15.375
13751,68.808942,40.25,0.0171799995,15.375
13752,68.813848,40.25,0.0171799995,15.375
13753,68.819123,40.25,0.0171799995,15.375
13754,68.822975,40.25,0.0171799995,15.375
13755,68.829210,40.25,0.0171799995,15.375
13756,68.832996,40.25,0.0171799995,15.375
13757,68.838168,40.25,0.0171799995,15.375
13758,68.843073,40.25,0.0171799995,15.375
13759,68.848445,40.25,0.0171799995,15.375
13760,68.853897,40.25,0.0171799995,15.375
13761,68.858805,40.25,0.0171799995,15.375
13762,68.864265,40.25,0.0171799995,15.375
13763,68.869161,40.25,0.0171799995,15.375
13764,68.874272,40.25,0.0171799995,15.375
13765,68.878128,40.25,0.0171799995,15.375
13766,68.883021,40.25,0.0171799995,15.375
13767,68.888159,40.25,0.0171799995,15.375
13768,68.893314,40.25,0.0171799995,15.375
13769,68.898748,40.25,0.0171799995,15.375
13770,68.904145,40.25,0.0171799995,15.375
13771,68.909042,40.25,0.0171799995,15.375
13772,68.913970,40.25,0.0171799995,15.375
13773,68.917997,40.25,0.0171799995,15.375
13774,68.924233,40.25,0.0171799995,15.375
13775,68.929371,40.25,0.0171799995,15.375
13776,68.933199,40.25,0.0171799995,15.375
13777,68.938095,40.25,0.0171799995,15.375
13778,68.943208,40.25,0.0171799995,15.375
13779,68.948367,40.25,0.0171799995,15.375
13780,68.953837,40.25,0.0171799995,15.375
13781,68.959290,40.25,0.0171799995,15.375
13782,68.964183,40.25,0.0171799995,15.375
13783,68.969282,40.25,0.0171799995,15.375
13784,68.973135,40.25,0.0171799995,15.375
13785,68.978031,40.25,0.0171799995,15.375
13786,68.983120,40.25,0.0171799995,15.375
13787,68.988302,40.25,0.0171799995,15.375
13788,68.993207,40.25,0.0171799995,15.375
13789,68.998580,40.25,0.0171799995,15.375
13790,69.004055,40.25,0.0171799995,15.375
13791,69.009177,40.25,0.0171799995,15.375
13792,69.012996,40.25,0.0171799995,15.375
13793,69.019231,40.25,0.0171799995,15.375
13794,69.022984,40.25,0.0171799995,15.375
13795,69.028400,40.25,0.0171799995,15.375
13796,69.033305,40.25,0.0171799995,15.375
13797,69.038698,40.25,0.0171799995,15.375
13798,69.043587,40.25,0.0171799995,15.375
13799,69.048496,40.25,0.0171799995,15.375
13800,69.053985,40.25,0.0171799995,15.375
13801,69.058110,40.25,0.0171799995,15.375
13802,69.063204,40.25,0.0171799995,15.375
13803,69.068400,40.25,0.0171799995,15.375
13804,69.073305,40.25,0.0171799995,15.375
13805,69.078684,40.25,0.0171799995,15.375
13806,69.090028,40.25,0.0171799995,15.375
13807,69.092345,40.25,0.0171799995,15.375
13808,69.096196,40.25,0.0171799995,15.375
13809,69.101091,40.25,0.0171799995,15.375
13810,69.106180,40.25,0.0171799995,15.375
13811,69.110534,40.25,0.0171799995,15.375
13812,69.115430,40.25,0.0171799995,15.375
13813,69.120618,40.25,0.0171799995,15.375
13814,69.125801,40.25,0.0171799995,15.375
13815,69.130710,40.25,0.0171799995,15.375
13816,69.136079,40.25,0.0171799995,15.375
13817,69.140977,40.25,0.0171799995,15.375
13818,69.145883,40.25,0.0171799995,15.375
13819,69.151323,40.25,0.0171799995,15.375
13820,69.156216,40.25,0.0171799995,15.375
13821,69.161355,40.25,0.0171799995,15.375
13822,69.165690,40.25,0.0171799995,15.375
13823,69.170582,40.25,0.0171799995,15.375
13824,69.175700,40.25,0.0171799995,15.375
13825,69.180873,40.25,0.0171799995,15.375
13826,69.185778,40.25,0.0171799995,15.375
13827,69.191154,40.25,0.0171799995,15.375
13828,69.196046,40.25,0.0171799995,15.375
13829,69.200953,40.25,0.0171799995,15.375
13830,69.206360,40.25,0.0171799995,15.375
13831,69.211268,40.25,0.0171799995,15.375
13832,69.215337,40.25,0.0171799995,15.375
13833,69.220786,40.25,0.0171799995,15.375
13834,69.225678,40.25,0.0171799995,15.375
13835,69.230796,40.25,0.0171799995,15.375
13836,69.235947,40.25,0.0171799995,15.375
13837,69.240856,40.25,0.0171799995,15.375
13838,69.246228,40.25,0.0171799995,15.375
13839,69.251124,40.25,0.0171799995,15.375
13840,69.256029,40.25,0.0171799995,15.375
13841,69.260076,40.25,0.0171799995,15.375
13842,69.264972,40.25,0.0171799995,15.375
13843,69.271404,40.25,0.0171799995,15.375
13844,69.275764,40.25,0.0171799995,15.375
13845,69.280672,40.25,0.0171799995,15.375
13846,69.286039,40.25,0.0171799995,15.375
13847,69.290937,40.25,0.0171799995,15.375
13848,69.296026,40.25,0.0171799995,15.375
13849,69.301206,40.25,0.0171799995,15.375
13850,69.306111,40.25,0.0171799995,15.375
13851,69.311487,40.25,0.0171799995,15.375
13852,69.315055,40.25,0.0171799995,15.375
13853,69.319950,40.25,0.0171799995,15.375
13854,69.325388,40.25,0.0171799995,15.375
13855,69.330853,40.25,0.0171799995,15.375
13856,69.336234,40.25,0.0171799995,15.375
13857,69.341132,40.25,0.0171799995,15.375
13858,69.346037,40.25,0.0171799995,15.375
13859,69.350082,40.25,0.0171799995,15.375
13860,69.354978,40.25,0.0171799995,15.375
13861,69.361410,40.25,0.0171799995,15.375
13862,69.365262,40.25,0.0168600008,15.125
13863,69.370158,40.25,0.0168600008,15.125
13864,69.375247,40.25,0.0168600008,15.125
13865,69.380959,40.25,0.0168600008,15.125
13866,69.385865,40.25,0.0168600008,15.125
13867,69.391278,40.25,0.0168600008,15.125
13868,69.396171,40.25,0.0168600008,15.125
13869,69.401295,40.25,0.0168600008,15.125
13870,69.405123,40.25,0.0168600008,15.125
13871,69.410019,40.25,0.0168600008,15.125
13872,69.415157,40.25,0.0168600008,15.125
13873,69.420313,40.25,0.0168600008,15.125
13874,69.425219,40.25,0.0168600008,15.125
13875,69.430594,40.25,0.0168600008,15.125
13876,69.436048,40.25,0.0168600008,15.125
13877,69.441181,40.25,0.0168600008,15.125
13878,69.445009,40.25,0.0168600008,15.125
13879,69.451245,40.25,0.0168600008,15.125
13880,69.454997,40.25,0.0168600008,15.125
13881,69.460174,40.25,0.0168600008,15.125
13882,69.465079,40.25,0.0168600008,15.125
13883,69.470455,40.25,0.0168600008,15.125
13884,69.475350,40.25,0.0168600008,15.125
13885,69.480284,40.25,0.0168600008,15.125
13886,69.486222,40.25,0.0168600008,15.125
13887,69.491120,40.25,0.0168600008,15.125
13888,69.496503,40.25,0.0168600008,15.125
13889,69.500074,40.25,0.0168600008,15.125
13890,69.504967,40.25,0.0168600008,15.125
13891,69.510380,40.25,0.0168600008,15.125
13892,69.515285,40.25,0.0168600008,15.125
13893,69.520378,40.25,0.0168600008,15.125
13894,69.525558,40.25,0.0168600008,15.125
13895,69.530467,40.25,0.0168600008,15.125
13896,69.535869,40.25,0.0168600008,15.125
13897,69.539961,40.25,0.0168600008,15.125
13898,69.546194,40.25,0.0168600008,15.125
13899,69.550262,40.25,0.0168600008,15.125
13900,69.555158,40.25,0.0168600008,15.125
13901,69.560091,40.25,0.0168600008,15.125
13902,69.565504,40.25,0.0168600008,15.125
13903,69.570413,40.25,0.0168600008,15.125
13904,69.575526,40.25,0.0168600008,15.125
13905,69.580698,40.25,0.0168600008,15.125
13906,69.585587,40.25,0.0168600008,15.125
13907,69.590969,40.25,0.0168600008,15.125
13908,69.595062,40.25,0.0168600008,15.125
13909,69.599957,40.25,0.0168600008,15.125
13910,69.605371,40.25,0.0168600008,15.125
13911,69.610279,40.25,0.0168600008,15.125
13912,69.615385,40.25,0.0168600008,15.125
13913,69.620571,40.25,0.0168600008,15.125
13914,69.625477,40.25,0.0168600008,15.125
13915,69.630856,40.25,0.0168600008,15.125
13916,69.635761,40.25,0.0168600008,15.125
13917,69.640657,40.25,0.0168600008,15.125
13918,69.646591,40.25,0.0168600008,15.125
13919,69.650162,40.25,0.0168600008,15.125
13920,69.655055,40.25,0.0168600008,15.125
13921,69.660515,40.25,0.0168600008,15.125
13922,69.665420,40.25,0.0168600008,15.125
13923,69.670537,40.25,0.0168600008,15.125
13924,69.675696,40.25,0.0168600008,15.125
13925,69.680588,40.25,0.0168600008,15.125
13926,69.685683,40.25,0.0168600008,15.125
13927,69.690881,40.25,0.0168600008,15.125
13928,69.696286,40.25,0.0168600008,15.125
13929,69.700073,40.25,0.0168600008,15.125
13930,69.705244,40.25,0.0168600008,15.125
13931,69.710152,40.25,0.0168600008,15.125
13932,69.715525,40.25,0.0168600008,15.125
13933,69.720423,40.25,0.0168600008,15.125
13934,69.725353,40.25,0.0168600008,15.125
13935,69.730794,40.25,0.0168600008,15.125
13936,69.735687,40.25,0.0168600008,15.125
13937,69.740807,40.25,0.0168600008,15.125
13938,69.745956,40.25,0.0168600008,15.125
13939,69.750865,40.25,0.0168600008,15.125
13940,69.756261,40.25,0.0168600008,15.125
13941,69.760360,40.25,0.0168600008,15.125
13942,69.765255,40.25,0.0168600008,15.125
13943,69.770702,40.25,0.0168600008,15.125
13944,69.775590,40.25,0.0168600008,15.125
13945,69.780965,40.25,0.0168600008,15.125
13946,69.785871,40.25,0.0168600008,15.125
13947,69.790766,40.25,0.0168600008,15.125
13948,69.796228,40.25,0.0168600008,15.125
13949,69.801124,40.25,0.0168600008,15.125
13950,69.806234,40.25,0.0168600008,15.125
13951,69.810588,40.25,0.0168600008,15.125
13952,69.815484,40.25,0.0168600008,15.125
13953,69.820876,40.25,0.0168600008,15.125
13954,69.825782,40.25,0.0168600008,15.125
13955,69.830677,40.25,0.0168600008,15.125
13956,69.836114,40.25,0.0168600008,15.125
13957,69.841010,40.25,0.0168600008,15.125
13958,69.846120,40.25,0.0168600008,15.125
13959,69.849973,40.25,0.0168600008,15.125
13960,69.856205,40.25,0.0168600008,15.125
13961,69.861581,40.25,0.0168600008,15.125
13962,69.865708,40.25,0.0168600008,15.125
13963,69.870600,40.25,0.0168600008,15.125
13964,69.876050,40.25,0.0168600008,15.125
13965,69.880945,40.25,0.0168600008,15.125
13966,69.886081,40.25,0.0168600008,15.125
13967,69.891236,40.25,0.0168600008,15.125
13968,69.896141,40.25,0.0168600008,15.125
13969,69.901517,40.25,0.0168600008,15.125
13970,69.905085,40.25,0.0168600008,15.125
13971,69.909980,40.25,0.0168600008,15.125
13972,69.915415,40.25,0.0168600008,15.125
13973,69.920856,40.25,0.0168600008,15.125
13974,69.925761,40.25,0.0168600008,15.125
13975,69.931199,40.25,0.0168600008,15.125
13976,69.936092,40.25,0.0168600008,15.125
13977,69.941206,40.25,0.0168600008,15.125
13978,69.945059,40.25,0.0168600008,15.125
13979,69.949954,40.25,0.0168600008,15.125
13980,69.955390,40.25,0.0168600008,15.125
13981,69.960287,40.25,0.0168600008,15.125
13982,69.965193,40.25,0.0168600008,15.125
13983,69.970615,40.25,0.0168600008,15.125
13984,69.976082,40.25,0.0168600008,15.125
13985,69.981464,40.25,0.0168600008,15.125
13986,69.985032,40.25,0.0168600008,15.125
13987,69.991268,40.25,0.0168600008,15.125
13988,69.995312,40.25,0.0168600008,15.125
13989,70.000211,40.25,0.0168600008,15.125
13990,70.005115,40.25,0.0168600008,15.125
13991,70.010551,40.25,0.0168600008,15.125
13992,70.015457,40.25,0.0168600008,15.125
13993,70.020377,40.25,0.0168600008,15.125
13994,70.026357,40.25,0.0168600008,15.125
13995,70.031256,40.25,0.0168600008,15.125
13996,70.035049,40.25,0.0168600008,15.125
13997,70.040436,40.25,0.0168600008,15.125
13998,70.045342,40.25,0.0168600008,15.125
13999,70.050454,40.25,0.0168600008,15.125
14000,70.055635,40.25,0.0168600008,15.125
14001,70.060543,40.25,0.0168600008,15.125
14002,70.065897,40.25,0.0168600008,15.125
14003,70.070805,40.25,0.0168600008,15.125
14004,70.075930,40.25,0.0168600008,15.125
14005,70.080256,40.25,0.0168600008,15.125
14006,70.090297,40.25,0.0168600008,15.125
14007,70.092619,40.25,0.0168600008,15.125
14008,70.096457,40.25,0.0168600008,15.125
14009,70.101365,40.25,0.0168600008,15.125
14010,70.106761,40.25,0.0168600008,15.125
14011,70.110323,40.25,0.0168600008,15.125
14012,70.115215,40.25,0.0168600008,15.125
14013,70.120600,40.25,0.0168600008,15.125
14014,70.125495,40.25,0.0168600008,15.125
14015,70.130930,40.25,0.0168600008,15.125
14016,70.136358,40.25,0.0168600008,15.125
14017,70.141254,40.25,0.0168600008,15.125
14018,70.146365,40.25,0.0168600008,15.125
14019,70.150218,40.25,0.0168600008,15.125
14020,70.156451,40.25,0.0168600008,15.125
14021,70.160500,40.25,0.0168600008,15.125
14022,70.165395,40.25,0.0168600008,15.125
14023,70.170303,40.25,0.0168600008,15.125
14024,70.175769,40.25,0.0168600008,15.125
14025,70.180665,40.25,0.0168600008,15.125
14026,70.185579,40.25,0.0168600008,15.125
14027,70.191513,40.25,0.0168600008,15.125
14028,70.196408,40.25,0.0168600008,15.125
14029,70.201316,40.25,0.0168600008,15.125
14030,70.205376,40.25,0.0168600008,15.125
14031,70.210273,40.25,0.0168600008,15.125
14032,70.216738,40.25,0.0168600008,15.125
14033,70.220540,40.25,0.0168600008,15.125
14034,70.225446,40.25,0.0168600008,15.125
14035,70.230541,40.25,0.0168600008,15.125
14036,70.235722,40.25,0.0168600008,15.125
14037,70.240613,40.25,0.0168600008,15.125
14038,70.246305,40.25,0.0168600008,15.125
14039,70.251485,40.25,0.0168600008,15.125
14040,70.256391,40.25,0.0168600008,15.125
14041,70.261772,40.25,0.0168600008,15.125
14042,70.265335,40.25,0.0168600008,15.125
14043,70.270230,40.25,0.0168600008,15.125
14044,70.275683,40.25,0.0168600008,15.125
14045,70.280576,40.25,0.0168600008,15.125
14046,70.285696,40.25,0.0168600008,15.125
14047,70.290849,40.25,0.0168600008,15.125
14048,70.295754,40.25,0.0168600008,15.125
14049,70.301708,40.25,0.0168600008,15.125
14050,70.305270,40.25,0.0168600008,15.125
14051,70.311718,40.25,0.0168600008,15.125
14052,70.315550,40.25,0.0168600008,15.125
14053,70.320460,40.25,0.0168600008,15.125
14054,70.325568,40.25,0.0168600008,15.125
14055,70.330757,40.25,0.0168600008,15.125
14056,70.335646,40.25,0.0168600008,15.125
14057,70.341012,40.25,0.0168600008,15.125
14058,70.345908,40.25,0.0168600008,15.125
14059,70.350816,40.25,0.0168600008,15.125
14060,70.356764,40.25,0.0168600008,15.125
14061,70.360326,40.25,0.0168600008,15.125
14062,70.365243,40.25,0.0168600008,15.125
14063,70.370666,40.25,0.0168600008,15.125
14064,70.375555,40.25,0.0168600008,15.125
14065,70.380657,40.25,0.0168600008,15.125
14066,70.385834,40.25,0.0168600008,15.125
14067,70.390743,40.25,0.0168600008,15.125
14068,70.396111,40.25,0.0168600008,15.125
14069,70.401008,40.25,0.0168600008,15.125
14070,70.405913,40.25,0.0168600008,15.125
14071,70.411861,40.25,0.0168600008,15.125
14072,70.415423,40.25,0.0168600008,15.125
14073,70.420547,40.25,0.0168600008,15.125
14074,70.425718,40.25,0.0168600008,15.125
14075,70.430610,40.25,0.0168600008,15.125
14076,70.435998,40.25,0.0168600008,15.125
14077,70.440897,40.25,0.0168600008,15.125
14078,70.446012,40.25,0.0168600008,15.125
14079,70.451165,40.25,0.0168600008,15.125
14080,70.456070,40.25,0.0168600008,15.125
14081,70.461470,40.25,0.0168600008,15.125
14082,70.465552,40.25,0.0168600008,15.125
14083,70.470462,40.25,0.0168600008,15.125
14084,70.475914,40.25,0.0168600008,15.125
14085,70.480810,40.25,0.0168600008,15.125
14086,70.485899,40.25,0.0168600008,15.125
14087,70.491076,40.25,0.0168600008,15.125
14088,70.495980,40.25,0.0168600008,15.125
14089,70.501356,40.25,0.0168600008,15.125
14090,70.506251,40.25,0.0168600008,15.125
14091,70.511159,40.25,0.0168600008,15.125
14092,70.516581,40.25,0.0168600008,15.125
14093,70.520719,40.25,0.0168600008,15.125
14094,70.525910,40.25,0.0168600008,15.125
14095,70.531062,40.25,0.0168600008,15.125
14096,70.535966,40.25,0.0168600008,15.125
14097,70.541342,40.25,0.0168600008,15.125
14098,70.546237,40.25,0.0168600008,15.125
14099,70.551145,40.25,0.0168600008,15.125
14100,70.556592,40.25,0.0168600008,15.125
14101,70.561501,40.25,0.0168600008,15.125
14102,70.566417,40.25,0.0168600008,15.125
14103,70.570454,40.25,0.0168600008,15.125
14104,70.575923,40.25,0.0168600008,15.125
14105,70.581056,40.25,0.0168600008,15.125
14106,70.586211,40.25,0.0168600008,15.125
14107,70.591119,40.25,0.0168600008,15.125
14108,70.596492,40.25,0.0168600008,15.125
14109,70.601390,40.25,0.0168600008,15.125
14110,70.606533,40.25,0.0168600008,15.125
14111,70.610368,40.25,0.0168600008,15.125
14112,70.615274,40.25,0.0168600008,15.125
14113,70.620391,40.25,0.0168600008,15.125
14114,70.625547,40.25,0.0168600008,15.125
14115,70.631021,40.25,0.0168600008,15.125
14116,70.636406,40.25,0.0168600008,15.125
14117,70.641314,40.25,0.0168600008,15.125
14118,70.646439,40.25,0.0165400002,14.875
14119,70.650268,40.25,0.0165400002,14.875
14120,70.656501,40.25,0.0165400002,14.875
14121,70.661882,40.25,0.0165400002,14.875
14122,70.665444,40.25,0.0165400002,14.875
14123,70.670339,40.25,0.0165400002,14.875
14124,70.675794,40.25,0.0165400002,14.875
14125,70.681252,40.25,0.0165400002,14.875
14126,70.686375,40.25,0.0165400002,14.875
14127,70.691531,40.25,0.0165400002,14.875
14128,70.696436,40.25,0.0165400002,14.875
14129,70.701793,40.25,0.0165400002,14.875
14130,70.705355,40.25,0.0165400002,14.875
14131,70.710250,40.25,0.0165400002,14.875
14132,70.715666,40.25,0.0165400002,14.875
14133,70.720558,40.25,0.0165400002,14.875
14134,70.725463,40.25,0.0165400002,14.875
14135,70.730942,40.25,0.0165400002,14.875
14136,70.736364,40.25,0.0165400002,14.875
14137,70.741754,40.25,0.0165400002,14.875
14138,70.745316,40.25,0.0165400002,14.875
14139,70.750211,40.25,0.0165400002,14.875
14140,70.755665,40.25,0.0165400002,14.875
14141,70.760557,40.25,0.0165400002,14.875
14142,70.765678,40.25,0.0165400002,14.875
14143,70.770852,40.25,0.0165400002,14.875
14144,70.775758,40.25,0.0165400002,14.875
14145,70.781132,40.25,0.0165400002,14.875
14146,70.785259,40.25,0.0165400002,14.875
14147,70.791711,40.25,0.0165400002,14.875
14148,70.795557,40.25,0.0165400002,14.875
14149,70.800466,40.25,0.0165400002,14.875
14150,70.805558,40.25,0.0165400002,14.875
14151,70.810738,40.25,0.0165400002,14.875
14152,70.815627,40.25,0.0165400002,14.875
14153,70.820997,40.25,0.0165400002,14.875
14154,70.825892,40.25,0.0165400002,14.875
14155,70.830817,40.25,0.0165400002,14.875
14156,70.836721,40.25,0.0165400002,14.875
14157,70.840282,40.25,0.0165400002,14.875
14158,70.845418,40.25,0.0165400002,14.875
14159,70.850574,40.25,0.0165400002,14.875
14160,70.855480,40.25,0.0165400002,14.875
14161,70.860886,40.25,0.0165400002,14.875
14162,70.865791,40.25,0.0165400002,14.875
14163,70.870687,40.25,0.0165400002,14.875
14164,70.876124,40.25,0.0165400002,14.875
14165,70.881020,40.25,0.0165400002,14.875
14166,70.886134,40.25,0.0165400002,14.875
14167,70.891285,40.25,0.0165400002,14.875
14168,70.895363,40.25,0.0165400002,14.875
14169,70.900493,40.25,0.0165400002,14.875
14170,70.905664,40.25,0.0165400002,14.875
14171,70.910557,40.25,0.0165400002,14.875
14172,70.915911,40.25,0.0165400002,14.875
14173,70.920819,40.25,0.0165400002,14.875
14174,70.925711,40.25,0.0165400002,14.875
14175,70.931148,40.25,0.0165400002,14.875
14176,70.936041,40.25,0.0165400002,14.875
14177,70.941155,40.25,0.0165400002,14.875
14178,70.946335,40.25,0.0165400002,14.875
14179,70.950461,40.25,0.0165400002,14.875
14180,70.955592,40.25,0.0165400002,14.875
14181,70.960748,40.25,0.0165400002,14.875
14182,70.965637,40.25,0.0165400002,14.875
14183,70.971003,40.25,0.0165400002,14.875
14184,70.975899,40.25,0.0165400002,14.875
14185,70.980822,40.25,0.0165400002,14.875
14186,70.986223,40.25,0.0165400002,14.875
14187,70.991118,40.25,0.0165400002,14.875
14188,70.996254,40.25,0.0165400002,14.875
14189,71.001409,40.25,0.0165400002,14.875
14190,71.006314,40.25,0.0165400002,14.875
14191,71.010416,40.25,0.0165400002,14.875
14192,71.015850,40.25,0.0165400002,14.875
14193,71.020745,40.25,0.0165400002,14.875
14194,71.025859,40.25,0.0165400002,14.875
14195,71.031011,40.25,0.0165400002,14.875
14196,71.035916,40.25,0.0165400002,14.875
14197,71.041291,40.25,0.0165400002,14.875
14198,71.046187,40.25,0.0165400002,14.875
14199,71.051378,40.25,0.0165400002,14.875
14200,71.055441,40.25,0.0165400002,14.875
14201,71.060339,40.25,0.0165400002,14.875
14202,71.066020,40.25,0.0165400002,14.875
14203,71.071172,40.25,0.0165400002,14.875
14204,71.076077,40.25,0.0165400002,14.875
14205,71.081452,40.25,0.0165400002,14.875
14206,71.091318,40.25,0.0165400002,14.875
14207,71.093747,40.25,0.0165400002,14.875
14208,71.097659,40.25,0.0165400002,14.875
14209,71.102548,40.25,0.0165400002,14.875
14210,71.107682,40.25,0.0165400002,14.875
14211,71.111494,40.25,0.0165400002,14.875
14212,71.116399,40.25,0.0165400002,14.875
14213,71.122067,40.25,0.0165400002,14.875
14214,71.127250,40.25,0.0165400002,14.875
14215,71.132155,40.25,0.0165400002,14.875
14216,71.137528,40.25,0.0165400002,14.875
14217,71.142423,40.25,0.0165400002,14.875
14218,71.147332,40.25,0.0165400002,14.875
14219,71.151376,40.25,0.0165400002,14.875
14220,71.157613,40.25,0.0165400002,14.875
14221,71.162708,40.25,0.0165400002,14.875
14222,71.166540,40.25,0.0165400002,14.875
14223,71.171449,40.25,0.0165400002,14.875
14224,71.176876,40.25,0.0165400002,14.875
14225,71.182299,40.25,0.0165400002,14.875
14226,71.187195,40.25,0.0165400002,14.875
14227,71.192330,40.25,0.0165400002,14.875
14228,71.197489,40.25,0.0165400002,14.875
14229,71.202394,40.25,0.0165400002,14.875
14230,71.207773,40.25,0.0165400002,14.875
14231,71.211334,40.25,0.0165400002,14.875
14232,71.217570,40.25,0.0165400002,14.875
14233,71.221614,40.25,0.0165400002,14.875
14234,71.226510,40.25,0.0165400002,14.875
14235,71.232207,40.25,0.0165400002,14.875
14236,71.237375,40.25,0.0165400002,14.875
14237,71.242279,40.25,0.0165400002,14.875
14238,71.247658,40.25,0.0165400002,14.875
14239,71.252547,40.25,0.0165400002,14.875
14240,71.257480,40.25,0.0165400002,14.875
14241,71.261575,40.25,0.0165400002,14.875
14242,71.266471,40.25,0.0165400002,14.875
14243,71.271379,40.25,0.0165400002,14.875
14244,71.276837,40.25,0.0165400002,14.875
14245,71.282281,40.25,0.0165400002,14.875
14246,71.287695,40.25,0.0165400002,14.875
14247,71.292583,40.25,0.0165400002,14.875
14248,71.297492,40.25,0.0165400002,14.875
14249,71.301536,40.25,0.0165400002,14.875
14250,71.306432,40.25,0.0165400002,14.875
14251,71.311340,40.25,0.0165400002,14.875
14252,71.316798,40.25,0.0165400002,14.875
14253,71.321690,40.25,0.0165400002,14.875
14254,71.326811,40.25,0.0165400002,14.875
14255,71.332460,40.25,0.0165400002,14.875
14256,71.337359,40.25,0.0165400002,14.875
14257,71.342719,40.25,0.0165400002,14.875
14258,71.347612,40.25,0.0165400002,14.875
14259,71.352728,40.25,0.0165400002,14.875
14260,71.356561,40.25,0.0165400002,14.875
14261,71.361470,40.25,0.0165400002,14.875
14262,71.366560,40.25,0.0165400002,14.875
14263,71.371742,40.25,0.0165400002,14.875
14264,71.376631,40.25,0.0165400002,14.875
14265,71.382067,40.25,0.0165400002,14.875
14266,71.387527,40.25,0.0165400002,14.875
14267,71.392914,40.25,0.0165400002,14.875
14268,71.396476,40.25,0.0165400002,14.875
14269,71.401372,40.25,0.0165400002,14.875
14270,71.406829,40.25,0.0165400002,14.875
14271,71.411721,40.25,0.0165400002,14.875
14272,71.416814,40.25,0.0165400002,14.875
14273,71.421962,40.25,0.0165400002,14.875
14274,71.426871,40.25,0.0165400002,14.875
14275,71.432243,40.25,0.0165400002,14.875
14276,71.436357,40.25,0.0165400002,14.875
14277,71.442836,40.25,0.0165400002,14.875
14278,71.446642,40.25,0.0165400002,14.875
14279,71.451550,40.25,0.0165400002,14.875
14280,71.456925,40.25,0.0165400002,14.875
14281,71.461830,40.25,0.0165400002,14.875
14282,71.466726,40.25,0.0165400002,14.875
14283,71.472159,40.25,0.0165400002,14.875
14284,71.477056,40.25,0.0165400002,14.875
14285,71.482438,40.25,0.0165400002,14.875
14286,71.486545,40.25,0.0165400002,14.875
14287,71.491454,40.25,0.0165400002,14.875
14288,71.496910,40.25,0.0165400002,14.875
14289,71.501802,40.25,0.0165400002,14.875
14290,71.507185,40.25,0.0165400002,14.875
14291,71.512078,40.25,0.0165400002,14.875
14292,71.516986,40.25,0.0165400002,14.875
14293,71.522388,40.25,0.0165400002,14.875
14294,71.527296,40.25,0.0165400002,14.875
14295,71.532664,40.25,0.0165400002,14.875
14296,71.538066,40.25,0.0165400002,14.875
14297,71.541618,40.25,0.0165400002,14.875
14298,71.547055,40.25,0.0165400002,14.875
14299,71.551947,40.25,0.0165400002,14.875
14300,71.557058,40.25,0.0165400002,14.875
14301,71.562238,40.25,0.0165400002,14.875
14302,71.567146,40.25,0.0165400002,14.875
14303,71.572519,40.25,0.0165400002,14.875
14304,71.577418,40.25,0.0165400002,14.875
14305,71.582323,40.25,0.0165400002,14.875
14306,71.586392,40.25,0.0165400002,14.875
14307,71.592630,40.25,0.0165400002,14.875
14308,71.598045,40.25,0.0165400002,14.875
14309,71.602106,40.25,0.0165400002,14.875
14310,71.607006,40.25,0.0165400002,14.875
14311,71.611911,40.25,0.0165400002,14.875
14312,71.617343,40.25,0.0165400002,14.875
14313,71.622235,40.25,0.0165400002,14.875
14314,71.627347,40.25,0.0165400002,14.875
14315,71.632527,40.25,0.0165400002,14.875
14316,71.637435,40.25,0.0165400002,14.875
14317,71.642814,40.25,0.0165400002,14.875
14318,71.646376,40.25,0.0165400002,14.875
14319,71.652610,40.25,0.0165400002,14.875
14320,71.656665,40.25,0.0165400002,14.875
14321,71.662096,40.25,0.0165400002,14.875
14322,71.667232,40.25,0.0165400002,14.875
14323,71.672388,40.25,0.0165400002,14.875
14324,71.677295,40.25,0.0165400002,14.875
14325,71.682643,40.25,0.0165400002,14.875
14326,71.687541,40.25,0.0165400002,14.875
14327,71.692447,40.25,0.0165400002,14.875
14328,71.696491,40.25,0.0165400002,14.875
14329,71.701389,40.25,0.0165400002,14.875
14330,71.707872,40.25,0.0165400002,14.875
14331,71.712198,40.25,0.0165400002,14.875
14332,71.717094,40.25,0.0165400002,14.875
14333,71.722206,40.25,0.0165400002,14.875
14334,71.727366,40.25,0.0165400002,14.875
14335,71.732270,40.25,0.0165400002,14.875
14336,71.737716,40.25,0.0165400002,14.875
14337,71.742604,40.25,0.0165400002,14.875
14338,71.747747,40.25,0.0165400002,14.875
14339,71.751566,40.25,0.0165400002,14.875
14340,71.756472,40.25,0.0165400002,14.875
14341,71.761603,40.25,0.0165400002,14.875
14342,71.767380,40.25,0.0165400002,14.875
14343,71.772285,40.25,0.0165400002,14.875
14344,71.777685,40.25,0.0165400002,14.875
14345,71.782573,40.25,0.0165400002,14.875
14346,71.787709,40.25,0.0165400002,14.875
14347,71.791527,40.25,0.0165400002,14.875
14348,71.796433,40.25,0.0165400002,14.875
14349,71.801552,40.25,0.0165400002,14.875
14350,71.806715,40.25,0.0165400002,14.875
14351,71.811604,40.25,0.0165400002,14.875
14352,71.817317,40.25,0.0165400002,14.875
14353,71.822472,40.25,0.0165400002,14.875
14354,71.827381,40.25,0.0165400002,14.875
14355,71.832448,40.25,0.0165400002,14.875
14356,71.836517,40.25,0.0165400002,14.875
14357,71.841416,40.25,0.0165400002,14.875
14358,71.846346,40.25,0.0165400002,14.875
14359,71.851776,40.25,0.0165400002,14.875
14360,71.856671,40.25,0.0165400002,14.875
14361,71.861771,40.25,0.0165400002,14.875
14362,71.867516,40.25,0.0165400002,14.875
14363,71.872422,40.25,0.0165400002,14.875
14364,71.877800,40.25,0.0165400002,14.875
14365,71.881362,40.25,0.0165400002,14.875
14366,71.887597,40.25,0.0165400002,14.875
14367,71.891642,40.25,0.0165400002,14.875
14368,71.896537,40.25,0.0165400002,14.875
14369,71.901445,40.25,0.0165400002,14.875
14370,71.906903,40.25,0.0165400002,14.875
14371,71.911795,40.25,0.0165400002,14.875
14372,71.916916,40.25,0.0165400002,14.875
14373,71.922612,40.25,0.0165400002,14.875
14374,71.927521,40.25,0.0162199996,14.625
14375,71.932875,40.25,0.0162199996,14.625
14376,71.936437,40.25,0.0162199996,14.625
14377,71.941332,40.25,0.0162199996,14.625
14378,71.946701,40.25,0.0162199996,14.625
14379,71.951590,40.25,0.0162199996,14.625
14380,71.956731,40.25,0.0162199996,14.625
14381,71.961923,40.25,0.0162199996,14.625
14382,71.966831,40.25,0.0162199996,14.625
14383,71.972227,40.25,0.0162199996,14.625
14384,71.976327,40.25,0.0162199996,14.625
14385,71.982802,40.25,0.0162199996,14.625
14386,71.986627,40.25,0.0162199996,14.625
14387,71.991536,40.25,0.0162199996,14.625
14388,71.996663,40.25,0.0162199996,14.625
14389,72.001809,40.25,0.0162199996,14.625
14390,72.006717,40.25,0.0162199996,14.625
14391,72.012089,40.25,0.0162199996,14.625
14392,72.016988,40.25,0.0162199996,14.625
14393,72.021894,40.25,0.0162199996,14.625
14394,72.027838,40.25,0.0162199996,14.625
14395,72.031400,40.25,0.0162199996,14.625
14396,72.036513,40.25,0.0162199996,14.625
14397,72.041686,40.25,0.0162199996,14.625
14398,72.046574,40.25,0.0162199996,14.625
14399,72.051932,40.25,0.0162199996,14.625
14400,72.056840,40.25,0.0162199996,14.625
14401,72.061761,40.25,0.0162199996,14.625
14402,72.067407,40.25,0.0162199996,14.625
14403,72.072302,40.25,0.0162199996,14.625
14404,72.076375,40.25,0.0162199996,14.625
14405,72.081833,40.25,0.0162199996,14.625
14406,72.091916,40.25,0.0162199996,14.625
14407,72.094246,40.25,0.0162199996,14.625
14408,72.098098,40.25,0.0162199996,14.625
14409,72.102990,40.25,0.0162199996,14.625
14410,72.108104,40.25,0.0162199996,14.625
14411,72.111956,40.25,0.0162199996,14.625
14412,72.116852,40.25,0.0162199996,14.625
14413,72.121969,40.25,0.0162199996,14.625
14414,72.127125,40.25,0.0162199996,14.625
14415,72.132030,40.25,0.0162199996,14.625
14416,72.137710,40.25,0.0162199996,14.625
14417,72.142861,40.25,0.0162199996,14.625
14418,72.147770,40.25,0.0162199996,14.625
14419,72.153141,40.25,0.0162199996,14.625
14420,72.158037,40.25,0.0162199996,14.625
14421,72.162941,40.25,0.0162199996,14.625
14422,72.166996,40.25,0.0162199996,14.625
14423,72.171891,40.25,0.0162199996,14.625
14424,72.178391,40.25,0.0162199996,14.625
14425,72.182220,40.25,0.0162199996,14.625
14426,72.187116,40.25,0.0162199996,14.625
14427,72.192232,40.25,0.0162199996,14.625
14428,72.197916,40.25,0.0162199996,14.625
14429,72.202822,40.25,0.0162199996,14.625
14430,72.208264,40.25,0.0162199996,14.625
14431,72.213156,40.25,0.0162199996,14.625
14432,72.218291,40.25,0.0162199996,14.625
14433,72.222130,40.25,0.0162199996,14.625
14434,72.227027,40.25,0.0162199996,14.625
14435,72.232437,40.25,0.0162199996,14.625
14436,72.237336,40.25,0.0162199996,14.625
14437,72.242241,40.25,0.0162199996,14.625
14438,72.247710,40.25,0.0162199996,14.625
14439,72.253152,40.25,0.0162199996,14.625
14440,72.256920,40.25,0.0162199996,14.625
14441,72.262093,40.25,0.0162199996,14.625
14442,72.267001,40.25,0.0162199996,14.625
14443,72.272373,40.25,0.0162199996,14.625
14444,72.277271,40.25,0.0162199996,14.625
14445,72.282176,40.25,0.0162199996,14.625
14446,72.287604,40.25,0.0162199996,14.625
14447,72.292510,40.25,0.0162199996,14.625
14448,72.297655,40.25,0.0162199996,14.625
14449,72.301981,40.25,0.0162199996,14.625
14450,72.306880,40.25,0.0162199996,14.625
14451,72.312284,40.25,0.0162199996,14.625
14452,72.317183,40.25,0.0162199996,14.625
14453,72.322088,40.25,0.0162199996,14.625
14454,72.327537,40.25,0.0162199996,14.625
14455,72.332443,40.25,0.0162199996,14.625
14456,72.337814,40.25,0.0162199996,14.625
14457,72.342719,40.25,0.0162199996,14.625
14458,72.347823,40.25,0.0162199996,14.625
14459,72.353000,40.25,0.0162199996,14.625
14460,72.357909,40.25,0.0162199996,14.625
14461,72.363304,40.25,0.0162199996,14.625
14462,72.367391,40.25,0.0162199996,14.625
14463,72.372296,40.25,0.0162199996,14.625
14464,72.377752,40.25,0.0162199996,14.625
14465,72.382639,40.25,0.0162199996,14.625
14466,72.387761,40.25,0.0162199996,14.625
14467,72.392911,40.25,0.0162199996,14.625
14468,72.397819,40.25,0.0162199996,14.625
14469,72.403191,40.25,0.0162199996,14.625
14470,72.408087,40.25,0.0162199996,14.625
14471,72.412991,40.25,0.0162199996,14.625
14472,72.417038,40.25,0.0162199996,14.625
14473,72.422454,40.25,0.0162199996,14.625
14474,72.427591,40.25,0.0162199996,14.625
14475,72.432771,40.25,0.0162199996,14.625
14476,72.437680,40.25,0.0162199996,14.625
14477,72.443096,40.25,0.0162199996,14.625
14478,72.447992,40.25,0.0162199996,14.625
14479,72.453113,40.25,0.0162199996,14.625
14480,72.456944,40.25,0.0162199996,14.625
14481,72.461836,40.25,0.0162199996,14.625
14482,72.466936,40.25,0.0162199996,14.625
14483,72.472676,40.25,0.0162199996,14.625
14484,72.477567,40.25,0.0162199996,14.625
14485,72.483057,40.25,0.0162199996,14.625
14486,72.487952,40.25,0.0162199996,14.625
14487,72.493050,40.25,0.0162199996,14.625
14488,72.496906,40.25,0.0162199996,14.625
14489,72.503138,40.25,0.0162199996,14.625
14490,72.508238,40.25,0.0162199996,14.625
14491,72.512091,40.25,0.0162199996,14.625
14492,72.516987,40.25,0.0162199996,14.625
14493,72.522076,40.25,0.0162199996,14.625
14494,72.527827,40.25,0.0162199996,14.625
14495,72.532719,40.25,0.0162199996,14.625
14496,72.538112,40.25,0.0162199996,14.625
14497,72.543008,40.25,0.0162199996,14.625
14498,72.548146,40.25,0.0162199996,14.625
14499,72.551977,40.25,0.0162199996,14.625
14500,72.556873,40.25,0.0162199996,14.625
14501,72.561968,40.25,0.0162199996,14.625
14502,72.567145,40.25,0.0162199996,14.625
14503,72.572050,40.25,0.0162199996,14.625
14504,72.577150,40.25,0.0162199996,14.625
14505,72.582898,40.25,0.0162199996,14.625
14506,72.587793,40.25,0.0162199996,14.625
14507,72.593231,40.25,0.0162199996,14.625
14508,72.598126,40.25,0.0162199996,14.625
14509,72.601901,40.25,0.0162199996,14.625
14510,72.607082,40.25,0.0162199996,14.625
14511,72.611986,40.25,0.0162199996,14.625
14512,72.617383,40.25,0.0162199996,14.625
14513,72.622278,40.25,0.0162199996,14.625
14514,72.627211,40.25,0.0162199996,14.625
14515,72.633150,40.25,0.0162199996,14.625
14516,72.638049,40.25,0.0162199996,14.625
14517,72.643432,40.25,0.0162199996,14.625
14518,72.647003,40.25,0.0162199996,14.625
14519,72.651895,40.25,0.0162199996,14.625
14520,72.657352,40.25,0.0162199996,14.625
14521,72.662244,40.25,0.0162199996,14.625
14522,72.667381,40.25,0.0162199996,14.625
14523,72.672561,40.25,0.0162199996,14.625
14524,72.677470,40.25,0.0162199996,14.625
14525,72.683170,40.25,0.0162199996,14.625
14526,72.687002,40.25,0.0162199996,14.625
14527,72.691894,40.25,0.0162199996,14.625
14528,72.696989,40.25,0.0162199996,14.625
14529,72.702163,40.25,0.0162199996,14.625
14530,72.707071,40.25,0.0162199996,14.625
14531,72.712469,40.25,0.0162199996,14.625
14532,72.717367,40.25,0.0162199996,14.625
14533,72.722272,40.25,0.0162199996,14.625
14534,72.727716,40.125,0.0162199996,14.625
14535,72.732605,40.125,0.0162199996,14.625
14536,72.738295,40.125,0.0162199996,14.625
14537,72.742123,40.125,0.0162199996,14.625
14538,72.747020,40.125,0.0162199996,14.625
14539,72.752108,40.125,0.0162199996,14.625
14540,72.757290,40.125,0.0162199996,14.625
14541,72.762196,40.125,0.0162199996,14.625
14542,72.767622,40.125,0.0162199996,14.625
14543,72.772528,40.125,0.0162199996,14.625
14544,72.777662,40.125,0.0162199996,14.625
14545,72.782811,40.125,0.0162199996,14.625
14546,72.787744,40.125,0.0162199996,14.625
14547,72.792043,40.125,0.0162199996,14.625
14548,72.797202,40.125,0.0162199996,14.625
14549,72.802107,40.125,0.0162199996,14.625
14550,72.807533,40.125,0.0162199996,14.625
14551,72.812439,40.125,0.0162199996,14.625
14552,72.817573,40.125,0.0162199996,14.625
14553,72.822722,40.125,0.0162199996,14.625
14554,72.827614,40.125,0.0162199996,14.625
14555,72.832980,40.125,0.0162199996,14.625
14556,72.837878,40.125,0.0162199996,14.625
14557,72.842784,40.125,0.0162199996,14.625
14558,72.848726,40.125,0.0162199996,14.625
14559,72.852288,40.125,0.0162199996,14.625
14560,72.857184,40.125,0.0162199996,14.625
14561,72.862640,40.125,0.0162199996,14.625
14562,72.867548,40.125,0.0162199996,14.625
14563,72.872945,40.125,0.0162199996,14.625
14564,72.877854,40.125,0.0162199996,14.625
14565,72.882746,40.125,0.0162199996,14.625
14566,72.888186,40.125,0.0162199996,14.625
14567,72.893078,40.125,0.0162199996,14.625
14568,72.898213,40.125,0.0162199996,14.625
14569,72.902543,40.125,0.0162199996,14.625
14570,72.907439,40.125,0.0162199996,14.625
14571,72.912551,40.125,0.0162199996,14.625
14572,72.917713,40.125,0.0162199996,14.625
14573,72.922602,40.125,0.0162199996,14.625
14574,72.927991,40.125,0.0162199996,14.625
14575,72.932886,40.125,0.0162199996,14.625
14576,72.938074,40.125,0.0162199996,14.625
14577,72.941903,40.125,0.0162199996,14.625
14578,72.948138,40.125,0.0162199996,14.625
14579,72.952487,40.125,0.0162199996,14.625
14580,72.957646,40.125,0.0162199996,14.625
14581,72.962551,40.125,0.0162199996,14.625
14582,72.967930,40.125,0.0162199996,14.625
14583,72.972835,40.125,0.0162199996,14.625
14584,72.977965,40.125,0.0162199996,14.625
14585,72.983116,40.125,0.0162199996,14.625
14586,72.988025,40.125,0.0162199996,14.625
14587,72.993371,40.125,0.0162199996,14.625
14588,72.996941,40.125,0.0162199996,14.625
14589,73.002357,40.125,0.0162199996,14.625
14590,73.007818,40.125,0.0162199996,14.625
14591,73.012710,40.125,0.0162199996,14.625
14592,73.018143,40.125,0.0162199996,14.625
14593,73.023039,40.125,0.0162199996,14.625
14594,73.027946,40.125,0.0162199996,14.625
14595,73.031995,40.125,0.0162199996,14.625
14596,73.036894,40.125,0.0162199996,14.625
14597,73.043369,40.125,0.0162199996,14.625
14598,73.047201,40.125,0.0162199996,14.625
14599,73.052117,40.125,0.0162199996,14.625
14600,73.058054,40.125,0.0162199996,14.625
14601,73.062950,40.125,0.0162199996,14.625
14602,73.067858,40.125,0.0162199996,14.625
14603,73.071909,40.125,0.0162199996,14.625
14604,73.078145,40.125,0.0162199996,14.625
14605,73.083280,40.125,0.0162199996,14.625
14606,73.093449,40.125,0.0162199996,14.625
14607,73.095674,40.125,0.0162199996,14.625
14608,73.099239,40.125,0.0162199996,14.625
14609,73.104340,40.125,0.0162199996,14.625
14610,73.109630,40.125,0.0162199996,14.625
14611,73.113775,40.125,0.0162199996,14.625
14612,73.118670,40.125,0.0162199996,14.625
14613,73.124120,40.125,0.0162199996,14.625
14614,73.129016,40.125,0.0162199996,14.625
14615,73.134150,40.125,0.0162199996,14.625
14616,73.139309,40.125,0.0162199996,14.625
14617,73.144215,40.125,0.0162199996,14.625
14618,73.149587,40.125,0.0162199996,14.625
14619,73.154482,40.125,0.0162199996,14.625
14620,73.159391,40.125,0.0162199996,14.625
14621,73.164831,40.125,0.0162199996,14.625
14622,73.168914,40.125,0.0162199996,14.625
14623,73.174034,40.125,0.0162199996,14.625
14624,73.179195,40.125,0.0162199996,14.625
14625,73.184100,40.125,0.0162199996,14.625
14626,73.189472,40.125,0.0162199996,14.625
14627,73.194368,40.125,0.0162199996,14.625
14628,73.199276,40.125,0.0162199996,14.625
14629,73.204742,40.125,0.0162199996,14.625
14630,73.209633,40.125,0.0173099991,14.5
14631,73.214752,40.125,0.0173099991,14.5
14632,73.218560,40.125,0.0173099991,14.5
14633,73.224028,40.125,0.0173099991,14.5
14634,73.229161,40.125,0.0173099991,14.5
14635,73.234316,40.125,0.0173099991,14.5
14636,73.239224,40.125,0.0173099991,14.5
14637,73.244597,40.125,0.0173099991,14.5
14638,73.249496,40.125,0.0173099991,14.5
14639,73.254401,40.125,0.0173099991,14.5
14640,73.259841,40.125,0.0173099991,14.5
14641,73.264734,40.125,0.0173099991,14.5
14642,73.270144,40.125,0.0173099991,14.5
14643,73.274244,40.125,0.0173099991,14.5
14644,73.279140,40.125,0.0173099991,14.5
14645,73.284569,40.125,0.0173099991,14.5
14646,73.289478,40.125,0.0173099991,14.5
14647,73.294594,40.125,0.0173099991,14.5
14648,73.299750,40.125,0.0173099991,14.5
14649,73.304639,40.125,0.0173099991,14.5
14650,73.310006,40.125,0.0173099991,14.5
14651,73.313558,40.125,0.0173099991,14.5
14652,73.318466,40.125,0.0173099991,14.5
14653,73.323924,40.125,0.0173099991,14.5
14654,73.329326,40.125,0.0173099991,14.5
14655,73.334456,40.125,0.0173099991,14.5
14656,73.339614,40.125,0.0173099991,14.5
14657,73.344520,40.125,0.0173099991,14.5
14658,73.349898,40.125,0.0173099991,14.5
14659,73.353460,40.125,0.0173099991,14.5
14660,73.359918,40.125,0.0173099991,14.5
14661,73.363757,40.125,0.0173099991,14.5
14662,73.368651,40.125,0.0173099991,14.5
14663,73.374063,40.125,0.0173099991,14.5
14664,73.378962,40.125,0.0173099991,14.5
14665,73.383868,40.125,0.0173099991,14.5
14666,73.389838,40.125,0.0173099991,14.5
14667,73.394743,40.125,0.0173099991,14.5
14668,73.399871,40.125,0.0173099991,14.5
14669,73.403693,40.125,0.0173099991,14.5
14670,73.408585,40.125,0.0173099991,14.5
14671,73.413705,40.125,0.0173099991,14.5
14672,73.418860,40.125,0.0173099991,14.5
14673,73.423766,40.125,0.0173099991,14.5
14674,73.429138,40.125,0.0173099991,14.5
14675,73.434030,40.125,0.0173099991,14.5
14676,73.438937,40.125,0.0173099991,14.5
14677,73.444862,40.125,0.0173099991,14.5
14678,73.449771,40.125,0.0173099991,14.5
14679,73.453563,40.125,0.0173099991,14.5
14680,73.458722,40.125,0.0173099991,14.5
14681,73.463611,40.125,0.0173099991,14.5
14682,73.468999,40.125,0.0173099991,14.5
14683,73.473895,40.125,0.0173099991,14.5
14684,73.478828,40.125,0.0173099991,14.5
14685,73.484243,40.125,0.0173099991,14.5
14686,73.489139,40.125,0.0173099991,14.5
14687,73.494832,40.125,0.0173099991,14.5
14688,73.498636,40.125,0.0173099991,14.5
14689,73.503542,40.125,0.0173099991,14.5
14690,73.508668,40.125,0.0173099991,14.5
14691,73.513818,40.125,0.0173099991,14.5
14692,73.518726,40.125,0.0173099991,14.5
14693,73.524098,40.125,0.0173099991,14.5
14694,73.528998,40.125,0.0173099991,14.5
14695,73.533903,40.125,0.0173099991,14.5
14696,73.539354,40.125,0.0173099991,14.5
14697,73.544838,40.125,0.0173099991,14.5
14698,73.549932,40.125,0.0173099991,14.5
14699,73.553777,40.125,0.0173099991,14.5
14700,73.558673,40.125,0.0173099991,14.5
14701,73.564059,40.125,0.0173099991,14.5
14702,73.568958,40.125,0.0173099991,14.5
14703,73.573863,40.125,0.0173099991,14.5
14704,73.579303,40.125,0.0173099991,14.5
14705,73.584196,40.125,0.0173099991,14.5
14706,73.589310,40.125,0.0173099991,14.5
14707,73.593670,40.125,0.0173099991,14.5
14708,73.598562,40.125,0.0173099991,14.5
14709,73.603679,40.125,0.0173099991,14.5
14710,73.608859,40.125,0.0173099991,14.5
14711,73.613765,40.125,0.0173099991,14.5
14712,73.619133,40.125,0.0173099991,14.5
14713,73.624026,40.125,0.0173099991,14.5
14714,73.628933,40.125,0.0173099991,14.5
14715,73.634352,40.125,0.0173099991,14.5
14716,73.639247,40.125,0.0173099991,14.5
14717,73.644360,40.125,0.0173099991,14.5
14718,73.648695,40.125,0.0173099991,14.5
14719,73.653584,40.125,0.0173099991,14.5
14720,73.658973,40.125,0.0173099991,14.5
14721,73.663869,40.125,0.0173099991,14.5
14722,73.668777,40.125,0.0173099991,14.5
14723,73.674214,40.125,0.0173099991,14.5
14724,73.679110,40.125,0.0173099991,14.5
14725,73.684492,40.125,0.0173099991,14.5
14726,73.689391,40.125,0.0173099991,14.5
14727,73.694522,40.125,0.0173099991,14.5
14728,73.699704,40.125,0.0173099991,14.5
14729,73.704617,40.125,0.0173099991,14.5
14730,73.708949,40.125,0.0173099991,14.5
14731,73.714098,40.125,0.0173099991,14.5
14732,73.719006,40.125,0.0173099991,14.5
14733,73.724378,40.125,0.0173099991,14.5
14734,73.729276,40.125,0.0173099991,14.5
14735,73.734181,40.125,0.0173099991,14.5
14736,73.739628,40.125,0.0173099991,14.5
14737,73.744534,40.125,0.0173099991,14.5
14738,73.749454,40.125,0.0173099991,14.5
14739,73.754886,40.125,0.0173099991,14.5
14740,73.759005,40.125,0.0173099991,14.5
14741,73.763897,40.125,0.0173099991,14.5
14742,73.769349,40.125,0.0173099991,14.5
14743,73.774240,40.125,0.0173099991,14.5
14744,73.779603,40.125,0.0173099991,14.5
14745,73.784498,40.125,0.0173099991,14.5
14746,73.789431,40.125,0.0173099991,14.5
14747,73.794872,40.125,0.0173099991,14.5
14748,73.799768,40.125,0.0173099991,14.5
14749,73.804882,40.125,0.0173099991,14.5
14750,73.809208,40.125,0.0173099991,14.5
14751,73.814103,40.125,0.0173099991,14.5
14752,73.819217,40.125,0.0173099991,14.5
14753,73.824397,40.125,0.0173099991,14.5
14754,73.829305,40.125,0.0173099991,14.5
14755,73.834747,40.125,0.0173099991,14.5
14756,73.839638,40.125,0.0173099991,14.5
14757,73.845012,40.125,0.0173099991,14.5
14758,73.848567,40.125,0.0173099991,14.5
14759,73.853472,40.125,0.0173099991,14.5
14760,73.858842,40.125,0.0173099991,14.5
14761,73.864300,40.125,0.0173099991,14.5
14762,73.869440,40.125,0.0173099991,14.5
14763,73.874642,40.125,0.0173099991,14.5
14764,73.879549,40.125,0.0173099991,14.5
14765,73.884929,40.125,0.0173099991,14.5
14766,73.888494,40.125,0.0173099991,14.5
14767,73.894730,40.125,0.0173099991,14.5
14768,73.898777,40.125,0.0173099991,14.5
14769,73.903682,40.125,0.0173099991,14.5
14770,73.908574,40.125,0.0173099991,14.5
14771,73.914004,40.125,0.0173099991,14.5
14772,73.919456,40.125,0.0173099991,14.5
14773,73.924840,40.125,0.0173099991,14.5
14774,73.929749,40.125,0.0173099991,14.5
14775,73.934861,40.125,0.0173099991,14.5
14776,73.938724,40.125,0.0173099991,14.5
14777,73.943612,40.125,0.0173099991,14.5
14778,73.948715,40.125,0.0173099991,14.5
14779,73.953888,40.125,0.0173099991,14.5
14780,73.958797,40.125,0.0173099991,14.5
14781,73.963903,40.125,0.0173099991,14.5
14782,73.969605,40.125,0.0173099991,14.5
14783,73.974511,40.125,0.0173099991,14.5
14784,73.979890,40.125,0.0173099991,14.5
14785,73.983452,40.125,0.0173099991,14.5
14786,73.989887,40.125,0.0173099991,14.5
14787,73.993748,40.125,0.0173099991,14.5
14788,73.998640,40.125,0.0173099991,14.5
14789,74.003740,40.125,0.0173099991,14.5
14790,74.008916,40.125,0.0173099991,14.5
14791,74.013821,40.125,0.0173099991,14.5
14792,74.019193,40.125,0.0173099991,14.5
14793,74.024086,40.125,0.0173099991,14.5
14794,74.029552,40.125,0.0173099991,14.5
14795,74.033642,40.125,0.0173099991,14.5
14796,74.038539,40.125,0.0173099991,14.5
14797,74.043672,40.125,0.0173099991,14.5
14798,74.048827,40.125,0.0173099991,14.5
14799,74.053733,40.125,0.0173099991,14.5
14800,74.059104,40.125,0.0173099991,14.5
14801,74.064000,40.125,0.0173099991,14.5
14802,74.068933,40.125,0.0173099991,14.5
14803,74.074348,40.125,0.0173099991,14.5
14804,74.078453,40.125,0.0173099991,14.5
14805,74.083579,40.125,0.0173099991,14.5
14806,74.093390,40.125,0.0173099991,14.5
14807,74.095612,40.125,0.0173099991,14.5
14808,74.099522,40.125,0.0173099991,14.5
14809,74.104703,40.125,0.0173099991,14.5
14810,74.109595,40.125,0.0173099991,14.5
14811,74.114961,40.125,0.0173099991,14.5
14812,74.118764,40.125,0.0173099991,14.5
14813,74.123656,40.125,0.0173099991,14.5
14814,74.129027,40.125,0.0173099991,14.5
14815,74.134425,40.125,0.0173099991,14.5
14816,74.139324,40.125,0.0173099991,14.5
14817,74.144787,40.125,0.0173099991,14.5
14818,74.149682,40.125,0.0173099991,14.5
14819,74.154775,40.125,0.0173099991,14.5
14820,74.158604,40.125,0.0173099991,14.5
14821,74.163510,40.125,0.0173099991,14.5
14822,74.168884,40.125,0.0173099991,14.5
14823,74.173790,40.125,0.0173099991,14.5
14824,74.178714,40.125,0.0173099991,14.5
14825,74.184172,40.125,0.0173099991,14.5
14826,74.189625,40.125,0.0173099991,14.5
14827,74.195001,40.125,0.0173099991,14.5
14828,74.198556,40.125,0.0173099991,14.5
14829,74.203462,40.125,0.0173099991,14.5
14830,74.208919,40.125,0.0173099991,14.5
14831,74.213811,40.125,0.0173099991,14.5
14832,74.219223,40.125,0.0173099991,14.5
14833,74.224116,40.125,0.0173099991,14.5
14834,74.229024,40.125,0.0173099991,14.5
14835,74.234451,40.125,0.0173099991,14.5
14836,74.239877,40.125,0.0173099991,14.5
14837,74.244978,40.125,0.0173099991,14.5
14838,74.248827,40.125,0.0173099991,14.5
14839,74.253720,40.125,0.0173099991,14.5
14840,74.258612,40.125,0.0173099991,14.5
14841,74.264069,40.125,0.0173099991,14.5
14842,74.268965,40.125,0.0173099991,14.5
14843,74.274080,40.125,0.0173099991,14.5
14844,74.279234,40.125,0.0173099991,14.5
14845,74.284139,40.125,0.0173099991,14.5
14846,74.289511,40.125,0.0173099991,14.5
14847,74.293647,40.125,0.0173099991,14.5
14848,74.298555,40.125,0.0173099991,14.5
14849,74.304005,40.125,0.0173099991,14.5
14850,74.308901,40.125,0.0173099991,14.5
14851,74.314021,40.125,0.0173099991,14.5
14852,74.319170,40.125,0.0173099991,14.5
14853,74.324075,40.125,0.0173099991,14.5
14854,74.329447,40.125,0.0173099991,14.5
14855,74.334342,40.125,0.0173099991,14.5
14856,74.339484,40.125,0.0173099991,14.5
14857,74.343820,40.125,0.0173099991,14.5
14858,74.348729,40.125,0.0173099991,14.5
14859,74.354094,40.125,0.0173099991,14.5
14860,74.358994,40.125,0.0173099991,14.5
14861,74.363899,40.125,0.0173099991,14.5
14862,74.369361,40.125,0.0173099991,14.5
14863,74.374252,40.125,0.0173099991,14.5
14864,74.379345,40.125,0.0173099991,14.5
14865,74.384526,40.125,0.0173099991,14.5
14866,74.389434,40.125,0.0173099991,14.5
14867,74.394813,40.125,0.0173099991,14.5
14868,74.398929,40.125,0.0173099991,14.5
14869,74.403821,40.125,0.0173099991,14.5
14870,74.409275,40.125,0.0173099991,14.5
14871,74.414167,40.125,0.0173099991,14.5
14872,74.419306,40.125,0.0173099991,14.5
14873,74.424461,40.125,0.0173099991,14.5
14874,74.429370,40.125,0.0173099991,14.5
14875,74.434812,40.125,0.0173099991,14.5
14876,74.439707,40.125,0.0173099991,14.5
14877,74.445104,40.125,0.0173099991,14.5
14878,74.449166,40.125,0.0173099991,14.5
14879,74.454058,40.125,0.0173099991,14.5
14880,74.458966,40.125,0.0173099991,14.5
14881,74.464408,40.125,0.0173099991,14.5
14882,74.469315,40.125,0.0173099991,14.5
14883,74.474455,40.125,0.0173099991,14.5
14884,74.479615,40.125,0.0173099991,14.5
14885,74.484520,40.125,0.0173099991,14.5
14886,74.489898,40.125,0.0171499997,14.375
14887,74.493460,40.125,0.0171499997,14.375
14888,74.498923,40.125,0.0171499997,14.375
14889,74.504335,40.125,0.0171499997,14.375
14890,74.509231,40.125,0.0171499997,14.375
14891,74.514357,40.125,0.0171499997,14.375
14892,74.519526,40.125,0.0171499997,14.375
14893,74.524431,40.125,0.0171499997,14.375
14894,74.529809,40.125,0.0171499997,14.375
14895,74.534715,40.125,0.0171499997,14.375
14896,74.539606,40.125,0.0171499997,14.375
14897,74.543625,40.125,0.0171499997,14.375
14898,74.548524,40.125,0.0171499997,14.375
14899,74.554195,40.125,0.0171499997,14.375
14900,74.559386,40.125,0.0171499997,14.375
14901,74.564291,40.125,0.0171499997,14.375
14902,74.569670,40.125,0.0171499997,14.375
14903,74.574559,40.125,0.0171499997,14.375
14904,74.579492,40.125,0.0171499997,14.375
14905,74.583561,40.125,0.0171499997,14.375
14906,74.588460,40.125,0.0171499997,14.375
14907,74.594893,40.125,0.0171499997,14.375
14908,74.598743,40.125,0.0171499997,14.375
14909,74.603631,40.125,0.0171499997,14.375
14910,74.609023,40.125,0.0171499997,14.375
14911,74.614452,40.125,0.0171499997,14.375
14912,74.619361,40.125,0.0171499997,14.375
14913,74.624819,40.125,0.0171499997,14.375
14914,74.629714,40.125,0.0171499997,14.375
14915,74.634831,40.125,0.0171499997,14.375
14916,74.638636,40.125,0.0171499997,14.375
14917,74.643542,40.125,0.0171499997,14.375
14918,74.649994,40.125,0.0171499997,14.375
14919,74.653817,40.125,0.0171499997,14.375
14920,74.658713,40.125,0.0171499997,14.375
14921,74.663826,40.125,0.0171499997,14.375
14922,74.669535,40.125,0.0171499997,14.375
14923,74.674440,40.125,0.0171499997,14.375
14924,74.679883,40.125,0.0171499997,14.375
14925,74.684774,40.125,0.0171499997,14.375
14926,74.689906,40.125,0.0171499997,14.375
14927,74.693728,40.125,0.0171499997,14.375
14928,74.698619,40.125,0.0171499997,14.375
14929,74.703740,40.125,0.0171499997,14.375
14930,74.708896,40.125,0.0171499997,14.375
14931,74.713801,40.125,0.0171499997,14.375
14932,74.719173,40.125,0.0171499997,14.375
14933,74.724066,40.125,0.0171499997,14.375
14934,74.729764,40.125,0.0171499997,14.375
14935,74.733572,40.125,0.0171499997,14.375
14936,74.738481,40.125,0.0171499997,14.375
14937,74.743596,40.125,0.0171499997,14.375
14938,74.748757,40.125,0.0171499997,14.375
14939,74.753646,40.125,0.0171499997,14.375
14940,74.759033,40.125,0.0171499997,14.375
14941,74.763929,40.125,0.0171499997,14.375
14942,74.768837,40.125,0.0171499997,14.375
14943,74.774278,40.125,0.0171499997,14.375
14944,74.779174,40.125,0.0171499997,14.375
14945,74.784309,40.125,0.0171499997,14.375
14946,74.788638,40.125,0.0171499997,14.375
14947,74.793534,40.125,0.0171499997,14.375
14948,74.798926,40.125,0.0171499997,14.375
14949,74.803832,40.125,0.0171499997,14.375
14950,74.808728,40.125,0.0171499997,14.375
14951,74.814163,40.125,0.0171499997,14.375
14952,74.819060,40.125,0.0171499997,14.375
14953,74.824195,40.125,0.0171499997,14.375
14954,74.829354,40.125,0.0171499997,14.375
14955,74.834259,40.125,0.0171499997,14.375
14956,74.839932,40.125,0.0171499997,14.375
14957,74.843952,40.125,0.0171499997,14.375
14958,74.848861,40.125,0.0171499997,14.375
14959,74.853753,40.125,0.0171499997,14.375
14960,74.859204,40.125,0.0171499997,14.375
14961,74.864096,40.125,0.0171499997,14.375
14962,74.869483,40.125,0.0171499997,14.375
14963,74.874378,40.125,0.0171499997,14.375
14964,74.879286,40.125,0.0171499997,14.375
14965,74.884752,40.125,0.0171499997,14.375
14966,74.888835,40.125,0.0171499997,14.375
14967,74.893756,40.125,0.0171499997,14.375
14968,74.899240,40.125,0.0171499997,14.375
14969,74.904133,40.125,0.0171499997,14.375
14970,74.909519,40.125,0.0171499997,14.375
14971,74.914414,40.125,0.0171499997,14.375
14972,74.919323,40.125,0.0171499997,14.375
14973,74.924763,40.125,0.0171499997,14.375
14974,74.929658,40.125,0.0171499997,14.375
14975,74.935042,40.125,0.0171499997,14.375
14976,74.938596,40.125,0.0171499997,14.375
14977,74.944074,40.125,0.0171499997,14.375
14978,74.949519,40.125,0.0171499997,14.375
14979,74.954425,40.125,0.0171499997,14.375
14980,74.959514,40.125,0.0171499997,14.375
14981,74.964701,40.125,0.0171499997,14.375
14982,74.969593,40.125,0.0171499997,14.375
14983,74.974960,40.125,0.0171499997,14.375
14984,74.978525,40.125,0.0171499997,14.375
14985,74.984993,40.125,0.0171499997,14.375
14986,74.988818,40.125,0.0171499997,14.375
14987,74.994223,40.125,0.0171499997,14.375
14988,74.999352,40.125,0.0171499997,14.375
14989,75.004508,40.125,0.0171499997,14.375
14990,75.009416,40.125,0.0171499997,14.375
14991,75.014770,40.125,0.0171499997,14.375
14992,75.019679,40.125,0.0171499997,14.375
14993,75.024592,40.125,0.0171499997,14.375
14994,75.028611,40.125,0.0171499997,14.375
14995,75.033507,40.125,0.0171499997,14.375
14996,75.039971,40.125,0.0171499997,14.375
14997,75.043792,40.125,0.0171499997,14.375
14998,75.048688,40.125,0.0171499997,14.375
14999,75.054102,40.125,0.0171499997,14.375
15000,75.059540,40.125,0.0171499997,14.375
15001,75.064446,40.125,0.0171499997,14.375
15002,75.069544,40.125,0.0171499997,14.375
15003,75.074724,40.125,0.0171499997,14.375
15004,75.079616,40.125,0.0171499997,14.375
15005,75.084711,40.125,0.0171499997,14.375
15006,75.094592,40.125,0.0171499997,14.375
15007,75.096833,40.125,0.0171499997,14.375
15008,75.100729,40.125,0.0171499997,14.375
15009,75.105098,40.125,0.0171499997,14.375
15010,75.109996,40.125,0.0171499997,14.375
15011,75.115107,40.125,0.0171499997,14.375
15012,75.120286,40.125,0.0171499997,14.375
15013,75.125191,40.125,0.0171499997,14.375
15014,75.130592,40.125,0.0171499997,14.375
15015,75.135724,40.125,0.0171499997,14.375
15016,75.140616,40.125,0.0171499997,14.375
15017,75.145996,40.125,0.0171499997,14.375
15018,75.150894,40.125,0.0171499997,14.375
15019,75.155800,40.125,0.0171499997,14.375
15020,75.159836,40.125,0.0171499997,14.375
15021,75.165297,40.125,0.0171499997,14.375
15022,75.170193,40.125,0.0171499997,14.375
15023,75.175619,40.125,0.0171499997,14.375
15024,75.180528,40.125,0.0171499997,14.375
15025,75.185620,40.125,0.0171499997,14.375
15026,75.190828,40.125,0.0171499997,14.375
15027,75.195734,40.125,0.0171499997,14.375
15028,75.201106,40.125,0.0171499997,14.375
15029,75.204674,40.125,0.0171499997,14.375
15030,75.210909,40.125,0.0171499997,14.375
15031,75.214960,40.125,0.0171499997,14.375
15032,75.220394,40.125,0.0171499997,14.375
15033,75.225299,40.125,0.0171499997,14.375
15034,75.230763,40.125,0.0171499997,14.375
15035,75.235655,40.125,0.0171499997,14.375
15036,75.240752,40.125,0.0171499997,14.375
15037,75.245925,40.125,0.0171499997,14.375
15038,75.250834,40.125,0.0171499997,14.375
15039,75.256205,40.125,0.0171499997,14.375
15040,75.259774,40.125,0.0171499997,14.375
15041,75.264666,40.125,0.0171499997,14.375
15042,75.270678,40.125,0.0171499997,14.375
15043,75.275567,40.125,0.0171499997,14.375
15044,75.280959,40.125,0.0171499997,14.375
15045,75.285865,40.125,0.0171499997,14.375
15046,75.290761,40.125,0.0171499997,14.375
15047,75.294808,40.125,0.0171499997,14.375
15048,75.299717,40.125,0.0171499997,14.375
15049,75.304606,40.125,0.0171499997,14.375
15050,75.310035,40.125,0.0171499997,14.375
15051,75.314927,40.125,0.0171499997,14.375
15052,75.320066,40.125,0.0171499997,14.375
15053,75.325788,40.125,0.0171499997,14.375
15054,75.330684,40.125,0.0171499997,14.375
15055,75.334708,40.125,0.0171499997,14.375
15056,75.339600,40.125,0.0171499997,14.375
15057,75.346039,40.125,0.0171499997,14.375
15058,75.349893,40.125,0.0171499997,14.375
15059,75.354785,40.125,0.0171499997,14.375
15060,75.359881,40.125,0.0171499997,14.375
15061,75.365057,40.125,0.0171499997,14.375
15062,75.369965,40.125,0.0171499997,14.375
15063,75.375338,40.125,0.0171499997,14.375
15064,75.380792,40.125,0.0171499997,14.375
15065,75.385879,40.125,0.0171499997,14.375
15066,75.389729,40.125,0.0171499997,14.375
15067,75.394617,40.125,0.0171499997,14.375
15068,75.399744,40.125,0.0171499997,14.375
15069,75.404893,40.125,0.0171499997,14.375
15070,75.409802,40.125,0.0171499997,14.375
15071,75.415269,40.125,0.0171499997,14.375
15072,75.420165,40.125,0.0171499997,14.375
15073,75.425310,40.125,0.0171499997,14.375
15074,75.431036,40.125,0.0171499997,14.375
15075,75.435928,40.125,0.0171499997,14.375
15076,75.439953,40.125,0.0171499997,14.375
15077,75.444858,40.125,0.0171499997,14.375
15078,75.449753,40.125,0.0171499997,14.375
15079,75.455191,40.125,0.0171499997,14.375
15080,75.460086,40.125,0.0171499997,14.375
15081,75.465221,40.125,0.0171499997,14.375
15082,75.470377,40.125,0.0171499997,14.375
15083,75.475281,40.125,0.0171499997,14.375
15084,75.480663,40.125,0.0171499997,14.375
15085,75.484756,40.125,0.0171499997,14.375
15086,75.489650,40.125,0.0171499997,14.375
15087,75.495076,40.125,0.0171499997,14.375
15088,75.499972,40.125,0.0171499997,14.375
15089,75.505080,40.125,0.0171499997,14.375
15090,75.510262,40.125,0.0171499997,14.375
15091,75.515168,40.125,0.0171499997,14.375
15092,75.520593,40.125,0.0171499997,14.375
15093,75.525499,40.125,0.0171499997,14.375
15094,75.530630,40.125,0.0171499997,14.375
15095,75.534966,40.125,0.0171499997,14.375
15096,75.539875,40.125,0.0171499997,14.375
15097,75.545265,40.125,0.0171499997,14.375
15098,75.550164,40.125,0.0171499997,14.375
15099,75.555069,40.125,0.0171499997,14.375
15100,75.560515,40.125,0.0171499997,14.375
15101,75.565421,40.125,0.0171499997,14.375
15102,75.570541,40.125,0.0171499997,14.375
15103,75.575700,40.125,0.0171499997,14.375
15104,75.580592,40.125,0.0171499997,14.375
15105,75.585983,40.125,0.0171499997,14.375
15106,75.590076,40.125,0.0171499997,14.375
15107,75.594968,40.125,0.0171499997,14.375
15108,75.600454,40.125,0.0171499997,14.375
15109,75.605360,40.125,0.0171499997,14.375
15110,75.610476,40.125,0.0171499997,14.375
15111,75.615633,40.125,0.0171499997,14.375
15112,75.620541,40.125,0.0171499997,14.375
15113,75.625672,40.125,0.0171499997,14.375
15114,75.630821,40.125,0.0171499997,14.375
15115,75.635727,40.125,0.0171499997,14.375
15116,75.641101,40.125,0.0171499997,14.375
15117,75.645225,40.125,0.0171499997,14.375
15118,75.650121,40.125,0.0171499997,14.375
15119,75.655551,40.125,0.0171499997,14.375
15120,75.660460,40.125,0.0171499997,14.375
15121,75.665576,40.125,0.0171499997,14.375
15122,75.670732,40.125,0.0171499997,14.375
15123,75.675621,40.125,0.0171499997,14.375
15124,75.680991,40.125,0.0171499997,14.375
15125,75.685886,40.125,0.0171499997,14.375
15126,75.690795,40.125,0.0171499997,14.375
15127,75.694843,40.125,0.0171499997,14.375
15128,75.700300,40.125,0.0171499997,14.375
15129,75.705206,40.125,0.0171499997,14.375
15130,75.710670,40.125,0.0171499997,14.375
15131,75.715558,40.125,0.0171499997,14.375
15132,75.720478,40.125,0.0171499997,14.375
15133,75.725908,40.125,0.0171499997,14.375
15134,75.730805,40.125,0.0171499997,14.375
15135,75.735726,40.125,0.0171499997,14.375
15136,75.739733,40.125,0.0171499997,14.375
15137,75.745185,40.125,0.0171499997,14.375
15138,75.750119,40.125,0.0171499997,14.375
15139,75.755590,40.125,0.0171499997,14.375
15140,75.760500,40.125,0.0171499997,14.375
15141,75.765616,40.125,0.0171499997,14.375
15142,75.770772,40.125,0.0169899985,14.25
15143,75.775677,40.125,0.0169899985,14.25
15144,75.781052,40.125,0.0169899985,14.25
15145,75.784604,40.125,0.0169899985,14.25
15146,75.790856,40.125,0.0169899985,14.25
15147,75.794907,40.125,0.0169899985,14.25
15148,75.800366,40.125,0.0169899985,14.25
15149,75.805500,40.125,0.0169899985,14.25
15150,75.810674,40.125,0.0169899985,14.25
15151,75.815563,40.125,0.0169899985,14.25
15152,75.820945,40.125,0.0169899985,14.25
15153,75.825850,40.125,0.0169899985,14.25
15154,75.830775,40.125,0.0169899985,14.25
15155,75.834793,40.125,0.0169899985,14.25
15156,75.839702,40.125,0.0169899985,14.25
15157,75.846139,40.125,0.0169899985,14.25
15158,75.850493,40.125,0.0169899985,14.25
15159,75.855385,40.125,0.0169899985,14.25
15160,75.860781,40.125,0.0169899985,14.25
15161,75.865686,40.125,0.0169899985,14.25
15162,75.870577,40.125,0.0169899985,14.25
15163,75.876018,40.125,0.0169899985,14.25
15164,75.880914,40.125,0.0169899985,14.25
15165,75.886024,40.125,0.0169899985,14.25
15166,75.889856,40.125,0.0169899985,14.25
15167,75.894748,40.125,0.0169899985,14.25
15168,75.899869,40.125,0.0169899985,14.25
15169,75.905571,40.125,0.0169899985,14.25
15170,75.910480,40.125,0.0169899985,14.25
15171,75.915918,40.125,0.0169899985,14.25
15172,75.920814,40.125,0.0169899985,14.25
15173,75.925942,40.125,0.0169899985,14.25
15174,75.929789,40.125,0.0169899985,14.25
15175,75.934681,40.125,0.0169899985,14.25
15176,75.939801,40.125,0.0169899985,14.25
15177,75.944954,40.125,0.0169899985,14.25
15178,75.950358,40.125,0.0169899985,14.25
15179,75.955804,40.125,0.0169899985,14.25
15180,75.960700,40.125,0.0169899985,14.25
15181,75.965828,40.125,0.0169899985,14.25
15182,75.969674,40.125,0.0169899985,14.25
15183,75.975907,40.125,0.0169899985,14.25
15184,75.979679,40.125,0.0169899985,14.25
15185,75.984867,40.125,0.0169899985,14.25
15186,75.989776,40.125,0.0169899985,14.25
15187,75.995214,40.125,0.0169899985,14.25
15188,76.000110,40.125,0.0169899985,14.25
15189,76.005231,40.125,0.0169899985,14.25
15190,76.010919,40.125,0.0169899985,14.25
15191,76.015825,40.125,0.0169899985,14.25
15192,76.019848,40.125,0.0169899985,14.25
15193,76.024754,40.125,0.0169899985,14.25
15194,76.029645,40.125,0.0169899985,14.25
15195,76.035086,40.125,0.0169899985,14.25
15196,76.039982,40.125,0.0169899985,14.25
15197,76.045093,40.125,0.0169899985,14.25
15198,76.050272,40.125,0.0169899985,14.25
15199,76.055177,40.125,0.0169899985,14.25
15200,76.060553,40.125,0.0169899985,14.25
15201,76.065968,40.125,0.0169899985,14.25
15202,76.070901,40.125,0.0169899985,14.25
15203,76.074909,40.125,0.0169899985,14.25
15204,76.079818,40.125,0.0169899985,14.25
15205,76.084710,40.125,0.0169899985,14.25
15206,76.096430,40.125,0.0169899985,14.25
15207,76.098659,40.125,0.0169899985,14.25
15208,76.102548,40.125,0.0169899985,14.25
15209,76.107728,40.125,0.0169899985,14.25
15210,76.112616,40.125,0.0169899985,14.25
15211,76.118030,40.125,0.0169899985,14.25
15212,76.122129,40.125,0.0169899985,14.25
15213,76.127025,40.125,0.0169899985,14.25
15214,76.132457,40.125,0.0169899985,14.25
15215,76.137366,40.125,0.0169899985,14.25
15216,76.142490,40.125,0.0169899985,14.25
15217,76.146574,40.125,0.0169899985,14.25
15218,76.151473,40.125,0.0169899985,14.25
15219,76.157975,40.125,0.0169899985,14.25
15220,76.161797,40.125,0.0169899985,14.25
15221,76.166693,40.125,0.0169899985,14.25
15222,76.172131,40.125,0.0169899985,14.25
15223,76.177548,40.125,0.0169899985,14.25
15224,76.182454,40.125,0.0169899985,14.25
15225,76.187850,40.125,0.0169899985,14.25
15226,76.192755,40.125,0.0169899985,14.25
15227,76.197894,40.125,0.0169899985,14.25
15228,76.201733,40.125,0.0169899985,14.25
15229,76.206621,40.125,0.0169899985,14.25
15230,76.211737,40.125,0.0169899985,14.25
15231,76.216926,40.125,0.0169899985,14.25
15232,76.221832,40.125,0.0169899985,14.25
15233,76.227227,40.125,0.0169899985,14.25
15234,76.232671,40.125,0.0169899985,14.25
15235,76.237794,40.125,0.0169899985,14.25
15236,76.241602,40.125,0.0169899985,14.25
15237,76.246508,40.125,0.0169899985,14.25
15238,76.251628,40.125,0.0169899985,14.25
15239,76.256787,40.125,0.0169899985,14.25
15240,76.261692,40.125,0.0169899985,14.25
15241,76.267064,40.125,0.0169899985,14.25
15242,76.271959,40.125,0.0169899985,14.25
15243,76.276867,40.125,0.0169899985,14.25
15244,76.282813,40.125,0.0169899985,14.25
15245,76.287723,40.125,0.0169899985,14.25
15246,76.291514,40.125,0.0169899985,14.25
15247,76.296689,40.125,0.0169899985,14.25
15248,76.301577,40.125,0.0169899985,14.25
15249,76.306960,40.125,0.0169899985,14.25
15250,76.311865,40.125,0.0169899985,14.25
15251,76.316785,40.125,0.0169899985,14.25
15252,76.322194,40.125,0.0169899985,14.25
15253,76.327090,40.125,0.0169899985,14.25
15254,76.332226,40.125,0.0169899985,14.25
15255,76.336555,40.125,0.0169899985,14.25
15256,76.341451,40.125,0.0169899985,14.25
15257,76.346821,40.125,0.0169899985,14.25
15258,76.351727,40.125,0.0169899985,14.25
15259,76.356615,40.125,0.0169899985,14.25
15260,76.362055,40.125,0.0169899985,14.25
15261,76.366951,40.125,0.0169899985,14.25
15262,76.372334,40.125,0.0169899985,14.25
15263,76.377233,40.125,0.0169899985,14.25
15264,76.382137,40.125,0.0169899985,14.25
15265,76.387587,40.125,0.0169899985,14.25
15266,76.391725,40.125,0.0169899985,14.25
15267,76.396637,40.125,0.0169899985,14.25
15268,76.402041,40.125,0.0169899985,14.25
15269,76.406937,40.125,0.0169899985,14.25
15270,76.412072,40.125,0.0169899985,14.25
15271,76.417232,40.125,0.0169899985,14.25
15272,76.422136,40.125,0.0169899985,14.25
15273,76.427587,40.125,0.0169899985,14.25
15274,76.432493,40.125,0.0169899985,14.25
15275,76.437617,40.125,0.0169899985,14.25
15276,76.441456,40.125,0.0169899985,14.25
15277,76.446925,40.125,0.0169899985,14.25
15278,76.452058,40.125,0.0169899985,14.25
15279,76.457218,40.125,0.0169899985,14.25
15280,76.462122,40.125,0.0169899985,14.25
15281,76.467494,40.125,0.0169899985,14.25
15282,76.472390,40.125,0.0169899985,14.25
15283,76.477532,40.125,0.0169899985,14.25
15284,76.482706,40.125,0.0169899985,14.25
15285,76.487597,40.125,0.0169899985,14.25
15286,76.492995,40.125,0.0169899985,14.25
15287,76.497094,40.125,0.0169899985,14.25
15288,76.501987,40.125,0.0169899985,14.25
15289,76.507397,40.125,0.0169899985,14.25
15290,76.512302,40.125,0.0169899985,14.25
15291,76.517442,40.125,0.0169899985,14.25
15292,76.522598,40.125,0.0169899985,14.25
15293,76.527506,40.125,0.0169899985,14.25
15294,76.532885,40.125,0.0169899985,14.25
15295,76.536447,40.125,0.0169899985,14.25
15296,76.542686,40.125,0.0169899985,14.25
15297,76.547024,40.125,0.0169899985,14.25
15298,76.552196,40.25,0.0169899985,14.25
15299,76.557092,40.25,0.0169899985,14.25
15300,76.562183,40.25,0.0169899985,14.25
15301,76.567366,40.25,0.0169899985,14.25
15302,76.572271,40.25,0.0169899985,14.25
15303,76.577643,40.25,0.0169899985,14.25
15304,76.582538,40.25,0.0169899985,14.25
15305,76.587447,40.25,0.0169899985,14.25
15306,76.591491,40.25,0.0169899985,14.25
15307,76.596899,40.25,0.0169899985,14.25
15308,76.601829,40.25,0.0169899985,14.25
15309,76.607229,40.25,0.0169899985,14.25
15310,76.612121,40.25,0.0169899985,14.25
15311,76.617232,40.25,0.0169899985,14.25
15312,76.622412,40.25,0.0169899985,14.25
15313,76.627321,40.25,0.0169899985,14.25
15314,76.632699,40.25,0.0169899985,14.25
15315,76.637592,40.25,0.0169899985,14.25
15316,76.642742,40.25,0.0169899985,14.25
15317,76.646566,40.25,0.0169899985,14.25
15318,76.652035,40.25,0.0169899985,14.25
15319,76.657415,40.25,0.0169899985,14.25
15320,76.662310,40.25,0.0169899985,14.25
15321,76.667218,40.25,0.0169899985,14.25
15322,76.672640,40.25,0.0169899985,14.25
15323,76.677548,40.25,0.0169899985,14.25
15324,76.682641,40.25,0.0169899985,14.25
15325,76.686480,40.25,0.0169899985,14.25
15326,76.692733,40.25,0.0169899985,14.25
15327,76.698102,40.25,0.0169899985,14.25
15328,76.702226,40.25,0.0169899985,14.25
15329,76.707122,40.25,0.0169899985,14.25
15330,76.712576,40.25,0.0169899985,14.25
15331,76.717484,40.25,0.0169899985,14.25
15332,76.722577,40.25,0.0169899985,14.25
15333,76.727763,40.25,0.0169899985,14.25
15334,76.732668,40.25,0.0169899985,14.25
15335,76.738088,40.25,0.0169899985,14.25
15336,76.741640,40.25,0.0169899985,14.25
15337,76.746544,40.25,0.0169899985,14.25
15338,76.752031,40.25,0.0169899985,14.25
15339,76.757455,40.25,0.0169899985,14.25
15340,76.762842,40.25,0.0169899985,14.25
15341,76.767751,40.25,0.0169899985,14.25
15342,76.772639,40.25,0.0169899985,14.25
15343,76.776693,40.25,0.0169899985,14.25
15344,76.781581,40.25,0.0169899985,14.25
15345,76.786716,40.25,0.0169899985,14.25
15346,76.791865,40.25,0.0169899985,14.25
15347,76.796773,40.25,0.0169899985,14.25
15348,76.802145,40.25,0.0169899985,14.25
15349,76.807553,40.25,0.0169899985,14.25
15350,76.812690,40.25,0.0169899985,14.25
15351,76.816497,40.25,0.0169899985,14.25
15352,76.822750,40.25,0.0169899985,14.25
15353,76.826570,40.25,0.0169899985,14.25
15354,76.831726,40.25,0.0169899985,14.25
15355,76.836615,40.25,0.0169899985,14.25
15356,76.842006,40.25,0.0169899985,14.25
15357,76.846905,40.25,0.0169899985,14.25
15358,76.851810,40.25,0.0169899985,14.25
15359,76.857252,40.25,0.0169899985,14.25
15360,76.862687,40.25,0.0169899985,14.25
15361,76.868055,40.25,0.0169899985,14.25
15362,76.871606,40.25,0.0169899985,14.25
15363,76.876512,40.25,0.0169899985,14.25
15364,76.882023,40.25,0.0169899985,14.25
15365,76.886918,40.25,0.0169899985,14.25
15366,76.892003,40.25,0.0169899985,14.25
15367,76.897188,40.25,0.0169899985,14.25
15368,76.902093,40.25,0.0169899985,14.25
15369,76.907465,40.25,0.0169899985,14.25
15370,76.911572,40.25,0.0169899985,14.25
15371,76.916478,40.25,0.0169899985,14.25
15372,76.921933,40.25,0.0169899985,14.25
15373,76.926829,40.25,0.0169899985,14.25
15374,76.931944,40.25,0.0169899985,14.25
15375,76.937099,40.25,0.0169899985,14.25
15376,76.942004,40.25,0.0169899985,14.25
15377,76.947104,40.25,0.0169899985,14.25
15378,76.952283,40.25,0.0169899985,14.25
15379,76.957191,40.25,0.0169899985,14.25
15380,76.962875,40.25,0.0169899985,14.25
15381,76.966699,40.25,0.0169899985,14.25
15382,76.971587,40.25,0.0169899985,14.25
15383,76.976504,40.25,0.0169899985,14.25
15384,76.981937,40.25,0.0169899985,14.25
15385,76.986833,40.25,0.0169899985,14.25
15386,76.991951,40.25,0.0169899985,14.25
15387,76.997103,40.25,0.0169899985,14.25
15388,77.002008,40.25,0.0169899985,14.25
15389,77.007380,40.25,0.0169899985,14.25
15390,77.012274,40.25,0.0169899985,14.25
15391,77.017974,40.25,0.0169899985,14.25
15392,77.021795,40.25,0.0169899985,14.25
15393,77.026691,40.25,0.0169899985,14.25
15394,77.032052,40.25,0.0169899985,14.25
15395,77.036950,40.25,0.0169899985,14.25
15396,77.041856,40.25,0.0169899985,14.25
15397,77.047299,40.25,0.0169899985,14.25
15398,77.052192,40.25,0.0154199991,14
15399,77.057328,40.25,0.0154199991,14
15400,77.062507,40.25,0.0154199991,14
15401,77.067416,40.25,0.0154199991,14
15402,77.071797,40.25,0.0154199991,14
15403,77.076949,40.25,0.0154199991,14
15404,77.081855,40.25,0.0154199991,14
15405,77.087227,40.25,0.0154199991,14
15406,77.097082,40.25,0.0154199991,14
15407,77.099509,40.25,0.0154199991,14
15408,77.103402,40.25,0.0154199991,14
15409,77.108299,40.25,0.0154199991,14
15410,77.113435,40.25,0.0154199991,14
15411,77.117259,40.25,0.0154199991,14
15412,77.122152,40.25,0.0154199991,14
15413,77.128113,40.25,0.0154199991,14
15414,77.133009,40.25,0.0154199991,14
15415,77.137918,40.25,0.0154199991,14
15416,77.143333,40.25,0.0154199991,14
15417,77.148228,40.25,0.0154199991,14
15418,77.153339,40.25,0.0154199991,14
15419,77.157195,40.25,0.0154199991,14
15420,77.162087,40.25,0.0154199991,14
15421,77.167185,40.25,0.0154199991,14
15422,77.172593,40.25,0.0154199991,14
15423,77.177502,40.25,0.0154199991,14
15424,77.183191,40.25,0.0154199991,14
15425,77.188349,40.25,0.0154199991,14
15426,77.193254,40.25,0.0154199991,14
15427,77.198602,40.25,0.0154199991,14
15428,77.202170,40.25,0.0154199991,14
15429,77.208406,40.25,0.0154199991,14
15430,77.212450,40.25,0.0154199991,14
15431,77.217349,40.25,0.0154199991,14
15432,77.222278,40.25,0.0154199991,14
15433,77.227709,40.25,0.0154199991,14
15434,77.232598,40.25,0.0154199991,14
15435,77.238538,40.25,0.0154199991,14
15436,77.242106,40.25,0.0154199991,14
15437,77.248342,40.25,0.0154199991,14
15438,77.252386,40.25,0.0154199991,14
15439,77.257284,40.25,0.0154199991,14
15440,77.262213,40.25,0.0154199991,14
15441,77.267631,40.25,0.0154199991,14
15442,77.272536,40.25,0.0154199991,14
15443,77.277679,40.25,0.0154199991,14
15444,77.282834,40.25,0.0154199991,14
15445,77.287743,40.25,0.0154199991,14
15446,77.293112,40.25,0.0154199991,14
15447,77.297239,40.25,0.0154199991,14
15448,77.302131,40.25,0.0154199991,14
15449,77.307564,40.25,0.0154199991,14
15450,77.312470,40.25,0.0154199991,14
15451,77.317587,40.25,0.0154199991,14
15452,77.322742,40.25,0.0154199991,14
15453,77.327634,40.25,0.0154199991,14
15454,77.333068,40.25,0.0154199991,14
15455,77.337963,40.25,0.0154199991,14
15456,77.343084,40.25,0.0154199991,14
15457,77.347414,40.25,0.0154199991,14
15458,77.352306,40.25,0.0154199991,14
15459,77.357398,40.25,0.0154199991,14
15460,77.362578,40.25,0.0154199991,14
15461,77.367486,40.25,0.0154199991,14
15462,77.372840,40.25,0.0154199991,14
15463,77.377749,40.25,0.0154199991,14
15464,77.382637,40.25,0.0154199991,14
15465,77.388056,40.25,0.0154199991,14
15466,77.392948,40.25,0.0154199991,14
15467,77.398083,40.25,0.0154199991,14
15468,77.403239,40.25,0.0154199991,14
15469,77.407378,40.25,0.0154199991,14
15470,77.412751,40.25,0.0154199991,14
15471,77.417644,40.25,0.0154199991,14
15472,77.422548,40.25,0.0154199991,14
15473,77.427992,40.25,0.0154199991,14
15474,77.432884,40.25,0.0154199991,14
15475,77.438022,40.25,0.0154199991,14
15476,77.443175,40.25,0.0154199991,14
15477,77.448084,40.25,0.0154199991,14
15478,77.453456,40.25,0.0154199991,14
15479,77.457570,40.25,0.0154199991,14
15480,77.462475,40.25,0.0154199991,14
15481,77.467927,40.25,0.0154199991,14
15482,77.472819,40.25,0.0154199991,14
15483,77.477963,40.25,0.0154199991,14
15484,77.483111,40.25,0.0154199991,14
15485,77.488020,40.25,0.0154199991,14
15486,77.493392,40.25,0.0154199991,14
15487,77.498289,40.25,0.0154199991,14
15488,77.503408,40.25,0.0154199991,14
15489,77.507260,40.25,0.0154199991,14
15490,77.512712,40.25,0.0154199991,14
15491,77.518114,40.25,0.0154199991,14
15492,77.523010,40.25,0.0154199991,14
15493,77.527919,40.25,0.0154199991,14
15494,77.533358,40.25,0.0154199991,14
15495,77.538252,40.25,0.0154199991,14
15496,77.543637,40.25,0.0154199991,14
15497,77.547208,40.25,0.0154199991,14
15498,77.552100,40.25,0.0154199991,14
15499,77.557539,40.25,0.0154199991,14
15500,77.563001,40.25,0.0154199991,14
15501,77.568384,40.25,0.0154199991,14
15502,77.573279,40.25,0.0154199991,14
15503,77.578421,40.25,0.0154199991,14
15504,77.582250,40.25,0.0154199991,14
15505,77.587146,40.25,0.0154199991,14
15506,77.592234,40.25,0.0154199991,14
15507,77.597418,40.25,0.0154199991,14
15508,77.602323,40.25,0.0154199991,14
15509,77.607701,40.25,0.0154199991,14
15510,77.613173,40.25,0.0154199991,14
15511,77.618283,40.25,0.0154199991,14
15512,77.622135,40.25,0.0154199991,14
15513,77.628371,40.25,0.0154199991,14
15514,77.632143,40.25,0.0154199991,14
15515,77.637328,40.25,0.0154199991,14
15516,77.642233,40.25,0.0154199991,14
15517,77.647605,40.25,0.0154199991,14
15518,77.652501,40.25,0.0154199991,14
15519,77.657434,40.25,0.0154199991,14
15520,77.662875,40.25,0.0154199991,14
15521,77.668326,40.25,0.0154199991,14
15522,77.673456,40.25,0.0154199991,14
15523,77.677288,40.25,0.0154199991,14
15524,77.682181,40.25,0.0154199991,14
15525,77.687344,40.25,0.0154199991,14
15526,77.692499,40.25,0.0154199991,14
15527,77.697408,40.25,0.0154199991,14
15528,77.702851,40.25,0.0154199991,14
15529,77.707746,40.25,0.0154199991,14
15530,77.712862,40.25,0.0154199991,14
15531,77.718025,40.25,0.0154199991,14
15532,77.723477,40.25,0.0154199991,14
15533,77.727527,40.25,0.0154199991,14
15534,77.732423,40.25,0.0154199991,14
15535,77.737540,40.25,0.0154199991,14
15536,77.742720,40.25,0.0154199991,14
15537,77.747612,40.25,0.0154199991,14
15538,77.752979,40.25,0.0154199991,14
15539,77.757877,40.25,0.0154199991,14
15540,77.762807,40.25,0.0154199991,14
15541,77.768245,40.25,0.0154199991,14
15542,77.773138,40.25,0.0154199991,14
15543,77.777270,40.25,0.0154199991,14
15544,77.782733,40.25,0.0154199991,14
15545,77.787624,40.25,0.0154199991,14
15546,77.792745,40.25,0.0154199991,14
15547,77.797897,40.25,0.0154199991,14
15548,77.802803,40.25,0.0154199991,14
15549,77.808175,40.25,0.0154199991,14
15550,77.813068,40.25,0.0154199991,14
15551,77.818186,40.25,0.0154199991,14
15552,77.823342,40.25,0.0154199991,14
15553,77.828753,40.125,0.0154199991,14
15554,77.832804,40.125,0.0154199991,14
15555,77.837712,40.125,0.0154199991,14
15556,77.842626,40.125,0.0154199991,14
15557,77.848171,40.125,0.0154199991,14
15558,77.853064,40.125,0.0154199991,14
15559,77.857997,40.125,0.0154199991,14
15560,77.863389,40.125,0.0154199991,14
15561,77.868297,40.125,0.0154199991,14
15562,77.873387,40.125,0.0154199991,14
15563,77.877242,40.125,0.0154199991,14
15564,77.882704,40.125,0.0154199991,14
15565,77.888122,40.125,0.0154199991,14
15566,77.893015,40.125,0.0154199991,14
15567,77.897948,40.125,0.0154199991,14
15568,77.903341,40.125,0.0154199991,14
15569,77.908236,40.125,0.0154199991,14
15570,77.913348,40.125,0.0154199991,14
15571,77.917203,40.125,0.0154199991,14
15572,77.922096,40.125,0.0154199991,14
15573,77.927482,40.125,0.0154199991,14
15574,77.932933,40.125,0.0154199991,14
15575,77.938070,40.125,0.0154199991,14
15576,77.943225,40.125,0.0154199991,14
15577,77.948133,40.125,0.0154199991,14
15578,77.953505,40.125,0.0154199991,14
15579,77.958404,40.125,0.0154199991,14
15580,77.963309,40.125,0.0154199991,14
15581,77.967354,40.125,0.0154199991,14
15582,77.972248,40.125,0.0154199991,14
15583,77.977157,40.125,0.0154199991,14
15584,77.983110,40.125,0.0154199991,14
15585,77.988009,40.125,0.0154199991,14
15586,77.993391,40.125,0.0154199991,14
15587,77.998289,40.125,0.0154199991,14
15588,78.003194,40.125,0.0154199991,14
15589,78.007240,40.125,0.0154199991,14
15590,78.012132,40.125,0.0154199991,14
15591,78.018641,40.125,0.0154199991,14
15592,78.022453,40.125,0.0154199991,14
15593,78.027362,40.125,0.0154199991,14
15594,78.032480,40.125,0.0154199991,14
15595,78.038208,40.125,0.0154199991,14
15596,78.043101,40.125,0.0154199991,14
15597,78.048491,40.125,0.0154199991,14
15598,78.053386,40.125,0.0154199991,14
15599,78.058319,40.125,0.0154199991,14
15600,78.062364,40.125,0.0154199991,14
15601,78.067263,40.125,0.0154199991,14
15602,78.072193,40.125,0.0154199991,14
15603,78.077609,40.125,0.0154199991,14
15604,78.082515,40.125,0.0154199991,14
15605,78.087686,40.125,0.0154199991,14
15606,78.098339,40.125,0.0154199991,14
15607,78.100763,40.125,0.0154199991,14
15608,78.104641,40.125,0.0154199991,14
15609,78.109539,40.125,0.0154199991,14
15610,78.114707,40.125,0.0154199991,14
15611,78.118540,40.125,0.0154199991,14
15612,78.123446,40.125,0.0154199991,14
15613,78.128570,40.125,0.0154199991,14
15614,78.133722,40.125,0.0154199991,14
15615,78.138614,40.125,0.0154199991,14
15616,78.144005,40.125,0.0154199991,14
15617,78.149456,40.125,0.0154199991,14
15618,78.154386,40.125,0.0154199991,14
15619,78.158425,40.125,0.0154199991,14
15620,78.163321,40.125,0.0154199991,14
15621,78.169784,40.125,0.0154199991,14
15622,78.173589,40.125,0.0154199991,14
15623,78.178499,40.125,0.0154199991,14
15624,78.183615,40.125,0.0154199991,14
15625,78.189063,40.125,0.0154199991,14
15626,78.193956,40.125,0.0154199991,14
15627,78.199079,40.125,0.0154199991,14
15628,78.203409,40.125,0.0154199991,14
15629,78.208303,40.125,0.0154199991,14
15630,78.213393,40.125,0.0154199991,14
15631,78.218575,40.125,0.0154199991,14
15632,78.223481,40.125,0.0154199991,14
15633,78.228860,40.125,0.0154199991,14
15634,78.233766,40.125,0.0154199991,14
15635,78.238894,40.125,0.0154199991,14
15636,78.244046,40.125,0.0154199991,14
15637,78.248953,40.125,0.0154199991,14
15638,78.254350,40.125,0.0154199991,14
15639,78.258433,40.125,0.0154199991,14
15640,78.263339,40.125,0.0154199991,14
15641,78.268795,40.125,0.0154199991,14
15642,78.273687,40.125,0.0154199991,14
15643,78.278783,40.125,0.0154199991,14
15644,78.283956,40.125,0.0154199991,14
15645,78.288865,40.125,0.0154199991,14
15646,78.294237,40.125,0.0154199991,14
15647,78.299133,40.125,0.0154199991,14
15648,78.304039,40.125,0.0154199991,14
15649,78.310004,40.125,0.0154199991,14
15650,78.313556,40.125,0.0154199991,14
15651,78.318690,40.125,0.0154199991,14
15652,78.323845,40.125,0.0154199991,14
15653,78.328754,40.125,0.0154199991,14
15654,78.334123,40.125,0.0165099986,13.875
15655,78.339019,40.125,0.0165099986,13.875
15656,78.343924,40.125,0.0165099986,13.875
15657,78.349354,40.125,0.0165099986,13.875
15658,78.354260,40.125,0.0165099986,13.875
15659,78.358595,40.125,0.0165099986,13.875
15660,78.363781,40.125,0.0165099986,13.875
15661,78.368689,40.125,0.0165099986,13.875
15662,78.373793,40.125,0.0165099986,13.875
15663,78.378945,40.125,0.0165099986,13.875
15664,78.383851,40.125,0.0165099986,13.875
15665,78.389223,40.125,0.0165099986,13.875
15666,78.394116,40.125,0.0165099986,13.875
15667,78.399024,40.125,0.0165099986,13.875
15668,78.404451,40.125,0.0165099986,13.875
15669,78.409359,40.125,0.0165099986,13.875
15670,78.414728,40.125,0.0165099986,13.875
15671,78.418870,40.125,0.0165099986,13.875
15672,78.423762,40.125,0.0165099986,13.875
15673,78.429214,40.125,0.0165099986,13.875
15674,78.434107,40.125,0.0165099986,13.875
15675,78.439245,40.125,0.0165099986,13.875
15676,78.444401,40.125,0.0165099986,13.875
15677,78.449309,40.125,0.0165099986,13.875
15678,78.454663,40.125,0.0165099986,13.875
15679,78.459555,40.125,0.0165099986,13.875
15680,78.464460,40.125,0.0165099986,13.875
15681,78.468505,40.125,0.0165099986,13.875
15682,78.473971,40.125,0.0165099986,13.875
15683,78.478867,40.125,0.0165099986,13.875
15684,78.484289,40.125,0.0165099986,13.875
15685,78.489185,40.125,0.0165099986,13.875
15686,78.494567,40.125,0.0165099986,13.875
15687,78.499466,40.125,0.0165099986,13.875
15688,78.504372,40.125,0.0165099986,13.875
15689,78.508415,40.125,0.0165099986,13.875
15690,78.513310,40.125,0.0165099986,13.875
15691,78.519750,40.125,0.0165099986,13.875
15692,78.524097,40.125,0.0165099986,13.875
15693,78.528994,40.125,0.0165099986,13.875
15694,78.534105,40.125,0.0165099986,13.875
15695,78.539265,40.125,0.0165099986,13.875
15696,78.544170,40.125,0.0165099986,13.875
15697,78.549595,40.125,0.0165099986,13.875
15698,78.554501,40.125,0.0165099986,13.875
15699,78.559883,40.125,0.0165099986,13.875
15700,78.563444,40.125,0.0165099986,13.875
15701,78.568340,40.125,0.0165099986,13.875
15702,78.573794,40.125,0.0165099986,13.875
15703,78.579196,40.125,0.0165099986,13.875
15704,78.584548,40.125,0.0165099986,13.875
15705,78.589447,40.125,0.0165099986,13.875
15706,78.594378,40.125,0.0165099986,13.875
15707,78.598421,40.125,0.0165099986,13.875
15708,78.603316,40.125,0.0165099986,13.875
15709,78.609761,40.125,0.0165099986,13.875
15710,78.613610,40.125,0.0165099986,13.875
15711,78.618520,40.125,0.0165099986,13.875
15712,78.623618,40.125,0.0165099986,13.875
15713,78.628798,40.125,0.0165099986,13.875
15714,78.634196,40.125,0.0165099986,13.875
15715,78.639624,40.125,0.0165099986,13.875
15716,78.644529,40.125,0.0165099986,13.875
15717,78.649450,40.125,0.0165099986,13.875
15718,78.653496,40.125,0.0165099986,13.875
15719,78.658394,40.125,0.0165099986,13.875
15720,78.663299,40.125,0.0165099986,13.875
15721,78.668755,40.125,0.0165099986,13.875
15722,78.673643,40.125,0.0165099986,13.875
15723,78.679008,40.125,0.0165099986,13.875
15724,78.683904,40.125,0.0165099986,13.875
15725,78.688828,40.125,0.0165099986,13.875
15726,78.694715,40.125,0.0165099986,13.875
15727,78.699607,40.125,0.0165099986,13.875
15728,78.704512,40.125,0.0165099986,13.875
15729,78.708570,40.125,0.0165099986,13.875
15730,78.713466,40.125,0.0165099986,13.875
15731,78.718400,40.125,0.0165099986,13.875
15732,78.723829,40.125,0.0165099986,13.875
15733,78.728725,40.125,0.0165099986,13.875
15734,78.733861,40.125,0.0165099986,13.875
15735,78.739019,40.125,0.0165099986,13.875
15736,78.743924,40.125,0.0165099986,13.875
15737,78.749600,40.125,0.0165099986,13.875
15738,78.753411,40.125,0.0165099986,13.875
15739,78.758320,40.125,0.0165099986,13.875
15740,78.763441,40.125,0.0165099986,13.875
15741,78.768596,40.125,0.0165099986,13.875
15742,78.773501,40.125,0.0165099986,13.875
15743,78.778905,40.125,0.0165099986,13.875
15744,78.783811,40.125,0.0165099986,13.875
15745,78.788706,40.125,0.0165099986,13.875
15746,78.794142,40.125,0.0165099986,13.875
15747,78.799039,40.125,0.0165099986,13.875
15748,78.803398,40.125,0.0165099986,13.875
15749,78.808556,40.125,0.0165099986,13.875
15750,78.813462,40.125,0.0165099986,13.875
15751,78.818904,40.125,0.0165099986,13.875
15752,78.823796,40.125,0.0165099986,13.875
15753,78.828928,40.125,0.0165099986,13.875
15754,78.834101,40.125,0.0165099986,13.875
15755,78.839010,40.125,0.0165099986,13.875
15756,78.844382,40.125,0.0165099986,13.875
15757,78.849280,40.125,0.0165099986,13.875
15758,78.853393,40.125,0.0165099986,13.875
15759,78.858851,40.125,0.0165099986,13.875
15760,78.863743,40.125,0.0165099986,13.875
15761,78.868836,40.125,0.0165099986,13.875
15762,78.874012,40.125,0.0165099986,13.875
15763,78.878921,40.125,0.0165099986,13.875
15764,78.884293,40.125,0.0165099986,13.875
15765,78.889192,40.125,0.0165099986,13.875
15766,78.894121,40.125,0.0165099986,13.875
15767,78.899542,40.125,0.0165099986,13.875
15768,78.904448,40.125,0.0165099986,13.875
15769,78.908568,40.125,0.0165099986,13.875
15770,78.914025,40.125,0.0165099986,13.875
15771,78.918921,40.125,0.0165099986,13.875
15772,78.924041,40.125,0.0165099986,13.875
15773,78.929216,40.125,0.0165099986,13.875
15774,78.934120,40.125,0.0165099986,13.875
15775,78.939492,40.125,0.0165099986,13.875
15776,78.944388,40.125,0.0165099986,13.875
15777,78.949296,40.125,0.0165099986,13.875
15778,78.953340,40.125,0.0165099986,13.875
15779,78.958858,40.125,0.0165099986,13.875
15780,78.963750,40.125,0.0165099986,13.875
15781,78.969200,40.125,0.0165099986,13.875
15782,78.974092,40.125,0.0165099986,13.875
15783,78.979231,40.125,0.0165099986,13.875
15784,78.984386,40.125,0.0165099986,13.875
15785,78.989294,40.125,0.0165099986,13.875
15786,78.994642,40.125,0.0165099986,13.875
15787,78.999540,40.125,0.0165099986,13.875
15788,79.004446,40.125,0.0165099986,13.875
15789,79.008564,40.125,0.0165099986,13.875
15790,79.014006,40.125,0.0165099986,13.875
15791,79.018938,40.125,0.0165099986,13.875
15792,79.024349,40.125,0.0165099986,13.875
15793,79.029244,40.125,0.0165099986,13.875
15794,79.034380,40.125,0.0165099986,13.875
15795,79.039540,40.125,0.0165099986,13.875
15796,79.044445,40.125,0.0165099986,13.875
15797,79.049823,40.125,0.0165099986,13.875
15798,79.053385,40.125,0.0165099986,13.875
15799,79.059620,40.125,0.0165099986,13.875
15800,79.063963,40.125,0.0165099986,13.875
15801,79.069134,40.125,0.0165099986,13.875
15802,79.074027,40.125,0.0165099986,13.875
15803,79.079121,40.125,0.0165099986,13.875
15804,79.084326,40.125,0.0165099986,13.875
15805,79.089234,40.125,0.0165099986,13.875
15806,79.099251,40.125,0.0165099986,13.875
15807,79.101569,40.125,0.0165099986,13.875
15808,79.105421,40.125,0.0165099986,13.875
15809,79.110319,40.125,0.0165099986,13.875
15810,79.114403,40.125,0.0165099986,13.875
15811,79.119861,40.125,0.0165099986,13.875
15812,79.124753,40.125,0.0165099986,13.875
15813,79.129845,40.125,0.0165099986,13.875
15814,79.135022,40.125,0.0165099986,13.875
15815,79.139930,40.125,0.0165099986,13.875
15816,79.145347,40.125,0.0165099986,13.875
15817,79.150242,40.125,0.0165099986,13.875
15818,79.155337,40.125,0.0165099986,13.875
15819,79.159193,40.125,0.0165099986,13.875
15820,79.165425,40.125,0.0165099986,13.875
15821,79.170807,40.125,0.0165099986,13.875
15822,79.174924,40.125,0.0165099986,13.875
15823,79.179820,40.125,0.0165099986,13.875
15824,79.185244,40.125,0.0165099986,13.875
15825,79.190139,40.125,0.0165099986,13.875
15826,79.195523,40.125,0.0165099986,13.875
15827,79.200421,40.125,0.0165099986,13.875
15828,79.205326,40.125,0.0165099986,13.875
15829,79.209395,40.125,0.0165099986,13.875
15830,79.214496,40.125,0.0165099986,13.875
15831,79.219405,40.125,0.0165099986,13.875
15832,79.224791,40.125,0.0165099986,13.875
15833,79.230252,40.125,0.0165099986,13.875
15834,79.235145,40.125,0.0165099986,13.875
15835,79.239223,40.125,0.0165099986,13.875
15836,79.245456,40.125,0.0165099986,13.875
15837,79.250550,40.125,0.0165099986,13.875
15838,79.254390,40.125,0.0165099986,13.875
15839,79.259298,40.125,0.0165099986,13.875
15840,79.264394,40.125,0.0165099986,13.875
15841,79.269571,40.125,0.0165099986,13.875
15842,79.274477,40.125,0.0165099986,13.875
15843,79.279880,40.125,0.0165099986,13.875
15844,79.285299,40.125,0.0165099986,13.875
15845,79.290413,40.125,0.0165099986,13.875
15846,79.294264,40.125,0.0165099986,13.875
15847,79.300501,40.125,0.0165099986,13.875
15848,79.304249,40.125,0.0165099986,13.875
15849,79.309432,40.125,0.0165099986,13.875
15850,79.314338,40.125,0.0165099986,13.875
15851,79.319716,40.125,0.0165099986,13.875
15852,79.324605,40.125,0.0165099986,13.875
15853,79.329513,40.125,0.0165099986,13.875
15854,79.335452,40.125,0.0165099986,13.875
15855,79.340350,40.125,0.0165099986,13.875
15856,79.345461,40.125,0.0165099986,13.875
15857,79.349314,40.125,0.0165099986,13.875
15858,79.354206,40.125,0.0165099986,13.875
15859,79.359323,40.125,0.0165099986,13.875
15860,79.364478,40.125,0.0165099986,13.875
15861,79.369387,40.125,0.0165099986,13.875
15862,79.374766,40.125,0.0165099986,13.875
15863,79.379674,40.125,0.0165099986,13.875
15864,79.384563,40.125,0.0165099986,13.875
15865,79.390501,40.125,0.0165099986,13.875
15866,79.395394,40.125,0.0165099986,13.875
15867,79.400764,40.125,0.0165099986,13.875
15868,79.404326,40.125,0.0165099986,13.875
15869,79.409221,40.125,0.0165099986,13.875
15870,79.414672,40.125,0.0165099986,13.875
15871,79.419564,40.125,0.0165099986,13.875
15872,79.424685,40.125,0.0165099986,13.875
15873,79.429840,40.125,0.0165099986,13.875
15874,79.434746,40.125,0.0165099986,13.875
15875,79.440142,40.125,0.0165099986,13.875
15876,79.444291,40.125,0.0165099986,13.875
15877,79.449188,40.125,0.0165099986,13.875
15878,79.454617,40.125,0.0165099986,13.875
15879,79.459525,40.125,0.0165099986,13.875
15880,79.464946,40.125,0.0165099986,13.875
15881,79.469855,40.125,0.0165099986,13.875
15882,79.474748,40.125,0.0165099986,13.875
15883,79.480185,40.125,0.0165099986,13.875
15884,79.485077,40.125,0.0165099986,13.875
15885,79.490491,40.125,0.0165099986,13.875
15886,79.494577,40.125,0.0165099986,13.875
15887,79.499476,40.125,0.0165099986,13.875
15888,79.504382,40.125,0.0165099986,13.875
15889,79.509836,40.125,0.0165099986,13.875
15890,79.514729,40.125,0.0165099986,13.875
15891,79.519849,40.125,0.0165099986,13.875
15892,79.524998,40.125,0.0165099986,13.875
15893,79.529907,40.125,0.0165099986,13.875
15894,79.535323,40.125,0.0165099986,13.875
15895,79.540218,40.125,0.0165099986,13.875
15896,79.544289,40.125,0.0165099986,13.875
15897,79.549747,40.125,0.0165099986,13.875
15898,79.554635,40.125,0.0165099986,13.875
15899,79.559735,40.125,0.0165099986,13.875
15900,79.564909,40.125,0.0165099986,13.875
15901,79.569818,40.125,0.0165099986,13.875
15902,79.575189,40.125,0.0165099986,13.875
15903,79.580087,40.125,0.0165099986,13.875
15904,79.585200,40.125,0.0165099986,13.875
15905,79.590356,40.125,0.0165099986,13.875
15906,79.595262,40.125,0.0165099986,13.875
15907,79.600668,40.125,0.0165099986,13.875
15908,79.604761,40.125,0.0165099986,13.875
15909,79.609656,40.125,0.0165099986,13.875
15910,79.615081,40.125,0.0163499992,13.75
15911,79.619976,40.125,0.0163499992,13.75
15912,79.625111,40.125,0.0163499992,13.75
15913,79.630267,40.125,0.0163499992,13.75
15914,79.635172,40.125,0.0163499992,13.75
15915,79.640548,40.125,0.0163499992,13.75
15916,79.645443,40.125,0.0163499992,13.75
15917,79.650352,40.125,0.0163499992,13.75
15918,79.654396,40.125,0.0163499992,13.75
15919,79.659861,40.125,0.0163499992,13.75
15920,79.664988,40.125,0.0163499992,13.75
15921,79.670153,40.125,0.0163499992,13.75
15922,79.675058,40.125,0.0163499992,13.75
15923,79.680434,40.125,0.0163499992,13.75
15924,79.685329,40.125,0.0163499992,13.75
15925,79.690238,40.125,0.0163499992,13.75
15926,79.694282,40.125,0.0163499992,13.75
15927,79.699179,40.125,0.0163499992,13.75
15928,79.705634,40.125,0.0163499992,13.75
15929,79.709969,40.125,0.0163499992,13.75
15930,79.714875,40.125,0.0163499992,13.75
15931,79.720269,40.125,0.0163499992,13.75
15932,79.725165,40.125,0.0163499992,13.75
15933,79.730074,40.125,0.0163499992,13.75
15934,79.735569,40.125,0.0163499992,13.75
15935,79.740478,40.125,0.0163499992,13.75
15936,79.745395,40.125,0.0163499992,13.75
15937,79.749431,40.125,0.0163499992,13.75
15938,79.754327,40.125,0.0163499992,13.75
15939,79.759235,40.125,0.0163499992,13.75
15940,79.765188,40.125,0.0163499992,13.75
15941,79.770086,40.125,0.0163499992,13.75
15942,79.775469,40.125,0.0163499992,13.75
15943,79.780367,40.125,0.0163499992,13.75
15944,79.785272,40.125,0.0163499992,13.75
15945,79.789317,40.125,0.0163499992,13.75
15946,79.794213,40.125,0.0163499992,13.75
15947,79.800673,40.125,0.0163499992,13.75
15948,79.804484,40.125,0.0163499992,13.75
15949,79.809393,40.125,0.0163499992,13.75
15950,79.814483,40.125,0.0163499992,13.75
15951,79.819684,40.125,0.0163499992,13.75
15952,79.825067,40.125,0.0163499992,13.75
15953,79.830196,40.125,0.0163499992,13.75
15954,79.835351,40.125,0.0163499992,13.75
15955,79.840260,40.125,0.0163499992,13.75
15956,79.845607,40.125,0.0163499992,13.75
15957,79.849178,40.125,0.0163499992,13.75
15958,79.855644,40.125,0.0163499992,13.75
15959,79.859455,40.125,0.0163499992,13.75
15960,79.864361,40.125,0.0163499992,13.75
15961,79.869482,40.125,0.0163499992,13.75
15962,79.875162,40.125,0.0163499992,13.75
15963,79.880058,40.125,0.0163499992,13.75
15964,79.885496,40.125,0.0163499992,13.75
15965,79.890406,40.125,0.0163499992,13.75
15966,79.895530,40.125,0.0163499992,13.75
15967,79.899358,40.125,0.0163499992,13.75
15968,79.904250,40.125,0.0163499992,13.75
15969,79.909615,40.125,0.0163499992,13.75
15970,79.914510,40.125,0.0163499992,13.75
15971,79.919419,40.125,0.0163499992,13.75
15972,79.924884,40.125,0.0163499992,13.75
15973,79.930332,40.125,0.0163499992,13.75
15974,79.935466,40.125,0.0163499992,13.75
15975,79.939294,40.125,0.0163499992,13.75
15976,79.944187,40.125,0.0163499992,13.75
15977,79.949303,40.125,0.0163499992,13.75
15978,79.954459,40.125,0.0163499992,13.75
15979,79.959367,40.125,0.0163499992,13.75
15980,79.964721,40.125,0.0163499992,13.75
15981,79.969613,40.125,0.0163499992,13.75
15982,79.974518,40.125,0.0163499992,13.75
15983,79.980457,40.125,0.0163499992,13.75
15984,79.985352,40.125,0.0163499992,13.75
15985,79.990466,40.125,0.0163499992,13.75
15986,79.994321,40.125,0.0163499992,13.75
15987,79.999217,40.125,0.0163499992,13.75
15988,80.004600,40.125,0.0163499992,13.75
15989,80.009499,40.125,0.0163499992,13.75
15990,80.014404,40.125,0.0163499992,13.75
15991,80.019844,40.125,0.0163499992,13.75
15992,80.024737,40.125,0.0163499992,13.75
15993,80.030147,40.125,0.0163499992,13.75
15994,80.034247,40.125,0.0163499992,13.75
15995,80.040508,40.125,0.0163499992,13.75
15996,80.044547,40.125,0.0163499992,13.75
15997,80.049446,40.125,0.0163499992,13.75
15998,80.054549,40.125,0.0163499992,13.75
15999,80.059728,40.125,0.0163499992,13.75
16000,80.064617,40.125,0.0163499992,13.75
16001,80.069987,40.125,0.0163499992,13.75
16002,80.074883,40.125,0.0163499992,13.75
16003,80.079792,40.125,0.0163499992,13.75
16004,80.085708,40.125,0.0163499992,13.75
16005,80.089273,40.125,0.0163499992,13.75
16006,80.099305,40.125,0.0163499992,13.75
16007,80.101619,40.125,0.0163499992,13.75
16008,80.105470,40.125,0.0163499992,13.75
16009,80.110369,40.125,0.0163499992,13.75
16010,80.115274,40.125,0.0163499992,13.75
16011,80.119339,40.125,0.0163499992,13.75
16012,80.124234,40.125,0.0163499992,13.75
16013,80.130699,40.125,0.0163499992,13.75
16014,80.135021,40.125,0.0163499992,13.75
16015,80.139919,40.125,0.0163499992,13.75
16016,80.145030,40.125,0.0163499992,13.75
16017,80.150185,40.125,0.0163499992,13.75
16018,80.155090,40.125,0.0163499992,13.75
16019,80.160465,40.125,0.0163499992,13.75
16020,80.165361,40.125,0.0163499992,13.75
16021,80.170294,40.125,0.0163499992,13.75
16022,80.174338,40.125,0.0163499992,13.75
16023,80.179237,40.125,0.0163499992,13.75
16024,80.185698,40.125,0.0163499992,13.75
16025,80.190020,40.125,0.0163499992,13.75
16026,80.194915,40.125,0.0163499992,13.75
16027,80.200301,40.125,0.0163499992,13.75
16028,80.205197,40.125,0.0163499992,13.75
16029,80.210105,40.125,0.0163499992,13.75
16030,80.215526,40.125,0.0163499992,13.75
16031,80.220435,40.125,0.0163499992,13.75
16032,80.225550,40.125,0.0163499992,13.75
16033,80.229636,40.125,0.0163499992,13.75
16034,80.234531,40.125,0.0163499992,13.75
16035,80.239440,40.125,0.0163499992,13.75
16036,80.245395,40.125,0.0163499992,13.75
16037,80.250289,40.125,0.0163499992,13.75
16038,80.255404,40.125,0.0163499992,13.75
16039,80.259232,40.125,0.0163499992,13.75
16040,80.265465,40.125,0.0163499992,13.75
16041,80.270847,40.125,0.0163499992,13.75
16042,80.274408,40.125,0.0163499992,13.75
16043,80.279304,40.125,0.0163499992,13.75
16044,80.284758,40.125,0.0163499992,13.75
16045,80.289653,40.125,0.0163499992,13.75
16046,80.294771,40.125,0.0163499992,13.75
16047,80.300473,40.125,0.0163499992,13.75
16048,80.305379,40.125,0.0163499992,13.75
16049,80.310757,40.125,0.0163499992,13.75
16050,80.314319,40.125,0.0163499992,13.75
16051,80.320555,40.125,0.0163499992,13.75
16052,80.324599,40.125,0.0163499992,13.75
16053,80.329498,40.125,0.0163499992,13.75
16054,80.334632,40.125,0.0163499992,13.75
16055,80.339805,40.125,0.0163499992,13.75
16056,80.344711,40.125,0.0163499992,13.75
16057,80.350086,40.125,0.0163499992,13.75
16058,80.355537,40.125,0.0163499992,13.75
16059,80.360471,40.125,0.0163499992,13.75
16060,80.364509,40.125,0.0163499992,13.75
16061,80.369408,40.125,0.0163499992,13.75
16062,80.374313,40.125,0.0163499992,13.75
16063,80.379768,40.125,0.0163499992,13.75
16064,80.384660,40.125,0.0163499992,13.75
16065,80.390047,40.125,0.0163499992,13.75
16066,80.394942,40.125,0.0163499992,13.75
16067,80.399851,40.125,0.0163499992,13.75
16068,80.405796,40.125,0.0163499992,13.75
16069,80.409361,40.125,0.0163499992,13.75
16070,80.414253,40.125,0.0163499992,13.75
16071,80.419704,40.125,0.0163499992,13.75
16072,80.424592,40.125,0.0163499992,13.75
16073,80.429692,40.125,0.0163499992,13.75
16074,80.434866,40.125,0.0163499992,13.75
16075,80.439775,40.125,0.0163499992,13.75
16076,80.444881,40.125,0.0163499992,13.75
16077,80.450030,40.125,0.0163499992,13.75
16078,80.454934,40.125,0.0163499992,13.75
16079,80.460867,40.125,0.0163499992,13.75
16080,80.464429,40.125,0.0163499992,13.75
16081,80.469325,40.125,0.0163499992,13.75
16082,80.474778,40.125,0.0163499992,13.75
16083,80.479674,40.125,0.0163499992,13.75
16084,80.484587,40.125,0.0163499992,13.75
16085,80.490017,40.125,0.0163499992,13.75
16086,80.494910,40.125,0.0163499992,13.75
16087,80.500296,40.125,0.0163499992,13.75
16088,80.505192,40.125,0.0163499992,13.75
16089,80.510100,40.125,0.0163499992,13.75
16090,80.515549,40.125,0.0163499992,13.75
16091,80.519684,40.125,0.0163499992,13.75
16092,80.524813,40.125,0.0163499992,13.75
16093,80.529976,40.125,0.0163499992,13.75
16094,80.534882,40.125,0.0163499992,13.75
16095,80.540257,40.125,0.0163499992,13.75
16096,80.545150,40.125,0.0163499992,13.75
16097,80.550059,40.125,0.0163499992,13.75
16098,80.555485,40.125,0.0163499992,13.75
16099,80.560394,40.125,0.0163499992,13.75
16100,80.565507,40.125,0.0163499992,13.75
16101,80.569336,40.125,0.0163499992,13.75
16102,80.574748,40.125,0.0163499992,13.75
16103,80.579877,40.125,0.0163499992,13.75
16104,80.585026,40.125,0.0163499992,13.75
16105,80.589934,40.125,0.0163499992,13.75
16106,80.595350,40.125,0.0163499992,13.75
16107,80.600245,40.125,0.0163499992,13.75
16108,80.605368,40.125,0.0163499992,13.75
16109,80.610524,40.125,0.0163499992,13.75
16110,80.615429,40.125,0.0163499992,13.75
16111,80.620786,40.125,0.0163499992,13.75
16112,80.624348,40.125,0.0163499992,13.75
16113,80.629812,40.125,0.0163499992,13.75
16114,80.635248,40.125,0.0163499992,13.75
16115,80.640143,40.125,0.0163499992,13.75
16116,80.645602,40.125,0.0163499992,13.75
16117,80.650500,40.125,0.0163499992,13.75
16118,80.655431,40.125,0.0163499992,13.75
16119,80.659475,40.125,0.0163499992,13.75
16120,80.664370,40.125,0.0163499992,13.75
16121,80.669303,40.125,0.0163499992,13.75
16122,80.674733,40.125,0.0163499992,13.75
16123,80.680189,40.125,0.0163499992,13.75
16124,80.685563,40.125,0.0163499992,13.75
16125,80.690461,40.125,0.0163499992,13.75
16126,80.695597,40.125,0.0163499992,13.75
16127,80.699436,40.125,0.0163499992,13.75
16128,80.704342,40.125,0.0163499992,13.75
16129,80.709437,40.125,0.0163499992,13.75
16130,80.714617,40.125,0.0163499992,13.75
16131,80.719526,40.125,0.0163499992,13.75
16132,80.724880,40.125,0.0163499992,13.75
16133,80.729789,40.125,0.0163499992,13.75
16134,80.734681,40.125,0.0163499992,13.75
16135,80.740615,40.125,0.0163499992,13.75
16136,80.745511,40.125,0.0163499992,13.75
16137,80.749322,40.125,0.0163499992,13.75
16138,80.754478,40.125,0.0163499992,13.75
16139,80.759387,40.125,0.0163499992,13.75
16140,80.764740,40.125,0.0163499992,13.75
16141,80.769632,40.125,0.0163499992,13.75
16142,80.774562,40.125,0.0163499992,13.75
16143,80.780003,40.125,0.0163499992,13.75
16144,80.784896,40.125,0.0163499992,13.75
16145,80.790585,40.125,0.0163499992,13.75
16146,80.794396,40.125,0.0163499992,13.75
16147,80.799305,40.125,0.0163499992,13.75
16148,80.804423,40.125,0.0163499992,13.75
16149,80.809581,40.125,0.0163499992,13.75
16150,80.814487,40.125,0.0163499992,13.75
16151,80.819865,40.125,0.0163499992,13.75
16152,80.824771,40.125,0.0163499992,13.75
16153,80.829665,40.125,0.0163499992,13.75
16154,80.835153,40.125,0.0163499992,13.75
16155,80.840048,40.125,0.0163499992,13.75
16156,80.845183,40.125,0.0163499992,13.75
16157,80.849513,40.125,0.0163499992,13.75
16158,80.854408,40.125,0.0163499992,13.75
16159,80.859489,40.125,0.0163499992,13.75
16160,80.864954,40.125,0.0163499992,13.75
16161,80.869849,40.125,0.0163499992,13.75
16162,80.874973,40.125,0.0163499992,13.75
16163,80.880141,40.125,0.0163499992,13.75
16164,80.885047,40.125,0.0163499992,13.75
16165,80.890224,40.125,0.0163499992,13.75
16166,80.895380,40.125,0.016189998,13.625
16167,80.900288,40.125,0.016189998,13.625
16168,80.904309,40.125,0.016189998,13.625
16169,80.909760,40.125,0.016189998,13.625
16170,80.914666,40.125,0.016189998,13.625
16171,80.920104,40.125,0.016189998,13.625
16172,80.924997,40.125,0.016189998,13.625
16173,80.930136,40.125,0.016189998,13.625
16174,80.935290,40.125,0.016189998,13.625
16175,80.940199,40.125,0.016189998,13.625
16176,80.945571,40.125,0.016189998,13.625
16177,80.950470,40.125,0.016189998,13.625
16178,80.955400,40.125,0.016189998,13.625
16179,80.959469,40.125,0.016189998,13.625
16180,80.964910,40.125,0.016189998,13.625
16181,80.969819,40.125,0.016189998,13.625
16182,80.975304,40.125,0.016189998,13.625
16183,80.980199,40.125,0.016189998,13.625
16184,80.985335,40.125,0.016189998,13.625
16185,80.990490,40.125,0.016189998,13.625
16186,80.995396,40.125,0.016189998,13.625
16187,81.000753,40.125,0.016189998,13.625
16188,81.004315,40.125,0.016189998,13.625
16189,81.009774,40.125,0.016189998,13.625
16190,81.015190,40.125,0.016189998,13.625
16191,81.020085,40.125,0.016189998,13.625
16192,81.025219,40.125,0.016189998,13.625
16193,81.030376,40.125,0.016189998,13.625
16194,81.035281,40.125,0.016189998,13.625
16195,81.040632,40.125,0.016189998,13.625
16196,81.045527,40.125,0.016189998,13.625
16197,81.050436,40.125,0.016189998,13.625
16198,81.054505,40.125,0.016189998,13.625
16199,81.059931,40.125,0.016189998,13.625
16200,81.064837,40.125,0.016189998,13.625
16201,81.070289,40.125,0.016189998,13.625
16202,81.075182,40.125,0.016189998,13.625
16203,81.080296,40.125,0.016189998,13.625
16204,81.085476,40.125,0.016189998,13.625
16205,81.090385,40.125,0.016189998,13.625
16206,81.100401,40.125,0.016189998,13.625
16207,81.102724,40.125,0.016189998,13.625
16208,81.106571,40.125,0.016189998,13.625
16209,81.111469,40.125,0.016189998,13.625
16210,81.116375,40.125,0.016189998,13.625
16211,81.120439,40.125,0.016189998,13.625
16212,81.125908,40.125,0.016189998,13.625
16213,81.130816,40.125,0.016189998,13.625
16214,81.136249,40.125,0.016189998,13.625
16215,81.141145,40.125,0.016189998,13.625
16216,81.146279,40.125,0.016189998,13.625
16217,81.151435,40.125,0.016189998,13.625
16218,81.156341,40.125,0.016189998,13.625
16219,81.161723,40.125,0.016189998,13.625
16220,81.166611,40.125,0.016189998,13.625
16221,81.171544,40.125,0.016189998,13.625
16222,81.175589,40.125,0.016189998,13.625
16223,81.181057,40.125,0.016189998,13.625
16224,81.185962,40.125,0.016189998,13.625
16225,81.191382,40.125,0.016189998,13.625
16226,81.196287,40.125,0.016189998,13.625
16227,81.201385,40.125,0.016189998,13.625
16228,81.206560,40.125,0.016189998,13.625
16229,81.211469,40.125,0.016189998,13.625
16230,81.216850,40.125,0.016189998,13.625
16231,81.220412,40.125,0.016189998,13.625
16232,81.226644,40.125,0.016189998,13.625
16233,81.230719,40.125,0.016189998,13.625
16234,81.236154,40.125,0.016189998,13.625
16235,81.241087,40.125,0.016189998,13.625
16236,81.246771,40.125,0.016189998,13.625
16237,81.250332,40.125,0.016189998,13.625
16238,81.256800,40.125,0.016189998,13.625
16239,81.260616,40.125,0.016189998,13.625
16240,81.265522,40.125,0.016189998,13.625
16241,81.270441,40.125,0.016189998,13.625
16242,81.275874,40.125,0.016189998,13.625
16243,81.280770,40.125,0.016189998,13.625
16244,81.286456,40.125,0.016189998,13.625
16245,81.291612,40.125,0.016189998,13.625
16246,81.296517,40.125,0.016189998,13.625
16247,81.301874,40.125,0.016189998,13.625
16248,81.305436,40.125,0.016189998,13.625
16249,81.310331,40.125,0.016189998,13.625
16250,81.315785,40.125,0.016189998,13.625
16251,81.320681,40.125,0.016189998,13.625
16252,81.325773,40.125,0.016189998,13.625
16253,81.330972,40.125,0.016189998,13.625
16254,81.335877,40.125,0.016189998,13.625
16255,81.341809,40.125,0.016189998,13.625
16256,81.345372,40.125,0.016189998,13.625
16257,81.351606,40.125,0.016189998,13.625
16258,81.355657,40.125,0.016189998,13.625
16259,81.360549,40.125,0.016189998,13.625
16260,81.365454,40.125,0.016189998,13.625
16261,81.370910,40.125,0.016189998,13.625
16262,81.375802,40.125,0.016189998,13.625
16263,81.380919,40.125,0.016189998,13.625
16264,81.386071,40.125,0.016189998,13.625
16265,81.391476,40.125,0.016189998,13.625
16266,81.395526,40.125,0.016189998,13.625
16267,81.400425,40.125,0.016189998,13.625
16268,81.405527,40.125,0.016189998,13.625
16269,81.410719,40.125,0.016189998,13.625
16270,81.415608,40.125,0.016189998,13.625
16271,81.420977,40.125,0.016189998,13.625
16272,81.425873,40.125,0.016189998,13.625
16273,81.430781,40.125,0.016189998,13.625
16274,81.436193,40.125,0.016189998,13.625
16275,81.441089,40.125,0.016189998,13.625
16276,81.446231,40.125,0.016189998,13.625
16277,81.450554,40.125,0.016189998,13.625
16278,81.455449,40.125,0.016189998,13.625
16279,81.460842,40.125,0.016189998,13.625
16280,81.465747,40.125,0.016189998,13.625
16281,81.470639,40.125,0.016189998,13.625
16282,81.476079,40.125,0.016189998,13.625
16283,81.480975,40.125,0.016189998,13.625
16284,81.486110,40.125,0.016189998,13.625
16285,81.491265,40.125,0.016189998,13.625
16286,81.496171,40.125,0.016189998,13.625
16287,81.501546,40.125,0.016189998,13.625
16288,81.505673,40.125,0.016189998,13.625
16289,81.510565,40.125,0.016189998,13.625
16290,81.516015,40.125,0.016189998,13.625
16291,81.520911,40.125,0.016189998,13.625
16292,81.525997,40.125,0.016189998,13.625
16293,81.531177,40.125,0.016189998,13.625
16294,81.536082,40.125,0.016189998,13.625
16295,81.541457,40.125,0.016189998,13.625
16296,81.546353,40.125,0.016189998,13.625
16297,81.551261,40.125,0.016189998,13.625
16298,81.557225,40.125,0.016189998,13.625
16299,81.560793,40.125,0.016189998,13.625
16300,81.565685,40.125,0.016189998,13.625
16301,81.571140,40.125,0.016189998,13.625
16302,81.576033,40.125,0.016189998,13.625
16303,81.581171,40.125,0.016189998,13.625
16304,81.586326,40.125,0.016189998,13.625
16305,81.591234,40.125,0.016189998,13.625
16306,81.596680,40.125,0.016189998,13.625
16307,81.601569,40.125,0.016189998,13.625
16308,81.606973,40.125,0.016189998,13.625
16309,81.611093,40.125,0.016189998,13.625
16310,81.615986,40.125,0.016189998,13.625
16311,81.621443,40.125,0.016189998,13.625
16312,81.626349,40.125,0.016189998,13.625
16313,81.631442,40.125,0.016189998,13.625
16314,81.636621,40.125,0.016189998,13.625
16315,81.641530,40.125,0.016189998,13.625
16316,81.646665,40.125,0.016189998,13.625
16317,81.650466,40.125,0.016189998,13.625
16318,81.655373,40.125,0.016189998,13.625
16319,81.660493,40.125,0.016189998,13.625
16320,81.666218,40.125,0.016189998,13.625
16321,81.671113,40.125,0.016189998,13.625
16322,81.676529,40.125,0.016189998,13.625
16323,81.681438,40.125,0.016189998,13.625
16324,81.686563,40.125,0.016189998,13.625
16325,81.690377,40.125,0.016189998,13.625
16326,81.696610,40.125,0.016189998,13.625
16327,81.700403,40.125,0.016189998,13.625
16328,81.705559,40.125,0.016189998,13.625
16329,81.710468,40.125,0.016189998,13.625
16330,81.715959,40.125,0.016189998,13.625
16331,81.720855,40.125,0.016189998,13.625
16332,81.726527,40.125,0.016189998,13.625
16333,81.730367,40.125,0.016189998,13.625
16334,81.736599,40.125,0.016189998,13.625
16335,81.740389,40.125,0.016189998,13.625
16336,81.745545,40.125,0.016189998,13.625
16337,81.750454,40.125,0.016189998,13.625
16338,81.755807,40.125,0.016189998,13.625
16339,81.760716,40.125,0.016189998,13.625
16340,81.765604,40.125,0.016189998,13.625
16341,81.771070,40.125,0.016189998,13.625
16342,81.776522,40.125,0.016189998,13.625
16343,81.781906,40.125,0.016189998,13.625
16344,81.785468,40.125,0.016189998,13.625
16345,81.790363,40.125,0.016189998,13.625
16346,81.795817,40.125,0.016189998,13.625
16347,81.800713,40.125,0.016189998,13.625
16348,81.806070,40.125,0.016189998,13.625
16349,81.810969,40.125,0.016189998,13.625
16350,81.815874,40.125,0.016189998,13.625
16351,81.821315,40.125,0.016189998,13.625
16352,81.826232,40.125,0.016189998,13.625
16353,81.830576,40.125,0.016189998,13.625
16354,81.835726,40.125,0.016189998,13.625
16355,81.840618,40.125,0.016189998,13.625
16356,81.845985,40.125,0.016189998,13.625
16357,81.850884,40.125,0.016189998,13.625
16358,81.855805,40.125,0.016189998,13.625
16359,81.861200,40.125,0.016189998,13.625
16360,81.866093,40.125,0.016189998,13.625
16361,81.871232,40.125,0.016189998,13.625
16362,81.876387,40.125,0.016189998,13.625
16363,81.880519,40.125,0.016189998,13.625
16364,81.885899,40.125,0.016189998,13.625
16365,81.890808,40.125,0.016189998,13.625
16366,81.895728,40.125,0.016189998,13.625
16367,81.901137,40.125,0.016189998,13.625
16368,81.906030,40.125,0.016189998,13.625
16369,81.911168,40.125,0.016189998,13.625
16370,81.916323,40.125,0.016189998,13.625
16371,81.921231,40.125,0.016189998,13.625
16372,81.926604,40.125,0.016189998,13.625
16373,81.931502,40.125,0.016189998,13.625
16374,81.936408,40.125,0.016189998,13.625
16375,81.940501,40.125,0.016189998,13.625
16376,81.945942,40.125,0.016189998,13.625
16377,81.950851,40.125,0.016189998,13.625
16378,81.956286,40.125,0.016189998,13.625
16379,81.961182,40.125,0.016189998,13.625
16380,81.966565,40.125,0.016189998,13.625
16381,81.971463,40.125,0.016189998,13.625
16382,81.976369,40.125,0.016189998,13.625
16383,81.980413,40.125,0.016189998,13.625
16384,81.986655,40.125,0.016189998,13.625
16385,81.990782,40.125,0.016189998,13.625
16386,81.996222,40.125,0.016189998,13.625
16387,82.001118,40.125,0.016189998,13.625
16388,82.006501,40.125,0.016189998,13.625
16389,82.011399,40.125,0.016189998,13.625
16390,82.016304,40.125,0.016189998,13.625
16391,82.021745,40.125,0.016189998,13.625
16392,82.026633,40.125,0.016189998,13.625
16393,82.031731,40.125,0.016189998,13.625
16394,82.035563,40.125,0.016189998,13.625
16395,82.040472,40.125,0.016189998,13.625
16396,82.045896,40.125,0.016189998,13.625
16397,82.051322,40.125,0.016189998,13.625
16398,82.056214,40.125,0.016189998,13.625
16399,82.061352,40.125,0.016189998,13.625
16400,82.066508,40.125,0.016189998,13.625
16401,82.071417,40.125,0.016189998,13.625
16402,82.075463,40.125,0.016189998,13.625
16403,82.080361,40.125,0.016189998,13.625
16404,82.086836,40.125,0.016189998,13.625
16405,82.090704,40.125,0.016189998,13.625
16406,82.102390,40.125,0.016189998,13.625
16407,82.104822,40.125,0.016189998,13.625
16408,82.108735,40.125,0.016189998,13.625
16409,82.113624,40.125,0.016189998,13.625
16410,82.118767,40.125,0.016189998,13.625
16411,82.122591,40.125,0.016189998,13.625
16412,82.127500,40.125,0.016189998,13.625
16413,82.132593,40.125,0.016189998,13.625
16414,82.137778,40.125,0.016189998,13.625
16415,82.142683,40.125,0.016189998,13.625
16416,82.148053,40.125,0.016189998,13.625
16417,82.153515,40.125,0.016189998,13.625
16418,82.158424,40.125,0.016189998,13.625
16419,82.162477,40.125,0.016189998,13.625
16420,82.167376,40.125,0.016189998,13.625
16421,82.172503,40.125,0.016189998,13.625
16422,82.177678,40.125,0.0160299987,13.5
16423,82.182567,40.125,0.0160299987,13.5
16424,82.187992,40.125,0.0160299987,13.5
16425,82.192888,40.125,0.0160299987,13.5
16426,82.198014,40.125,0.0160299987,13.5
16427,82.203713,40.125,0.0160299987,13.5
16428,82.208605,40.125,0.0160299987,13.5
16429,82.213991,40.125,0.0160299987,13.5
16430,82.217546,40.125,0.0160299987,13.5
16431,82.222451,40.125,0.0160299987,13.5
16432,82.227909,40.125,0.0160299987,13.5
16433,82.232801,40.125,0.0160299987,13.5
16434,82.238184,40.125,0.0160299987,13.5
16435,82.243077,40.125,0.0160299987,13.5
16436,82.247986,40.125,0.0160299987,13.5
16437,82.253412,40.125,0.0160299987,13.5
16438,82.258321,40.125,0.0160299987,13.5
16439,82.263713,40.125,0.0160299987,13.5
16440,82.267993,40.125,0.0160299987,13.5
16441,82.272888,40.125,0.0160299987,13.5
16442,82.277999,40.125,0.0160299987,13.5
16443,82.283200,40.125,0.0160299987,13.5
16444,82.288095,40.125,0.0160299987,13.5
16445,82.293211,40.125,0.0160299987,13.5
16446,82.298370,40.125,0.0160299987,13.5
16447,82.303275,40.125,0.0160299987,13.5
16448,82.308718,40.125,0.0160299987,13.5
16449,82.313606,40.125,0.0160299987,13.5
16450,82.317938,40.125,0.0160299987,13.5
16451,82.323114,40.125,0.0160299987,13.5
16452,82.328023,40.125,0.0160299987,13.5
16453,82.333395,40.125,0.0160299987,13.5
16454,82.338292,40.125,0.0160299987,13.5
16455,82.343198,40.125,0.0160299987,13.5
16456,82.348644,40.125,0.0160299987,13.5
16457,82.353549,40.125,0.0160299987,13.5
16458,82.358646,40.125,0.0160299987,13.5
16459,82.362485,40.125,0.0160299987,13.5
16460,82.367394,40.125,0.0160299987,13.5
16461,82.372558,40.125,0.0160299987,13.5
